time,open,high,low,close,tick_volume,spread_points,tick_volume_delta,volume_imbalance
2025-11-24 07:30:00+00:00,4064.304,4064.566,4058.276,4060.001,2302.0,0.0,0.0,0.6841017488076166
2025-11-24 08:00:00+00:00,4059.9,4066.244,4059.552,4063.082,8055.0,0.0,5753.0,0.47549312612070915
2025-11-24 08:30:00+00:00,4063.019,4067.034,4059.969,4063.401,6057.0,0.0,-1998.0,0.05406935598019234
2025-11-24 09:00:00+00:00,4063.377,4074.23,4063.081,4068.716,8471.0,0.0,2414.0,0.4788770293299844
2025-11-24 09:30:00+00:00,4068.678,4072.889,4065.542,4071.824,7537.0,0.0,-934.0,0.4282019872056753
2025-11-24 10:00:00+00:00,4071.862,4077.254,4068.411,4070.298,7196.0,0.0,-341.0,0.176863055524181
2025-11-24 10:30:00+00:00,4070.307,4071.193,4063.421,4064.029,6482.0,0.0,-714.0,0.8077714873905659
2025-11-24 11:00:00+00:00,4064.014,4070.659,4063.114,4070.445,4921.0,0.0,-1561.0,0.8523525513585126
2025-11-24 11:30:00+00:00,4070.469,4071.689,4067.048,4069.896,5440.0,0.0,519.0,0.12346477052356301
2025-11-24 12:00:00+00:00,4069.86,4074.292,4065.639,4070.82,6379.0,0.0,939.0,0.11094418120883617
2025-11-24 12:30:00+00:00,4070.761,4084.108,4070.559,4080.471,7181.0,0.0,802.0,0.716658055945092
2025-11-24 13:00:00+00:00,4080.508,4085.024,4075.802,4080.51,9763.0,0.0,2582.0,0.0002168726957717965
2025-11-24 13:30:00+00:00,4080.524,4086.043,4073.697,4077.696,9204.0,0.0,-559.0,0.2290620443868438
2025-11-24 14:00:00+00:00,4077.664,4083.121,4073.885,4075.72,8664.0,0.0,-540.0,0.21048072758774802
2025-11-24 14:30:00+00:00,4075.749,4086.089,4068.339,4081.24,18989.0,0.0,10325.0,0.3093521126760555
2025-11-24 15:00:00+00:00,4081.272,4093.905,4081.16,4088.137,15775.0,0.0,-3214.0,0.5386426049431189
2025-11-24 15:30:00+00:00,4088.112,4093.705,4087.065,4091.741,10084.0,0.0,-5691.0,0.5465361445783095
2025-11-24 16:00:00+00:00,4091.791,4095.635,4089.732,4092.372,8524.0,0.0,-1560.0,0.09842452989999184
2025-11-24 16:30:00+00:00,4092.344,4098.952,4091.985,4097.127,8108.0,0.0,-416.0,0.686522175972483
2025-11-24 17:00:00+00:00,4097.171,4099.898,4088.83,4093.368,7889.0,0.0,-219.0,0.34360318033974213
2025-11-24 17:30:00+00:00,4093.488,4100.408,4092.492,4092.9,6197.0,0.0,-1692.0,0.07427993936328015
2025-11-24 18:00:00+00:00,4092.931,4095.714,4088.005,4095.582,6955.0,0.0,758.0,0.3438837722142817
2025-11-24 18:30:00+00:00,4095.544,4125.741,4095.544,4120.456,13431.0,0.0,6476.0,0.8249826141669757
2025-11-24 19:00:00+00:00,4120.488,4124.176,4114.867,4119.065,8981.0,0.0,-4450.0,0.15286282092605585
2025-11-24 19:30:00+00:00,4119.051,4121.201,4113.913,4118.508,6251.0,0.0,-2730.0,0.07450603732169869
2025-11-24 20:00:00+00:00,4118.531,4125.71,4117.942,4124.886,6263.0,0.0,12.0,0.8180998970134461
2025-11-24 20:30:00+00:00,4124.888,4133.405,4124.692,4132.62,7091.0,0.0,828.0,0.8874096178124875
2025-11-24 21:00:00+00:00,4132.634,4133.702,4130.111,4132.299,2792.0,0.0,-4299.0,0.09328877749930488
2025-11-24 21:30:00+00:00,4132.309,4140.021,4131.168,4134.086,3275.0,0.0,483.0,0.20072291878459625
2025-11-24 23:00:00+00:00,4134.311,4138.539,4125.125,4131.068,10366.0,0.0,7091.0,0.24176233785593718
2025-11-24 23:30:00+00:00,4131.112,4144.405,4128.759,4143.81,8658.0,0.0,-1708.0,0.8115812348204358
2025-11-25 00:00:00+00:00,4143.802,4144.609,4133.99,4135.493,10849.0,0.0,2191.0,0.7824653922213787
2025-11-25 00:30:00+00:00,4135.54,4137.323,4127.612,4129.512,8534.0,0.0,-2315.0,0.6207393677273296
2025-11-25 01:00:00+00:00,4129.563,4136.119,4122.524,4127.405,15376.0,0.0,6842.0,0.15873482898127697
2025-11-25 01:30:00+00:00,4127.441,4139.246,4127.371,4134.809,12148.0,0.0,-3228.0,0.6204631578947699
2025-11-25 02:00:00+00:00,4134.754,4145.772,4132.707,4144.735,9852.0,0.0,-2296.0,0.763949483352474
2025-11-25 02:30:00+00:00,4144.703,4155.82,4143.902,4150.819,10542.0,0.0,690.0,0.5131733512334417
2025-11-25 03:00:00+00:00,4150.912,4151.083,4139.543,4145.227,9828.0,0.0,-714.0,0.4926343154246463
2025-11-25 03:30:00+00:00,4145.214,4145.724,4140.865,4143.052,6867.0,0.0,-2961.0,0.44494752006587646
2025-11-25 04:00:00+00:00,4143.026,4148.0,4139.453,4146.164,6137.0,0.0,-730.0,0.3671463671463762
2025-11-25 04:30:00+00:00,4146.186,4148.417,4140.313,4140.807,5189.0,0.0,-948.0,0.6637462981243493
2025-11-25 05:00:00+00:00,4140.845,4148.004,4140.845,4144.039,4897.0,0.0,-292.0,0.4461516971643611
2025-11-25 05:30:00+00:00,4144.006,4152.034,4141.43,4150.888,7470.0,0.0,2573.0,0.649000377216147
2025-11-25 06:00:00+00:00,4150.921,4152.125,4139.879,4140.873,8107.0,0.0,637.0,0.82051282051287
2025-11-25 06:30:00+00:00,4140.938,4143.68,4138.542,4141.605,9930.0,0.0,1823.0,0.12981704943547528
2025-11-25 07:00:00+00:00,4141.571,4146.085,4134.676,4136.801,6945.0,0.0,-2985.0,0.4180909808045993
2025-11-25 07:30:00+00:00,4136.863,4139.325,4130.277,4132.529,9681.0,0.0,2736.0,0.4790008841732914
2025-11-25 08:00:00+00:00,4132.614,4139.522,4131.467,4136.37,7953.0,0.0,-1728.0,0.4662942271881039
2025-11-25 08:30:00+00:00,4136.339,4136.671,4109.156,4116.115,12410.0,0.0,4457.0,0.7350172633109184
2025-11-25 09:00:00+00:00,4116.158,4130.602,4113.866,4124.761,9408.0,0.0,-3002.0,0.5140415869980957
2025-11-25 09:30:00+00:00,4124.731,4131.381,4121.821,4128.403,9149.0,0.0,-259.0,0.38410041841007597
2025-11-25 10:00:00+00:00,4128.421,4138.882,4127.461,4130.912,6802.0,0.0,-2347.0,0.21810699588478447
2025-11-25 10:30:00+00:00,4130.947,4134.745,4127.524,4131.192,6923.0,0.0,121.0,0.03392881872315554
2025-11-25 11:00:00+00:00,4131.274,4137.378,4127.737,4132.446,7023.0,0.0,100.0,0.1215641530961121
2025-11-25 11:30:00+00:00,4132.37,4134.203,4129.381,4133.459,5515.0,0.0,-1508.0,0.2258399004562247
2025-11-25 12:00:00+00:00,4133.502,4138.759,4132.619,4132.937,5848.0,0.0,333.0,0.09201954397401942
2025-11-25 12:30:00+00:00,4132.976,4136.998,4115.964,4129.871,15539.0,0.0,9691.0,0.147618142055701
2025-11-25 13:00:00+00:00,4129.906,4146.826,4129.392,4141.806,12125.0,0.0,-3414.0,0.6825742801422222
2025-11-25 13:30:00+00:00,4141.829,4150.868,4141.829,4147.707,11106.0,0.0,-1019.0,0.6502931740236947
2025-11-25 14:00:00+00:00,4147.681,4148.73,4133.395,4134.263,11458.0,0.0,352.0,0.8749918487121245
2025-11-25 14:30:00+00:00,4134.239,4137.764,4111.034,4125.254,25757.0,0.0,14299.0,0.3361391694724846
2025-11-25 15:00:00+00:00,4125.305,4133.846,4117.946,4127.963,15021.0,0.0,-10736.0,0.16716981132072375
2025-11-25 15:30:00+00:00,4128.01,4133.381,4120.773,4123.13,11081.0,0.0,-3940.0,0.3870558375634551
2025-11-25 16:00:00+00:00,4123.092,4141.444,4122.107,4140.544,10701.0,0.0,-380.0,0.9025184878729805
2025-11-25 16:30:00+00:00,4140.498,4141.171,4134.494,4136.278,7559.0,0.0,-3142.0,0.6320203684287813
2025-11-25 17:00:00+00:00,4136.279,4153.984,4135.947,4149.829,18525.0,0.0,10966.0,0.7512335754282351
2025-11-25 17:30:00+00:00,4149.789,4159.414,4144.204,4146.103,12361.0,0.0,-6164.0,0.24234056541746782
2025-11-25 18:00:00+00:00,4146.136,4150.996,4141.549,4142.336,10874.0,0.0,-1487.0,0.4022440986556722
2025-11-25 18:30:00+00:00,4142.368,4145.512,4132.539,4134.318,7811.0,0.0,-3063.0,0.6205195405843066
2025-11-25 19:00:00+00:00,4134.36,4140.371,4128.456,4129.97,9042.0,0.0,1231.0,0.3684431389004978
2025-11-25 19:30:00+00:00,4129.93,4134.055,4129.096,4133.761,7120.0,0.0,-1922.0,0.7725347852388703
2025-11-25 20:00:00+00:00,4133.797,4138.419,4132.126,4132.334,6771.0,0.0,-349.0,0.23248053392655585
2025-11-25 20:30:00+00:00,4132.351,4136.403,4130.498,4132.303,6985.0,0.0,214.0,0.00812870448768317
2025-11-25 21:00:00+00:00,4132.257,4132.528,4127.675,4130.29,4522.0,0.0,-2463.0,0.40531629919629447
2025-11-25 21:30:00+00:00,4130.292,4132.491,4129.305,4130.768,2125.0,0.0,-2397.0,0.14940364092897165
2025-11-25 23:00:00+00:00,4132.695,4137.003,4131.901,4133.31,3416.0,0.0,1291.0,0.12054096432785337
2025-11-25 23:30:00+00:00,4133.307,4135.594,4129.751,4133.73,3810.0,0.0,394.0,0.07239431798729856
2025-11-26 00:00:00+00:00,4133.737,4142.847,4132.595,4141.876,4882.0,0.0,1072.0,0.7938938743660283
2025-11-26 00:30:00+00:00,4141.862,4144.433,4134.75,4142.69,5679.0,0.0,797.0,0.08551068883605499
2025-11-26 01:00:00+00:00,4142.744,4147.315,4138.507,4144.863,8846.0,0.0,3167.0,0.2405767484106038
2025-11-26 01:30:00+00:00,4144.931,4152.915,4143.11,4148.541,7579.0,0.0,-1267.0,0.3681795002550204
2025-11-26 02:00:00+00:00,4148.494,4164.7,4147.303,4162.473,8403.0,0.0,824.0,0.8035293441398127
2025-11-26 02:30:00+00:00,4162.518,4166.77,4158.341,4161.582,10800.0,0.0,2397.0,0.11104520109143252
2025-11-26 03:00:00+00:00,4161.631,4169.157,4160.325,4164.185,6447.0,0.0,-4353.0,0.2891757246376801
2025-11-26 03:30:00+00:00,4164.254,4169.421,4163.096,4166.104,4822.0,0.0,-1625.0,0.29249011857709895
2025-11-26 04:00:00+00:00,4166.062,4167.081,4157.017,4157.607,5067.0,0.0,245.0,0.8401232114467081
2025-11-26 04:30:00+00:00,4157.633,4162.856,4156.505,4161.942,4944.0,0.0,-123.0,0.6784758305779293
2025-11-26 05:00:00+00:00,4161.99,4168.638,4160.761,4166.777,5162.0,0.0,218.0,0.6077186746223902
2025-11-26 05:30:00+00:00,4166.743,4167.641,4160.096,4162.285,7231.0,0.0,2069.0,0.5908548707754135
2025-11-26 06:00:00+00:00,4162.25,4162.868,4152.978,4158.258,8228.0,0.0,997.0,0.4036400404448996
2025-11-26 06:30:00+00:00,4158.233,4158.378,4146.627,4150.128,7025.0,0.0,-1203.0,0.6897285337418909
2025-11-26 07:00:00+00:00,4150.16,4154.848,4149.234,4151.935,6444.0,0.0,-581.0,0.31617385108669027
2025-11-26 07:30:00+00:00,4151.976,4161.521,4151.018,4157.237,5822.0,0.0,-622.0,0.500904503475252
2025-11-26 08:00:00+00:00,4157.352,4168.596,4156.761,4166.781,8077.0,0.0,2255.0,0.7967046894804211
2025-11-26 08:30:00+00:00,4166.68,4167.271,4154.696,4161.048,8465.0,0.0,388.0,0.44787276341953064
2025-11-26 09:00:00+00:00,4161.115,4164.679,4156.692,4162.735,6610.0,0.0,-1855.0,0.20282959809689177
2025-11-26 09:30:00+00:00,4162.709,4163.963,4157.723,4162.741,5634.0,0.0,-976.0,0.005128205128229794
2025-11-26 10:00:00+00:00,4162.775,4165.212,4160.196,4163.284,6567.0,0.0,933.0,0.10147527910685021
2025-11-26 10:30:00+00:00,4163.32,4163.32,4156.121,4159.889,6446.0,0.0,-121.0,0.47659397138488246
2025-11-26 11:00:00+00:00,4159.93,4164.943,4157.792,4164.849,4437.0,0.0,-2009.0,0.6878758215634148
2025-11-26 11:30:00+00:00,4164.878,4173.161,4164.799,4171.556,8092.0,0.0,3655.0,0.7986127720640779
2025-11-26 12:00:00+00:00,4171.577,4173.595,4159.596,4161.883,8272.0,0.0,180.0,0.6924780341452909
2025-11-26 12:30:00+00:00,4161.925,4163.799,4148.744,4155.239,12417.0,0.0,4145.0,0.44410494852211724
2025-11-26 13:00:00+00:00,4155.286,4166.644,4153.011,4165.595,9588.0,0.0,-2829.0,0.7561798576982571
2025-11-26 13:30:00+00:00,4165.54,4165.54,4149.052,4153.21,12790.0,0.0,3202.0,0.7478165938864456
2025-11-26 14:00:00+00:00,4153.287,4156.95,4139.824,4142.086,12444.0,0.0,-346.0,0.654034800887533
2025-11-26 14:30:00+00:00,4142.119,4154.312,4141.641,4142.256,18546.0,0.0,6102.0,0.010812090600633158
2025-11-26 15:00:00+00:00,4142.185,4158.191,4136.508,4156.523,15240.0,0.0,-3306.0,0.6612553613429757
2025-11-26 15:30:00+00:00,4156.571,4165.81,4155.621,4165.246,11180.0,0.0,-4060.0,0.8514083815879794
2025-11-26 16:00:00+00:00,4165.286,4165.796,4160.647,4162.084,9280.0,0.0,-1900.0,0.6218683239463999
2025-11-26 16:30:00+00:00,4162.028,4168.452,4161.032,4167.005,8091.0,0.0,-1189.0,0.6707547169811069
2025-11-26 17:00:00+00:00,4167.037,4169.821,4165.066,4167.712,5873.0,0.0,-2218.0,0.14195583596218012
2025-11-26 17:30:00+00:00,4167.759,4169.678,4165.572,4167.112,5819.0,0.0,-54.0,0.1575742815392039
2025-11-26 18:00:00+00:00,4167.155,4171.745,4166.999,4167.913,7253.0,0.0,1434.0,0.15971344289924055
2025-11-26 18:30:00+00:00,4167.947,4168.706,4157.951,4164.612,9632.0,0.0,2379.0,0.3100883310088333
2025-11-26 19:00:00+00:00,4164.656,4169.85,4164.087,4167.477,4847.0,0.0,-4785.0,0.4895019954884525
2025-11-26 19:30:00+00:00,4167.445,4168.203,4162.398,4163.254,5530.0,0.0,683.0,0.7219638242893357
2025-11-26 20:00:00+00:00,4163.268,4167.428,4161.28,4165.253,4692.0,0.0,-838.0,0.32286922576441573
2025-11-26 20:30:00+00:00,4165.22,4167.494,4161.701,4164.006,6692.0,0.0,2000.0,0.20956326601070463
2025-11-26 21:00:00+00:00,4164.045,4164.979,4162.242,4163.877,2665.0,0.0,-4027.0,0.061381074168673874
2025-11-26 21:30:00+00:00,4163.835,4167.596,4162.765,4163.971,2811.0,0.0,146.0,0.028151521424039417
2025-11-26 23:00:00+00:00,4164.682,4168.944,4163.593,4164.343,3408.0,0.0,597.0,0.06335264436552156
2025-11-26 23:30:00+00:00,4164.404,4168.054,4162.547,4165.012,3622.0,0.0,214.0,0.11040493916818742
2025-11-27 00:00:00+00:00,4164.965,4167.313,4162.337,4166.132,3568.0,0.0,-54.0,0.23452572347257672
2025-11-27 00:30:00+00:00,4166.17,4166.962,4161.935,4164.59,3242.0,0.0,-326.0,0.3143027650686122
2025-11-27 01:00:00+00:00,4164.569,4165.439,4148.719,4153.674,11801.0,0.0,8559.0,0.6516148325359014
2025-11-27 01:30:00+00:00,4153.706,4156.507,4148.726,4154.274,7910.0,0.0,-3891.0,0.07299832926361839
2025-11-27 02:00:00+00:00,4154.308,4156.239,4149.507,4152.881,6265.0,0.0,-1645.0,0.21197266785497415
2025-11-27 02:30:00+00:00,4152.908,4154.981,4144.543,4145.45,7484.0,0.0,1219.0,0.7145046943859423
2025-11-27 03:00:00+00:00,4145.447,4150.61,4144.145,4148.174,5149.0,0.0,-2335.0,0.4218097447796108
2025-11-27 03:30:00+00:00,4148.135,4149.873,4145.853,4147.464,4825.0,0.0,-324.0,0.16691542288566055
2025-11-27 04:00:00+00:00,4147.42,4149.783,4142.601,4149.547,4805.0,0.0,-20.0,0.29615705931485536
2025-11-27 04:30:00+00:00,4149.53,4154.6,4149.261,4150.899,4598.0,0.0,-207.0,0.2564150589999272
2025-11-27 05:00:00+00:00,4150.855,4154.715,4150.599,4152.793,3726.0,0.0,-872.0,0.4708454810495891
2025-11-27 05:30:00+00:00,4152.733,4153.505,4144.706,4147.223,5888.0,0.0,2162.0,0.6262075235822516
2025-11-27 06:00:00+00:00,4147.187,4157.001,4147.108,4156.79,6251.0,0.0,363.0,0.9706863438795146
2025-11-27 06:30:00+00:00,4156.768,4159.197,4152.789,4157.472,6831.0,0.0,580.0,0.10986267166037521
2025-11-27 07:00:00+00:00,4157.447,4162.288,4155.52,4159.346,7289.0,0.0,458.0,0.2805851063829314
2025-11-27 07:30:00+00:00,4159.355,4160.617,4157.412,4160.009,5682.0,0.0,-1607.0,0.20405616224663525
2025-11-27 08:00:00+00:00,4160.059,4165.583,4159.523,4164.98,6712.0,0.0,1030.0,0.8120462046204259
2025-11-27 08:30:00+00:00,4164.987,4167.143,4163.085,4165.802,4896.0,0.0,-1816.0,0.20083785115810776
2025-11-27 09:00:00+00:00,4165.763,4165.866,4148.261,4154.815,9190.0,0.0,4294.0,0.6218687872763755
2025-11-27 09:30:00+00:00,4154.816,4160.727,4153.118,4158.696,5283.0,0.0,-3907.0,0.5099224602444973
2025-11-27 10:00:00+00:00,4158.73,4160.545,4152.613,4152.695,5457.0,0.0,174.0,0.7608421583459424
2025-11-27 10:30:00+00:00,4152.675,4157.239,4152.288,4156.479,4984.0,0.0,-473.0,0.7683296303777157
2025-11-27 11:00:00+00:00,4156.432,4159.776,4155.782,4158.851,4722.0,0.0,-262.0,0.605658487731612
2025-11-27 11:30:00+00:00,4158.865,4162.518,4157.265,4157.328,3743.0,0.0,-979.0,0.2925947077859204
2025-11-27 12:00:00+00:00,4157.352,4159.242,4155.802,4156.801,3472.0,0.0,-271.0,0.16017441860447515
2025-11-27 12:30:00+00:00,4156.788,4158.591,4153.517,4154.127,3738.0,0.0,266.0,0.5244383129678506
2025-11-27 13:00:00+00:00,4154.152,4154.196,4149.176,4152.5,9211.0,0.0,5473.0,0.3290836653386851
2025-11-27 13:30:00+00:00,4152.456,4158.023,4151.975,4154.976,6368.0,0.0,-2843.0,0.416666666666604
2025-11-27 14:00:00+00:00,4155.031,4160.722,4153.855,4157.257,5633.0,0.0,-735.0,0.3241590214066691
2025-11-27 14:30:00+00:00,4157.301,4159.051,4152.724,4153.401,7069.0,0.0,1436.0,0.6164058795638385
2025-11-27 15:00:00+00:00,4153.351,4161.86,4152.96,4160.947,4829.0,0.0,-2240.0,0.8534831460675021
2025-11-27 15:30:00+00:00,4160.924,4160.981,4156.908,4158.056,3895.0,0.0,-934.0,0.7041492757183422
2025-11-27 16:00:00+00:00,4158.005,4158.418,4151.443,4154.377,4337.0,0.0,442.0,0.5201433691756252
2025-11-27 16:30:00+00:00,4154.342,4157.614,4154.102,4156.378,2912.0,0.0,-1425.0,0.5797266514807012
2025-11-27 17:00:00+00:00,4156.404,4157.36,4154.705,4156.776,2348.0,0.0,-564.0,0.14011299435006572
2025-11-27 17:30:00+00:00,4156.679,4159.221,4156.412,4157.705,2313.0,0.0,-35.0,0.3652545389818798
2025-11-27 18:00:00+00:00,4157.68,4158.466,4155.85,4156.282,2211.0,0.0,-102.0,0.5344036697248264
2025-11-27 18:30:00+00:00,4156.265,4159.767,4156.162,4159.146,1675.0,0.0,-536.0,0.7991678224687246
2025-11-27 19:00:00+00:00,4159.154,4160.413,4157.116,4157.116,1824.0,0.0,149.0,0.6181377009404704
2025-11-27 23:00:00+00:00,4160.413,4163.233,4158.299,4162.791,2395.0,0.0,571.0,0.4819618970410451
2025-11-27 23:30:00+00:00,4162.723,4164.01,4161.933,4163.431,2240.0,0.0,-155.0,0.34087626384186426
2025-11-28 00:00:00+00:00,4163.371,4171.892,4163.093,4170.685,3862.0,0.0,1622.0,0.831230821684319
2025-11-28 00:30:00+00:00,4170.717,4183.447,4170.449,4180.576,9704.0,0.0,5842.0,0.7585013078935219
2025-11-28 01:00:00+00:00,4180.551,4191.635,4180.507,4187.265,9510.0,0.0,-194.0,0.6033429187634411
2025-11-28 01:30:00+00:00,4187.234,4193.052,4186.013,4191.08,4684.0,0.0,-4826.0,0.5463844296064327
2025-11-28 02:00:00+00:00,4191.047,4192.051,4187.064,4189.976,4202.0,0.0,-482.0,0.2147583717665722
2025-11-28 02:30:00+00:00,4189.96,4190.62,4185.747,4189.337,4885.0,0.0,683.0,0.12784732197817456
2025-11-28 03:00:00+00:00,4189.379,4191.831,4185.774,4187.961,2755.0,0.0,-2130.0,0.23410929503049607
2025-11-28 03:30:00+00:00,4188.002,4189.185,4182.805,4184.227,2588.0,0.0,-167.0,0.5916927899687274
2025-11-28 04:00:00+00:00,4184.232,4187.237,4178.516,4181.2,4540.0,0.0,1952.0,0.34766655200091656
2025-11-28 04:30:00+00:00,4181.083,4188.68,4178.777,4188.383,2439.0,0.0,-2101.0,0.7371503584772291
2025-11-28 05:00:00+00:00,4188.382,4188.862,4155.874,4185.247,6922.0,0.0,4483.0,0.09503455802107681
2025-11-28 05:30:00+00:00,4185.189,4185.822,4182.498,4182.498,2576.0,0.0,-4346.0,0.809566787003697
2025-11-28 06:00:00+00:00,4182.549,4185.175,4181.704,4185.05,2724.0,0.0,148.0,0.7205416306539537
2025-11-28 06:30:00+00:00,4185.049,4188.684,4184.962,4187.604,1955.0,0.0,-769.0,0.6864588930683667
2025-11-28 07:00:00+00:00,4187.564,4187.802,4182.17,4182.824,1667.0,0.0,-288.0,0.8416193181819996
2025-11-28 07:30:00+00:00,4182.82,4183.402,4174.252,4174.631,1720.0,0.0,53.0,0.894972677595598
2025-11-28 08:00:00+00:00,4174.635,4179.939,4147.529,4168.159,296.0,0.0,-1424.0,0.1998148719531193
2025-11-28 08:30:00+00:00,4164.053,4173.285,4163.647,4168.079,7.0,0.0,-289.0,0.4177215189873286
2025-11-28 09:00:00+00:00,4168.557,4169.909,4157.634,4161.421,27155.0,0.0,27148.0,0.5813441955193258
2025-11-28 09:30:00+00:00,4161.5,4167.214,4160.405,4166.643,14747.0,0.0,-12408.0,0.7553238360992628
2025-11-28 10:00:00+00:00,4166.652,4178.416,4166.598,4168.637,2510.0,0.0,-12237.0,0.16796412252493123
2025-11-28 10:30:00+00:00,4168.694,4170.485,4160.879,4163.851,2327.0,0.0,-183.0,0.5041640641266786
2025-11-28 11:00:00+00:00,4163.79,4179.919,4162.979,4174.151,3588.0,0.0,1261.0,0.6116292798111052
2025-11-28 11:30:00+00:00,4174.197,4177.343,4171.986,4172.019,5825.0,0.0,2237.0,0.40657084188909753
2025-11-28 12:00:00+00:00,4171.98,4178.25,4168.712,4174.755,3118.0,0.0,-2707.0,0.29094149716928863
2025-11-28 12:30:00+00:00,4174.725,4177.536,4173.552,4176.618,1888.0,0.0,-1230.0,0.4751506024096007
2025-11-28 13:00:00+00:00,4176.622,4178.44,4168.89,4170.571,3429.0,0.0,1541.0,0.6336125654451148
2025-11-28 13:30:00+00:00,4170.546,4182.824,4169.42,4182.486,4743.0,0.0,1314.0,0.8907788719785145
2025-11-28 14:00:00+00:00,4182.526,4200.048,4182.526,4196.629,10430.0,0.0,5687.0,0.8048738728455723
2025-11-28 14:30:00+00:00,4196.629,4208.978,4194.798,4198.201,13335.0,0.0,2905.0,0.11086036671368718
2025-11-28 15:00:00+00:00,4198.175,4198.979,4185.674,4196.989,11062.0,0.0,-2273.0,0.08913942127024262
2025-11-28 15:30:00+00:00,4197.003,4203.974,4193.672,4203.639,9416.0,0.0,-1646.0,0.6441467676179424
2025-11-28 16:00:00+00:00,4203.609,4210.682,4197.605,4209.483,9082.0,0.0,-334.0,0.44918559302590005
2025-11-28 16:30:00+00:00,4209.457,4210.802,4202.377,4206.189,7387.0,0.0,-1695.0,0.38789317507422094
2025-11-28 17:00:00+00:00,4206.213,4211.52,4204.361,4206.745,8052.0,0.0,665.0,0.0743120547562664
2025-11-28 17:30:00+00:00,4206.721,4216.955,4206.203,4216.919,5954.0,0.0,-2098.0,0.9484747023810265
2025-11-28 18:00:00+00:00,4216.894,4220.918,4211.043,4220.032,8389.0,0.0,2435.0,0.3177721518987261
2025-11-28 18:30:00+00:00,4220.067,4226.479,4218.854,4220.425,5842.0,0.0,-2547.0,0.046950819672154046
2025-11-28 19:00:00+00:00,4220.416,4222.043,4216.121,4217.795,4575.0,0.0,-1267.0,0.4425869638636077
2025-11-28 19:30:00+00:00,4217.767,4221.274,4216.84,4219.163,2171.0,0.0,-2404.0,0.3148398737031279
2025-11-30 23:00:00+00:00,4219.988,4224.517,4205.841,4222.053,9537.0,0.0,7366.0,0.11056971514241046
2025-11-30 23:30:00+00:00,4222.081,4225.308,4219.872,4221.933,6152.0,0.0,-3385.0,0.02722590139811379
2025-12-01 00:00:00+00:00,4221.906,4232.621,4218.245,4227.133,6661.0,0.0,509.0,0.363592097940998
2025-12-01 00:30:00+00:00,4227.158,4233.717,4226.204,4230.861,7753.0,0.0,1092.0,0.4928790097164327
2025-12-01 01:00:00+00:00,4230.837,4239.163,4219.735,4238.49,17275.0,0.0,9522.0,0.3939159975293074
2025-12-01 01:30:00+00:00,4238.518,4256.15,4234.702,4255.34,13023.0,0.0,-4252.0,0.7843155538978263
2025-12-01 02:00:00+00:00,4255.314,4256.447,4240.698,4241.264,11379.0,0.0,-1644.0,0.8921201346117444
2025-12-01 02:30:00+00:00,4241.271,4243.196,4234.28,4242.737,11836.0,0.0,457.0,0.16442350829972205
2025-12-01 03:00:00+00:00,4242.688,4243.897,4232.526,4235.224,9942.0,0.0,-1894.0,0.6564066484917668
2025-12-01 03:30:00+00:00,4235.196,4240.896,4234.892,4239.35,6511.0,0.0,-3431.0,0.6918720852765684
2025-12-01 04:00:00+00:00,4239.307,4240.578,4236.342,4239.7,4532.0,0.0,-1979.0,0.09277620396599533
2025-12-01 04:30:00+00:00,4239.728,4246.989,4239.256,4245.67,4905.0,0.0,373.0,0.768395189447895
2025-12-01 05:00:00+00:00,4245.694,4246.508,4215.434,4220.227,14368.0,0.0,9463.0,0.8195597605715669
2025-12-01 05:30:00+00:00,4220.179,4231.42,4217.73,4229.564,9658.0,0.0,-4710.0,0.6855368882395814
2025-12-01 06:00:00+00:00,4229.592,4233.807,4226.22,4231.493,7124.0,0.0,-2534.0,0.25056016870974906
2025-12-01 06:30:00+00:00,4231.518,4240.535,4229.881,4236.985,6815.0,0.0,-309.0,0.5131406044677941
2025-12-01 07:00:00+00:00,4237.022,4242.696,4231.86,4240.521,7097.0,0.0,282.0,0.32290513104463997
2025-12-01 07:30:00+00:00,4240.571,4246.442,4238.14,4245.32,5649.0,0.0,-1448.0,0.5720308359431437
2025-12-01 08:00:00+00:00,4245.286,4253.529,4244.731,4249.506,7537.0,0.0,1888.0,0.47965446692429264
2025-12-01 08:30:00+00:00,4249.55,4250.04,4238.44,4244.714,6692.0,0.0,-845.0,0.4168965517241456
2025-12-01 09:00:00+00:00,4244.746,4251.701,4244.746,4251.471,5529.0,0.0,-1163.0,0.9669302659956183
2025-12-01 09:30:00+00:00,4251.497,4251.497,4243.677,4250.002,5677.0,0.0,148.0,0.19117647058820622
2025-12-01 10:00:00+00:00,4250.006,4262.278,4249.122,4253.582,7397.0,0.0,1720.0,0.2718151413803615
2025-12-01 10:30:00+00:00,4253.554,4257.808,4251.3,4255.518,6455.0,0.0,-942.0,0.3017824216349107
2025-12-01 11:00:00+00:00,4255.585,4256.788,4248.325,4254.396,5514.0,0.0,-941.0,0.14049391468750352
2025-12-01 11:30:00+00:00,4254.37,4258.42,4251.838,4254.634,5490.0,0.0,-24.0,0.04010938924340782
2025-12-01 12:00:00+00:00,4254.639,4256.529,4247.463,4252.63,7158.0,0.0,1668.0,0.2215971762629447
2025-12-01 12:30:00+00:00,4252.691,4256.093,4244.276,4246.508,7868.0,0.0,710.0,0.5232292460015223
2025-12-01 13:00:00+00:00,4246.482,4257.612,4245.498,4256.795,10809.0,0.0,2941.0,0.8513290407792378
2025-12-01 13:30:00+00:00,4256.715,4264.532,4247.161,4247.304,10579.0,0.0,-230.0,0.5417650106499342
2025-12-01 14:00:00+00:00,4247.33,4249.368,4238.56,4246.59,12464.0,0.0,1885.0,0.06846780162840324
2025-12-01 14:30:00+00:00,4246.635,4248.031,4219.675,4240.225,21640.0,0.0,9176.0,0.22605445055719803
2025-12-01 15:00:00+00:00,4240.185,4244.995,4219.589,4228.101,19209.0,0.0,-2431.0,0.47563567661185413
2025-12-01 15:30:00+00:00,4228.14,4236.477,4221.816,4232.518,14935.0,0.0,-4274.0,0.2986153741217983
2025-12-01 16:00:00+00:00,4232.589,4239.917,4227.066,4239.881,13765.0,0.0,-1170.0,0.5674266594039412
2025-12-01 16:30:00+00:00,4239.907,4242.296,4224.958,4226.233,16952.0,0.0,3187.0,0.788672280539824
2025-12-01 17:00:00+00:00,4226.259,4236.737,4223.127,4235.648,15104.0,0.0,-1848.0,0.6898603967671088
2025-12-01 17:30:00+00:00,4235.603,4240.07,4229.96,4232.432,10280.0,0.0,-4824.0,0.313649851632085
2025-12-01 18:00:00+00:00,4232.474,4242.042,4232.474,4240.979,11104.0,0.0,824.0,0.8889005016722326
2025-12-01 18:30:00+00:00,4241.009,4244.713,4236.208,4240.227,7394.0,0.0,-3710.0,0.09194591416815318
2025-12-01 19:00:00+00:00,4240.259,4242.196,4236.052,4241.637,8051.0,0.0,657.0,0.22428385416660962
2025-12-01 19:30:00+00:00,4241.597,4243.87,4229.171,4236.851,10511.0,0.0,2460.0,0.32287910742228854
2025-12-01 20:00:00+00:00,4236.875,4240.943,4235.112,4237.606,6493.0,0.0,-4018.0,0.1253644314868377
2025-12-01 20:30:00+00:00,4237.67,4241.542,4234.443,4237.363,8336.0,0.0,1843.0,0.04324552753905932
2025-12-01 21:00:00+00:00,4237.325,4240.64,4235.328,4238.634,4067.0,0.0,-4269.0,0.24642319277112604
2025-12-01 21:30:00+00:00,4238.64,4238.64,4230.304,4231.914,3429.0,0.0,-638.0,0.8068618042226936
2025-12-01 23:00:00+00:00,4231.662,4236.006,4229.033,4235.583,5842.0,0.0,2413.0,0.5623117739852849
2025-12-01 23:30:00+00:00,4235.58,4235.783,4224.423,4227.7,6826.0,0.0,984.0,0.69366197183096
2025-12-02 00:00:00+00:00,4227.704,4227.983,4221.405,4225.11,6546.0,0.0,-280.0,0.39434478564911546
2025-12-02 00:30:00+00:00,4225.155,4229.766,4223.494,4226.932,7528.0,0.0,982.0,0.28332270408164256
2025-12-02 01:00:00+00:00,4226.844,4227.306,4191.183,4213.907,25888.0,0.0,18360.0,0.35813747473908714
2025-12-02 01:30:00+00:00,4213.81,4221.049,4208.274,4219.611,11851.0,0.0,-14037.0,0.45409001956944356
2025-12-02 02:00:00+00:00,4219.585,4223.298,4215.51,4217.183,8477.0,0.0,-3374.0,0.3084232152028994
2025-12-02 02:30:00+00:00,4217.084,4224.7,4214.291,4221.522,8468.0,0.0,-9.0,0.42636180228650694
2025-12-02 03:00:00+00:00,4221.557,4226.228,4220.596,4222.751,6582.0,0.0,-1886.0,0.2120028409091451
2025-12-02 03:30:00+00:00,4222.664,4225.449,4215.725,4216.858,6564.0,0.0,-18.0,0.5970793911970417
2025-12-02 04:00:00+00:00,4216.813,4220.634,4215.378,4216.525,5199.0,0.0,-1365.0,0.05479452054803054
2025-12-02 04:30:00+00:00,4216.529,4218.845,4213.586,4218.768,5168.0,0.0,-31.0,0.4257463396082091
2025-12-02 05:00:00+00:00,4218.709,4223.158,4215.182,4221.374,5717.0,0.0,549.0,0.33412738214641097
2025-12-02 05:30:00+00:00,4221.333,4225.441,4218.987,4224.931,7234.0,0.0,1517.0,0.5574837310195399
2025-12-02 06:00:00+00:00,4224.97,4226.316,4204.278,4205.631,9552.0,0.0,2318.0,0.8775297213903408
2025-12-02 06:30:00+00:00,4205.664,4215.33,4203.258,4212.745,9343.0,0.0,-209.0,0.5865639496355254
2025-12-02 07:00:00+00:00,4212.719,4219.395,4210.318,4217.655,6441.0,0.0,-2902.0,0.5437920017626497
2025-12-02 07:30:00+00:00,4217.686,4218.69,4209.598,4213.307,5345.0,0.0,-1096.0,0.4816322041355122
2025-12-02 08:00:00+00:00,4213.386,4217.2,4207.135,4214.51,6616.0,0.0,1271.0,0.11167411823147948
2025-12-02 08:30:00+00:00,4214.469,4216.602,4209.976,4210.26,6576.0,0.0,-40.0,0.6352248717174318
2025-12-02 09:00:00+00:00,4210.295,4213.227,4192.175,4194.686,9935.0,0.0,3359.0,0.7414497434923341
2025-12-02 09:30:00+00:00,4194.714,4195.986,4180.945,4191.801,11868.0,0.0,1933.0,0.1936706336014576
2025-12-02 10:00:00+00:00,4191.792,4192.327,4182.302,4186.615,7448.0,0.0,-4420.0,0.5164089775561405
2025-12-02 10:30:00+00:00,4186.583,4189.792,4182.241,4185.714,6874.0,0.0,-574.0,0.11508409482183059
2025-12-02 11:00:00+00:00,4185.682,4196.942,4184.795,4196.854,5132.0,0.0,-1742.0,0.9197332674734947
2025-12-02 11:30:00+00:00,4196.884,4205.789,4194.384,4205.288,5946.0,0.0,814.0,0.7368697939499982
2025-12-02 12:00:00+00:00,4205.254,4208.084,4201.055,4204.464,5884.0,0.0,-62.0,0.11239152084222723
2025-12-02 12:30:00+00:00,4204.423,4209.891,4202.33,4208.688,4584.0,0.0,-1300.0,0.5640788255522418
2025-12-02 13:00:00+00:00,4208.68,4215.271,4202.044,4203.857,12001.0,0.0,7417.0,0.36463294775840105
2025-12-02 13:30:00+00:00,4203.885,4212.766,4202.76,4212.283,8843.0,0.0,-3158.0,0.8392964221467758
2025-12-02 14:00:00+00:00,4212.305,4230.859,4212.213,4227.771,13588.0,0.0,4745.0,0.8294540383995982
2025-12-02 14:30:00+00:00,4227.796,4229.529,4214.394,4218.919,23084.0,0.0,9496.0,0.5865213082259848
2025-12-02 15:00:00+00:00,4218.833,4219.564,4186.638,4188.043,22378.0,0.0,-706.0,0.935127255056782
2025-12-02 15:30:00+00:00,4188.083,4192.167,4163.566,4169.426,25772.0,0.0,3394.0,0.6523198489562908
2025-12-02 16:00:00+00:00,4169.474,4179.718,4166.874,4177.302,19766.0,0.0,-6006.0,0.6094674556212619
2025-12-02 16:30:00+00:00,4177.251,4190.332,4176.853,4184.688,13521.0,0.0,-6245.0,0.5517471622523741
2025-12-02 17:00:00+00:00,4184.75,4192.884,4184.574,4191.999,11053.0,0.0,-2468.0,0.872322503008357
2025-12-02 17:30:00+00:00,4192.045,4197.053,4190.377,4193.841,7610.0,0.0,-3443.0,0.2690233672858624
2025-12-02 18:00:00+00:00,4193.809,4196.923,4189.153,4189.41,9285.0,0.0,1675.0,0.5661518661519446
2025-12-02 18:30:00+00:00,4189.376,4191.758,4183.205,4190.805,7988.0,0.0,-1297.0,0.1670758798082669
2025-12-02 19:00:00+00:00,4190.761,4198.374,4190.761,4197.26,6137.0,0.0,-1851.0,0.853671351635404
2025-12-02 19:30:00+00:00,4197.22,4200.693,4193.635,4196.52,6169.0,0.0,32.0,0.09917823746101145
2025-12-02 20:00:00+00:00,4196.557,4200.04,4194.862,4198.61,5405.0,0.0,-764.0,0.39648512939357466
2025-12-02 20:30:00+00:00,4198.633,4212.397,4198.6,4210.179,7578.0,0.0,2173.0,0.8368485902732938
2025-12-02 21:00:00+00:00,4210.11,4211.794,4207.747,4209.994,3081.0,0.0,-4497.0,0.028663207314059243
2025-12-02 21:30:00+00:00,4209.962,4211.574,4205.439,4205.886,2485.0,0.0,-596.0,0.664384678076688
2025-12-02 23:00:00+00:00,4207.69,4213.099,4202.762,4209.06,6985.0,0.0,4500.0,0.13253361710368014
2025-12-02 23:30:00+00:00,4209.075,4216.236,4206.551,4212.876,8047.0,0.0,1062.0,0.39246257098612136
2025-12-03 00:00:00+00:00,4212.913,4213.028,4205.996,4207.722,7042.0,0.0,-1005.0,0.7381968145619583
2025-12-03 00:30:00+00:00,4207.612,4211.844,4204.339,4211.844,7388.0,0.0,346.0,0.5638907395069832
2025-12-03 01:00:00+00:00,4211.873,4221.109,4211.556,4216.916,12486.0,0.0,5098.0,0.5278969957081708
2025-12-03 01:30:00+00:00,4216.927,4219.879,4213.271,4214.424,9557.0,0.0,-2929.0,0.37878329297815305
2025-12-03 02:00:00+00:00,4214.376,4224.422,4214.103,4223.233,8205.0,0.0,-1352.0,0.8583196046128884
2025-12-03 02:30:00+00:00,4223.192,4228.936,4222.471,4226.569,7258.0,0.0,-947.0,0.5223511214230985
2025-12-03 03:00:00+00:00,4226.615,4227.566,4220.29,4225.532,5705.0,0.0,-1553.0,0.14884551951616998
2025-12-03 03:30:00+00:00,4225.56,4226.13,4220.092,4221.244,4484.0,0.0,-1221.0,0.7148062272276218
2025-12-03 04:00:00+00:00,4221.2,4224.266,4217.285,4222.582,3624.0,0.0,-860.0,0.19796590746319476
2025-12-03 04:30:00+00:00,4222.615,4225.428,4220.131,4222.344,3872.0,0.0,248.0,0.051161034547810604
2025-12-03 05:00:00+00:00,4222.287,4223.992,4218.798,4220.361,4480.0,0.0,608.0,0.3708124759338144
2025-12-03 05:30:00+00:00,4220.398,4220.939,4203.227,4207.842,15767.0,0.0,11287.0,0.7088979223125667
2025-12-03 06:00:00+00:00,4207.782,4211.848,4206.124,4209.021,8909.0,0.0,-6858.0,0.21645702306071687
2025-12-03 06:30:00+00:00,4208.987,4210.079,4204.707,4208.176,8261.0,0.0,-648.0,0.15096798212952098
2025-12-03 07:00:00+00:00,4208.216,4210.195,4202.164,4202.449,7383.0,0.0,-878.0,0.7180923919811694
2025-12-03 07:30:00+00:00,4202.534,4207.823,4199.985,4206.453,7454.0,0.0,71.0,0.5000000000000581
2025-12-03 08:00:00+00:00,4206.5,4208.182,4203.746,4206.337,7690.0,0.0,236.0,0.03674481514868517
2025-12-03 08:30:00+00:00,4206.341,4210.335,4204.165,4206.42,6561.0,0.0,-1129.0,0.012803889789258118
2025-12-03 09:00:00+00:00,4206.449,4207.532,4196.979,4199.92,8055.0,0.0,1494.0,0.6186866293944484
2025-12-03 09:30:00+00:00,4199.886,4202.361,4199.869,4202.038,4648.0,0.0,-3407.0,0.8635634028888326
2025-12-03 10:00:00+00:00,4201.996,4204.853,4194.48,4203.021,6662.0,0.0,2014.0,0.098814229248972
2025-12-03 10:30:00+00:00,4203.051,4204.05,4197.752,4200.539,6576.0,0.0,-86.0,0.3988567799302502
2025-12-03 11:00:00+00:00,4200.497,4205.764,4196.981,4205.221,4883.0,0.0,-1693.0,0.5378572241829738
2025-12-03 11:30:00+00:00,4205.221,4209.241,4202.569,4208.564,5539.0,0.0,656.0,0.5010491606716084
2025-12-03 12:00:00+00:00,4208.537,4210.588,4205.121,4208.118,5708.0,0.0,169.0,0.076641668190945
2025-12-03 12:30:00+00:00,4208.164,4214.306,4207.661,4213.546,5545.0,0.0,-163.0,0.809932279909842
2025-12-03 13:00:00+00:00,4213.578,4223.017,4211.353,4220.441,11921.0,0.0,6376.0,0.5883916323730723
2025-12-03 13:30:00+00:00,4220.494,4238.818,4216.734,4237.229,11397.0,0.0,-524.0,0.7577884441224737
2025-12-03 14:00:00+00:00,4237.256,4240.735,4218.564,4224.538,20701.0,0.0,9304.0,0.5736322222723882
2025-12-03 14:30:00+00:00,4224.508,4241.579,4205.111,4212.529,27065.0,0.0,6364.0,0.3284797630799443
2025-12-03 15:00:00+00:00,4212.56,4224.446,4206.145,4221.794,15247.0,0.0,-11818.0,0.5045625922080614
2025-12-03 15:30:00+00:00,4221.661,4229.466,4214.14,4216.342,12757.0,0.0,-2490.0,0.3470572882683288
2025-12-03 16:00:00+00:00,4216.307,4222.111,4212.42,4219.035,11574.0,0.0,-1183.0,0.2814982973893428
2025-12-03 16:30:00+00:00,4219.036,4224.964,4195.758,4200.811,15980.0,0.0,4406.0,0.6240156132301679
2025-12-03 17:00:00+00:00,4200.714,4213.211,4200.24,4208.98,10836.0,0.0,-5144.0,0.6372677511371004
2025-12-03 17:30:00+00:00,4208.901,4215.503,4207.933,4211.018,8240.0,0.0,-2596.0,0.27965653896965265
2025-12-03 18:00:00+00:00,4211.079,4211.538,4198.559,4201.739,11962.0,0.0,3722.0,0.7196240080129906
2025-12-03 18:30:00+00:00,4201.793,4206.707,4195.225,4196.986,8710.0,0.0,-3252.0,0.4186552865354295
2025-12-03 19:00:00+00:00,4197.017,4206.925,4196.965,4205.986,6810.0,0.0,-1900.0,0.9005020080321303
2025-12-03 19:30:00+00:00,4206.028,4209.997,4204.83,4207.944,4779.0,0.0,-2031.0,0.37081478614283525
2025-12-03 20:00:00+00:00,4207.83,4212.701,4207.498,4210.104,4470.0,0.0,-309.0,0.4370555448779847
2025-12-03 20:30:00+00:00,4210.095,4210.979,4203.601,4206.143,6255.0,0.0,1785.0,0.5356465166711708
2025-12-03 21:00:00+00:00,4206.111,4210.197,4205.895,4206.919,4624.0,0.0,-1631.0,0.18781961878197417
2025-12-03 21:30:00+00:00,4206.987,4209.68,4202.716,4202.718,2567.0,0.0,-2057.0,0.6130097645031977
2025-12-03 23:00:00+00:00,4205.117,4209.005,4204.442,4206.815,3571.0,0.0,1004.0,0.3721236028926962
2025-12-03 23:30:00+00:00,4206.895,4207.434,4202.395,4207.165,4353.0,0.0,782.0,0.05358205993243499
2025-12-04 00:00:00+00:00,4207.102,4212.8,4204.274,4211.863,4899.0,0.0,546.0,0.5584095707249016
2025-12-04 00:30:00+00:00,4211.759,4215.847,4209.297,4211.66,5141.0,0.0,242.0,0.015114503816817912
2025-12-04 01:00:00+00:00,4211.605,4214.701,4205.834,4213.204,11289.0,0.0,6148.0,0.18033156648247728
2025-12-04 01:30:00+00:00,4213.232,4216.817,4207.487,4209.143,8156.0,0.0,-3133.0,0.43826366559485247
2025-12-04 02:00:00+00:00,4209.177,4209.177,4198.882,4206.026,7322.0,0.0,-834.0,0.3060709082078502
2025-12-04 02:30:00+00:00,4206.039,4207.541,4199.85,4200.487,8137.0,0.0,815.0,0.7218827200623874
2025-12-04 03:00:00+00:00,4200.508,4201.642,4187.241,4193.2,10676.0,0.0,2539.0,0.5074647593917141
2025-12-04 03:30:00+00:00,4193.287,4197.885,4190.091,4195.851,5202.0,0.0,-5474.0,0.32897100333582746
2025-12-04 04:00:00+00:00,4195.765,4199.101,4192.764,4198.412,4273.0,0.0,-929.0,0.4177055388985528
2025-12-04 04:30:00+00:00,4198.343,4198.631,4194.368,4197.017,4077.0,0.0,-196.0,0.311048557353987
2025-12-04 05:00:00+00:00,4196.959,4197.976,4189.481,4197.029,4980.0,0.0,903.0,0.008240141259637358
2025-12-04 05:30:00+00:00,4197.076,4199.049,4174.868,4181.003,15669.0,0.0,10689.0,0.6646954220255819
2025-12-04 06:00:00+00:00,4181.103,4185.765,4178.526,4182.955,12915.0,0.0,-2754.0,0.2558364414974081
2025-12-04 06:30:00+00:00,4182.914,4190.232,4182.441,4190.118,7599.0,0.0,-5316.0,0.9246566551149376
2025-12-04 07:00:00+00:00,4190.099,4194.988,4186.611,4189.335,7010.0,0.0,-589.0,0.09120210099081849
2025-12-04 07:30:00+00:00,4189.225,4193.826,4186.434,4193.744,6191.0,0.0,-819.0,0.6113365800865029
2025-12-04 08:00:00+00:00,4193.713,4196.387,4189.889,4192.884,8701.0,0.0,2510.0,0.12757771622034095
2025-12-04 08:30:00+00:00,4192.916,4194.523,4184.733,4184.798,7623.0,0.0,-1078.0,0.8292134831461107
2025-12-04 09:00:00+00:00,4184.751,4192.037,4183.686,4191.459,8895.0,0.0,1272.0,0.8032570949585885
2025-12-04 09:30:00+00:00,4191.33,4202.363,4190.696,4199.883,5703.0,0.0,-3192.0,0.733093340190247
2025-12-04 10:00:00+00:00,4199.84,4202.687,4198.403,4199.251,5655.0,0.0,-48.0,0.13748832866479688
2025-12-04 10:30:00+00:00,4199.276,4201.915,4196.63,4197.31,5050.0,0.0,-605.0,0.37199621570472924
2025-12-04 11:00:00+00:00,4197.285,4206.522,4197.211,4199.195,6174.0,0.0,1124.0,0.20513371281279316
2025-12-04 11:30:00+00:00,4199.222,4202.025,4197.249,4198.652,4019.0,0.0,-2155.0,0.11934673366828477
2025-12-04 12:00:00+00:00,4198.625,4201.793,4192.966,4194.379,6079.0,0.0,2060.0,0.48102413050871456
2025-12-04 12:30:00+00:00,4194.346,4194.346,4188.716,4190.506,7770.0,0.0,1691.0,0.6820603907637268
2025-12-04 13:00:00+00:00,4190.466,4196.915,4185.475,4195.996,11939.0,0.0,4169.0,0.48339160839160306
2025-12-04 13:30:00+00:00,4195.969,4198.351,4187.339,4198.229,10660.0,0.0,-1279.0,0.2052306574646092
2025-12-04 14:00:00+00:00,4198.271,4210.273,4198.271,4208.1,9618.0,0.0,-1042.0,0.8189468421929927
2025-12-04 14:30:00+00:00,4208.124,4213.586,4193.633,4201.434,23021.0,0.0,13403.0,0.33528792662754753
2025-12-04 15:00:00+00:00,4201.381,4206.298,4191.287,4205.949,17209.0,0.0,-5812.0,0.30431017254010057
2025-12-04 15:30:00+00:00,4206.023,4210.294,4202.638,4207.52,10930.0,0.0,-6279.0,0.19553291536054182
2025-12-04 16:00:00+00:00,4207.493,4219.486,4206.674,4216.203,10571.0,0.0,-359.0,0.6798314080549567
2025-12-04 16:30:00+00:00,4216.179,4216.755,4207.489,4215.711,8828.0,0.0,-1743.0,0.05050723073600479
2025-12-04 17:00:00+00:00,4215.813,4216.895,4208.995,4211.039,7199.0,0.0,-1629.0,0.6043037974683559
2025-12-04 17:30:00+00:00,4211.084,4217.58,4209.579,4216.473,5541.0,0.0,-1658.0,0.6735408073990734
2025-12-04 18:00:00+00:00,4216.448,4217.42,4210.179,4212.85,7310.0,0.0,1769.0,0.49689269437922434
2025-12-04 18:30:00+00:00,4212.878,4212.916,4207.369,4207.96,5553.0,0.0,-1757.0,0.8866053722731638
2025-12-04 19:00:00+00:00,4207.935,4209.852,4199.599,4205.079,8819.0,0.0,3266.0,0.27855261874580706
2025-12-04 19:30:00+00:00,4205.054,4210.186,4204.311,4208.939,5648.0,0.0,-3171.0,0.661276595744718
2025-12-04 20:00:00+00:00,4208.921,4209.875,4206.011,4207.548,4729.0,0.0,-919.0,0.35533126294012735
2025-12-04 20:30:00+00:00,4207.534,4210.381,4205.441,4209.862,4440.0,0.0,-289.0,0.47125506072878326
2025-12-04 21:00:00+00:00,4209.828,4210.21,4208.032,4208.641,1956.0,0.0,-2484.0,0.5449954086321722
2025-12-04 21:30:00+00:00,4208.632,4210.32,4207.963,4208.601,1941.0,0.0,-15.0,0.013152312261327726
2025-12-04 23:00:00+00:00,4208.515,4209.826,4206.88,4207.956,3002.0,0.0,1061.0,0.18974881194847693
2025-12-04 23:30:00+00:00,4208.022,4208.885,4203.865,4206.079,4966.0,0.0,1964.0,0.3870517928286936
2025-12-05 00:00:00+00:00,4206.077,4210.526,4204.186,4205.795,4265.0,0.0,-701.0,0.04447949526816188
2025-12-05 00:30:00+00:00,4205.87,4205.9,4201.195,4201.681,4801.0,0.0,536.0,0.890329436769473
2025-12-05 01:00:00+00:00,4201.672,4204.425,4194.824,4199.642,9068.0,0.0,4267.0,0.21143630871780286
2025-12-05 01:30:00+00:00,4199.613,4203.956,4197.418,4203.036,7166.0,0.0,-1902.0,0.523554603854318
2025-12-05 02:00:00+00:00,4203.012,4204.752,4196.76,4197.749,5675.0,0.0,-1491.0,0.658533533533508
2025-12-05 02:30:00+00:00,4197.72,4208.356,4196.713,4207.306,6733.0,0.0,1058.0,0.8233273211371044
2025-12-05 03:00:00+00:00,4207.33,4208.859,4201.826,4203.209,5251.0,0.0,-1482.0,0.585951940850261
2025-12-05 03:30:00+00:00,4203.227,4210.979,4202.415,4209.557,5247.0,0.0,-4.0,0.7391405885100072
2025-12-05 04:00:00+00:00,4209.544,4214.381,4207.863,4212.454,4968.0,0.0,-279.0,0.44645596808834637
2025-12-05 04:30:00+00:00,4212.525,4217.396,4212.489,4216.749,3806.0,0.0,-1162.0,0.8608110862033888
2025-12-05 05:00:00+00:00,4216.707,4219.969,4214.312,4219.551,4089.0,0.0,283.0,0.5027399681810101
2025-12-05 05:30:00+00:00,4219.524,4221.411,4217.775,4220.533,6958.0,0.0,2869.0,0.2775027502749993
2025-12-05 06:00:00+00:00,4220.436,4229.339,4218.605,4227.726,8480.0,0.0,1522.0,0.6791503633314427
2025-12-05 06:30:00+00:00,4227.699,4228.926,4223.688,4224.483,6401.0,0.0,-2079.0,0.6139747995416697
2025-12-05 07:00:00+00:00,4224.509,4230.701,4224.479,4230.081,4702.0,0.0,-1699.0,0.8955319832851717
2025-12-05 07:30:00+00:00,4230.081,4230.156,4222.516,4224.363,4942.0,0.0,240.0,0.7484293193716757
2025-12-05 08:00:00+00:00,4224.409,4227.138,4221.875,4222.869,5118.0,0.0,176.0,0.2926087782633454
2025-12-05 08:30:00+00:00,4222.968,4225.758,4220.53,4220.564,4801.0,0.0,-317.0,0.45983167559286753
2025-12-05 09:00:00+00:00,4220.598,4222.265,4215.909,4221.17,6252.0,0.0,1451.0,0.08999370673380358
2025-12-05 09:30:00+00:00,4221.078,4225.02,4219.522,4223.315,3497.0,0.0,-2755.0,0.4068752273552139
2025-12-05 10:00:00+00:00,4223.307,4227.553,4223.151,4223.99,3358.0,0.0,-139.0,0.155156746933209
2025-12-05 10:30:00+00:00,4224.044,4225.364,4222.51,4222.918,3254.0,0.0,-104.0,0.39453398738628465
2025-12-05 11:00:00+00:00,4222.88,4225.647,4220.002,4221.283,3383.0,0.0,129.0,0.28290522586357597
2025-12-05 11:30:00+00:00,4221.25,4224.253,4220.478,4223.693,3580.0,0.0,197.0,0.647152317880913
2025-12-05 12:00:00+00:00,4223.744,4229.697,4223.007,4224.524,5938.0,0.0,2358.0,0.11659192825121008
2025-12-05 12:30:00+00:00,4224.566,4229.555,4222.831,4228.696,4134.0,0.0,-1804.0,0.6142177275431308
2025-12-05 13:00:00+00:00,4228.675,4235.014,4221.524,4232.877,11302.0,0.0,7168.0,0.31148999258712334
2025-12-05 13:30:00+00:00,4232.779,4239.058,4229.89,4234.61,10771.0,0.0,-531.0,0.19971640488648432
2025-12-05 14:00:00+00:00,4234.518,4239.531,4230.299,4231.746,8952.0,0.0,-1819.0,0.3002599653379488
2025-12-05 14:30:00+00:00,4231.77,4245.686,4228.277,4242.047,16066.0,0.0,7114.0,0.5903268424377817
2025-12-05 15:00:00+00:00,4242.203,4249.116,4234.149,4248.678,13285.0,0.0,-2781.0,0.43261842720649485
2025-12-05 15:30:00+00:00,4248.645,4259.24,4237.714,4243.48,16662.0,0.0,3377.0,0.23994239524300434
2025-12-05 16:00:00+00:00,4243.536,4245.707,4198.651,4216.561,36395.0,0.0,19733.0,0.5732531451887131
2025-12-05 16:30:00+00:00,4216.499,4217.577,4207.541,4214.239,18349.0,0.0,-18046.0,0.2251893184535876
2025-12-05 17:00:00+00:00,4214.196,4218.363,4210.397,4216.833,10827.0,0.0,-7522.0,0.331031885513382
2025-12-05 17:30:00+00:00,4216.872,4219.945,4206.266,4217.463,10545.0,0.0,-282.0,0.04320491263977162
2025-12-05 18:00:00+00:00,4217.434,4219.244,4210.11,4212.563,8933.0,0.0,-1612.0,0.5332822421721137
2025-12-05 18:30:00+00:00,4212.606,4215.761,4206.714,4208.833,7804.0,0.0,-1129.0,0.4170443240853253
2025-12-05 19:00:00+00:00,4208.869,4210.843,4203.71,4209.367,7663.0,0.0,-141.0,0.06981634655832263
2025-12-05 19:30:00+00:00,4209.48,4210.326,4202.314,4207.649,5114.0,0.0,-2549.0,0.22853220169736474
2025-12-05 20:00:00+00:00,4207.69,4207.844,4202.725,4202.896,5476.0,0.0,362.0,0.9365110373120067
2025-12-05 20:30:00+00:00,4202.906,4205.381,4199.289,4202.237,18491.0,0.0,13015.0,0.10981615233089434
2025-12-05 21:00:00+00:00,4202.279,4202.596,4191.863,4197.034,9123.0,0.0,-9368.0,0.48867977266385537
2025-12-05 21:30:00+00:00,4197.058,4199.042,4193.733,4198.522,4241.0,0.0,-4882.0,0.27575814654358405
2025-12-07 23:00:00+00:00,4202.426,4208.458,4189.804,4199.288,437.0,0.0,-3804.0,0.16822129302031236
2025-12-07 23:30:00+00:00,4200.815,4202.723,4199.409,4201.389,1752.0,0.0,1315.0,0.1732045866024354
2025-12-08 00:00:00+00:00,4201.433,4207.946,4199.461,4205.836,4892.0,0.0,3140.0,0.5189157336476626
2025-12-08 00:30:00+00:00,4205.817,4211.65,4204.772,4210.843,4193.0,0.0,-699.0,0.7307356789764551
2025-12-08 01:00:00+00:00,4210.955,4211.902,4201.221,4208.106,10961.0,0.0,6768.0,0.2667353244078296
2025-12-08 01:30:00+00:00,4208.062,4209.718,4197.576,4201.123,9046.0,0.0,-1915.0,0.5714873991105588
2025-12-08 02:00:00+00:00,4201.082,4203.609,4198.448,4203.251,5676.0,0.0,-3370.0,0.42026739004065966
2025-12-08 02:30:00+00:00,4203.25,4212.43,4199.266,4208.514,7467.0,0.0,1791.0,0.3998784563962212
2025-12-08 03:00:00+00:00,4208.411,4213.415,4206.776,4209.862,4922.0,0.0,-2545.0,0.21855701159813146
2025-12-08 03:30:00+00:00,4209.91,4211.774,4206.73,4210.017,3691.0,0.0,-1231.0,0.02121332275970547
2025-12-08 04:00:00+00:00,4210.051,4212.055,4208.542,4209.528,2597.0,0.0,-1094.0,0.14887560489614293
2025-12-08 04:30:00+00:00,4209.492,4213.233,4206.954,4208.501,2919.0,0.0,322.0,0.15782767956679636
2025-12-08 05:00:00+00:00,4208.58,4209.556,4204.603,4206.35,3468.0,0.0,549.0,0.4502321825156026
2025-12-08 05:30:00+00:00,4206.402,4217.229,4206.402,4217.009,5663.0,0.0,2195.0,0.9796804285582109
2025-12-08 06:00:00+00:00,4217.045,4218.49,4212.246,4216.506,5231.0,0.0,-432.0,0.08632286995512282
2025-12-08 06:30:00+00:00,4216.476,4218.963,4215.059,4217.001,4528.0,0.0,-703.0,0.134477459016549
2025-12-08 07:00:00+00:00,4217.044,4217.372,4212.557,4213.874,4705.0,0.0,177.0,0.6583592938732581
2025-12-08 07:30:00+00:00,4213.888,4216.316,4206.297,4206.864,5256.0,0.0,551.0,0.7010679708553926
2025-12-08 08:00:00+00:00,4206.863,4216.531,4203.166,4209.299,5785.0,0.0,529.0,0.18226711560042905
2025-12-08 08:30:00+00:00,4209.268,4212.064,4205.013,4209.883,5562.0,0.0,-223.0,0.0872216706849735
2025-12-08 09:00:00+00:00,4209.772,4210.852,4204.09,4210.587,5111.0,0.0,-451.0,0.12052647145822885
2025-12-08 09:30:00+00:00,4210.633,4212.766,4206.106,4207.989,4453.0,0.0,-658.0,0.3969969969970406
2025-12-08 10:00:00+00:00,4207.958,4210.34,4205.544,4205.899,3353.0,0.0,-1100.0,0.42931609674711596
2025-12-08 10:30:00+00:00,4205.957,4208.251,4200.935,4203.561,5226.0,0.0,1873.0,0.32750136686723685
2025-12-08 11:00:00+00:00,4203.515,4209.675,4199.622,4209.471,4213.0,0.0,-1013.0,0.5924599622002676
2025-12-08 11:30:00+00:00,4209.47,4214.039,4208.383,4208.383,4355.0,0.0,142.0,0.1921852899576474
2025-12-08 12:00:00+00:00,4208.438,4212.961,4208.378,4211.651,4004.0,0.0,-351.0,0.7010691686666726
2025-12-08 12:30:00+00:00,4211.63,4215.564,4210.859,4213.723,4142.0,0.0,138.0,0.4448459086078384
2025-12-08 13:00:00+00:00,4213.81,4214.768,4202.36,4203.113,10583.0,0.0,6441.0,0.8621050934880569
2025-12-08 13:30:00+00:00,4203.105,4206.49,4197.623,4201.607,9061.0,0.0,-1522.0,0.16894101725494085
2025-12-08 14:00:00+00:00,4201.639,4211.588,4197.348,4208.82,7086.0,0.0,-1975.0,0.5042837078651471
2025-12-08 14:30:00+00:00,4208.875,4210.963,4195.474,4196.711,17136.0,0.0,10050.0,0.7853315255988179
2025-12-08 15:00:00+00:00,4196.74,4196.915,4176.137,4191.934,19305.0,0.0,2169.0,0.23130233901239428
2025-12-08 15:30:00+00:00,4191.966,4193.27,4182.007,4182.933,9567.0,0.0,-9738.0,0.8020065701855359
2025-12-08 16:00:00+00:00,4182.891,4196.125,4177.118,4194.86,9269.0,0.0,-298.0,0.6297153680223233
2025-12-08 16:30:00+00:00,4194.874,4197.891,4187.921,4191.592,7645.0,0.0,-1624.0,0.3291875626881011
2025-12-08 17:00:00+00:00,4191.629,4191.968,4185.565,4191.933,5671.0,0.0,-1974.0,0.047477744807133467
2025-12-08 17:30:00+00:00,4192.018,4195.59,4187.946,4194.81,5080.0,0.0,-591.0,0.3652537938252598
2025-12-08 18:00:00+00:00,4194.849,4195.712,4187.068,4188.726,5309.0,0.0,229.0,0.708352614530349
2025-12-08 18:30:00+00:00,4188.761,4192.28,4184.508,4187.327,5022.0,0.0,-287.0,0.18450849202267222
2025-12-08 19:00:00+00:00,4187.287,4188.726,4184.122,4187.798,4824.0,0.0,-198.0,0.11099044309287219
2025-12-08 19:30:00+00:00,4187.695,4188.84,4184.99,4187.057,3662.0,0.0,-1162.0,0.16571428571424926
2025-12-08 20:00:00+00:00,4187.017,4191.406,4184.898,4189.276,3891.0,0.0,229.0,0.3471112476951568
2025-12-08 20:30:00+00:00,4189.281,4195.497,4189.145,4191.504,4077.0,0.0,186.0,0.34996851385390504
2025-12-08 21:00:00+00:00,4191.537,4193.206,4189.785,4190.589,1711.0,0.0,-2366.0,0.2771119555686184
2025-12-08 21:30:00+00:00,4190.579,4190.856,4188.263,4190.613,1919.0,0.0,208.0,0.013112225221967703
2025-12-08 23:00:00+00:00,4190.08,4193.987,4190.08,4192.884,2141.0,0.0,222.0,0.7176862042487785
2025-12-08 23:30:00+00:00,4192.913,4195.41,4191.592,4194.735,2372.0,0.0,231.0,0.4772132006286055
2025-12-09 00:00:00+00:00,4194.74,4195.696,4191.383,4192.198,2923.0,0.0,551.0,0.5893809413399957
2025-12-09 00:30:00+00:00,4192.159,4194.218,4189.875,4190.444,3118.0,0.0,195.0,0.3948883260417445
2025-12-09 01:00:00+00:00,4190.482,4197.341,4188.772,4194.24,7268.0,0.0,4150.0,0.43855759131749666
2025-12-09 01:30:00+00:00,4194.273,4197.196,4193.877,4196.101,5138.0,0.0,-2130.0,0.5507683037058729
2025-12-09 02:00:00+00:00,4196.063,4197.123,4189.474,4190.508,4589.0,0.0,-549.0,0.7262387240163032
2025-12-09 02:30:00+00:00,4190.632,4191.044,4186.012,4189.827,6555.0,0.0,1966.0,0.15997615262308368
2025-12-09 03:00:00+00:00,4189.869,4198.244,4189.869,4198.01,4861.0,0.0,-1694.0,0.9720597014926007
2025-12-09 03:30:00+00:00,4197.974,4198.844,4193.603,4194.538,4017.0,0.0,-844.0,0.6556000763214298
2025-12-09 04:00:00+00:00,4194.523,4195.673,4191.861,4193.824,3412.0,0.0,-605.0,0.18336831059825356
2025-12-09 04:30:00+00:00,4193.788,4195.686,4184.386,4186.966,4114.0,0.0,702.0,0.6037168141592607
2025-12-09 05:00:00+00:00,4186.966,4187.29,4183.41,4185.273,3989.0,0.0,-125.0,0.4363402061856091
2025-12-09 05:30:00+00:00,4185.298,4185.668,4178.114,4179.793,7711.0,0.0,3722.0,0.7287529785544142
2025-12-09 06:00:00+00:00,4179.764,4179.908,4170.097,4178.506,9275.0,0.0,1564.0,0.1282234226887915
2025-12-09 06:30:00+00:00,4178.548,4184.021,4176.478,4182.013,5878.0,0.0,-3397.0,0.45936629988072375
2025-12-09 07:00:00+00:00,4182.069,4185.866,4175.797,4178.565,7315.0,0.0,1437.0,0.34799880822332613
2025-12-09 07:30:00+00:00,4178.528,4183.675,4178.309,4182.368,5276.0,0.0,-2039.0,0.7156168468132977
2025-12-09 08:00:00+00:00,4182.332,4189.327,4182.332,4186.227,5931.0,0.0,655.0,0.5568263045031576
2025-12-09 08:30:00+00:00,4186.151,4191.89,4185.484,4191.625,5042.0,0.0,-889.0,0.8545113955666881
2025-12-09 09:00:00+00:00,4191.667,4213.14,4190.812,4207.121,11643.0,0.0,6601.0,0.6921354353278137
2025-12-09 09:30:00+00:00,4207.226,4209.193,4200.635,4202.77,7203.0,0.0,-4440.0,0.5206824024303839
2025-12-09 10:00:00+00:00,4202.808,4208.351,4201.756,4204.337,6030.0,0.0,-1173.0,0.23184230477643714
2025-12-09 10:30:00+00:00,4204.291,4205.974,4201.251,4203.928,5587.0,0.0,-443.0,0.07685792928229666
2025-12-09 11:00:00+00:00,4203.965,4205.488,4201.2,4203.807,4555.0,0.0,-1032.0,0.036847014925452275
2025-12-09 11:30:00+00:00,4203.832,4206.468,4202.508,4202.976,3722.0,0.0,-833.0,0.21616161616178506
2025-12-09 12:00:00+00:00,4203.024,4205.302,4198.515,4202.248,4637.0,0.0,915.0,0.11433623103003145
2025-12-09 12:30:00+00:00,4202.37,4207.621,4201.176,4204.204,4476.0,0.0,-161.0,0.28456167571759744
2025-12-09 13:00:00+00:00,4204.18,4208.403,4198.276,4201.948,11374.0,0.0,6898.0,0.22040090846251417
2025-12-09 13:30:00+00:00,4201.948,4203.414,4195.763,4201.264,9838.0,0.0,-1536.0,0.08940007842114897
2025-12-09 14:00:00+00:00,4201.238,4202.017,4189.416,4193.395,11400.0,0.0,1562.0,0.6224109197682771
2025-12-09 14:30:00+00:00,4193.426,4210.295,4192.588,4204.982,18533.0,0.0,7133.0,0.6526232563392651
2025-12-09 15:00:00+00:00,4204.938,4208.525,4190.099,4206.239,17245.0,0.0,-1288.0,0.07060675132961647
2025-12-09 15:30:00+00:00,4206.261,4216.496,4198.795,4212.562,14849.0,0.0,-2396.0,0.3559685893452047
2025-12-09 16:00:00+00:00,4212.522,4220.756,4210.174,4213.671,15826.0,0.0,977.0,0.10858060858063746
2025-12-09 16:30:00+00:00,4213.566,4221.526,4211.567,4212.37,10359.0,0.0,-5467.0,0.12009237875288009
2025-12-09 17:00:00+00:00,4212.384,4216.34,4204.963,4207.776,9065.0,0.0,-1294.0,0.4050276874395719
2025-12-09 17:30:00+00:00,4207.802,4209.039,4201.544,4203.051,8718.0,0.0,-347.0,0.6338892595062526
2025-12-09 18:00:00+00:00,4202.976,4208.215,4201.215,4207.221,7862.0,0.0,-856.0,0.6064285714285559
2025-12-09 18:30:00+00:00,4207.26,4209.707,4204.089,4208.871,5882.0,0.0,-1980.0,0.28675685297254605
2025-12-09 19:00:00+00:00,4208.914,4212.406,4207.594,4208.291,5984.0,0.0,102.0,0.12946799667489728
2025-12-09 19:30:00+00:00,4208.392,4214.471,4207.131,4212.577,5296.0,0.0,-688.0,0.5701634877385335
2025-12-09 20:00:00+00:00,4212.54,4216.058,4208.92,4210.742,4846.0,0.0,-450.0,0.2518912860745019
2025-12-09 20:30:00+00:00,4210.708,4213.733,4209.357,4212.123,11768.0,0.0,6922.0,0.32335466179156713
2025-12-09 21:00:00+00:00,4212.081,4212.984,4208.775,4210.077,12548.0,0.0,780.0,0.47612259444037824
2025-12-09 21:30:00+00:00,4210.228,4210.556,4207.159,4208.515,2603.0,0.0,-9945.0,0.5042684721812691
2025-12-09 23:00:00+00:00,4208.202,4210.971,4207.804,4210.303,3017.0,0.0,414.0,0.6634038522260862
2025-12-09 23:30:00+00:00,4210.351,4213.019,4209.414,4210.87,2952.0,0.0,-65.0,0.14396671289879742
2025-12-10 00:00:00+00:00,4210.815,4212.703,4207.092,4209.126,4507.0,0.0,1555.0,0.3010158617000819
2025-12-10 00:30:00+00:00,4209.204,4209.715,4207.063,4208.473,3625.0,0.0,-882.0,0.2756410256409333
2025-12-10 01:00:00+00:00,4208.395,4218.165,4206.902,4216.83,9459.0,0.0,5834.0,0.7489123679303517
2025-12-10 01:30:00+00:00,4216.868,4217.964,4211.774,4213.813,8435.0,0.0,-1024.0,0.4935379644588834
2025-12-10 02:00:00+00:00,4213.786,4217.612,4211.536,4213.514,6330.0,0.0,-2105.0,0.044766293614208946
2025-12-10 02:30:00+00:00,4213.615,4218.778,4213.163,4216.996,4914.0,0.0,-1416.0,0.6021371326803021
2025-12-10 03:00:00+00:00,4216.962,4217.242,4207.872,4208.275,7272.0,0.0,2358.0,0.9271077908218686
2025-12-10 03:30:00+00:00,4208.245,4210.061,4203.765,4206.3,4775.0,0.0,-2497.0,0.3089263024142161
2025-12-10 04:00:00+00:00,4206.378,4209.099,4205.565,4206.833,3001.0,0.0,-1774.0,0.12874929258626347
2025-12-10 04:30:00+00:00,4206.828,4209.705,4205.446,4207.054,2808.0,0.0,-193.0,0.053064099553805415
2025-12-10 05:00:00+00:00,4206.948,4207.338,4201.77,4205.649,4369.0,0.0,1561.0,0.2332974137931288
2025-12-10 05:30:00+00:00,4205.673,4214.406,4204.794,4211.431,5826.0,0.0,1457.0,0.5990428630877822
2025-12-10 06:00:00+00:00,4211.354,4211.744,4204.259,4207.283,6727.0,0.0,901.0,0.5438877755511143
2025-12-10 06:30:00+00:00,4207.238,4207.731,4203.119,4207.375,5701.0,0.0,-1026.0,0.029705117085800925
2025-12-10 07:00:00+00:00,4207.435,4209.459,4204.647,4207.387,5110.0,0.0,-591.0,0.009975062344281993
2025-12-10 07:30:00+00:00,4207.366,4208.361,4203.229,4203.392,4665.0,0.0,-445.0,0.7743569758379705
2025-12-10 08:00:00+00:00,4203.357,4206.613,4200.09,4204.01,6237.0,0.0,1572.0,0.10010731258626913
2025-12-10 08:30:00+00:00,4204.052,4204.052,4197.023,4197.856,6329.0,0.0,92.0,0.8814909659980533
2025-12-10 09:00:00+00:00,4197.821,4200.624,4194.418,4197.862,6512.0,0.0,183.0,0.006606509829224377
2025-12-10 09:30:00+00:00,4197.794,4198.478,4192.542,4194.396,5169.0,0.0,-1343.0,0.5724393530997832
2025-12-10 10:00:00+00:00,4194.353,4196.444,4191.48,4191.844,5785.0,0.0,616.0,0.5054391619660725
2025-12-10 10:30:00+00:00,4191.797,4194.595,4187.729,4193.26,5801.0,0.0,16.0,0.21307893970297853
2025-12-10 11:00:00+00:00,4193.225,4196.366,4192.551,4194.648,3941.0,0.0,-1860.0,0.37300131061596953
2025-12-10 11:30:00+00:00,4194.678,4197.762,4193.656,4197.216,3419.0,0.0,-522.0,0.6181198246470068
2025-12-10 12:00:00+00:00,4197.311,4202.31,4197.165,4197.532,4801.0,0.0,1382.0,0.042954324587063095
2025-12-10 12:30:00+00:00,4197.507,4199.29,4195.244,4196.506,4208.0,0.0,-593.0,0.2474048442904661
2025-12-10 13:00:00+00:00,4196.534,4200.294,4192.922,4198.058,10034.0,0.0,5826.0,0.20672816060774285
2025-12-10 13:30:00+00:00,4197.971,4205.085,4196.018,4200.783,7978.0,0.0,-2056.0,0.31013565677741317
2025-12-10 14:00:00+00:00,4200.819,4207.115,4194.779,4196.771,8338.0,0.0,360.0,0.3281452658885298
2025-12-10 14:30:00+00:00,4196.806,4202.103,4191.351,4192.568,15271.0,0.0,6933.0,0.39415922619040306
2025-12-10 15:00:00+00:00,4192.603,4201.318,4188.957,4196.56,13158.0,0.0,-2113.0,0.3201197314133464
2025-12-10 15:30:00+00:00,4196.535,4199.525,4190.155,4193.62,8611.0,0.0,-4547.0,0.3110992529348984
2025-12-10 16:00:00+00:00,4193.715,4201.043,4192.733,4200.598,7217.0,0.0,-1394.0,0.8282791817088127
2025-12-10 16:30:00+00:00,4200.56,4205.172,4199.092,4204.735,6078.0,0.0,-1139.0,0.6866776315788359
2025-12-10 17:00:00+00:00,4204.772,4204.844,4198.98,4200.713,5247.0,0.0,-831.0,0.6921896316507263
2025-12-10 17:30:00+00:00,4200.678,4201.77,4196.893,4199.761,4825.0,0.0,-422.0,0.18802542546634918
2025-12-10 18:00:00+00:00,4199.767,4200.769,4193.51,4196.476,4699.0,0.0,-126.0,0.4533682325389394
2025-12-10 18:30:00+00:00,4196.416,4197.033,4191.955,4194.418,5865.0,0.0,1166.0,0.3934619929106603
2025-12-10 19:00:00+00:00,4194.381,4219.896,4191.479,4198.794,26658.0,0.0,20793.0,0.15529436604847943
2025-12-10 19:30:00+00:00,4198.713,4217.439,4181.686,4216.405,43180.0,0.0,16522.0,0.4948395938802256
2025-12-10 20:00:00+00:00,4216.372,4238.706,4211.013,4232.577,27927.0,0.0,-15253.0,0.5851659264073883
2025-12-10 20:30:00+00:00,4232.635,4237.404,4229.604,4229.829,15406.0,0.0,-12521.0,0.3597435897436448
2025-12-10 21:00:00+00:00,4229.729,4232.572,4221.196,4226.221,6833.0,0.0,-8573.0,0.30836849507741365
2025-12-10 21:30:00+00:00,4226.264,4229.437,4225.822,4228.57,3364.0,0.0,-3469.0,0.6378976486859542
2025-12-10 23:00:00+00:00,4230.162,4231.188,4224.02,4225.639,3889.0,0.0,525.0,0.6309988839286201
2025-12-10 23:30:00+00:00,4225.592,4234.074,4225.551,4232.419,4318.0,0.0,429.0,0.8010090343776656
2025-12-11 00:00:00+00:00,4232.502,4245.143,4231.298,4241.089,7221.0,0.0,2903.0,0.6202239075478062
2025-12-11 00:30:00+00:00,4241.136,4243.366,4234.803,4237.169,6460.0,0.0,-761.0,0.4632722176807784
2025-12-11 01:00:00+00:00,4237.144,4247.762,4235.214,4236.233,14262.0,0.0,7802.0,0.07260121134842801
2025-12-11 01:30:00+00:00,4236.258,4240.363,4232.997,4238.251,7964.0,0.0,-6298.0,0.27056747216948096
2025-12-11 02:00:00+00:00,4238.284,4240.881,4229.615,4230.09,6126.0,0.0,-1838.0,0.7273211432628368
2025-12-11 02:30:00+00:00,4230.028,4230.583,4220.392,4222.407,10471.0,0.0,4345.0,0.7478167010107194
2025-12-11 03:00:00+00:00,4222.331,4224.941,4209.344,4213.065,12807.0,0.0,2336.0,0.5940886067833993
2025-12-11 03:30:00+00:00,4213.037,4218.53,4211.969,4216.788,5515.0,0.0,-7292.0,0.5717116293247171
2025-12-11 04:00:00+00:00,4216.738,4218.36,4210.742,4212.826,4971.0,0.0,-544.0,0.5135206090838182
2025-12-11 04:30:00+00:00,4212.887,4216.078,4208.59,4213.523,5459.0,0.0,488.0,0.08493589743595058
2025-12-11 05:00:00+00:00,4213.467,4216.37,4209.871,4212.156,5150.0,0.0,-309.0,0.20172334205258277
2025-12-11 05:30:00+00:00,4212.121,4212.923,4206.155,4207.523,7926.0,0.0,2776.0,0.6793735224586195
2025-12-11 06:00:00+00:00,4207.486,4214.637,4204.316,4213.875,6712.0,0.0,-1214.0,0.6190291638407304
2025-12-11 06:30:00+00:00,4213.799,4215.447,4211.037,4214.393,6138.0,0.0,-574.0,0.1346938775510364
2025-12-11 07:00:00+00:00,4214.358,4214.909,4210.52,4213.162,5191.0,0.0,-947.0,0.2724994303941961
2025-12-11 07:30:00+00:00,4213.192,4218.689,4211.449,4216.079,9409.0,0.0,4218.0,0.3987569060772708
2025-12-11 08:00:00+00:00,4216.053,4217.876,4212.8,4214.344,7067.0,0.0,-2342.0,0.3366824271079246
2025-12-11 08:30:00+00:00,4214.277,4219.628,4213.678,4216.499,4773.0,0.0,-2294.0,0.37344537815123036
2025-12-11 09:00:00+00:00,4216.476,4217.937,4210.327,4214.079,5947.0,0.0,1174.0,0.3149802890933032
2025-12-11 09:30:00+00:00,4214.09,4221.836,4213.721,4218.579,5293.0,0.0,-654.0,0.5531731361674918
2025-12-11 10:00:00+00:00,4218.51,4225.931,4216.115,4217.29,11556.0,0.0,6263.0,0.1242868785656356
2025-12-11 10:30:00+00:00,4217.232,4219.135,4211.732,4216.953,11415.0,0.0,-141.0,0.03768742401722711
2025-12-11 11:00:00+00:00,4216.923,4219.217,4214.056,4214.76,8552.0,0.0,-2863.0,0.4191048246462956
2025-12-11 11:30:00+00:00,4214.772,4215.497,4209.648,4211.174,9166.0,0.0,614.0,0.6151478885279292
2025-12-11 12:00:00+00:00,4211.197,4218.363,4208.776,4217.98,10895.0,0.0,1729.0,0.7075206008135113
2025-12-11 12:30:00+00:00,4218.012,4220.516,4216.796,4220.383,9942.0,0.0,-953.0,0.6373655913979871
2025-12-11 13:00:00+00:00,4220.473,4222.518,4205.192,4213.14,18925.0,0.0,8983.0,0.4232367540112905
2025-12-11 13:30:00+00:00,4213.097,4223.299,4209.234,4220.986,19641.0,0.0,716.0,0.5608958407394489
2025-12-11 14:00:00+00:00,4221.06,4231.957,4217.824,4230.978,21089.0,0.0,1448.0,0.7017618340054596
2025-12-11 14:30:00+00:00,4231.017,4244.471,4228.876,4230.21,34496.0,0.0,13407.0,0.051747354921437824
2025-12-11 15:00:00+00:00,4230.14,4244.37,4226.155,4238.935,28809.0,0.0,-5687.0,0.482843810046665
2025-12-11 15:30:00+00:00,4238.902,4261.54,4238.416,4256.005,29253.0,0.0,444.0,0.7396211728074821
2025-12-11 16:00:00+00:00,4255.933,4261.758,4250.067,4257.388,24923.0,0.0,-4330.0,0.12445470875031663
2025-12-11 16:30:00+00:00,4257.331,4279.227,4255.328,4273.495,26643.0,0.0,1720.0,0.6763462906397817
2025-12-11 17:00:00+00:00,4273.527,4281.892,4272.128,4276.013,22979.0,0.0,-3664.0,0.2546087668987961
2025-12-11 17:30:00+00:00,4276.049,4279.67,4272.104,4278.625,18668.0,0.0,-4311.0,0.34047052603754807
2025-12-11 18:00:00+00:00,4278.603,4285.959,4276.991,4281.807,16095.0,0.0,-2573.0,0.3572702943799931
2025-12-11 18:30:00+00:00,4281.872,4283.974,4266.73,4268.134,16097.0,0.0,2.0,0.7966829041985507
2025-12-11 19:00:00+00:00,4268.11,4274.694,4262.962,4273.112,18963.0,0.0,2866.0,0.42635526764408627
2025-12-11 19:30:00+00:00,4273.165,4277.727,4271.436,4273.621,12536.0,0.0,-6427.0,0.07248450166906992
2025-12-11 20:00:00+00:00,4273.598,4274.219,4264.227,4268.703,14718.0,0.0,2182.0,0.48989191353076805
2025-12-11 20:30:00+00:00,4268.826,4276.498,4268.191,4276.268,22033.0,0.0,7315.0,0.895870952209004
2025-12-11 21:00:00+00:00,4276.227,4279.604,4272.525,4279.456,15876.0,0.0,-6157.0,0.45613787258087024
2025-12-11 21:30:00+00:00,4279.485,4283.66,4276.847,4280.179,6420.0,0.0,-9456.0,0.10186408337008723
2025-12-11 23:00:00+00:00,4282.929,4283.115,4277.715,4280.105,2244.0,0.0,-4176.0,0.5229629629630952
2025-12-11 23:30:00+00:00,4280.084,4281.286,4272.422,4276.523,5112.0,0.0,2868.0,0.40173736462088205
2025-12-12 00:00:00+00:00,4276.471,4280.202,4273.763,4278.493,5823.0,0.0,711.0,0.3140239167573766
2025-12-12 00:30:00+00:00,4278.498,4279.051,4268.83,4269.654,5157.0,0.0,-666.0,0.8652773701202177
2025-12-12 01:00:00+00:00,4269.694,4276.116,4264.738,4266.138,12605.0,0.0,7448.0,0.3125329583407091
2025-12-12 01:30:00+00:00,4266.105,4274.076,4265.14,4271.055,9647.0,0.0,-2958.0,0.5539391226500556
2025-12-12 02:00:00+00:00,4271.031,4276.839,4270.449,4273.754,5999.0,0.0,-3648.0,0.4261345852894862
2025-12-12 02:30:00+00:00,4273.781,4276.891,4269.416,4270.501,6336.0,0.0,337.0,0.43879598662207153
2025-12-12 03:00:00+00:00,4270.455,4274.607,4268.665,4269.998,5683.0,0.0,-653.0,0.07691013126898925
2025-12-12 03:30:00+00:00,4270.037,4273.034,4269.131,4270.609,3710.0,0.0,-1973.0,0.1465539328722043
2025-12-12 04:00:00+00:00,4270.591,4271.135,4266.834,4268.426,3525.0,0.0,-185.0,0.5033713089978539
2025-12-12 04:30:00+00:00,4268.526,4268.905,4266.271,4266.478,3196.0,0.0,-329.0,0.777524677296797
2025-12-12 05:00:00+00:00,4266.497,4275.938,4266.085,4274.285,3850.0,0.0,654.0,0.7904191616765964
2025-12-12 05:30:00+00:00,4274.291,4280.628,4274.159,4278.978,5998.0,0.0,2148.0,0.7245323852218057
2025-12-12 06:00:00+00:00,4279.127,4281.482,4276.641,4281.041,5489.0,0.0,-509.0,0.3953728568476806
2025-12-12 06:30:00+00:00,4281.044,4283.195,4279.318,4282.915,4772.0,0.0,-717.0,0.4825896311581988
2025-12-12 07:00:00+00:00,4282.798,4288.905,4281.357,4285.881,5360.0,0.0,588.0,0.40845257021735965
2025-12-12 07:30:00+00:00,4285.929,4290.557,4284.216,4287.155,4593.0,0.0,-767.0,0.19334489828099138
2025-12-12 08:00:00+00:00,4287.11,4295.649,4286.981,4294.385,7385.0,0.0,2792.0,0.8392939547761956
2025-12-12 08:30:00+00:00,4294.404,4309.552,4294.266,4308.075,7256.0,0.0,-129.0,0.8943477692005308
2025-12-12 09:00:00+00:00,4308.023,4317.964,4306.831,4313.522,8603.0,0.0,1347.0,0.49393694421987694
2025-12-12 09:30:00+00:00,4313.48,4320.361,4307.164,4318.241,7730.0,0.0,-873.0,0.36076380995683716
2025-12-12 10:00:00+00:00,4318.279,4321.979,4314.703,4316.96,6719.0,0.0,-1011.0,0.181280923584448
2025-12-12 10:30:00+00:00,4316.917,4330.941,4316.408,4329.72,9325.0,0.0,2606.0,0.8809605724902202
2025-12-12 11:00:00+00:00,4329.768,4339.355,4327.004,4334.368,8716.0,0.0,-609.0,0.3724394785847697
2025-12-12 11:30:00+00:00,4334.414,4339.041,4330.063,4336.432,7264.0,0.0,-1452.0,0.2247716640677227
2025-12-12 12:00:00+00:00,4336.503,4338.972,4330.091,4332.525,8396.0,0.0,1132.0,0.4479225312465187
2025-12-12 12:30:00+00:00,4332.497,4334.171,4324.683,4325.88,8294.0,0.0,-102.0,0.6974072512647546
2025-12-12 13:00:00+00:00,4325.844,4339.557,4321.322,4335.823,13037.0,0.0,4743.0,0.5472443103921277
2025-12-12 13:30:00+00:00,4336.025,4346.176,4332.199,4341.042,13699.0,0.0,662.0,0.35894684123921144
2025-12-12 14:00:00+00:00,4340.998,4345.832,4338.512,4340.719,12252.0,0.0,-1447.0,0.03811475409829482
2025-12-12 14:30:00+00:00,4340.751,4353.57,4330.681,4346.965,28895.0,0.0,16643.0,0.271484119009127
2025-12-12 15:00:00+00:00,4346.936,4351.512,4298.34,4301.041,37831.0,0.0,8936.0,0.8631422553223482
2025-12-12 15:30:00+00:00,4300.984,4321.931,4283.082,4290.494,43508.0,0.0,5677.0,0.27001982033001865
2025-12-12 16:00:00+00:00,4290.446,4296.714,4272.078,4289.739,43120.0,0.0,-388.0,0.02869784055854638
2025-12-12 16:30:00+00:00,4289.783,4289.941,4256.958,4282.037,36151.0,0.0,-6969.0,0.23484825516175162
2025-12-12 17:00:00+00:00,4282.062,4290.722,4271.144,4282.192,21547.0,0.0,-14604.0,0.006640106241705605
2025-12-12 17:30:00+00:00,4282.1,4298.432,4281.564,4294.23,14695.0,0.0,-6852.0,0.7191131135878333
2025-12-12 18:00:00+00:00,4294.272,4303.627,4291.768,4295.348,14352.0,0.0,-343.0,0.09073277679399507
2025-12-12 18:30:00+00:00,4295.448,4300.469,4290.488,4294.896,11326.0,0.0,-3026.0,0.05530507965139788
2025-12-12 19:00:00+00:00,4294.931,4299.789,4289.794,4296.002,10673.0,0.0,-653.0,0.10715357678847763
2025-12-12 19:30:00+00:00,4296.041,4298.672,4293.399,4296.552,7633.0,0.0,-3040.0,0.09690878058023654
2025-12-12 20:00:00+00:00,4296.527,4302.837,4291.16,4293.346,7561.0,0.0,-72.0,0.2724158602381035
2025-12-12 20:30:00+00:00,4293.389,4302.955,4288.403,4299.229,11240.0,0.0,3679.0,0.4013194062671986
2025-12-12 21:00:00+00:00,4299.285,4303.789,4298.2,4303.029,4150.0,0.0,-7090.0,0.6698872785830445
2025-12-12 21:30:00+00:00,4303.065,4304.299,4299.372,4300.983,2867.0,0.0,-1283.0,0.42256951491771066
2025-12-14 23:00:00+00:00,4300.525,4308.172,4299.862,4304.811,5592.0,0.0,2725.0,0.515764139590893
2025-12-14 23:30:00+00:00,4304.859,4308.411,4301.459,4302.391,4333.0,0.0,-1259.0,0.3550057537400283
2025-12-15 00:00:00+00:00,4302.431,4306.775,4300.055,4302.055,4489.0,0.0,156.0,0.05595238095228138
2025-12-15 00:30:00+00:00,4302.088,4308.11,4301.941,4307.581,4332.0,0.0,-157.0,0.8904198411412724
2025-12-15 01:00:00+00:00,4307.546,4315.82,4305.777,4314.998,10745.0,0.0,6413.0,0.7420093597530185
2025-12-15 01:30:00+00:00,4314.993,4325.312,4314.509,4322.483,7504.0,0.0,-3241.0,0.693325927982955
2025-12-15 02:00:00+00:00,4322.4,4326.88,4320.89,4324.337,6290.0,0.0,-1214.0,0.3233722871453887
2025-12-15 02:30:00+00:00,4324.306,4329.161,4324.08,4326.428,6237.0,0.0,-53.0,0.4176343239520259
2025-12-15 03:00:00+00:00,4326.397,4329.634,4319.407,4323.864,7437.0,0.0,1200.0,0.24767771585023865
2025-12-15 03:30:00+00:00,4323.863,4328.695,4323.755,4327.075,4687.0,0.0,-2750.0,0.650202429149756
2025-12-15 04:00:00+00:00,4327.147,4330.085,4325.494,4327.755,4358.0,0.0,-329.0,0.13243302112832245
2025-12-15 04:30:00+00:00,4327.81,4328.057,4323.149,4326.098,4218.0,0.0,-140.0,0.3488182559088502
2025-12-15 05:00:00+00:00,4326.129,4331.348,4324.752,4329.69,4255.0,0.0,37.0,0.5398726500909549
2025-12-15 05:30:00+00:00,4329.635,4344.356,4329.332,4343.484,8250.0,0.0,3995.0,0.921791799787053
2025-12-15 06:00:00+00:00,4343.453,4345.678,4339.729,4343.966,7490.0,0.0,-760.0,0.08623298033282119
2025-12-15 06:30:00+00:00,4344.006,4347.599,4341.867,4343.712,4893.0,0.0,-2597.0,0.051290997906467295
2025-12-15 07:00:00+00:00,4343.632,4344.848,4340.72,4344.007,5487.0,0.0,594.0,0.09084302325582051
2025-12-15 07:30:00+00:00,4344.038,4344.557,4333.62,4339.349,6101.0,0.0,614.0,0.428728170430597
2025-12-15 08:00:00+00:00,4339.305,4346.785,4338.921,4345.967,5223.0,0.0,-878.0,0.84715157680566
2025-12-15 08:30:00+00:00,4345.931,4349.083,4343.886,4346.898,4359.0,0.0,-864.0,0.18606888589584386
2025-12-15 09:00:00+00:00,4346.851,4350.352,4343.364,4347.835,5276.0,0.0,917.0,0.14081282198058648
2025-12-15 09:30:00+00:00,4347.807,4350.146,4342.359,4342.585,4811.0,0.0,-465.0,0.6706048542442773
2025-12-15 10:00:00+00:00,4342.552,4348.207,4340.727,4342.826,3849.0,0.0,-962.0,0.03663101604282415
2025-12-15 10:30:00+00:00,4342.867,4343.555,4337.725,4339.707,5953.0,0.0,2104.0,0.5420240137221087
2025-12-15 11:00:00+00:00,4339.639,4341.666,4335.333,4340.686,4260.0,0.0,-1693.0,0.16532449076258987
2025-12-15 11:30:00+00:00,4340.654,4343.72,4339.074,4342.747,3627.0,0.0,-633.0,0.4504950495048555
2025-12-15 12:00:00+00:00,4342.845,4346.499,4342.674,4346.332,4381.0,0.0,754.0,0.9116339869281689
2025-12-15 12:30:00+00:00,4346.36,4348.46,4343.547,4345.67,4652.0,0.0,271.0,0.14044372074079675
2025-12-15 13:00:00+00:00,4345.636,4346.371,4333.71,4339.679,12561.0,0.0,7909.0,0.4704999605086729
2025-12-15 13:30:00+00:00,4339.627,4344.701,4330.824,4332.273,9530.0,0.0,-3031.0,0.529941630035314
2025-12-15 14:00:00+00:00,4332.3,4336.702,4321.385,4325.115,11447.0,0.0,1917.0,0.4690866357642095
2025-12-15 14:30:00+00:00,4325.163,4335.344,4317.346,4323.594,26958.0,0.0,15511.0,0.0871763529280732
2025-12-15 15:00:00+00:00,4323.555,4327.653,4311.467,4314.303,24846.0,0.0,-2112.0,0.5716050908192304
2025-12-15 15:30:00+00:00,4314.279,4327.809,4313.141,4318.307,16045.0,0.0,-8801.0,0.27461139896367465
2025-12-15 16:00:00+00:00,4318.339,4318.941,4293.009,4296.209,21978.0,0.0,5933.0,0.8533857781891211
2025-12-15 16:30:00+00:00,4296.144,4300.249,4285.18,4297.464,19473.0,0.0,-2505.0,0.08759705355363676
2025-12-15 17:00:00+00:00,4297.394,4303.606,4290.69,4302.113,11259.0,0.0,-8214.0,0.36536079281511225
2025-12-15 17:30:00+00:00,4302.062,4306.632,4300.3,4304.47,8857.0,0.0,-2402.0,0.3802905874921944
2025-12-15 18:00:00+00:00,4304.436,4306.606,4299.979,4305.519,7349.0,0.0,-1508.0,0.16342236306030186
2025-12-15 18:30:00+00:00,4305.573,4313.609,4302.607,4313.017,7022.0,0.0,-327.0,0.6766042537719714
2025-12-15 19:00:00+00:00,4313.06,4317.743,4309.159,4309.422,7016.0,0.0,-6.0,0.42381174277732003
2025-12-15 19:30:00+00:00,4309.452,4314.507,4307.865,4314.227,5723.0,0.0,-1293.0,0.7189099668774107
2025-12-15 20:00:00+00:00,4314.176,4314.501,4299.462,4305.051,8177.0,0.0,2454.0,0.6067557683356704
2025-12-15 20:30:00+00:00,4305.161,4307.727,4300.455,4304.48,6899.0,0.0,-1278.0,0.09364686468653753
2025-12-15 21:00:00+00:00,4304.45,4305.672,4300.703,4303.827,3253.0,0.0,-3646.0,0.12537733950487023
2025-12-15 21:30:00+00:00,4303.845,4305.955,4301.244,4305.437,2041.0,0.0,-1212.0,0.3379324984078884
2025-12-15 23:00:00+00:00,4307.392,4309.724,4305.34,4307.555,3170.0,0.0,1129.0,0.037180656934412665
2025-12-15 23:30:00+00:00,4307.552,4308.517,4303.263,4304.15,2940.0,0.0,-230.0,0.6475066615911886
2025-12-16 00:00:00+00:00,4304.132,4310.061,4302.68,4309.607,6969.0,0.0,4029.0,0.7417694079394128
2025-12-16 00:30:00+00:00,4309.572,4313.221,4305.797,4307.831,6226.0,0.0,-743.0,0.2345096982758608
2025-12-16 01:00:00+00:00,4307.862,4311.907,4299.075,4311.446,12637.0,0.0,6411.0,0.2793017456358899
2025-12-16 01:30:00+00:00,4311.416,4317.924,4304.858,4308.853,10039.0,0.0,-2598.0,0.19615796724323745
2025-12-16 02:00:00+00:00,4308.829,4312.267,4305.84,4310.788,8050.0,0.0,-1989.0,0.3048078419169022
2025-12-16 02:30:00+00:00,4310.839,4312.019,4286.46,4289.922,12825.0,0.0,4775.0,0.8183810008216367
2025-12-16 03:00:00+00:00,4289.948,4294.483,4280.571,4287.61,14081.0,0.0,1256.0,0.1680563542266104
2025-12-16 03:30:00+00:00,4287.742,4291.756,4282.96,4290.839,7401.0,0.0,-6680.0,0.3520918599362955
2025-12-16 04:00:00+00:00,4290.867,4292.283,4286.569,4288.29,5757.0,0.0,-1644.0,0.45099754987753793
2025-12-16 04:30:00+00:00,4288.244,4291.812,4287.571,4289.095,4435.0,0.0,-1322.0,0.20066022164597275
2025-12-16 05:00:00+00:00,4289.158,4292.268,4279.603,4280.758,7098.0,0.0,2663.0,0.663245163837392
2025-12-16 05:30:00+00:00,4280.859,4287.816,4271.599,4284.136,11972.0,0.0,4874.0,0.20207189985818066
2025-12-16 06:00:00+00:00,4284.185,4290.042,4282.53,4286.928,6735.0,0.0,-5237.0,0.36514909478158347
2025-12-16 06:30:00+00:00,4286.978,4292.071,4285.726,4289.242,5898.0,0.0,-837.0,0.35681639085894923
2025-12-16 07:00:00+00:00,4289.207,4289.909,4279.496,4281.063,6502.0,0.0,604.0,0.7820992989532872
2025-12-16 07:30:00+00:00,4281.027,4288.576,4279.998,4287.643,5768.0,0.0,-734.0,0.7712753555606965
2025-12-16 08:00:00+00:00,4287.577,4289.537,4275.737,4279.079,7735.0,0.0,1967.0,0.6157971014493037
2025-12-16 08:30:00+00:00,4279.028,4286.867,4275.426,4284.723,6969.0,0.0,-766.0,0.49777117384842295
2025-12-16 09:00:00+00:00,4284.767,4285.833,4281.107,4281.665,3859.0,0.0,-3110.0,0.6563690224291338
2025-12-16 09:30:00+00:00,4281.693,4283.917,4276.393,4280.361,5254.0,0.0,1395.0,0.17703349282300296
2025-12-16 10:00:00+00:00,4280.39,4284.324,4276.662,4277.779,6241.0,0.0,987.0,0.34077264421823245
2025-12-16 10:30:00+00:00,4277.809,4281.47,4274.734,4277.355,5767.0,0.0,-474.0,0.06739904988133037
2025-12-16 11:00:00+00:00,4277.317,4278.565,4273.752,4277.451,4556.0,0.0,-1211.0,0.027841263245384797
2025-12-16 11:30:00+00:00,4277.479,4279.629,4275.509,4278.382,4068.0,0.0,-488.0,0.21917475728139849
2025-12-16 12:00:00+00:00,4278.422,4292.645,4276.705,4291.533,7322.0,0.0,3254.0,0.8225219573400481
2025-12-16 12:30:00+00:00,4291.522,4295.008,4287.683,4294.475,5276.0,0.0,-2046.0,0.40313993174068297
2025-12-16 13:00:00+00:00,4294.503,4302.065,4290.807,4301.593,9121.0,0.0,3845.0,0.6297743826612422
2025-12-16 13:30:00+00:00,4301.547,4313.349,4299.651,4313.015,19349.0,0.0,10228.0,0.8372025113155562
2025-12-16 14:00:00+00:00,4312.974,4330.55,4311.417,4325.663,13779.0,0.0,-5570.0,0.6631997073119491
2025-12-16 14:30:00+00:00,4325.612,4332.308,4321.646,4324.807,19670.0,0.0,5891.0,0.07550178202966341
2025-12-16 15:00:00+00:00,4324.772,4335.137,4312.222,4321.178,20668.0,0.0,998.0,0.15684049749072906
2025-12-16 15:30:00+00:00,4321.203,4330.255,4319.178,4319.805,15221.0,0.0,-5447.0,0.12620745689267038
2025-12-16 16:00:00+00:00,4319.758,4323.172,4303.576,4307.431,14695.0,0.0,-526.0,0.6290569503980664
2025-12-16 16:30:00+00:00,4307.395,4307.395,4291.064,4300.577,13993.0,0.0,-702.0,0.41748821260180985
2025-12-16 17:00:00+00:00,4300.554,4310.827,4300.095,4302.846,8790.0,0.0,-5203.0,0.2135669027207853
2025-12-16 17:30:00+00:00,4302.953,4308.957,4300.411,4303.479,8296.0,0.0,-494.0,0.061549262812991216
2025-12-16 18:00:00+00:00,4303.446,4305.923,4298.015,4301.783,10422.0,0.0,2126.0,0.21029337379864346
2025-12-16 18:30:00+00:00,4301.733,4313.562,4301.077,4311.33,8055.0,0.0,-2367.0,0.7686824189026835
2025-12-16 19:00:00+00:00,4311.337,4311.649,4297.382,4305.546,10872.0,0.0,2817.0,0.40590173126795187
2025-12-16 19:30:00+00:00,4305.497,4315.981,4304.613,4310.723,8471.0,0.0,-2401.0,0.45971147079520547
2025-12-16 20:00:00+00:00,4310.676,4314.383,4307.974,4310.784,5137.0,0.0,-3334.0,0.016851302855245907
2025-12-16 20:30:00+00:00,4310.886,4312.222,4302.817,4304.749,7461.0,0.0,2324.0,0.6525252525253368
2025-12-16 21:00:00+00:00,4304.709,4305.583,4300.693,4302.449,2895.0,0.0,-4566.0,0.46216768916165385
2025-12-16 21:30:00+00:00,4302.454,4304.949,4301.222,4302.417,1892.0,0.0,-1003.0,0.009927555674632093
2025-12-16 23:00:00+00:00,4302.935,4307.132,4301.745,4306.488,2732.0,0.0,840.0,0.6595507703731336
2025-12-16 23:30:00+00:00,4306.527,4309.19,4305.483,4307.86,3116.0,0.0,384.0,0.3595899649311669
2025-12-17 00:00:00+00:00,4307.905,4315.05,4307.375,4313.481,4072.0,0.0,956.0,0.7265146579804417
2025-12-17 00:30:00+00:00,4313.484,4314.554,4311.099,4313.228,2949.0,0.0,-1123.0,0.07409551374828315
2025-12-17 01:00:00+00:00,4313.2,4320.415,4311.409,4316.94,10686.0,0.0,7737.0,0.4152787030867923
2025-12-17 01:30:00+00:00,4316.988,4326.877,4316.251,4326.728,11512.0,0.0,826.0,0.916619612271748
2025-12-17 02:00:00+00:00,4326.766,4327.864,4318.311,4320.614,9247.0,0.0,-2265.0,0.6439861823511063
2025-12-17 02:30:00+00:00,4320.67,4323.032,4311.204,4314.267,8850.0,0.0,-397.0,0.5413425769360851
2025-12-17 03:00:00+00:00,4314.303,4320.263,4312.595,4318.5,8197.0,0.0,-653.0,0.54733959311428
2025-12-17 03:30:00+00:00,4318.45,4325.164,4318.3,4323.639,5918.0,0.0,-2279.0,0.7559731934732845
2025-12-17 04:00:00+00:00,4323.67,4326.016,4321.285,4322.68,4589.0,0.0,-1329.0,0.20925808497142898
2025-12-17 04:30:00+00:00,4322.669,4331.627,4320.474,4329.684,5443.0,0.0,854.0,0.6289787501120929
2025-12-17 05:00:00+00:00,4329.645,4338.083,4328.066,4330.987,8646.0,0.0,3203.0,0.13397224717976108
2025-12-17 05:30:00+00:00,4331.024,4342.53,4331.024,4333.959,9488.0,0.0,842.0,0.255084303841443
2025-12-17 06:00:00+00:00,4333.988,4337.784,4330.396,4332.606,7868.0,0.0,-1620.0,0.18706009745540492
2025-12-17 06:30:00+00:00,4332.551,4333.259,4324.854,4328.668,7002.0,0.0,-866.0,0.4619869125521521
2025-12-17 07:00:00+00:00,4328.694,4328.694,4319.472,4323.061,8038.0,0.0,1036.0,0.6108219475168419
2025-12-17 07:30:00+00:00,4323.015,4324.546,4315.555,4317.827,6692.0,0.0,-1346.0,0.5770214659103671
2025-12-17 08:00:00+00:00,4317.798,4320.988,4308.276,4316.287,9025.0,0.0,2333.0,0.11886406544992603
2025-12-17 08:30:00+00:00,4316.262,4320.855,4313.146,4319.137,5952.0,0.0,-3073.0,0.3729407186405581
2025-12-17 09:00:00+00:00,4319.072,4323.293,4316.954,4322.215,5310.0,0.0,-642.0,0.4958195298943142
2025-12-17 09:30:00+00:00,4322.194,4322.194,4316.001,4317.044,4690.0,0.0,-620.0,0.8315840465041774
2025-12-17 10:00:00+00:00,4316.935,4322.28,4316.106,4319.902,4292.0,0.0,-398.0,0.48056365403298573
2025-12-17 10:30:00+00:00,4319.855,4320.108,4306.453,4317.632,5753.0,0.0,1461.0,0.16279751006957144
2025-12-17 11:00:00+00:00,4317.666,4320.579,4315.9,4318.174,4102.0,0.0,-1651.0,0.10857020730921166
2025-12-17 11:30:00+00:00,4318.193,4318.832,4315.18,4316.409,3639.0,0.0,-463.0,0.4884994523550216
2025-12-17 12:00:00+00:00,4316.457,4323.287,4314.921,4321.341,4813.0,0.0,1174.0,0.5837915371742796
2025-12-17 12:30:00+00:00,4321.271,4322.358,4315.861,4317.583,4359.0,0.0,-454.0,0.5676466061258939
2025-12-17 13:00:00+00:00,4317.471,4331.514,4315.115,4328.005,11283.0,0.0,6924.0,0.6423562412342424
2025-12-17 13:30:00+00:00,4328.079,4344.024,4328.079,4341.94,10540.0,0.0,-743.0,0.869300721229184
2025-12-17 14:00:00+00:00,4342.005,4346.108,4322.856,4329.151,17207.0,0.0,6667.0,0.5528126612764512
2025-12-17 14:30:00+00:00,4329.176,4342.719,4325.545,4338.205,21081.0,0.0,3874.0,0.5257365785489434
2025-12-17 15:00:00+00:00,4338.154,4345.293,4332.858,4343.611,17607.0,0.0,-3474.0,0.4388419782870646
2025-12-17 15:30:00+00:00,4343.514,4349.297,4324.128,4330.188,22159.0,0.0,4552.0,0.5294608446899
2025-12-17 16:00:00+00:00,4330.239,4334.619,4320.312,4326.552,20470.0,0.0,-1689.0,0.2577060180331273
2025-12-17 16:30:00+00:00,4326.602,4337.589,4323.722,4333.484,14573.0,0.0,-5897.0,0.49628614696765144
2025-12-17 17:00:00+00:00,4333.613,4339.94,4328.597,4337.075,12017.0,0.0,-2556.0,0.3052102618354563
2025-12-17 17:30:00+00:00,4337.038,4342.487,4335.605,4342.446,10540.0,0.0,-1477.0,0.7858180761406496
2025-12-17 18:00:00+00:00,4342.474,4346.439,4338.192,4341.853,9437.0,0.0,-1103.0,0.07530010913060169
2025-12-17 18:30:00+00:00,4341.809,4344.098,4328.907,4335.995,12632.0,0.0,3195.0,0.3827266144427872
2025-12-17 19:00:00+00:00,4335.953,4340.897,4333.183,4339.852,7248.0,0.0,-5384.0,0.5054446460979338
2025-12-17 19:30:00+00:00,4339.81,4341.089,4330.294,4336.967,7245.0,0.0,-3.0,0.26336266790187474
2025-12-17 20:00:00+00:00,4336.935,4342.676,4335.192,4341.379,5646.0,0.0,-1599.0,0.5938001068946126
2025-12-17 20:30:00+00:00,4341.422,4346.096,4338.536,4341.189,6525.0,0.0,879.0,0.03082010582001069
2025-12-17 21:00:00+00:00,4341.311,4346.328,4340.604,4344.189,3396.0,0.0,-3129.0,0.5027952480783596
2025-12-17 21:30:00+00:00,4344.188,4344.733,4338.306,4338.459,3401.0,0.0,5.0,0.8913956744981708
2025-12-17 23:00:00+00:00,4340.111,4340.762,4335.638,4338.169,2098.0,0.0,-1303.0,0.37900078064014137
2025-12-17 23:30:00+00:00,4338.164,4343.202,4337.382,4339.201,3111.0,0.0,1013.0,0.17817869415810167
2025-12-18 00:00:00+00:00,4339.15,4342.938,4336.751,4337.842,5644.0,0.0,2533.0,0.21141102311298113
2025-12-18 00:30:00+00:00,4337.858,4340.468,4333.085,4334.855,5632.0,0.0,-12.0,0.40674522551817527
2025-12-18 01:00:00+00:00,4334.803,4337.0,4324.745,4324.924,13165.0,0.0,7533.0,0.8061199510403768
2025-12-18 01:30:00+00:00,4324.924,4331.763,4324.2,4331.536,9561.0,0.0,-3604.0,0.8742562475208239
2025-12-18 02:00:00+00:00,4331.534,4336.351,4329.852,4334.467,6901.0,0.0,-2660.0,0.45130020003078697
2025-12-18 02:30:00+00:00,4334.501,4337.71,4330.638,4333.283,7016.0,0.0,115.0,0.17222850678730586
2025-12-18 03:00:00+00:00,4333.236,4336.737,4330.838,4333.156,5909.0,0.0,-1107.0,0.013561620613650212
2025-12-18 03:30:00+00:00,4333.195,4335.585,4331.119,4333.093,4551.0,0.0,-1358.0,0.022839229735748718
2025-12-18 04:00:00+00:00,4333.196,4333.523,4328.983,4330.43,3737.0,0.0,-814.0,0.6092511013215074
2025-12-18 04:30:00+00:00,4330.385,4332.546,4328.576,4331.921,3553.0,0.0,-184.0,0.3869017632241712
2025-12-18 05:00:00+00:00,4331.833,4337.493,4331.095,4335.882,4926.0,0.0,1373.0,0.632854016880258
2025-12-18 05:30:00+00:00,4335.921,4337.325,4332.253,4333.307,7029.0,0.0,2103.0,0.5153785488959833
2025-12-18 06:00:00+00:00,4333.254,4335.377,4330.728,4333.54,5921.0,0.0,-1108.0,0.06151860615186861
2025-12-18 06:30:00+00:00,4333.602,4336.158,4331.861,4334.007,4669.0,0.0,-1252.0,0.09425180358382594
2025-12-18 07:00:00+00:00,4333.97,4335.12,4330.022,4335.012,4327.0,0.0,-342.0,0.20439387995281885
2025-12-18 07:30:00+00:00,4335.055,4337.74,4331.418,4331.418,4601.0,0.0,274.0,0.5752926289149888
2025-12-18 08:00:00+00:00,4331.379,4332.592,4324.955,4327.2,6376.0,0.0,1775.0,0.5472043996333956
2025-12-18 08:30:00+00:00,4327.23,4328.949,4321.799,4326.574,5132.0,0.0,-1244.0,0.0917482517482493
2025-12-18 09:00:00+00:00,4326.508,4328.674,4323.668,4324.789,5203.0,0.0,71.0,0.3433879344786144
2025-12-18 09:30:00+00:00,4324.719,4326.943,4320.584,4323.437,5096.0,0.0,-107.0,0.20160402579023062
2025-12-18 10:00:00+00:00,4323.328,4325.939,4322.84,4323.52,3857.0,0.0,-1239.0,0.0619554695062915
2025-12-18 10:30:00+00:00,4323.545,4327.562,4321.962,4325.359,4184.0,0.0,327.0,0.32392857142865755
2025-12-18 11:00:00+00:00,4325.312,4328.683,4324.362,4325.688,3796.0,0.0,-388.0,0.08701689423749394
2025-12-18 11:30:00+00:00,4325.768,4327.133,4324.567,4325.567,2970.0,0.0,-826.0,0.07833203429463648
2025-12-18 12:00:00+00:00,4325.572,4326.53,4317.137,4319.444,5225.0,0.0,2255.0,0.6524007239433283
2025-12-18 12:30:00+00:00,4319.473,4323.476,4318.454,4320.909,4623.0,0.0,-602.0,0.28594185583427184
2025-12-18 13:00:00+00:00,4320.828,4324.256,4314.495,4320.805,10807.0,0.0,6184.0,0.0023563159512485655
2025-12-18 13:30:00+00:00,4320.796,4343.102,4320.707,4336.656,17944.0,0.0,7137.0,0.7081937932574238
2025-12-18 14:00:00+00:00,4336.591,4341.525,4332.485,4332.797,12639.0,0.0,-5305.0,0.4196902654868135
2025-12-18 14:30:00+00:00,4332.847,4341.239,4308.654,4328.463,32237.0,0.0,19598.0,0.13454043271444321
2025-12-18 15:00:00+00:00,4328.563,4337.005,4324.781,4333.249,21037.0,0.0,-11200.0,0.38334424083766633
2025-12-18 15:30:00+00:00,4333.211,4341.5,4331.146,4338.221,15357.0,0.0,-5680.0,0.4838709677418561
2025-12-18 16:00:00+00:00,4338.265,4374.645,4337.739,4367.218,20919.0,0.0,5562.0,0.7845065842952053
2025-12-18 16:30:00+00:00,4367.274,4371.743,4356.36,4360.255,16087.0,0.0,-4832.0,0.45628290970551283
2025-12-18 17:00:00+00:00,4360.362,4363.517,4321.657,4327.885,36895.0,0.0,20808.0,0.7758480649785026
2025-12-18 17:30:00+00:00,4327.918,4341.706,4324.99,4333.269,16726.0,0.0,-20169.0,0.320112467097419
2025-12-18 18:00:00+00:00,4333.236,4341.162,4331.521,4332.066,13222.0,0.0,-3504.0,0.12135670573592038
2025-12-18 18:30:00+00:00,4332.129,4340.306,4325.706,4331.66,10351.0,0.0,-2871.0,0.032123287671237566
2025-12-18 19:00:00+00:00,4331.689,4334.27,4326.381,4333.471,9174.0,0.0,-1177.0,0.22588414247676705
2025-12-18 19:30:00+00:00,4333.529,4334.872,4322.719,4324.976,10841.0,0.0,1667.0,0.7037768452234525
2025-12-18 20:00:00+00:00,4324.992,4335.949,4324.48,4332.296,9487.0,0.0,-1354.0,0.6368471531955755
2025-12-18 20:30:00+00:00,4332.273,4338.159,4331.083,4334.702,7681.0,0.0,-1806.0,0.34327303561335215
2025-12-18 21:00:00+00:00,4334.729,4334.729,4330.746,4332.342,3133.0,0.0,-4548.0,0.5992970123024155
2025-12-18 21:30:00+00:00,4332.296,4333.986,4328.443,4332.274,2718.0,0.0,-415.0,0.003968969871898944
2025-12-18 23:00:00+00:00,4335.742,4336.621,4333.961,4334.092,1933.0,0.0,-785.0,0.6203007518799384
2025-12-18 23:30:00+00:00,4334.057,4336.899,4333.458,4335.144,2314.0,0.0,381.0,0.31589654170305687
2025-12-19 00:00:00+00:00,4335.17,4335.841,4327.904,4331.239,3988.0,0.0,1674.0,0.4952752929319069
2025-12-19 00:30:00+00:00,4331.229,4332.296,4325.608,4326.019,3634.0,0.0,-354.0,0.7790071770334864
2025-12-19 01:00:00+00:00,4326.058,4328.4,4310.04,4313.086,14769.0,0.0,11135.0,0.7065359477124175
2025-12-19 01:30:00+00:00,4313.131,4324.169,4309.221,4323.266,9925.0,0.0,-4844.0,0.6780171260368673
2025-12-19 02:00:00+00:00,4323.311,4327.823,4321.702,4324.571,6291.0,0.0,-3634.0,0.20584871752984787
2025-12-19 02:30:00+00:00,4324.568,4326.084,4314.273,4316.816,6693.0,0.0,402.0,0.6563373126746769
2025-12-19 03:00:00+00:00,4316.858,4321.786,4312.848,4319.392,8373.0,0.0,1680.0,0.28350861490262047
2025-12-19 03:30:00+00:00,4319.475,4322.56,4317.318,4318.024,4436.0,0.0,-3937.0,0.2768027470431075
2025-12-19 04:00:00+00:00,4318.031,4319.929,4316.9,4317.372,3739.0,0.0,-697.0,0.2175635523273531
2025-12-19 04:30:00+00:00,4317.292,4322.978,4317.292,4322.789,4376.0,0.0,637.0,0.9667604642982209
2025-12-19 05:00:00+00:00,4322.775,4323.943,4317.595,4319.915,3824.0,0.0,-552.0,0.45053560176428675
2025-12-19 05:30:00+00:00,4320.006,4329.087,4320.006,4325.918,7901.0,0.0,4077.0,0.6510296222882136
2025-12-19 06:00:00+00:00,4325.959,4329.525,4324.282,4327.234,6392.0,0.0,-1509.0,0.24318138470354211
2025-12-19 06:30:00+00:00,4327.27,4328.201,4321.816,4326.435,6600.0,0.0,208.0,0.13077525450274202
2025-12-19 07:00:00+00:00,4326.458,4328.485,4323.162,4327.497,5819.0,0.0,-781.0,0.19519068194641825
2025-12-19 07:30:00+00:00,4327.451,4329.539,4321.625,4322.756,5120.0,0.0,-699.0,0.5932524639878508
2025-12-19 08:00:00+00:00,4322.716,4326.111,4321.09,4324.931,6045.0,0.0,925.0,0.4411471818361591
2025-12-19 08:30:00+00:00,4324.965,4331.018,4324.781,4326.159,4826.0,0.0,-1219.0,0.19143819143810967
2025-12-19 09:00:00+00:00,4326.117,4328.456,4324.375,4326.863,3465.0,0.0,-1361.0,0.18279833374174728
2025-12-19 09:30:00+00:00,4326.792,4333.59,4325.731,4329.324,5528.0,0.0,2063.0,0.3221783941976233
2025-12-19 10:00:00+00:00,4329.303,4331.764,4327.039,4327.496,4716.0,0.0,-812.0,0.38243386243378835
2025-12-19 10:30:00+00:00,4327.518,4329.771,4322.288,4327.797,4929.0,0.0,213.0,0.03728451155947282
2025-12-19 11:00:00+00:00,4327.85,4329.096,4325.672,4327.234,4857.0,0.0,-72.0,0.17990654205607165
2025-12-19 11:30:00+00:00,4327.243,4329.534,4325.081,4327.238,4387.0,0.0,-470.0,0.0011228385358431796
2025-12-19 12:00:00+00:00,4327.29,4327.784,4320.582,4325.694,6456.0,0.0,2069.0,0.2216051096917107
2025-12-19 12:30:00+00:00,4325.724,4328.982,4323.135,4326.814,5007.0,0.0,-1449.0,0.18642038652303602
2025-12-19 13:00:00+00:00,4326.851,4335.413,4326.1,4334.774,9622.0,0.0,4615.0,0.8507462686568636
2025-12-19 13:30:00+00:00,4334.792,4335.44,4327.323,4328.501,8151.0,0.0,-1471.0,0.7750400394235217
2025-12-19 14:00:00+00:00,4328.526,4333.981,4325.093,4327.686,10619.0,0.0,2468.0,0.09450945094511173
2025-12-19 14:30:00+00:00,4327.654,4338.024,4319.73,4332.503,21271.0,0.0,10652.0,0.2650595823766833
2025-12-19 15:00:00+00:00,4332.544,4346.493,4331.988,4337.627,15352.0,0.0,-5919.0,0.3504308859014478
2025-12-19 15:30:00+00:00,4337.603,4349.049,4336.62,4347.8,12655.0,0.0,-2697.0,0.8204199855177444
2025-12-19 16:00:00+00:00,4347.773,4354.914,4341.968,4346.78,13798.0,0.0,1143.0,0.07670322879657034
2025-12-19 16:30:00+00:00,4346.819,4351.179,4343.29,4349.825,8919.0,0.0,-4879.0,0.3810368868043296
2025-12-19 17:00:00+00:00,4349.792,4353.961,4347.146,4351.777,8294.0,0.0,-625.0,0.2912692589874577
2025-12-19 17:30:00+00:00,4351.812,4356.155,4349.899,4353.544,7485.0,0.0,-809.0,0.2768542199488709
2025-12-19 18:00:00+00:00,4353.498,4356.559,4350.472,4354.517,7516.0,0.0,31.0,0.1674059471004039
2025-12-19 18:30:00+00:00,4354.541,4354.949,4343.205,4348.578,8576.0,0.0,1060.0,0.507748637602171
2025-12-19 19:00:00+00:00,4348.53,4350.627,4346.348,4347.528,4248.0,0.0,-4328.0,0.23416686141607673
2025-12-19 19:30:00+00:00,4347.474,4349.841,4345.146,4345.356,4082.0,0.0,-166.0,0.4511182108626441
2025-12-19 20:00:00+00:00,4345.299,4346.355,4341.416,4345.332,5193.0,0.0,1111.0,0.006681514476687701
2025-12-19 20:30:00+00:00,4345.273,4345.273,4336.832,4339.576,5981.0,0.0,788.0,0.6749200331714547
2025-12-19 21:00:00+00:00,4339.602,4340.112,4336.818,4337.875,2629.0,0.0,-3352.0,0.5242865816636098
2025-12-19 21:30:00+00:00,4337.795,4339.425,4336.637,4339.365,2317.0,0.0,-312.0,0.563127690100232
2025-12-21 23:00:00+00:00,4340.979,4349.077,4339.944,4348.647,3689.0,0.0,1372.0,0.8395926858644284
2025-12-21 23:30:00+00:00,4348.553,4356.441,4347.082,4355.345,4290.0,0.0,601.0,0.7257185596752598
2025-12-22 00:00:00+00:00,4355.278,4365.322,4355.278,4363.299,7819.0,0.0,3529.0,0.798586220629215
2025-12-22 00:30:00+00:00,4363.291,4366.38,4361.583,4364.77,5235.0,0.0,-2584.0,0.3083176985616263
2025-12-22 01:00:00+00:00,4364.849,4372.854,4361.297,4367.878,13692.0,0.0,8457.0,0.26209223847013574
2025-12-22 01:30:00+00:00,4367.829,4384.947,4367.829,4382.87,10806.0,0.0,-2886.0,0.8786657319780244
2025-12-22 02:00:00+00:00,4382.903,4384.161,4378.6,4378.999,6078.0,0.0,-4728.0,0.7020320086316608
2025-12-22 02:30:00+00:00,4378.973,4388.723,4378.633,4385.972,7908.0,0.0,1830.0,0.693657086223954
2025-12-22 03:00:00+00:00,4386.003,4390.941,4384.225,4389.04,6014.0,0.0,-1894.0,0.45220369267428756
2025-12-22 03:30:00+00:00,4389.047,4394.991,4388.038,4392.633,3788.0,0.0,-2226.0,0.5157485977276023
2025-12-22 04:00:00+00:00,4392.672,4397.444,4391.329,4394.68,4214.0,0.0,426.0,0.3283728536386743
2025-12-22 04:30:00+00:00,4394.649,4400.88,4393.966,4398.415,3856.0,0.0,-358.0,0.5446919294185352
2025-12-22 05:00:00+00:00,4398.388,4405.507,4396.683,4404.816,4767.0,0.0,911.0,0.7284678150498827
2025-12-22 05:30:00+00:00,4404.779,4409.574,4397.418,4400.181,11862.0,0.0,7095.0,0.37824942415275464
2025-12-22 06:00:00+00:00,4400.181,4405.338,4398.827,4401.253,7224.0,0.0,-4638.0,0.16464444785750218
2025-12-22 06:30:00+00:00,4401.208,4419.891,4400.123,4419.107,7532.0,0.0,308.0,0.9054532577903842
2025-12-22 07:00:00+00:00,4419.145,4420.347,4410.549,4415.807,6476.0,0.0,-1056.0,0.3406817717902352
2025-12-22 07:30:00+00:00,4415.857,4418.228,4412.459,4414.352,5018.0,0.0,-1458.0,0.2608771017507451
2025-12-22 08:00:00+00:00,4414.28,4414.764,4409.362,4413.416,6302.0,0.0,1284.0,0.1599407626804093
2025-12-22 08:30:00+00:00,4413.424,4414.963,4406.138,4408.333,5390.0,0.0,-912.0,0.5768838526912696
2025-12-22 09:00:00+00:00,4408.377,4413.963,4407.95,4412.489,4326.0,0.0,-1064.0,0.6838516547479171
2025-12-22 09:30:00+00:00,4412.559,4414.93,4411.036,4411.051,3712.0,0.0,-614.0,0.3872624550589935
2025-12-22 10:00:00+00:00,4411.137,4415.95,4411.006,4411.399,3712.0,0.0,0.0,0.052993527508222484
2025-12-22 10:30:00+00:00,4411.51,4411.655,4406.278,4408.655,4510.0,0.0,798.0,0.5309652222430239
2025-12-22 11:00:00+00:00,4408.694,4410.566,4406.18,4409.235,3895.0,0.0,-615.0,0.12334701322373871
2025-12-22 11:30:00+00:00,4409.263,4411.698,4408.494,4410.272,3405.0,0.0,-490.0,0.3149188514356477
2025-12-22 12:00:00+00:00,4410.206,4413.359,4406.157,4409.15,5122.0,0.0,1717.0,0.14662593723971976
2025-12-22 12:30:00+00:00,4409.181,4415.856,4407.598,4415.572,3810.0,0.0,-1312.0,0.7739162024704138
2025-12-22 13:00:00+00:00,4415.561,4427.531,4412.798,4418.67,12146.0,0.0,8336.0,0.21102287382069784
2025-12-22 13:30:00+00:00,4418.571,4427.045,4418.209,4423.526,7919.0,0.0,-4227.0,0.5607741059302618
2025-12-22 14:00:00+00:00,4423.642,4429.137,4421.544,4426.337,7536.0,0.0,-383.0,0.3549321743712199
2025-12-22 14:30:00+00:00,4426.386,4429.383,4414.789,4419.179,19813.0,0.0,12277.0,0.49383308208855076
2025-12-22 15:00:00+00:00,4419.22,4423.572,4411.872,4418.044,15618.0,0.0,-4195.0,0.10051282051285504
2025-12-22 15:30:00+00:00,4418.072,4435.507,4416.535,4431.837,8947.0,0.0,-6671.0,0.7255429053342034
2025-12-22 16:00:00+00:00,4431.808,4440.54,4428.043,4437.793,10634.0,0.0,1687.0,0.4789149395854629
2025-12-22 16:30:00+00:00,4437.764,4442.3,4433.081,4438.767,8950.0,0.0,-1684.0,0.10879704957150409
2025-12-22 17:00:00+00:00,4438.73,4442.007,4433.737,4434.364,5891.0,0.0,-3059.0,0.5279322853688313
2025-12-22 17:30:00+00:00,4434.318,4438.918,4432.127,4438.467,5957.0,0.0,66.0,0.6109556766308182
2025-12-22 18:00:00+00:00,4438.526,4439.051,4433.533,4434.399,4645.0,0.0,-1312.0,0.7479159115620653
2025-12-22 18:30:00+00:00,4434.356,4437.361,4429.464,4435.195,4560.0,0.0,-85.0,0.10624287704190816
2025-12-22 19:00:00+00:00,4435.223,4435.975,4428.766,4432.72,4803.0,0.0,243.0,0.34720488278533
2025-12-22 19:30:00+00:00,4432.675,4434.05,4431.245,4433.487,3087.0,0.0,-1716.0,0.28948306595358786
2025-12-22 20:00:00+00:00,4433.449,4438.66,4431.978,4432.512,4052.0,0.0,965.0,0.14022747680334147
2025-12-22 20:30:00+00:00,4432.452,4439.383,4431.723,4438.471,4150.0,0.0,98.0,0.7857702349868717
2025-12-22 21:00:00+00:00,4438.523,4449.163,4438.523,4447.897,3693.0,0.0,-457.0,0.881015037594014
2025-12-22 21:30:00+00:00,4447.831,4449.198,4443.37,4443.705,3601.0,0.0,-92.0,0.7079615648592827
2025-12-22 23:00:00+00:00,4447.549,4459.598,4446.949,4458.991,4227.0,0.0,626.0,0.9045774369515138
2025-12-22 23:30:00+00:00,4458.957,4461.775,4452.827,4460.243,4893.0,0.0,666.0,0.14371926687529538
2025-12-23 00:00:00+00:00,4460.236,4468.668,4458.033,4468.172,5444.0,0.0,551.0,0.7462153267513126
2025-12-23 00:30:00+00:00,4468.201,4470.611,4466.267,4470.532,3654.0,0.0,-1790.0,0.5366022099447753
2025-12-23 01:00:00+00:00,4470.546,4486.72,4469.756,4477.179,16851.0,0.0,13197.0,0.3910044800754441
2025-12-23 01:30:00+00:00,4477.234,4490.812,4476.81,4486.681,8797.0,0.0,-8054.0,0.6746893300956681
2025-12-23 02:00:00+00:00,4486.749,4489.44,4481.127,4486.598,7246.0,0.0,-1551.0,0.018164320943083675
2025-12-23 02:30:00+00:00,4486.625,4497.83,4486.625,4493.474,7636.0,0.0,390.0,0.611244979919697
2025-12-23 03:00:00+00:00,4493.437,4496.562,4483.117,4486.853,7875.0,0.0,239.0,0.4896987727779825
2025-12-23 03:30:00+00:00,4486.941,4488.851,4484.032,4486.863,5672.0,0.0,-2203.0,0.016185930690916745
2025-12-23 04:00:00+00:00,4486.824,4488.436,4484.427,4486.206,4120.0,0.0,-1552.0,0.1541531554002198
2025-12-23 04:30:00+00:00,4486.192,4487.019,4478.738,4482.547,5099.0,0.0,979.0,0.44016423137307803
2025-12-23 05:00:00+00:00,4482.493,4484.766,4476.559,4480.382,5218.0,0.0,119.0,0.25721944681380937
2025-12-23 05:30:00+00:00,4480.37,4485.555,4474.872,4475.332,8161.0,0.0,2943.0,0.4715903772348179
2025-12-23 06:00:00+00:00,4475.289,4478.171,4469.518,4476.107,7246.0,0.0,-915.0,0.09453368773837832
2025-12-23 06:30:00+00:00,4476.138,4481.546,4474.78,4481.456,5402.0,0.0,-1844.0,0.7859887673662125
2025-12-23 07:00:00+00:00,4481.318,4485.903,4478.294,4484.123,4653.0,0.0,-749.0,0.3686423971611568
2025-12-23 07:30:00+00:00,4484.088,4489.623,4483.733,4486.692,4540.0,0.0,-113.0,0.44210526315798415
2025-12-23 08:00:00+00:00,4486.656,4490.584,4485.287,4487.182,5108.0,0.0,568.0,0.09930149141021004
2025-12-23 08:30:00+00:00,4487.2,4493.292,4484.713,4489.861,4763.0,0.0,-345.0,0.3101760111900993
2025-12-23 09:00:00+00:00,4489.823,4491.162,4479.057,4483.177,6803.0,0.0,2040.0,0.5490293267245254
2025-12-23 09:30:00+00:00,4483.17,4485.009,4478.22,4480.43,5293.0,0.0,-1510.0,0.4035940491972129
2025-12-23 10:00:00+00:00,4480.391,4487.636,4479.548,4485.833,4361.0,0.0,-932.0,0.6728486646883743
2025-12-23 10:30:00+00:00,4485.864,4486.018,4481.584,4484.302,4278.0,0.0,-83.0,0.35227785295440434
2025-12-23 11:00:00+00:00,4484.355,4486.28,4483.054,4483.971,3696.0,0.0,-582.0,0.11903285802853542
2025-12-23 11:30:00+00:00,4483.938,4494.149,4483.148,4493.501,4798.0,0.0,1102.0,0.8692846104899487
2025-12-23 12:00:00+00:00,4493.464,4493.632,4483.393,4485.289,4287.0,0.0,-511.0,0.7984178142397225
2025-12-23 12:30:00+00:00,4485.324,4489.264,4484.519,4486.506,4620.0,0.0,333.0,0.24910432033734997
2025-12-23 13:00:00+00:00,4486.468,4497.359,4486.03,4488.964,10825.0,0.0,6205.0,0.22031953393944348
2025-12-23 13:30:00+00:00,4488.989,4492.459,4473.184,4479.204,15105.0,0.0,4280.0,0.5076523994811953
2025-12-23 14:00:00+00:00,4479.238,4479.821,4453.418,4464.909,17598.0,0.0,2493.0,0.5427034806650948
2025-12-23 14:30:00+00:00,4464.964,4465.1,4441.506,4446.222,31967.0,0.0,14369.0,0.7943544969059994
2025-12-23 15:00:00+00:00,4446.308,4451.97,4430.559,4442.664,27500.0,0.0,-4467.0,0.17019289150437733
2025-12-23 15:30:00+00:00,4442.618,4459.37,4441.4,4458.511,15283.0,0.0,-12217.0,0.8844184752364944
2025-12-23 16:00:00+00:00,4458.471,4465.456,4456.314,4461.515,10104.0,0.0,-5179.0,0.3329687158171994
2025-12-23 16:30:00+00:00,4461.555,4476.507,4455.894,4474.191,9207.0,0.0,-897.0,0.6130112065201522
2025-12-23 17:00:00+00:00,4474.229,4479.889,4470.524,4477.763,9631.0,0.0,424.0,0.37736252002132764
2025-12-23 17:30:00+00:00,4477.82,4479.302,4469.669,4472.699,8756.0,0.0,-875.0,0.531610090314564
2025-12-23 18:00:00+00:00,4472.706,4481.018,4472.706,4477.925,7928.0,0.0,-828.0,0.6278873917228243
2025-12-23 18:30:00+00:00,4477.972,4485.113,4472.795,4484.408,5870.0,0.0,-2058.0,0.5224874167884798
2025-12-23 19:00:00+00:00,4484.443,4496.326,4484.053,4490.042,8925.0,0.0,3055.0,0.4562046769331131
2025-12-23 19:30:00+00:00,4489.979,4493.997,4488.084,4490.86,5248.0,0.0,-3677.0,0.1489937426009359
2025-12-23 20:00:00+00:00,4490.896,4494.691,4489.58,4492.021,4715.0,0.0,-533.0,0.22011348072784723
2025-12-23 20:30:00+00:00,4492.042,4500.083,4489.421,4497.513,6118.0,0.0,1403.0,0.5131307447007954
2025-12-23 21:00:00+00:00,4497.537,4499.018,4489.936,4490.12,4064.0,0.0,-2054.0,0.8166703369302023
2025-12-23 21:30:00+00:00,4490.09,4491.431,4483.568,4484.991,3748.0,0.0,-316.0,0.6484802238332146
2025-12-23 23:00:00+00:00,4487.444,4498.003,4486.745,4492.151,3841.0,0.0,93.0,0.41810268253681865
2025-12-23 23:30:00+00:00,4492.207,4510.399,4492.207,4503.344,7067.0,0.0,3226.0,0.6121921723834494
2025-12-24 00:00:00+00:00,4503.359,4514.021,4500.774,4513.786,7644.0,0.0,577.0,0.7871216124405648
2025-12-24 00:30:00+00:00,4513.765,4518.04,4508.187,4511.885,7254.0,0.0,-390.0,0.19080483101594403
2025-12-24 01:00:00+00:00,4511.925,4525.969,4506.823,4521.703,18175.0,0.0,10921.0,0.5107071973258323
2025-12-24 01:30:00+00:00,4521.663,4523.55,4518.419,4518.76,9709.0,0.0,-8466.0,0.5657766517246464
2025-12-24 02:00:00+00:00,4518.794,4519.316,4504.721,4506.7,11174.0,0.0,1465.0,0.8286399451866968
2025-12-24 02:30:00+00:00,4506.747,4512.308,4475.055,4477.52,12258.0,0.0,1084.0,0.7845542640861164
2025-12-24 03:00:00+00:00,4477.545,4496.252,4468.947,4491.325,19222.0,0.0,6964.0,0.5046694744552133
2025-12-24 03:30:00+00:00,4491.315,4498.513,4490.27,4493.138,6421.0,0.0,-12801.0,0.22115734562664496
2025-12-24 04:00:00+00:00,4493.164,4497.81,4491.237,4496.954,5207.0,0.0,-1214.0,0.5766012475277315
2025-12-24 04:30:00+00:00,4496.971,4501.566,4496.097,4499.299,4039.0,0.0,-1168.0,0.4256719692814788
2025-12-24 05:00:00+00:00,4499.254,4500.686,4485.268,4492.418,7531.0,0.0,3492.0,0.44337787002207735
2025-12-24 05:30:00+00:00,4492.486,4497.29,4488.147,4488.605,7991.0,0.0,460.0,0.42447774253530574
2025-12-24 06:00:00+00:00,4488.639,4493.073,4485.393,4487.423,6583.0,0.0,-1408.0,0.1583333333333728
2025-12-24 06:30:00+00:00,4487.467,4498.207,4487.467,4493.596,6403.0,0.0,-180.0,0.5706703910614069
2025-12-24 07:00:00+00:00,4493.626,4495.1,4490.644,4491.653,5351.0,0.0,-1052.0,0.4427737881507851
2025-12-24 07:30:00+00:00,4491.543,4492.095,4483.44,4483.925,4841.0,0.0,-510.0,0.8801848642401973
2025-12-24 08:00:00+00:00,4483.975,4490.637,4478.091,4485.08,8615.0,0.0,3774.0,0.08807588075877723
2025-12-24 08:30:00+00:00,4485.043,4492.917,4481.538,4482.329,7371.0,0.0,-1244.0,0.23850953510851106
2025-12-24 09:00:00+00:00,4482.373,4493.425,4481.974,4489.482,6773.0,0.0,-598.0,0.6208191424330072
2025-12-24 09:30:00+00:00,4489.442,4496.001,4486.421,4494.698,5035.0,0.0,-1738.0,0.5486430062630848
2025-12-24 10:00:00+00:00,4494.575,4499.899,4489.769,4494.334,5791.0,0.0,756.0,0.02379072063178508
2025-12-24 10:30:00+00:00,4494.342,4494.827,4482.35,4489.433,6537.0,0.0,746.0,0.39344393684376894
2025-12-24 11:00:00+00:00,4489.455,4490.47,4484.931,4487.231,4040.0,0.0,-2497.0,0.4015165192272777
2025-12-24 11:30:00+00:00,4487.228,4491.946,4483.082,4491.476,4936.0,0.0,896.0,0.4792418772562945
2025-12-24 12:00:00+00:00,4491.512,4496.05,4490.722,4493.073,5185.0,0.0,249.0,0.29298048048057024
2025-12-24 12:30:00+00:00,4493.104,4493.45,4489.776,4490.814,4622.0,0.0,-563.0,0.6232988568317848
2025-12-24 13:00:00+00:00,4490.845,4493.491,4474.508,4479.085,16368.0,0.0,11746.0,0.6195016593794506
2025-12-24 13:30:00+00:00,4478.956,4488.9,4477.732,4487.814,8472.0,0.0,-7896.0,0.793159025788005
2025-12-24 14:00:00+00:00,4487.85,4489.341,4482.155,4484.967,9250.0,0.0,778.0,0.40119677150020566
2025-12-24 14:30:00+00:00,4485.003,4488.831,4460.347,4464.652,29006.0,0.0,19756.0,0.7144712821232758
2025-12-24 15:00:00+00:00,4464.694,4476.504,4461.374,4469.827,20480.0,0.0,-8526.0,0.3392597488433426
2025-12-24 15:30:00+00:00,4469.712,4472.685,4448.294,4458.334,19429.0,0.0,-1051.0,0.4664835390103056
2025-12-24 16:00:00+00:00,4458.382,4471.065,4455.887,4468.392,11990.0,0.0,-7439.0,0.6595071814468504
2025-12-24 16:30:00+00:00,4468.423,4478.11,4467.202,4476.736,9634.0,0.0,-2356.0,0.76210121012106
2025-12-24 17:00:00+00:00,4476.762,4487.611,4475.336,4477.746,10982.0,0.0,1348.0,0.08016293279025723
2025-12-24 17:30:00+00:00,4477.705,4483.533,4477.219,4480.553,8853.0,0.0,-2129.0,0.4510611339879345
2025-12-24 18:00:00+00:00,4480.598,4482.371,4477.299,4480.715,4068.0,0.0,-4785.0,0.02306782334388535
2025-12-25 23:00:00+00:00,4486.193,4500.0,4484.435,4497.59,4328.0,0.0,260.0,0.732219723739173
2025-12-25 23:30:00+00:00,4497.637,4500.024,4489.213,4495.245,5227.0,0.0,899.0,0.22125612801773117
2025-12-26 00:00:00+00:00,4495.172,4507.336,4492.378,4507.155,7584.0,0.0,2357.0,0.8011097740339446
2025-12-26 00:30:00+00:00,4507.118,4518.041,4504.293,4517.946,6953.0,0.0,-631.0,0.7876054698864653
2025-12-26 01:00:00+00:00,4517.905,4531.332,4506.769,4510.221,25809.0,0.0,18856.0,0.31282823759313455
2025-12-26 01:30:00+00:00,4510.184,4515.853,4497.648,4503.785,13581.0,0.0,-12228.0,0.3514968415270732
2025-12-26 02:00:00+00:00,4503.745,4509.755,4498.197,4502.129,10794.0,0.0,-2787.0,0.139816577262501
2025-12-26 02:30:00+00:00,4502.157,4508.858,4492.303,4508.847,10117.0,0.0,-677.0,0.4041075203865589
2025-12-26 03:00:00+00:00,4508.838,4513.556,4501.29,4503.017,7308.0,0.0,-2809.0,0.47456383499103966
2025-12-26 03:30:00+00:00,4503.073,4505.837,4497.592,4501.836,6801.0,0.0,-507.0,0.15003032140690842
2025-12-26 04:00:00+00:00,4501.73,4510.196,4500.527,4509.556,5402.0,0.0,-1399.0,0.8093908366946042
2025-12-26 04:30:00+00:00,4509.47,4511.748,4505.891,4509.087,4199.0,0.0,-1203.0,0.06539183882530523
2025-12-26 05:00:00+00:00,4509.04,4511.544,4505.999,4507.369,4439.0,0.0,240.0,0.30135256988282316
2025-12-26 05:30:00+00:00,4507.41,4514.859,4507.41,4510.102,6914.0,0.0,2475.0,0.361390790710138
2025-12-26 06:00:00+00:00,4510.053,4518.831,4508.82,4518.372,6606.0,0.0,-308.0,0.8309859154929642
2025-12-26 06:30:00+00:00,4518.455,4519.411,4508.147,4511.677,8897.0,0.0,2291.0,0.6017400568181972
2025-12-26 07:00:00+00:00,4511.643,4515.753,4508.192,4509.422,4759.0,0.0,-4138.0,0.2937442137284153
2025-12-26 07:30:00+00:00,4509.46,4512.951,4507.385,4510.957,4959.0,0.0,200.0,0.26895436579237353
2025-12-26 08:00:00+00:00,4510.994,4517.382,4509.55,4515.079,5014.0,0.0,55.0,0.5215781409602064
2025-12-26 08:30:00+00:00,4515.121,4519.671,4513.197,4518.63,4137.0,0.0,-877.0,0.5420142106888983
2025-12-26 09:00:00+00:00,4518.696,4520.637,4515.149,4517.395,4209.0,0.0,72.0,0.237062682215675
2025-12-26 09:30:00+00:00,4517.411,4518.295,4511.85,4512.714,3777.0,0.0,-432.0,0.7287820015516413
2025-12-26 10:00:00+00:00,4512.797,4523.858,4512.049,4520.737,5133.0,0.0,1356.0,0.6723685324752627
2025-12-26 10:30:00+00:00,4520.704,4522.171,4511.262,4514.401,6408.0,0.0,1275.0,0.5777798148317499
2025-12-26 11:00:00+00:00,4514.396,4515.364,4503.334,4505.398,9484.0,0.0,3076.0,0.7479634247713868
2025-12-26 11:30:00+00:00,4505.425,4509.839,4502.773,4509.647,8351.0,0.0,-1133.0,0.5975091989810175
2025-12-26 12:00:00+00:00,4509.611,4512.626,4507.103,4511.819,5521.0,0.0,-2830.0,0.399782726779012
2025-12-26 12:30:00+00:00,4511.933,4515.018,4506.588,4508.941,4875.0,0.0,-646.0,0.354922894424684
2025-12-26 13:00:00+00:00,4508.861,4519.804,4503.845,4517.871,11343.0,0.0,6468.0,0.5645717150197577
2025-12-26 13:30:00+00:00,4517.835,4528.394,4515.171,4525.111,12426.0,0.0,1083.0,0.5502533464417957
2025-12-26 14:00:00+00:00,4525.029,4530.067,4522.435,4529.35,9172.0,0.0,-3254.0,0.5661687631027431
2025-12-26 14:30:00+00:00,4529.392,4533.435,4512.754,4520.997,24618.0,0.0,15446.0,0.4059281466079651
2025-12-26 15:00:00+00:00,4521.042,4534.005,4519.608,4533.301,16056.0,0.0,-8562.0,0.8514968396193701
2025-12-26 15:30:00+00:00,4533.258,4547.66,4531.863,4546.678,16568.0,0.0,512.0,0.8495283914667618
2025-12-26 16:00:00+00:00,4546.631,4550.188,4534.724,4545.801,15751.0,0.0,-817.0,0.053673047077077755
2025-12-26 16:30:00+00:00,4545.913,4546.325,4531.398,4536.461,14617.0,0.0,-1134.0,0.633214979567195
2025-12-26 17:00:00+00:00,4536.494,4537.68,4516.932,4518.286,15015.0,0.0,398.0,0.877578561789049
2025-12-26 17:30:00+00:00,4518.243,4524.709,4509.845,4518.955,16850.0,0.0,1835.0,0.047900968783608354
2025-12-26 18:00:00+00:00,4518.996,4524.665,4514.689,4518.889,12668.0,0.0,-4182.0,0.010725741780270104
2025-12-26 18:30:00+00:00,4518.939,4532.682,4516.104,4530.863,9982.0,0.0,-2686.0,0.719266497768146
2025-12-26 19:00:00+00:00,4530.972,4535.621,4524.695,4529.885,7723.0,0.0,-2259.0,0.0994874611019125
2025-12-26 19:30:00+00:00,4529.835,4530.267,4520.031,4523.772,7386.0,0.0,-337.0,0.5923212192262773
2025-12-26 20:00:00+00:00,4523.8,4535.379,4521.822,4523.645,10527.0,0.0,3141.0,0.011433207936840582
2025-12-26 20:30:00+00:00,4523.583,4533.377,4522.736,4531.115,10120.0,0.0,-407.0,0.7078282116342239
2025-12-26 21:00:00+00:00,4531.083,4533.34,4527.374,4531.504,5514.0,0.0,-4606.0,0.070566543747947
2025-12-26 21:30:00+00:00,4531.58,4534.664,4529.69,4532.515,6177.0,0.0,663.0,0.18797748291121233
2025-12-28 23:00:00+00:00,4546.214,4548.5,4523.347,4536.184,15449.0,0.0,9272.0,0.3987595913012224
2025-12-28 23:30:00+00:00,4536.149,4540.124,4525.83,4527.184,9840.0,0.0,-5609.0,0.6271862319854644
2025-12-29 00:00:00+00:00,4527.21,4528.031,4482.535,4487.214,33624.0,0.0,23784.0,0.8791102514506772
2025-12-29 00:30:00+00:00,4487.183,4506.797,4472.242,4497.334,23089.0,0.0,-10535.0,0.29376356533063297
2025-12-29 01:00:00+00:00,4497.46,4517.513,4492.89,4499.605,24544.0,0.0,1455.0,0.08711367420702443
2025-12-29 01:30:00+00:00,4499.65,4507.807,4492.175,4497.163,16923.0,0.0,-7621.0,0.15909672466735814
2025-12-29 02:00:00+00:00,4497.131,4514.079,4496.391,4512.565,10922.0,0.0,-6001.0,0.8725689733151967
2025-12-29 02:30:00+00:00,4512.523,4515.774,4508.751,4512.367,9114.0,0.0,-1808.0,0.022212729602726185
2025-12-29 03:00:00+00:00,4512.321,4518.874,4509.488,4512.8,10775.0,0.0,1661.0,0.05103345408057683
2025-12-29 03:30:00+00:00,4512.833,4520.613,4512.833,4516.325,6542.0,0.0,-4233.0,0.4488431876606549
2025-12-29 04:00:00+00:00,4516.34,4516.909,4507.57,4514.094,7320.0,0.0,778.0,0.24049684120356662
2025-12-29 04:30:00+00:00,4514.136,4519.516,4512.961,4515.736,4331.0,0.0,-2989.0,0.2440884820746919
2025-12-29 05:00:00+00:00,4515.684,4515.805,4509.759,4513.977,5919.0,0.0,1588.0,0.282335428382444
2025-12-29 05:30:00+00:00,4514.019,4519.298,4505.103,4506.714,9789.0,0.0,3870.0,0.5146178231772062
2025-12-29 06:00:00+00:00,4506.755,4510.648,4489.323,4490.843,15506.0,0.0,5717.0,0.7461664712778615
2025-12-29 06:30:00+00:00,4490.813,4497.904,4471.283,4475.114,21320.0,0.0,5814.0,0.5897223996093486
2025-12-29 07:00:00+00:00,4475.152,4481.81,4444.978,4471.539,29527.0,0.0,8207.0,0.09809404865335174
2025-12-29 07:30:00+00:00,4471.596,4479.757,4470.3,4474.592,12346.0,0.0,-17181.0,0.31680236861586936
2025-12-29 08:00:00+00:00,4474.713,4488.632,4466.149,4479.92,13878.0,0.0,1532.0,0.23159720677847728
2025-12-29 08:30:00+00:00,4480.022,4480.8,4452.543,4461.009,17356.0,0.0,3478.0,0.6728598223448905
2025-12-29 09:00:00+00:00,4460.977,4468.977,4459.129,4466.027,12050.0,0.0,-5306.0,0.512794476035764
2025-12-29 09:30:00+00:00,4466.058,4476.295,4460.214,4472.176,8002.0,0.0,-4048.0,0.38044897705368713
2025-12-29 10:00:00+00:00,4472.156,4474.54,4462.782,4462.782,6834.0,0.0,-1168.0,0.7972444293247106
2025-12-29 10:30:00+00:00,4462.828,4463.813,4456.99,4460.856,8830.0,0.0,1996.0,0.2890224241536816
2025-12-29 11:00:00+00:00,4460.865,4467.635,4455.927,4465.166,6899.0,0.0,-1931.0,0.3673556542535179
2025-12-29 11:30:00+00:00,4465.134,4465.888,4434.21,4446.684,15934.0,0.0,9035.0,0.5824231327735301
2025-12-29 12:00:00+00:00,4446.71,4457.195,4445.621,4456.719,9954.0,0.0,-5980.0,0.8647831346120916
2025-12-29 12:30:00+00:00,4456.693,4464.664,4454.802,4464.197,6817.0,0.0,-3137.0,0.7609004258770883
2025-12-29 13:00:00+00:00,4464.14,4467.761,4445.124,4451.584,18716.0,0.0,11899.0,0.5546671378716326
2025-12-29 13:30:00+00:00,4451.624,4454.881,4406.938,4421.483,29233.0,0.0,10517.0,0.6286840623239991
2025-12-29 14:00:00+00:00,4421.433,4421.433,4386.125,4389.597,34588.0,0.0,5355.0,0.901665344964321
2025-12-29 14:30:00+00:00,4389.662,4390.02,4356.544,4360.42,39752.0,0.0,5164.0,0.8735213287130987
2025-12-29 15:00:00+00:00,4360.3,4360.695,4302.137,4319.833,36994.0,0.0,-2758.0,0.6910584377881853
2025-12-29 15:30:00+00:00,4319.748,4339.889,4316.537,4325.318,25731.0,0.0,-11263.0,0.23852346694076101
2025-12-29 16:00:00+00:00,4325.282,4342.802,4323.439,4334.154,21368.0,0.0,-4363.0,0.4581934617569894
2025-12-29 16:30:00+00:00,4334.082,4347.521,4328.906,4341.733,17311.0,0.0,-4057.0,0.4110126242277695
2025-12-29 17:00:00+00:00,4341.841,4343.135,4322.526,4329.137,16131.0,0.0,-1180.0,0.616429715173002
2025-12-29 17:30:00+00:00,4329.189,4329.827,4314.714,4328.092,14932.0,0.0,-1199.0,0.07258651492097144
2025-12-29 18:00:00+00:00,4328.06,4335.007,4322.894,4327.922,17528.0,0.0,2596.0,0.011392718566898092
2025-12-29 18:30:00+00:00,4327.871,4334.361,4326.368,4331.515,8823.0,0.0,-8705.0,0.45589891154766277
2025-12-29 19:00:00+00:00,4331.543,4336.707,4327.709,4330.599,7801.0,0.0,-1022.0,0.10491220271165287
2025-12-29 19:30:00+00:00,4330.59,4337.968,4330.31,4336.993,6372.0,0.0,-1429.0,0.8361190911466061
2025-12-29 20:00:00+00:00,4337.018,4344.687,4336.551,4340.625,7811.0,0.0,1439.0,0.44333824975420194
2025-12-29 20:30:00+00:00,4340.651,4341.559,4325.845,4334.685,10015.0,0.0,2204.0,0.3796614483899365
2025-12-29 21:00:00+00:00,4334.596,4339.304,4328.412,4331.486,6425.0,0.0,-3590.0,0.28553066470801713
2025-12-29 21:30:00+00:00,4331.444,4332.749,4327.304,4331.546,4860.0,0.0,-1565.0,0.01873278236912162
2025-12-29 23:00:00+00:00,4339.166,4347.18,4323.334,4333.757,7974.0,0.0,3114.0,0.22683049568063643
2025-12-29 23:30:00+00:00,4333.889,4346.975,4330.937,4345.645,5307.0,0.0,-2667.0,0.733009103379472
2025-12-30 00:00:00+00:00,4345.585,4350.881,4337.988,4349.304,8016.0,0.0,2709.0,0.2884510974947679
2025-12-30 00:30:00+00:00,4349.332,4349.426,4334.551,4339.658,7346.0,0.0,-670.0,0.6503529411764691
2025-12-30 01:00:00+00:00,4339.619,4343.474,4324.41,4336.547,16331.0,0.0,8985.0,0.16114141838019655
2025-12-30 01:30:00+00:00,4336.522,4360.168,4331.837,4360.168,13493.0,0.0,-2838.0,0.8346334404009876
2025-12-30 02:00:00+00:00,4360.195,4361.863,4351.764,4355.709,11837.0,0.0,-1656.0,0.44420239627683983
2025-12-30 02:30:00+00:00,4355.68,4364.961,4348.944,4362.656,11429.0,0.0,-408.0,0.43553724168069763
2025-12-30 03:00:00+00:00,4362.692,4369.264,4357.236,4367.963,9352.0,0.0,-2077.0,0.4382274692384122
2025-12-30 03:30:00+00:00,4368.015,4368.874,4356.298,4359.264,5924.0,0.0,-3428.0,0.6958492366412363
2025-12-30 04:00:00+00:00,4359.357,4365.808,4357.584,4363.271,4172.0,0.0,-1752.0,0.47592412451358024
2025-12-30 04:30:00+00:00,4363.299,4369.75,4362.234,4363.487,3966.0,0.0,-206.0,0.025013304949456003
2025-12-30 05:00:00+00:00,4363.426,4376.097,4358.833,4372.413,6024.0,0.0,2058.0,0.5205630213159816
2025-12-30 05:30:00+00:00,4372.315,4380.022,4372.067,4377.697,10735.0,0.0,4711.0,0.6765556253929058
2025-12-30 06:00:00+00:00,4377.731,4378.494,4364.235,4366.831,11247.0,0.0,512.0,0.7644294831334333
2025-12-30 06:30:00+00:00,4366.764,4369.748,4359.882,4364.71,11676.0,0.0,429.0,0.20818974255018147
2025-12-30 07:00:00+00:00,4364.672,4372.476,4359.177,4368.306,9871.0,0.0,-1805.0,0.27325362809233933
2025-12-30 07:30:00+00:00,4368.296,4383.566,4368.142,4372.569,8428.0,0.0,-1443.0,0.2770357883817521
2025-12-30 08:00:00+00:00,4372.625,4374.008,4351.837,4353.456,9625.0,0.0,1197.0,0.8645978981552667
2025-12-30 08:30:00+00:00,4353.5,4366.269,4350.137,4364.961,9264.0,0.0,-361.0,0.7104512769650305
2025-12-30 09:00:00+00:00,4365.015,4376.425,4364.137,4368.588,7249.0,0.0,-2015.0,0.29077148437494105
2025-12-30 09:30:00+00:00,4368.561,4373.808,4367.107,4372.007,6032.0,0.0,-1217.0,0.5142516042381587
2025-12-30 10:00:00+00:00,4371.98,4382.779,4367.598,4382.169,7476.0,0.0,1444.0,0.6711679072524849
2025-12-30 10:30:00+00:00,4382.125,4391.783,4378.732,4384.928,8635.0,0.0,1159.0,0.21477281434371318
2025-12-30 11:00:00+00:00,4384.858,4390.256,4384.858,4388.898,6795.0,0.0,-1840.0,0.7484253427194999
2025-12-30 11:30:00+00:00,4388.79,4389.31,4381.208,4384.409,5275.0,0.0,-1520.0,0.5407306837817695
2025-12-30 12:00:00+00:00,4384.366,4399.261,4383.415,4393.953,8254.0,0.0,2979.0,0.6050107282595082
2025-12-30 12:30:00+00:00,4393.868,4402.822,4393.111,4401.291,8386.0,0.0,132.0,0.7643908969209753
2025-12-30 13:00:00+00:00,4401.329,4404.262,4389.869,4393.515,16607.0,0.0,8221.0,0.5429027999721656
2025-12-30 13:30:00+00:00,4393.551,4393.735,4376.127,4388.291,17981.0,0.0,1374.0,0.29872785097685356
2025-12-30 14:00:00+00:00,4388.34,4391.28,4380.932,4390.637,12399.0,0.0,-5582.0,0.221975260919944
2025-12-30 14:30:00+00:00,4390.682,4392.275,4355.78,4366.377,25220.0,0.0,12821.0,0.6659816413207139
2025-12-30 15:00:00+00:00,4366.305,4377.534,4360.844,4366.15,20016.0,0.0,-5204.0,0.009286998202555935
2025-12-30 15:30:00+00:00,4366.103,4374.459,4359.321,4365.096,16438.0,0.0,-3578.0,0.06652133703266759
2025-12-30 16:00:00+00:00,4365.132,4371.524,4354.864,4368.782,14994.0,0.0,-1444.0,0.21908763505404433
2025-12-30 16:30:00+00:00,4368.832,4379.938,4362.461,4377.719,10450.0,0.0,-4544.0,0.5084968816158257
2025-12-30 17:00:00+00:00,4377.778,4381.803,4368.349,4374.816,10245.0,0.0,-205.0,0.22015757395573843
2025-12-30 17:30:00+00:00,4374.905,4376.138,4364.273,4370.161,9439.0,0.0,-806.0,0.3998314369995596
2025-12-30 18:00:00+00:00,4370.27,4378.717,4366.015,4370.855,9675.0,0.0,236.0,0.04605573925359458
2025-12-30 18:30:00+00:00,4370.896,4371.069,4362.438,4364.792,8134.0,0.0,-1541.0,0.7072181670720818
2025-12-30 19:00:00+00:00,4364.87,4368.02,4363.607,4365.875,6094.0,0.0,-2040.0,0.22773623385452144
2025-12-30 19:30:00+00:00,4365.878,4366.482,4337.569,4348.624,12572.0,0.0,6478.0,0.5967557845951706
2025-12-30 20:00:00+00:00,4348.649,4352.93,4338.197,4350.522,12989.0,0.0,417.0,0.1271295730672348
2025-12-30 20:30:00+00:00,4350.561,4355.571,4337.901,4341.802,11024.0,0.0,-1965.0,0.4956989247311816
2025-12-30 21:00:00+00:00,4341.764,4350.284,4340.795,4346.479,5300.0,0.0,-5724.0,0.4968911371061603
2025-12-30 21:30:00+00:00,4346.423,4349.516,4334.823,4338.759,4620.0,0.0,-680.0,0.5216089294221823
2025-12-30 23:00:00+00:00,4343.52,4346.438,4332.028,4334.181,6145.0,0.0,1525.0,0.6480916030535008
2025-12-30 23:30:00+00:00,4334.202,4342.724,4328.508,4338.922,7605.0,0.0,1460.0,0.33202025886319847
2025-12-31 00:00:00+00:00,4338.977,4344.184,4332.467,4336.491,7075.0,0.0,-530.0,0.21217035077236143
2025-12-31 00:30:00+00:00,4336.48,4346.897,4332.879,4342.413,8893.0,0.0,1818.0,0.42324154658296337
2025-12-31 01:00:00+00:00,4342.377,4360.954,4336.861,4354.842,15339.0,0.0,6446.0,0.5173701905117385
2025-12-31 01:30:00+00:00,4354.802,4373.45,4354.432,4366.062,11594.0,0.0,-3745.0,0.5920706698916921
2025-12-31 02:00:00+00:00,4366.123,4371.305,4357.658,4361.138,8706.0,0.0,-2888.0,0.36528174690405923
2025-12-31 02:30:00+00:00,4361.206,4371.104,4346.689,4348.691,17755.0,0.0,9049.0,0.5125947163629059
2025-12-31 03:00:00+00:00,4348.764,4359.968,4340.835,4348.829,18844.0,0.0,1089.0,0.003397271729451757
2025-12-31 03:30:00+00:00,4348.784,4353.953,4345.549,4348.657,9297.0,0.0,-9547.0,0.015111851499225505
2025-12-31 04:00:00+00:00,4348.617,4351.395,4342.36,4346.515,8243.0,0.0,-1054.0,0.23265080243494013
2025-12-31 04:30:00+00:00,4346.548,4348.427,4330.733,4332.989,7851.0,0.0,-392.0,0.7663049621340893
2025-12-31 05:00:00+00:00,4333.039,4343.027,4329.365,4342.515,8700.0,0.0,849.0,0.6936026936027219
2025-12-31 05:30:00+00:00,4342.605,4343.016,4275.838,4285.812,28310.0,0.0,19610.0,0.8454106999315217
2025-12-31 06:00:00+00:00,4285.838,4308.84,4274.341,4307.332,22199.0,0.0,-6111.0,0.6230325516681853
2025-12-31 06:30:00+00:00,4307.381,4329.282,4304.899,4328.006,13252.0,0.0,-8947.0,0.8458762252389025
2025-12-31 07:00:00+00:00,4328.054,4335.193,4323.816,4333.329,11776.0,0.0,-1476.0,0.4636547420233319
2025-12-31 07:30:00+00:00,4333.362,4334.969,4326.763,4331.108,7097.0,0.0,-4679.0,0.27467706556176813
2025-12-31 08:00:00+00:00,4331.079,4333.067,4320.289,4326.185,9553.0,0.0,2456.0,0.38300203474716144
2025-12-31 08:30:00+00:00,4326.171,4326.581,4303.336,4307.21,8767.0,0.0,-786.0,0.8157023015702444
2025-12-31 09:00:00+00:00,4307.292,4327.294,4306.944,4323.665,10087.0,0.0,1320.0,0.8045700245700261
2025-12-31 09:30:00+00:00,4323.672,4337.374,4323.248,4325.955,7876.0,0.0,-2211.0,0.1616168766813198
2025-12-31 10:00:00+00:00,4325.922,4331.492,4319.608,4319.761,6592.0,0.0,-1284.0,0.5184281386737749
2025-12-31 10:30:00+00:00,4319.735,4319.735,4303.736,4306.677,11378.0,0.0,4786.0,0.8161760110006975
2025-12-31 11:00:00+00:00,4306.625,4315.982,4304.104,4311.271,6774.0,0.0,-4604.0,0.39114329011616833
2025-12-31 11:30:00+00:00,4311.235,4316.473,4307.801,4310.933,7330.0,0.0,556.0,0.03482472324719728
2025-12-31 12:00:00+00:00,4310.907,4312.35,4303.096,4306.906,7852.0,0.0,522.0,0.4323535768316243
2025-12-31 12:30:00+00:00,4306.807,4318.143,4306.67,4313.85,6904.0,0.0,-948.0,0.6138760568291294
2025-12-31 13:00:00+00:00,4313.854,4329.158,4308.075,4328.677,9756.0,0.0,2852.0,0.7030783095384449
2025-12-31 13:30:00+00:00,4328.635,4348.442,4326.074,4345.847,13303.0,0.0,3547.0,0.7694921316165608
2025-12-31 14:00:00+00:00,4345.787,4348.635,4332.962,4337.092,13684.0,0.0,381.0,0.5547757289606804
2025-12-31 14:30:00+00:00,4337.123,4353.617,4332.911,4346.005,20389.0,0.0,6705.0,0.428957790012579
2025-12-31 15:00:00+00:00,4346.059,4346.274,4326.981,4337.261,19238.0,0.0,-1151.0,0.45602031825011724
2025-12-31 15:30:00+00:00,4337.203,4341.732,4327.305,4337.274,13729.0,0.0,-5509.0,0.004921328065426926
2025-12-31 16:00:00+00:00,4337.321,4339.688,4321.65,4325.63,14073.0,0.0,344.0,0.6481317219203626
2025-12-31 16:30:00+00:00,4325.597,4329.679,4317.127,4322.976,9941.0,0.0,-4132.0,0.20881134480562152
2025-12-31 17:00:00+00:00,4323.006,4328.335,4318.012,4320.588,8828.0,0.0,-1113.0,0.23423423423428266
2025-12-31 17:30:00+00:00,4320.56,4329.584,4318.806,4321.796,9569.0,0.0,741.0,0.11467804787528743
2025-12-31 18:00:00+00:00,4321.851,4331.309,4321.168,4328.385,2556.0,0.0,-7013.0,0.6443151562962448
2025-12-31 18:30:00+00:00,4328.192,4328.766,4315.418,4319.345,2320.0,0.0,-236.0,0.6627959244830522
2025-12-31 19:00:00+00:00,4319.471,4322.609,4315.283,4317.474,2081.0,0.0,-239.0,0.27259077259068837
2025-12-31 19:30:00+00:00,4317.639,4317.725,4307.289,4311.253,2706.0,0.0,625.0,0.6119202759678087
2025-12-31 20:00:00+00:00,4311.052,4318.775,4304.157,4314.412,2316.0,0.0,-390.0,0.22985360514439054
2025-12-31 20:30:00+00:00,4314.52,4324.445,4306.455,4312.854,2838.0,0.0,522.0,0.09260700389106101
2025-12-31 21:00:00+00:00,4313.034,4314.547,4307.189,4310.07,3167.0,0.0,329.0,0.40282685512370725
2025-12-31 21:30:00+00:00,4310.069,4318.933,4309.417,4318.847,4051.0,0.0,884.0,0.9224464060529305
2026-01-01 23:00:00+00:00,4328.34,4342.657,4327.673,4341.252,3869.0,0.0,-182.0,0.8617191671115814
2026-01-01 23:30:00+00:00,4341.299,4351.526,4338.874,4348.349,4272.0,0.0,403.0,0.5572241542839201
2026-01-02 00:00:00+00:00,4348.358,4353.298,4341.279,4347.187,5739.0,0.0,1467.0,0.09742907063818475
2026-01-02 00:30:00+00:00,4347.194,4356.179,4346.627,4354.191,5656.0,0.0,-83.0,0.732516750418721
2026-01-02 01:00:00+00:00,4354.197,4356.159,4344.606,4349.18,7641.0,0.0,1985.0,0.43425949969703764
2026-01-02 01:30:00+00:00,4349.144,4354.472,4345.666,4348.03,6264.0,0.0,-1377.0,0.12650465591648194
2026-01-02 02:00:00+00:00,4348.002,4351.993,4344.852,4347.73,5625.0,0.0,-639.0,0.03808990337499283
2026-01-02 02:30:00+00:00,4347.736,4363.219,4345.685,4362.798,6665.0,0.0,1040.0,0.8590167674233032
2026-01-02 03:00:00+00:00,4362.824,4371.855,4362.077,4369.02,5734.0,0.0,-931.0,0.6336674166497486
2026-01-02 03:30:00+00:00,4369.139,4375.846,4367.889,4375.173,6077.0,0.0,343.0,0.75832600226217
2026-01-02 04:00:00+00:00,4375.13,4378.641,4371.407,4373.713,6026.0,0.0,-51.0,0.19588056400338336
2026-01-02 04:30:00+00:00,4373.634,4375.802,4371.368,4373.267,4478.0,0.0,-1548.0,0.0827695083446658
2026-01-02 05:00:00+00:00,4373.325,4380.255,4370.946,4378.565,5720.0,0.0,1242.0,0.5628961220324064
2026-01-02 05:30:00+00:00,4378.454,4381.78,4377.836,4380.664,3841.0,0.0,-1879.0,0.5603448275862865
2026-01-02 06:00:00+00:00,4380.71,4381.019,4373.522,4379.727,5304.0,0.0,1463.0,0.1311191143124097
2026-01-02 06:30:00+00:00,4379.737,4379.765,4373.382,4374.782,4450.0,0.0,-854.0,0.7762807457307486
2026-01-02 07:00:00+00:00,4374.758,4378.125,4371.949,4373.857,5751.0,0.0,1301.0,0.14588730569944683
2026-01-02 07:30:00+00:00,4373.799,4383.326,4372.193,4382.8,5213.0,0.0,-538.0,0.8084972603970499
2026-01-02 08:00:00+00:00,4382.763,4386.599,4380.488,4385.357,5008.0,0.0,-205.0,0.4244804450990187
2026-01-02 08:30:00+00:00,4385.359,4397.619,4384.157,4387.12,6074.0,0.0,1066.0,0.1308126578516991
2026-01-02 09:00:00+00:00,4387.083,4391.7,4383.385,4388.775,6218.0,0.0,144.0,0.20348767288034741
2026-01-02 09:30:00+00:00,4388.765,4389.892,4385.077,4385.609,4135.0,0.0,-2083.0,0.6554517133956825
2026-01-02 10:00:00+00:00,4385.635,4390.228,4384.555,4386.508,4701.0,0.0,566.0,0.15388683236376297
2026-01-02 10:30:00+00:00,4386.539,4398.588,4384.867,4396.07,5506.0,0.0,805.0,0.6946286713796562
2026-01-02 11:00:00+00:00,4396.188,4399.384,4393.983,4394.356,4156.0,0.0,-1350.0,0.33919644510283076
2026-01-02 11:30:00+00:00,4394.328,4395.746,4390.794,4392.898,4389.0,0.0,233.0,0.28877221324721847
2026-01-02 12:00:00+00:00,4392.891,4398.33,4391.092,4393.282,4621.0,0.0,232.0,0.05402044763754018
2026-01-02 12:30:00+00:00,4393.325,4394.88,4385.177,4394.339,7024.0,0.0,2403.0,0.10450376172318653
2026-01-02 13:00:00+00:00,4394.389,4402.465,4372.915,4374.596,13640.0,0.0,6616.0,0.6698138747885094
2026-01-02 13:30:00+00:00,4374.539,4377.979,4361.783,4366.023,16600.0,0.0,2960.0,0.5258088416892854
2026-01-02 14:00:00+00:00,4366.066,4373.708,4364.457,4368.441,11655.0,0.0,-4945.0,0.25672900227004447
2026-01-02 14:30:00+00:00,4368.47,4370.317,4348.143,4353.462,28435.0,0.0,16780.0,0.6768287183187438
2026-01-02 15:00:00+00:00,4353.476,4357.006,4330.24,4336.676,26896.0,0.0,-1539.0,0.627661959201933
2026-01-02 15:30:00+00:00,4336.632,4347.012,4331.58,4335.47,20296.0,0.0,-6600.0,0.07529808190768328
2026-01-02 16:00:00+00:00,4335.417,4337.401,4314.837,4321.62,25990.0,0.0,5694.0,0.6114607339124645
2026-01-02 16:30:00+00:00,4321.572,4328.254,4315.122,4326.428,16138.0,0.0,-9852.0,0.3697837343892714
2026-01-02 17:00:00+00:00,4326.382,4333.531,4324.045,4328.964,11756.0,0.0,-4382.0,0.27219059666881384
2026-01-02 17:30:00+00:00,4328.85,4331.281,4322.76,4323.089,10449.0,0.0,-1307.0,0.6760943551227091
2026-01-02 18:00:00+00:00,4323.015,4323.733,4310.685,4318.6,12604.0,0.0,2155.0,0.3383660331085254
2026-01-02 18:30:00+00:00,4318.571,4319.514,4309.68,4315.06,9660.0,0.0,-2944.0,0.3570266422614981
2026-01-02 19:00:00+00:00,4315.106,4323.11,4315.106,4318.63,7425.0,0.0,-2235.0,0.44027986007001296
2026-01-02 19:30:00+00:00,4318.662,4326.31,4317.534,4318.185,8350.0,0.0,925.0,0.0543527803099158
2026-01-02 20:00:00+00:00,4318.228,4329.417,4317.152,4328.391,7094.0,0.0,-1256.0,0.8286180187524896
2026-01-02 20:30:00+00:00,4328.359,4331.586,4325.277,4331.422,6846.0,0.0,-248.0,0.48549690917722255
2026-01-02 21:00:00+00:00,4331.457,4331.908,4327.07,4328.851,3701.0,0.0,-3145.0,0.5386523356759669
2026-01-02 21:30:00+00:00,4328.862,4333.96,4327.303,4331.759,2777.0,0.0,-924.0,0.4351810124680589
2026-01-04 23:00:00+00:00,4353.486,4372.729,4349.834,4366.976,7247.0,0.0,4470.0,0.5892116182572407
2026-01-04 23:30:00+00:00,4366.882,4375.927,4354.414,4372.57,8414.0,0.0,1167.0,0.2643982708130025
2026-01-05 00:00:00+00:00,4372.597,4389.652,4370.227,4387.295,9116.0,0.0,702.0,0.756653796653806
2026-01-05 00:30:00+00:00,4387.249,4396.832,4385.012,4395.055,12074.0,0.0,2958.0,0.6604060913705657
2026-01-05 01:00:00+00:00,4395.081,4421.14,4394.153,4396.158,33507.0,0.0,21433.0,0.03990810390188692
2026-01-05 01:30:00+00:00,4396.184,4406.77,4391.224,4401.876,19543.0,0.0,-13964.0,0.3661391997941532
2026-01-05 02:00:00+00:00,4401.913,4405.12,4388.651,4402.261,12977.0,0.0,-6566.0,0.021130609023065444
2026-01-05 02:30:00+00:00,4402.25,4409.611,4398.61,4405.335,12553.0,0.0,-424.0,0.28042905190437045
2026-01-05 03:00:00+00:00,4405.379,4414.105,4405.347,4407.524,9009.0,0.0,-3544.0,0.24491893126290054
2026-01-05 03:30:00+00:00,4407.48,4410.721,4399.69,4399.941,6765.0,0.0,-2244.0,0.6834375849877431
2026-01-05 04:00:00+00:00,4399.909,4406.376,4397.428,4404.917,5319.0,0.0,-1446.0,0.5596781403666229
2026-01-05 04:30:00+00:00,4404.815,4408.423,4403.609,4404.147,4192.0,0.0,-1127.0,0.13876194432898817
2026-01-05 05:00:00+00:00,4404.194,4412.737,4403.649,4412.513,4002.0,0.0,-190.0,0.9153829225351832
2026-01-05 05:30:00+00:00,4412.492,4414.553,4401.27,4412.369,10135.0,0.0,6133.0,0.00925995633520343
2026-01-05 06:00:00+00:00,4412.307,4426.206,4411.208,4424.13,10961.0,0.0,826.0,0.7883051073476414
2026-01-05 06:30:00+00:00,4424.17,4426.559,4416.317,4420.161,9136.0,0.0,-1825.0,0.3914274555750772
2026-01-05 07:00:00+00:00,4420.279,4424.111,4416.786,4420.415,6801.0,0.0,-2335.0,0.0185665529009578
2026-01-05 07:30:00+00:00,4420.404,4425.096,4418.516,4421.826,6833.0,0.0,32.0,0.21610942249233836
2026-01-05 08:00:00+00:00,4421.868,4430.23,4419.336,4426.693,7160.0,0.0,327.0,0.4429043510189203
2026-01-05 08:30:00+00:00,4426.688,4433.981,4423.6,4430.181,6798.0,0.0,-362.0,0.33648010788938293
2026-01-05 09:00:00+00:00,4430.172,4434.604,4425.973,4432.66,6150.0,0.0,-648.0,0.2882632371683691
2026-01-05 09:30:00+00:00,4432.627,4438.245,4430.991,4434.819,6377.0,0.0,227.0,0.3021781086297265
2026-01-05 10:00:00+00:00,4434.84,4436.595,4430.809,4433.196,5393.0,0.0,-984.0,0.284134116833774
2026-01-05 10:30:00+00:00,4433.239,4440.011,4432.71,4436.25,5596.0,0.0,203.0,0.4124092590056517
2026-01-05 11:00:00+00:00,4436.286,4437.501,4411.073,4417.157,10579.0,0.0,4983.0,0.7238156500681092
2026-01-05 11:30:00+00:00,4417.201,4426.071,4415.354,4419.349,8047.0,0.0,-2532.0,0.20042922459645512
2026-01-05 12:00:00+00:00,4419.316,4421.533,4413.736,4415.646,7979.0,0.0,-68.0,0.4706938566114976
2026-01-05 12:30:00+00:00,4415.748,4417.248,4405.439,4409.669,8767.0,0.0,788.0,0.5147768651028953
2026-01-05 13:00:00+00:00,4409.728,4418.988,4396.833,4399.592,18748.0,0.0,9981.0,0.45750394944708295
2026-01-05 13:30:00+00:00,4399.636,4417.288,4395.895,4416.777,13081.0,0.0,-5667.0,0.8012433973729878
2026-01-05 14:00:00+00:00,4416.756,4429.678,4416.756,4420.998,13831.0,0.0,750.0,0.3282773564463257
2026-01-05 14:30:00+00:00,4420.963,4442.879,4417.832,4436.879,24891.0,0.0,11060.0,0.6354453627181076
2026-01-05 15:00:00+00:00,4436.956,4455.697,4436.956,4444.504,19704.0,0.0,-5187.0,0.40275332159435356
2026-01-05 15:30:00+00:00,4444.538,4450.129,4435.453,4448.524,15058.0,0.0,-4646.0,0.2715998909785315
2026-01-05 16:00:00+00:00,4448.487,4451.436,4438.476,4440.937,10422.0,0.0,-4636.0,0.5825617283950741
2026-01-05 16:30:00+00:00,4440.891,4454.471,4440.09,4441.949,8978.0,0.0,-1444.0,0.07356929281691375
2026-01-05 17:00:00+00:00,4441.992,4449.015,4432.261,4445.959,13399.0,0.0,4421.0,0.23677927659064496
2026-01-05 17:30:00+00:00,4445.956,4447.52,4437.641,4443.566,8647.0,0.0,-4752.0,0.24192732057901917
2026-01-05 18:00:00+00:00,4443.511,4448.613,4439.808,4441.414,8149.0,0.0,-498.0,0.23816013628626834
2026-01-05 18:30:00+00:00,4441.374,4448.613,4441.08,4448.613,5450.0,0.0,-2699.0,0.9609717244126038
2026-01-05 19:00:00+00:00,4448.64,4449.504,4434.7,4441.607,9942.0,0.0,4492.0,0.475074304242118
2026-01-05 19:30:00+00:00,4441.576,4445.95,4438.633,4439.845,5265.0,0.0,-4677.0,0.2365723657236252
2026-01-05 20:00:00+00:00,4439.805,4447.1,4439.047,4445.497,5691.0,0.0,426.0,0.706817335154532
2026-01-05 20:30:00+00:00,4445.483,4446.028,4437.896,4445.041,8336.0,0.0,2645.0,0.054353172651251745
2026-01-05 21:00:00+00:00,4445.092,4448.189,4443.406,4445.592,4002.0,0.0,-4334.0,0.10453690152623098
2026-01-05 21:30:00+00:00,4445.593,4449.325,4445.423,4448.989,2594.0,0.0,-1408.0,0.8703229113274457
2026-01-05 23:00:00+00:00,4454.841,4460.29,4448.596,4448.949,3859.0,0.0,1265.0,0.5038481272447859
2026-01-05 23:30:00+00:00,4448.982,4450.27,4436.869,4440.334,5040.0,0.0,1181.0,0.6453249757480527
2026-01-06 00:00:00+00:00,4440.426,4442.688,4436.533,4441.055,5914.0,0.0,874.0,0.10219333874897342
2026-01-06 00:30:00+00:00,4441.06,4444.902,4430.348,4436.385,7802.0,0.0,1888.0,0.3212175346983753
2026-01-06 01:00:00+00:00,4436.336,4444.226,4427.675,4434.935,15895.0,0.0,8093.0,0.08464745332607602
2026-01-06 01:30:00+00:00,4434.976,4452.327,4432.591,4450.418,11439.0,0.0,-4456.0,0.7824280502634832
2026-01-06 02:00:00+00:00,4450.515,4460.891,4448.713,4460.475,10223.0,0.0,-1216.0,0.8178682870750642
2026-01-06 02:30:00+00:00,4460.422,4461.378,4448.68,4454.98,10244.0,0.0,21.0,0.42857142857144903
2026-01-06 03:00:00+00:00,4455.006,4468.056,4454.095,4463.666,8745.0,0.0,-1499.0,0.6202994054867323
2026-01-06 03:30:00+00:00,4463.645,4468.212,4463.214,4467.805,4530.0,0.0,-4215.0,0.8323329331731566
2026-01-06 04:00:00+00:00,4467.682,4468.596,4463.199,4464.802,4614.0,0.0,84.0,0.5336297943302102
2026-01-06 04:30:00+00:00,4464.786,4468.576,4461.708,4467.361,3983.0,0.0,-631.0,0.3749271986021652
2026-01-06 05:00:00+00:00,4467.251,4470.717,4466.867,4469.734,4180.0,0.0,197.0,0.6449350649352017
2026-01-06 05:30:00+00:00,4469.622,4474.275,4449.432,4452.551,13847.0,0.0,9667.0,0.6871553355069846
2026-01-06 06:00:00+00:00,4452.575,4461.014,4451.601,4460.958,9410.0,0.0,-4437.0,0.8905768617868263
2026-01-06 06:30:00+00:00,4460.964,4466.948,4458.868,4465.667,8343.0,0.0,-1067.0,0.582054455445603
2026-01-06 07:00:00+00:00,4465.603,4470.422,4461.487,4464.52,6530.0,0.0,-1813.0,0.12120872971457086
2026-01-06 07:30:00+00:00,4464.627,4467.166,4457.239,4459.479,6236.0,0.0,-294.0,0.5185856754306268
2026-01-06 08:00:00+00:00,4459.501,4476.002,4457.442,4471.071,8190.0,0.0,1954.0,0.623383620689626
2026-01-06 08:30:00+00:00,4471.045,4472.687,4464.538,4468.331,7469.0,0.0,-721.0,0.33304699963183554
2026-01-06 09:00:00+00:00,4468.274,4468.593,4452.226,4456.749,8838.0,0.0,1369.0,0.7041608113887953
2026-01-06 09:30:00+00:00,4456.639,4457.104,4444.803,4446.277,8499.0,0.0,-339.0,0.8423705389805508
2026-01-06 10:00:00+00:00,4446.398,4452.597,4442.565,4450.167,6568.0,0.0,-1931.0,0.37569776714515307
2026-01-06 10:30:00+00:00,4450.101,4456.015,4448.459,4451.736,5243.0,0.0,-1325.0,0.2163843303335245
2026-01-06 11:00:00+00:00,4451.818,4455.755,4448.688,4455.533,4218.0,0.0,-1025.0,0.5256827508136609
2026-01-06 11:30:00+00:00,4455.494,4464.613,4454.753,4463.377,5732.0,0.0,1514.0,0.7994929006085452
2026-01-06 12:00:00+00:00,4463.319,4465.68,4461.396,4464.431,4721.0,0.0,-1011.0,0.25957049486438494
2026-01-06 12:30:00+00:00,4464.383,4466.318,4458.738,4463.614,5085.0,0.0,364.0,0.10145118733512404
2026-01-06 13:00:00+00:00,4463.652,4470.587,4457.546,4459.126,12842.0,0.0,7757.0,0.34705927459548974
2026-01-06 13:30:00+00:00,4459.158,4468.375,4453.975,4467.983,11445.0,0.0,-1397.0,0.6128472222222251
2026-01-06 14:00:00+00:00,4468.012,4473.357,4464.456,4466.772,10532.0,0.0,-913.0,0.13931018986628513
2026-01-06 14:30:00+00:00,4466.823,4489.999,4465.048,4487.466,17001.0,0.0,6469.0,0.8273415895154507
2026-01-06 15:00:00+00:00,4487.493,4490.968,4473.81,4480.981,18239.0,0.0,1238.0,0.37953141391775475
2026-01-06 15:30:00+00:00,4481.008,4482.016,4462.854,4478.351,18985.0,0.0,746.0,0.13865984761508415
2026-01-06 16:00:00+00:00,4478.32,4485.31,4471.616,4483.425,12533.0,0.0,-6452.0,0.37279100335915866
2026-01-06 16:30:00+00:00,4483.381,4489.083,4482.504,4488.24,9182.0,0.0,-3351.0,0.7385620915032183
2026-01-06 17:00:00+00:00,4488.34,4490.321,4484.26,4487.043,8021.0,0.0,-1161.0,0.21399109057920238
2026-01-06 17:30:00+00:00,4487.013,4491.626,4481.675,4489.462,7973.0,0.0,-48.0,0.24610591900316736
2026-01-06 18:00:00+00:00,4489.42,4494.128,4484.369,4486.006,8691.0,0.0,718.0,0.3498309252996982
2026-01-06 18:30:00+00:00,4486.051,4490.417,4482.185,4488.52,6737.0,0.0,-1954.0,0.29992711370263114
2026-01-06 19:00:00+00:00,4488.54,4489.405,4477.399,4480.945,8039.0,0.0,1302.0,0.6326003664834776
2026-01-06 19:30:00+00:00,4480.922,4483.817,4477.733,4481.409,7224.0,0.0,-815.0,0.08004602235373001
2026-01-06 20:00:00+00:00,4481.378,4487.658,4480.296,4485.509,4931.0,0.0,-2293.0,0.5611246943765645
2026-01-06 20:30:00+00:00,4485.551,4496.944,4483.726,4493.817,6796.0,0.0,1865.0,0.6253593584505333
2026-01-06 21:00:00+00:00,4493.778,4494.72,4491.74,4494.071,3783.0,0.0,-3013.0,0.0983221476508788
2026-01-06 21:30:00+00:00,4494.086,4497.422,4493.991,4494.6,2799.0,0.0,-984.0,0.1498105508598618
2026-01-06 23:00:00+00:00,4498.082,4500.541,4494.738,4498.615,3333.0,0.0,534.0,0.09184904359804545
2026-01-06 23:30:00+00:00,4498.509,4499.552,4492.122,4493.223,3818.0,0.0,485.0,0.7114401076716687
2026-01-07 00:00:00+00:00,4493.308,4494.495,4489.58,4491.088,5348.0,0.0,1530.0,0.4516785350966981
2026-01-07 00:30:00+00:00,4491.118,4494.702,4482.523,4491.903,7383.0,0.0,2035.0,0.06445520978732645
2026-01-07 01:00:00+00:00,4491.878,4495.931,4469.091,4477.149,22599.0,0.0,15216.0,0.5487704918032704
2026-01-07 01:30:00+00:00,4477.173,4477.872,4460.993,4465.5,16591.0,0.0,-6008.0,0.6915694057704745
2026-01-07 02:00:00+00:00,4465.482,4475.687,4459.455,4473.884,11086.0,0.0,-5505.0,0.5176195170034535
2026-01-07 02:30:00+00:00,4473.851,4478.762,4473.425,4474.656,9620.0,0.0,-1466.0,0.1508338017613568
2026-01-07 03:00:00+00:00,4474.67,4480.356,4471.815,4476.448,8533.0,0.0,-1087.0,0.20817234515867142
2026-01-07 03:30:00+00:00,4476.416,4478.87,4473.527,4474.703,5419.0,0.0,-3114.0,0.32060640089833187
2026-01-07 04:00:00+00:00,4474.645,4476.083,4465.904,4466.042,8282.0,0.0,2863.0,0.8451714313784027
2026-01-07 04:30:00+00:00,4466.078,4468.626,4463.395,4464.827,7408.0,0.0,-874.0,0.23915121391708266
2026-01-07 05:00:00+00:00,4464.825,4470.296,4462.036,4468.604,5498.0,0.0,-1910.0,0.45750605326880767
2026-01-07 05:30:00+00:00,4468.656,4469.259,4443.17,4454.27,19108.0,0.0,13610.0,0.55142013875578
2026-01-07 06:00:00+00:00,4454.232,4460.477,4452.21,4455.045,9019.0,0.0,-10089.0,0.09834280875772577
2026-01-07 06:30:00+00:00,4455.067,4455.66,4441.419,4444.168,12259.0,0.0,3240.0,0.7653254687171093
2026-01-07 07:00:00+00:00,4444.112,4455.051,4441.509,4455.002,7999.0,0.0,-4260.0,0.8041648205582653
2026-01-07 07:30:00+00:00,4454.961,4465.169,4453.637,4461.273,7289.0,0.0,-710.0,0.5473465140478507
2026-01-07 08:00:00+00:00,4461.183,4468.583,4459.289,4465.25,6624.0,0.0,-665.0,0.4375941467613584
2026-01-07 08:30:00+00:00,4465.239,4474.845,4464.132,4468.243,6613.0,0.0,-11.0,0.280406982171253
2026-01-07 09:00:00+00:00,4468.205,4468.713,4459.634,4462.176,7188.0,0.0,575.0,0.6640599184931959
2026-01-07 09:30:00+00:00,4462.133,4465.615,4459.868,4463.388,4788.0,0.0,-2400.0,0.21837480424573563
2026-01-07 10:00:00+00:00,4463.36,4466.618,4458.66,4459.826,4824.0,0.0,36.0,0.4440814274942714
2026-01-07 10:30:00+00:00,4459.874,4467.819,4458.78,4464.522,4893.0,0.0,69.0,0.5142161743555476
2026-01-07 11:00:00+00:00,4464.481,4464.982,4455.325,4459.035,5167.0,0.0,274.0,0.563943253598408
2026-01-07 11:30:00+00:00,4459.074,4460.105,4446.584,4447.469,7848.0,0.0,2681.0,0.858294504844301
2026-01-07 12:00:00+00:00,4447.441,4450.481,4439.158,4450.105,9758.0,0.0,1910.0,0.2352733374547292
2026-01-07 12:30:00+00:00,4450.117,4455.125,4445.029,4445.029,7018.0,0.0,-2740.0,0.5039619651347034
2026-01-07 13:00:00+00:00,4445.066,4449.995,4427.817,4442.076,19764.0,0.0,12746.0,0.13481828839389473
2026-01-07 13:30:00+00:00,4442.034,4453.132,4438.071,4452.968,15742.0,0.0,-4022.0,0.7259810105570957
2026-01-07 14:00:00+00:00,4452.923,4454.334,4442.785,4444.718,14920.0,0.0,-822.0,0.7104511213091993
2026-01-07 14:30:00+00:00,4444.762,4453.053,4435.782,4445.604,23176.0,0.0,8256.0,0.04875224364544995
2026-01-07 15:00:00+00:00,4445.549,4445.549,4423.563,4441.905,19417.0,0.0,-3759.0,0.16574183571364748
2026-01-07 15:30:00+00:00,4441.918,4452.207,4440.448,4446.078,14877.0,0.0,-4540.0,0.35377157921598423
2026-01-07 16:00:00+00:00,4446.044,4461.281,4443.91,4457.89,13108.0,0.0,-1769.0,0.6819411663116915
2026-01-07 16:30:00+00:00,4457.847,4468.439,4456.895,4464.27,12192.0,0.0,-916.0,0.556392931392997
2026-01-07 17:00:00+00:00,4464.309,4465.416,4457.199,4458.518,7110.0,0.0,-5082.0,0.7047584276499669
2026-01-07 17:30:00+00:00,4458.563,4461.68,4449.791,4451.851,8115.0,0.0,1005.0,0.5645554714442236
2026-01-07 18:00:00+00:00,4451.908,4455.996,4447.231,4452.134,10452.0,0.0,2337.0,0.02578436965198512
2026-01-07 18:30:00+00:00,4452.177,4458.77,4450.033,4452.008,6678.0,0.0,-3774.0,0.019343023921239266
2026-01-07 19:00:00+00:00,4452.071,4455.358,4445.362,4450.582,7289.0,0.0,611.0,0.14895958383348978
2026-01-07 19:30:00+00:00,4450.566,4458.023,4450.41,4456.852,5585.0,0.0,-1704.0,0.8256928937343786
2026-01-07 20:00:00+00:00,4456.896,4461.7,4455.441,4458.13,6136.0,0.0,551.0,0.19715609522293903
2026-01-07 20:30:00+00:00,4458.162,4460.551,4450.556,4451.988,9557.0,0.0,3421.0,0.617708854427162
2026-01-07 21:00:00+00:00,4452.036,4455.309,4449.794,4452.499,4027.0,0.0,-5530.0,0.08395285584763565
2026-01-07 21:30:00+00:00,4452.493,4456.107,4452.203,4455.734,2273.0,0.0,-1754.0,0.8301741803279626
2026-01-07 23:00:00+00:00,4459.787,4464.17,4458.515,4461.951,3015.0,0.0,742.0,0.3826702033598333
2026-01-07 23:30:00+00:00,4461.967,4463.783,4459.842,4463.418,3158.0,0.0,143.0,0.36818066480582573
2026-01-08 00:00:00+00:00,4463.439,4466.48,4454.203,4456.839,4823.0,0.0,1665.0,0.5375906166002141
2026-01-08 00:30:00+00:00,4456.888,4459.097,4446.637,4450.263,8293.0,0.0,3470.0,0.5317014446227913
2026-01-08 01:00:00+00:00,4450.259,4460.475,4444.388,4455.062,12798.0,0.0,4505.0,0.2985640579349631
2026-01-08 01:30:00+00:00,4455.027,4457.584,4441.598,4448.506,11017.0,0.0,-1781.0,0.4079194295007995
2026-01-08 02:00:00+00:00,4448.519,4449.725,4440.076,4441.217,7708.0,0.0,-3309.0,0.7567623587936916
2026-01-08 02:30:00+00:00,4441.193,4444.237,4433.334,4441.382,12712.0,0.0,5004.0,0.01733467852878949
2026-01-08 03:00:00+00:00,4441.397,4445.854,4437.111,4444.21,9924.0,0.0,-2788.0,0.32174310877272966
2026-01-08 03:30:00+00:00,4444.186,4446.525,4438.175,4440.299,4690.0,0.0,-5234.0,0.46550898203592456
2026-01-08 04:00:00+00:00,4440.323,4440.571,4436.572,4436.713,4411.0,0.0,-279.0,0.9027256814205467
2026-01-08 04:30:00+00:00,4436.752,4438.937,4430.167,4431.553,5096.0,0.0,685.0,0.5928164196124064
2026-01-08 05:00:00+00:00,4431.524,4432.411,4422.761,4425.97,7981.0,0.0,2885.0,0.575544041450808
2026-01-08 05:30:00+00:00,4425.928,4427.735,4415.511,4425.388,16476.0,0.0,8495.0,0.0441753926701568
2026-01-08 06:00:00+00:00,4425.449,4429.307,4415.853,4426.05,13809.0,0.0,-2667.0,0.04467072989449828
2026-01-08 06:30:00+00:00,4426.092,4437.619,4426.092,4433.359,10224.0,0.0,-3585.0,0.6304328966774275
2026-01-08 07:00:00+00:00,4433.395,4439.928,4430.707,4436.475,8485.0,0.0,-1739.0,0.3340201713480184
2026-01-08 07:30:00+00:00,4436.436,4436.762,4428.495,4431.056,6474.0,0.0,-2011.0,0.650780210475411
2026-01-08 08:00:00+00:00,4430.976,4433.321,4425.305,4426.951,8038.0,0.0,1564.0,0.5021207584830123
2026-01-08 08:30:00+00:00,4426.918,4432.902,4419.832,4431.573,8251.0,0.0,213.0,0.35615914307580404
2026-01-08 09:00:00+00:00,4431.548,4435.449,4425.979,4430.312,6791.0,0.0,-1460.0,0.1305174234424458
2026-01-08 09:30:00+00:00,4430.281,4434.828,4429.134,4432.575,5192.0,0.0,-1599.0,0.4028802247979807
2026-01-08 10:00:00+00:00,4432.589,4432.71,4422.964,4424.667,5686.0,0.0,494.0,0.8128462959162214
2026-01-08 10:30:00+00:00,4424.63,4434.825,4423.559,4433.276,5539.0,0.0,-147.0,0.7674418604651182
2026-01-08 11:00:00+00:00,4433.315,4433.315,4424.774,4426.438,5160.0,0.0,-379.0,0.8051750380517616
2026-01-08 11:30:00+00:00,4426.426,4428.109,4422.016,4422.728,4866.0,0.0,-294.0,0.606925980633491
2026-01-08 12:00:00+00:00,4422.769,4422.993,4407.557,4420.402,11438.0,0.0,6572.0,0.1533428349313356
2026-01-08 12:30:00+00:00,4420.464,4431.351,4420.111,4427.857,7676.0,0.0,-3762.0,0.657740213523147
2026-01-08 13:00:00+00:00,4427.725,4436.31,4417.267,4434.019,15133.0,0.0,7457.0,0.3305151499238397
2026-01-08 13:30:00+00:00,4434.056,4435.743,4421.59,4423.813,12224.0,0.0,-2909.0,0.7237334840669332
2026-01-08 14:00:00+00:00,4423.771,4430.095,4418.924,4427.676,14945.0,0.0,2721.0,0.34956584012179376
2026-01-08 14:30:00+00:00,4427.726,4439.417,4421.837,4432.845,24482.0,0.0,9537.0,0.2911831626849043
2026-01-08 15:00:00+00:00,4432.818,4454.14,4427.799,4447.694,21298.0,0.0,-3184.0,0.5647469724004406
2026-01-08 15:30:00+00:00,4447.719,4456.536,4446.673,4454.15,15795.0,0.0,-5503.0,0.6520328500455642
2026-01-08 16:00:00+00:00,4454.191,4458.043,4446.895,4453.494,13103.0,0.0,-2692.0,0.06252242554719811
2026-01-08 16:30:00+00:00,4453.463,4464.615,4451.821,4463.197,11884.0,0.0,-1219.0,0.7608253869001468
2026-01-08 17:00:00+00:00,4463.116,4465.503,4457.535,4461.644,9412.0,0.0,-2472.0,0.18473895582326566
2026-01-08 17:30:00+00:00,4461.684,4464.2,4458.975,4463.423,5522.0,0.0,-3890.0,0.332822966507131
2026-01-08 18:00:00+00:00,4463.442,4463.442,4449.369,4452.192,10137.0,0.0,4615.0,0.7994031123427658
2026-01-08 18:30:00+00:00,4452.118,4454.999,4447.882,4449.652,6326.0,0.0,-3811.0,0.346494309400068
2026-01-08 19:00:00+00:00,4449.642,4451.292,4444.332,4447.765,5814.0,0.0,-512.0,0.2696839080459035
2026-01-08 19:30:00+00:00,4447.742,4452.924,4447.569,4452.141,5070.0,0.0,-744.0,0.8214752567693354
2026-01-08 20:00:00+00:00,4452.02,4473.782,4451.421,4470.024,7471.0,0.0,2401.0,0.8051518268413759
2026-01-08 20:30:00+00:00,4470.066,4478.222,4470.066,4476.036,10950.0,0.0,3479.0,0.731976459048589
2026-01-08 21:00:00+00:00,4475.999,4479.711,4472.633,4475.146,4847.0,0.0,-6103.0,0.12051426956767643
2026-01-08 21:30:00+00:00,4475.161,4478.76,4472.779,4477.366,3329.0,0.0,-1518.0,0.36866744691523373
2026-01-08 23:00:00+00:00,4482.004,4484.203,4475.15,4477.097,4170.0,0.0,841.0,0.5420302662100654
2026-01-08 23:30:00+00:00,4477.12,4477.5,4472.63,4475.597,3335.0,0.0,-835.0,0.31273100616019966
2026-01-09 00:00:00+00:00,4475.632,4476.742,4463.536,4465.784,5172.0,0.0,1837.0,0.7457216416780145
2026-01-09 00:30:00+00:00,4465.819,4468.632,4459.959,4462.843,5552.0,0.0,380.0,0.3431338637150519
2026-01-09 01:00:00+00:00,4462.869,4465.569,4452.819,4457.281,15076.0,0.0,9524.0,0.43827450980390104
2026-01-09 01:30:00+00:00,4457.214,4470.03,4456.144,4468.909,9762.0,0.0,-5314.0,0.8422151807576062
2026-01-09 02:00:00+00:00,4468.941,4476.568,4468.771,4472.357,7687.0,0.0,-2075.0,0.4381172245735484
2026-01-09 02:30:00+00:00,4472.335,4475.646,4465.623,4469.395,7852.0,0.0,165.0,0.2933253516910665
2026-01-09 03:00:00+00:00,4469.365,4469.986,4461.024,4463.502,8567.0,0.0,715.0,0.6542066503012363
2026-01-09 03:30:00+00:00,4463.437,4465.841,4460.389,4464.219,3962.0,0.0,-4605.0,0.14343360234778438
2026-01-09 04:00:00+00:00,4464.226,4465.722,4460.747,4462.805,3651.0,0.0,-311.0,0.2856281407034217
2026-01-09 04:30:00+00:00,4462.801,4466.874,4461.591,4464.783,3920.0,0.0,269.0,0.37516562559155375
2026-01-09 05:00:00+00:00,4464.788,4466.861,4458.04,4464.622,4610.0,0.0,690.0,0.01881872803528619
2026-01-09 05:30:00+00:00,4464.66,4471.736,4464.247,4468.157,8608.0,0.0,3998.0,0.4669515289091328
2026-01-09 06:00:00+00:00,4468.226,4473.604,4466.039,4473.604,7645.0,0.0,-963.0,0.7109054857898545
2026-01-09 06:30:00+00:00,4473.541,4477.388,4472.787,4474.162,7220.0,0.0,-425.0,0.1349706585525192
2026-01-09 07:00:00+00:00,4474.204,4475.545,4468.66,4470.257,4697.0,0.0,-2523.0,0.5732752360203328
2026-01-09 07:30:00+00:00,4470.348,4473.488,4468.43,4470.23,4684.0,0.0,-13.0,0.023329379201343037
2026-01-09 08:00:00+00:00,4470.267,4476.785,4466.39,4473.27,6086.0,0.0,1402.0,0.2888888888889608
2026-01-09 08:30:00+00:00,4473.304,4473.956,4463.971,4468.492,5817.0,0.0,-269.0,0.4819228843264514
2026-01-09 09:00:00+00:00,4468.445,4477.674,4468.296,4473.952,5157.0,0.0,-660.0,0.5872254211986235
2026-01-09 09:30:00+00:00,4473.977,4475.13,4470.75,4471.203,4122.0,0.0,-1035.0,0.633333333333188
2026-01-09 10:00:00+00:00,4471.22,4474.344,4468.933,4469.027,3546.0,0.0,-576.0,0.40528552947702595
2026-01-09 10:30:00+00:00,4469.006,4472.893,4467.193,4472.637,3857.0,0.0,311.0,0.6370175438595648
2026-01-09 11:00:00+00:00,4472.67,4474.8,4469.917,4470.702,3574.0,0.0,-283.0,0.4030309236125176
2026-01-09 11:30:00+00:00,4470.74,4476.212,4468.615,4475.43,4464.0,0.0,890.0,0.6173489535343031
2026-01-09 12:00:00+00:00,4475.406,4480.601,4466.959,4467.637,6183.0,0.0,1719.0,0.5694912769388897
2026-01-09 12:30:00+00:00,4467.716,4468.785,4460.898,4465.953,7122.0,0.0,939.0,0.22353239508051012
2026-01-09 13:00:00+00:00,4466.057,4474.669,4461.967,4472.947,13151.0,0.0,6029.0,0.5424342623209105
2026-01-09 13:30:00+00:00,4472.944,4491.969,4458.906,4482.777,24955.0,0.0,11804.0,0.29740192964944495
2026-01-09 14:00:00+00:00,4482.745,4496.453,4480.575,4494.285,19628.0,0.0,-5327.0,0.7267917873787328
2026-01-09 14:30:00+00:00,4494.412,4498.15,4479.269,4494.539,26293.0,0.0,6665.0,0.006726338647291032
2026-01-09 15:00:00+00:00,4494.513,4511.034,4490.039,4505.353,20690.0,0.0,-5603.0,0.5163134079542845
2026-01-09 15:30:00+00:00,4505.267,4517.18,4505.213,4512.272,14481.0,0.0,-6209.0,0.5853597392830104
2026-01-09 16:00:00+00:00,4512.371,4514.408,4499.838,4503.653,14760.0,0.0,279.0,0.5983527796842469
2026-01-09 16:30:00+00:00,4503.719,4508.135,4500.846,4506.525,8658.0,0.0,-6102.0,0.3849636438468003
2026-01-09 17:00:00+00:00,4506.513,4511.732,4501.902,4503.899,9021.0,0.0,363.0,0.26592065106811774
2026-01-09 17:30:00+00:00,4503.862,4510.184,4482.001,4484.546,11897.0,0.0,2876.0,0.6853777099669945
2026-01-09 18:00:00+00:00,4484.503,4494.652,4482.907,4491.478,12309.0,0.0,412.0,0.5938697318008028
2026-01-09 18:30:00+00:00,4491.376,4504.616,4491.181,4496.021,7878.0,0.0,-4431.0,0.3457387420915064
2026-01-09 19:00:00+00:00,4496.085,4501.655,4492.7,4498.85,5881.0,0.0,-1997.0,0.30876605248468453
2026-01-09 19:30:00+00:00,4498.884,4501.927,4495.883,4499.322,5275.0,0.0,-606.0,0.0724685638650085
2026-01-09 20:00:00+00:00,4499.294,4509.435,4497.799,4505.52,6532.0,0.0,1257.0,0.5350635957373961
2026-01-09 20:30:00+00:00,4505.545,4510.146,4502.456,4507.629,7194.0,0.0,662.0,0.2710013003901094
2026-01-09 21:00:00+00:00,4507.6,4510.574,4505.053,4509.698,3144.0,0.0,-4050.0,0.3800036225321606
2026-01-09 21:30:00+00:00,4509.732,4511.179,4506.112,4509.075,3106.0,0.0,-38.0,0.12966252220251664
2026-01-11 23:00:00+00:00,4517.918,4538.291,4517.918,4537.838,5968.0,0.0,2862.0,0.9777646885583656
2026-01-11 23:30:00+00:00,4537.856,4545.01,4533.289,4539.96,7261.0,0.0,1293.0,0.17950686801469046
2026-01-12 00:00:00+00:00,4540.027,4565.984,4536.272,4564.608,11241.0,0.0,3980.0,0.827308831448565
2026-01-12 00:30:00+00:00,4564.646,4601.22,4562.266,4588.948,22187.0,0.0,10946.0,0.6238640447707603
2026-01-12 01:00:00+00:00,4588.987,4594.993,4574.07,4582.69,30690.0,0.0,8503.0,0.3009606652965767
2026-01-12 01:30:00+00:00,4582.754,4584.33,4570.14,4570.14,18519.0,0.0,-12171.0,0.8889358703312145
2026-01-12 02:00:00+00:00,4570.108,4574.977,4561.787,4566.211,14699.0,0.0,-3820.0,0.2954510993176689
2026-01-12 02:30:00+00:00,4566.177,4582.217,4562.583,4577.477,12704.0,0.0,-1995.0,0.5755322399918598
2026-01-12 03:00:00+00:00,4577.432,4581.179,4574.992,4581.164,9167.0,0.0,-3537.0,0.6032002586067613
2026-01-12 03:30:00+00:00,4581.185,4581.449,4567.651,4570.658,6690.0,0.0,-2477.0,0.7629366574866079
2026-01-12 04:00:00+00:00,4570.695,4572.065,4565.559,4568.482,5781.0,0.0,-909.0,0.34014755610205055
2026-01-12 04:30:00+00:00,4568.609,4570.177,4563.516,4568.609,5413.0,0.0,-368.0,0.0
2026-01-12 05:00:00+00:00,4568.565,4574.006,4565.986,4572.502,5418.0,0.0,5.0,0.49089775561104654
2026-01-12 05:30:00+00:00,4572.571,4585.1,4569.666,4581.025,12131.0,0.0,6713.0,0.5477517169884422
2026-01-12 06:00:00+00:00,4580.979,4580.979,4569.639,4573.695,8307.0,0.0,-3824.0,0.6423280423280835
2026-01-12 06:30:00+00:00,4573.714,4580.064,4571.959,4578.421,7054.0,0.0,-1253.0,0.5807526218383788
2026-01-12 07:00:00+00:00,4578.455,4587.578,4574.626,4581.513,8743.0,0.0,1689.0,0.23610253242741966
2026-01-12 07:30:00+00:00,4581.561,4589.641,4578.627,4587.7,7012.0,0.0,-1731.0,0.5573815144362232
2026-01-12 08:00:00+00:00,4587.743,4589.446,4579.506,4583.646,8899.0,0.0,1887.0,0.41217303822945944
2026-01-12 08:30:00+00:00,4583.674,4598.311,4581.922,4596.747,7802.0,0.0,-1097.0,0.7976691683446349
2026-01-12 09:00:00+00:00,4596.863,4599.354,4593.364,4596.594,7494.0,0.0,-308.0,0.04490818030053452
2026-01-12 09:30:00+00:00,4596.549,4597.087,4587.759,4589.117,5939.0,0.0,-1555.0,0.7967409948541431
2026-01-12 10:00:00+00:00,4589.166,4594.07,4585.878,4592.422,6080.0,0.0,141.0,0.39746093749992684
2026-01-12 10:30:00+00:00,4592.47,4595.436,4586.643,4594.206,6357.0,0.0,277.0,0.19742977368360543
2026-01-12 11:00:00+00:00,4594.27,4594.898,4583.904,4585.266,5897.0,0.0,-460.0,0.8189921775514891
2026-01-12 11:30:00+00:00,4585.31,4592.074,4581.808,4585.272,5894.0,0.0,-3.0,0.0037015390610234816
2026-01-12 12:00:00+00:00,4585.261,4586.886,4578.449,4582.647,8601.0,0.0,2707.0,0.30982576745291424
2026-01-12 12:30:00+00:00,4582.69,4590.761,4582.189,4590.508,5484.0,0.0,-3117.0,0.9120391973868531
2026-01-12 13:00:00+00:00,4590.435,4611.237,4588.695,4605.112,16325.0,0.0,10841.0,0.6510957324105864
2026-01-12 13:30:00+00:00,4605.061,4620.453,4604.882,4615.806,12164.0,0.0,-4161.0,0.69006486417053
2026-01-12 14:00:00+00:00,4615.85,4617.363,4584.885,4586.608,25044.0,0.0,12880.0,0.9003633228647124
2026-01-12 14:30:00+00:00,4586.531,4611.49,4585.113,4602.226,28508.0,0.0,3464.0,0.595025969594723
2026-01-12 15:00:00+00:00,4602.193,4622.286,4601.81,4619.56,17924.0,0.0,-10584.0,0.8481637038484313
2026-01-12 15:30:00+00:00,4619.522,4627.426,4617.904,4621.268,15587.0,0.0,-2337.0,0.1833648393194819
2026-01-12 16:00:00+00:00,4621.242,4630.183,4617.512,4620.09,11790.0,0.0,-3797.0,0.09091626548812394
2026-01-12 16:30:00+00:00,4620.039,4623.432,4607.824,4616.948,11446.0,0.0,-344.0,0.19803946693999264
2026-01-12 17:00:00+00:00,4616.941,4618.645,4612.034,4616.294,8711.0,0.0,-2735.0,0.09786719104520611
2026-01-12 17:30:00+00:00,4616.424,4620.648,4610.771,4616.469,9571.0,0.0,860.0,0.004556039283190331
2026-01-12 18:00:00+00:00,4616.477,4618.617,4600.443,4605.606,12646.0,0.0,3075.0,0.5981622097501985
2026-01-12 18:30:00+00:00,4605.572,4611.45,4603.074,4610.738,6958.0,0.0,-5688.0,0.6167621776504347
2026-01-12 19:00:00+00:00,4610.794,4617.336,4608.644,4616.868,5639.0,0.0,-1319.0,0.6988034974689966
2026-01-12 19:30:00+00:00,4616.9,4619.056,4609.261,4611.105,5777.0,0.0,138.0,0.591628381827521
2026-01-12 20:00:00+00:00,4611.138,4611.76,4599.694,4602.438,9730.0,0.0,3953.0,0.7210343112879132
2026-01-12 20:30:00+00:00,4602.491,4604.887,4591.514,4593.806,9571.0,0.0,-159.0,0.6494429073506816
2026-01-12 21:00:00+00:00,4593.84,4596.98,4590.799,4593.797,5395.0,0.0,-4176.0,0.006956803106386942
2026-01-12 21:30:00+00:00,4593.788,4597.275,4589.224,4596.711,3983.0,0.0,-1412.0,0.36306048938030977
2026-01-12 23:00:00+00:00,4600.673,4603.593,4577.934,4584.619,8638.0,0.0,4655.0,0.6256674071476015
2026-01-12 23:30:00+00:00,4584.657,4599.737,4584.13,4599.371,6645.0,0.0,-1993.0,0.9427820849618741
2026-01-13 00:00:00+00:00,4599.408,4599.697,4588.237,4588.371,6133.0,0.0,-512.0,0.9630890052356219
2026-01-13 00:30:00+00:00,4588.374,4592.284,4584.472,4587.454,5696.0,0.0,-437.0,0.11776753712238668
2026-01-13 01:00:00+00:00,4587.452,4595.779,4581.558,4581.854,16461.0,0.0,10765.0,0.3936432037128033
2026-01-13 01:30:00+00:00,4581.906,4587.33,4575.45,4577.984,13026.0,0.0,-3435.0,0.330134680134641
2026-01-13 02:00:00+00:00,4577.916,4590.569,4576.696,4583.833,7818.0,0.0,-5208.0,0.42651192964746254
2026-01-13 02:30:00+00:00,4583.791,4595.054,4581.873,4594.245,9203.0,0.0,1385.0,0.7931112965631842
2026-01-13 03:00:00+00:00,4594.211,4599.717,4592.757,4595.714,6937.0,0.0,-2266.0,0.21594827586202497
2026-01-13 03:30:00+00:00,4595.671,4598.119,4592.527,4594.166,4730.0,0.0,-2207.0,0.26913447782550165
2026-01-13 04:00:00+00:00,4594.125,4599.738,4593.884,4597.34,4202.0,0.0,-528.0,0.5491971301674065
2026-01-13 04:30:00+00:00,4597.349,4599.709,4594.701,4596.501,4028.0,0.0,-174.0,0.1693290734824258
2026-01-13 05:00:00+00:00,4596.502,4601.547,4591.776,4601.343,4269.0,0.0,241.0,0.495445706682998
2026-01-13 05:30:00+00:00,4601.45,4602.247,4585.601,4592.164,11386.0,0.0,7117.0,0.5578517361528116
2026-01-13 06:00:00+00:00,4592.102,4592.361,4582.167,4584.983,8420.0,0.0,-2966.0,0.6983519717480903
2026-01-13 06:30:00+00:00,4585.021,4586.212,4573.281,4581.585,9698.0,0.0,1278.0,0.26571804191474463
2026-01-13 07:00:00+00:00,4581.674,4585.248,4578.804,4584.129,6168.0,0.0,-3530.0,0.38097454996898134
2026-01-13 07:30:00+00:00,4584.053,4587.236,4577.482,4580.548,5866.0,0.0,-302.0,0.359339758047995
2026-01-13 08:00:00+00:00,4580.515,4592.683,4579.536,4589.98,7123.0,0.0,1257.0,0.7199361070966215
2026-01-13 08:30:00+00:00,4590.017,4597.225,4589.09,4592.785,6310.0,0.0,-813.0,0.34025814382298153
2026-01-13 09:00:00+00:00,4592.752,4595.735,4588.05,4589.249,4999.0,0.0,-1311.0,0.455823031880396
2026-01-13 09:30:00+00:00,4589.181,4592.102,4585.659,4586.197,4944.0,0.0,-55.0,0.46313828961654063
2026-01-13 10:00:00+00:00,4586.164,4587.026,4580.403,4584.588,4989.0,0.0,45.0,0.23795862902009948
2026-01-13 10:30:00+00:00,4584.669,4588.289,4581.758,4586.3,4128.0,0.0,-861.0,0.24973204715974975
2026-01-13 11:00:00+00:00,4586.297,4589.046,4582.032,4586.898,5136.0,0.0,1008.0,0.08568577131459323
2026-01-13 11:30:00+00:00,4586.846,4592.014,4584.874,4588.503,4693.0,0.0,-443.0,0.2320728291316634
2026-01-13 12:00:00+00:00,4588.599,4589.182,4577.847,4580.522,4918.0,0.0,225.0,0.7125716806352184
2026-01-13 12:30:00+00:00,4580.544,4595.195,4579.292,4593.218,5118.0,0.0,200.0,0.796956549078822
2026-01-13 13:00:00+00:00,4593.188,4606.501,4590.71,4601.216,14270.0,0.0,9152.0,0.5083908555506403
2026-01-13 13:30:00+00:00,4601.294,4621.052,4601.089,4611.565,18995.0,0.0,4725.0,0.5145018283825009
2026-01-13 14:00:00+00:00,4611.528,4623.84,4609.05,4618.186,13189.0,0.0,-5806.0,0.4501690331304573
2026-01-13 14:30:00+00:00,4618.23,4634.774,4611.572,4629.894,24159.0,0.0,10970.0,0.5027152831652684
2026-01-13 15:00:00+00:00,4629.85,4630.291,4600.864,4608.7,25023.0,0.0,864.0,0.7187276990518953
2026-01-13 15:30:00+00:00,4608.735,4620.621,4605.261,4619.104,14951.0,0.0,-10072.0,0.6750651041667199
2026-01-13 16:00:00+00:00,4619.001,4620.796,4592.827,4598.549,15361.0,0.0,410.0,0.7312381565304511
2026-01-13 16:30:00+00:00,4598.468,4613.89,4596.549,4613.306,9607.0,0.0,-5754.0,0.8556599965399596
2026-01-13 17:00:00+00:00,4613.269,4616.064,4606.352,4609.756,7397.0,0.0,-2210.0,0.3617174629324299
2026-01-13 17:30:00+00:00,4609.733,4612.117,4586.704,4590.502,13942.0,0.0,6545.0,0.7567386770550275
2026-01-13 18:00:00+00:00,4590.452,4595.113,4581.045,4591.783,18112.0,0.0,4170.0,0.09461188512937951
2026-01-13 18:30:00+00:00,4591.737,4602.088,4589.807,4594.198,9089.0,0.0,-9023.0,0.20039084765086315
2026-01-13 19:00:00+00:00,4594.239,4597.205,4584.153,4593.391,11177.0,0.0,2088.0,0.06497088568801541
2026-01-13 19:30:00+00:00,4593.342,4599.02,4590.642,4597.503,7832.0,0.0,-3345.0,0.4966579135831648
2026-01-13 20:00:00+00:00,4597.539,4597.876,4587.727,4588.971,8390.0,0.0,558.0,0.8442211055276305
2026-01-13 20:30:00+00:00,4588.932,4589.37,4569.234,4586.045,15243.0,0.0,6853.0,0.14337504966228576
2026-01-13 21:00:00+00:00,4586.098,4589.594,4582.708,4587.937,4786.0,0.0,-10457.0,0.26706360731917356
2026-01-13 21:30:00+00:00,4587.924,4589.919,4585.593,4586.552,3686.0,0.0,-1100.0,0.3171521035599379
2026-01-13 23:00:00+00:00,4590.721,4597.968,4590.682,4597.379,3646.0,0.0,-40.0,0.9138073016744858
2026-01-13 23:30:00+00:00,4597.335,4598.857,4593.273,4597.136,3312.0,0.0,-334.0,0.03563753581655092
2026-01-14 00:00:00+00:00,4597.181,4610.741,4597.11,4609.591,6247.0,0.0,2935.0,0.9104247670750847
2026-01-14 00:30:00+00:00,4609.635,4610.704,4604.728,4609.153,5879.0,0.0,-368.0,0.080655957161981
2026-01-14 01:00:00+00:00,4609.191,4618.553,4606.187,4614.568,12837.0,0.0,6958.0,0.4348212841662958
2026-01-14 01:30:00+00:00,4614.536,4619.966,4613.482,4619.16,9477.0,0.0,-3360.0,0.7131400370141158
2026-01-14 02:00:00+00:00,4619.143,4621.433,4614.334,4619.999,8449.0,0.0,-1028.0,0.1205803634314337
2026-01-14 02:30:00+00:00,4620.042,4623.618,4617.954,4620.633,8569.0,0.0,120.0,0.1043432203388718
2026-01-14 03:00:00+00:00,4620.571,4622.903,4613.52,4615.157,7559.0,0.0,-1010.0,0.5770009591814845
2026-01-14 03:30:00+00:00,4615.106,4630.088,4614.88,4628.238,5769.0,0.0,-1790.0,0.8634928984745421
2026-01-14 04:00:00+00:00,4628.316,4630.246,4625.259,4626.549,5128.0,0.0,-641.0,0.3543212352115093
2026-01-14 04:30:00+00:00,4626.586,4630.562,4625.369,4629.468,4395.0,0.0,-733.0,0.5549778548044464
2026-01-14 05:00:00+00:00,4629.495,4639.638,4629.393,4634.34,7766.0,0.0,3371.0,0.47291361639827295
2026-01-14 05:30:00+00:00,4634.295,4639.887,4617.789,4619.823,15976.0,0.0,8210.0,0.6549008960086786
2026-01-14 06:00:00+00:00,4619.766,4635.443,4618.538,4633.037,12711.0,0.0,-3265.0,0.7850340136054497
2026-01-14 06:30:00+00:00,4633.042,4637.223,4626.141,4637.223,9287.0,0.0,-3424.0,0.37727846959027783
2026-01-14 07:00:00+00:00,4637.253,4639.584,4631.374,4637.177,6886.0,0.0,-2401.0,0.009257003654083008
2026-01-14 07:30:00+00:00,4637.131,4638.354,4632.425,4632.634,5078.0,0.0,-1808.0,0.7584752909428626
2026-01-14 08:00:00+00:00,4632.562,4634.332,4621.938,4625.144,10510.0,0.0,5432.0,0.5985154106825501
2026-01-14 08:30:00+00:00,4625.028,4637.912,4624.469,4634.917,6340.0,0.0,-4170.0,0.7356244885814155
2026-01-14 09:00:00+00:00,4634.864,4639.668,4633.258,4637.539,5457.0,0.0,-883.0,0.41731669266774457
2026-01-14 09:30:00+00:00,4637.497,4637.92,4627.052,4630.422,6106.0,0.0,649.0,0.6509937430990497
2026-01-14 10:00:00+00:00,4630.391,4637.042,4627.787,4635.114,5245.0,0.0,-861.0,0.510318746623436
2026-01-14 10:30:00+00:00,4635.145,4638.19,4631.244,4633.025,5508.0,0.0,263.0,0.3052116325944179
2026-01-14 11:00:00+00:00,4632.98,4637.518,4629.254,4630.225,5595.0,0.0,87.0,0.33337366892535797
2026-01-14 11:30:00+00:00,4630.299,4632.805,4625.93,4630.328,5880.0,0.0,285.0,0.004218181818247434
2026-01-14 12:00:00+00:00,4630.34,4638.949,4630.177,4636.084,7495.0,0.0,1615.0,0.6548107615138771
2026-01-14 12:30:00+00:00,4636.055,4641.989,4633.754,4638.782,6714.0,0.0,-781.0,0.33114754098360294
2026-01-14 13:00:00+00:00,4638.815,4641.783,4627.216,4631.738,17083.0,0.0,10369.0,0.4858241230177327
2026-01-14 13:30:00+00:00,4631.788,4637.339,4624.312,4635.839,12987.0,0.0,-4096.0,0.3109695248330676
2026-01-14 14:00:00+00:00,4635.872,4638.794,4629.739,4635.375,11579.0,0.0,-1408.0,0.05488680287137298
2026-01-14 14:30:00+00:00,4635.341,4635.341,4606.671,4617.582,28836.0,0.0,17257.0,0.6194279734914534
2026-01-14 15:00:00+00:00,4617.552,4626.505,4599.335,4615.354,24064.0,0.0,-4772.0,0.08089804931908004
2026-01-14 15:30:00+00:00,4615.401,4621.903,4609.798,4617.855,16331.0,0.0,-7733.0,0.20272614622053925
2026-01-14 16:00:00+00:00,4617.892,4624.844,4614.873,4621.698,12602.0,0.0,-3729.0,0.3817069501554829
2026-01-14 16:30:00+00:00,4621.672,4623.285,4608.501,4616.995,14182.0,0.0,1580.0,0.3163555194805053
2026-01-14 17:00:00+00:00,4617.041,4619.189,4605.436,4611.273,12608.0,0.0,-1574.0,0.4193994037664344
2026-01-14 17:30:00+00:00,4611.308,4616.621,4601.076,4614.239,14943.0,0.0,2335.0,0.18854937278865047
2026-01-14 18:00:00+00:00,4614.214,4630.32,4612.745,4628.364,11728.0,0.0,-3215.0,0.8051209103840559
2026-01-14 18:30:00+00:00,4628.316,4637.171,4628.029,4635.077,8276.0,0.0,-3452.0,0.7395537081602003
2026-01-14 19:00:00+00:00,4635.107,4643.164,4633.272,4635.008,11006.0,0.0,2730.0,0.010008087343324082
2026-01-14 19:30:00+00:00,4634.967,4641.576,4634.501,4639.223,7537.0,0.0,-3469.0,0.6015547703180809
2026-01-14 20:00:00+00:00,4639.221,4641.566,4626.154,4634.138,17900.0,0.0,10363.0,0.3298079418634728
2026-01-14 20:30:00+00:00,4634.089,4635.518,4625.598,4632.498,11465.0,0.0,-6435.0,0.16038306451616305
2026-01-14 21:00:00+00:00,4632.551,4633.061,4620.941,4622.375,7037.0,0.0,-4428.0,0.839603960396079
2026-01-14 21:30:00+00:00,4622.416,4628.856,4617.901,4626.038,5385.0,0.0,-1652.0,0.33062528525781953
2026-01-14 23:00:00+00:00,4626.61,4626.949,4605.512,4609.136,7603.0,0.0,2218.0,0.8151327144656124
2026-01-14 23:30:00+00:00,4609.128,4616.077,4602.84,4615.294,7700.0,0.0,97.0,0.4658155171111377
2026-01-15 00:00:00+00:00,4615.256,4618.187,4611.652,4616.7,6658.0,0.0,-1042.0,0.22096403978569815
2026-01-15 00:30:00+00:00,4616.681,4617.962,4610.121,4615.335,5780.0,0.0,-878.0,0.1716617778343947
2026-01-15 01:00:00+00:00,4615.282,4617.412,4597.017,4600.573,19217.0,0.0,13437.0,0.7212061779847766
2026-01-15 01:30:00+00:00,4600.607,4607.021,4583.613,4600.055,23726.0,0.0,4509.0,0.0235816814764052
2026-01-15 02:00:00+00:00,4599.944,4614.714,4597.517,4611.059,12002.0,0.0,-11724.0,0.6463336628481541
2026-01-15 02:30:00+00:00,4611.012,4614.691,4595.584,4602.831,12825.0,0.0,823.0,0.4281676872350237
2026-01-15 03:00:00+00:00,4602.87,4604.388,4581.12,4585.28,16197.0,0.0,3372.0,0.7559738696922865
2026-01-15 03:30:00+00:00,4585.238,4597.531,4581.069,4592.282,11561.0,0.0,-4636.0,0.4278945450127608
2026-01-15 04:00:00+00:00,4592.258,4597.489,4587.018,4593.867,8452.0,0.0,-3109.0,0.15366249641872293
2026-01-15 04:30:00+00:00,4593.831,4595.915,4589.259,4592.233,6707.0,0.0,-1745.0,0.2400841346153799
2026-01-15 05:00:00+00:00,4592.274,4593.034,4580.995,4593.034,7174.0,0.0,467.0,0.06312816679120557
2026-01-15 05:30:00+00:00,4593.067,4599.006,4581.456,4595.213,13621.0,0.0,6447.0,0.12227920227918568
2026-01-15 06:00:00+00:00,4595.257,4610.072,4593.665,4604.217,11039.0,0.0,-2582.0,0.5461083683793474
2026-01-15 06:30:00+00:00,4604.229,4612.104,4600.491,4610.261,9206.0,0.0,-1833.0,0.5194178937397749
2026-01-15 07:00:00+00:00,4610.216,4613.611,4605.89,4610.181,6693.0,0.0,-2513.0,0.004533091568548895
2026-01-15 07:30:00+00:00,4610.213,4611.225,4599.191,4601.818,6365.0,0.0,-328.0,0.6976067807876962
2026-01-15 08:00:00+00:00,4601.775,4606.288,4597.807,4602.035,8127.0,0.0,1762.0,0.030656762174298482
2026-01-15 08:30:00+00:00,4602.21,4607.15,4599.201,4604.308,6512.0,0.0,-1615.0,0.26393257013461546
2026-01-15 09:00:00+00:00,4604.245,4605.491,4600.656,4604.673,5409.0,0.0,-1103.0,0.08852119958632479
2026-01-15 09:30:00+00:00,4604.705,4613.071,4602.807,4612.605,5918.0,0.0,509.0,0.7696804364769623
2026-01-15 10:00:00+00:00,4612.576,4615.901,4609.297,4612.151,5432.0,0.0,-486.0,0.06435493640220542
2026-01-15 10:30:00+00:00,4612.188,4620.643,4610.607,4619.803,5209.0,0.0,-223.0,0.7587684336388738
2026-01-15 11:00:00+00:00,4619.84,4621.622,4617.322,4619.142,4783.0,0.0,-426.0,0.16232558139541642
2026-01-15 11:30:00+00:00,4619.147,4623.032,4615.404,4619.132,6115.0,0.0,1332.0,0.0019664394337084432
2026-01-15 12:00:00+00:00,4619.184,4620.792,4613.901,4616.464,5992.0,0.0,-123.0,0.39471774778697505
2026-01-15 12:30:00+00:00,4616.502,4618.683,4611.726,4613.952,5454.0,0.0,-538.0,0.36653730056059497
2026-01-15 13:00:00+00:00,4613.888,4616.137,4602.432,4605.54,16052.0,0.0,10598.0,0.6091207588471361
2026-01-15 13:30:00+00:00,4605.419,4605.419,4582.0,4588.413,18728.0,0.0,2676.0,0.7261625176139207
2026-01-15 14:00:00+00:00,4588.437,4606.828,4583.25,4602.597,17131.0,0.0,-1597.0,0.6005598439222833
2026-01-15 14:30:00+00:00,4602.703,4615.181,4600.389,4610.958,23484.0,0.0,6353.0,0.5580719307733573
2026-01-15 15:00:00+00:00,4611.005,4618.093,4603.867,4616.342,16373.0,0.0,-7111.0,0.37515816111343053
2026-01-15 15:30:00+00:00,4616.288,4617.59,4609.343,4615.473,12335.0,0.0,-4038.0,0.09882381472045233
2026-01-15 16:00:00+00:00,4615.438,4624.902,4608.613,4611.744,13641.0,0.0,1306.0,0.2267788077844232
2026-01-15 16:30:00+00:00,4611.701,4613.405,4601.162,4605.624,11810.0,0.0,-1831.0,0.49636526995021496
2026-01-15 17:00:00+00:00,4605.699,4613.652,4605.643,4610.975,7685.0,0.0,-4125.0,0.6587588962418204
2026-01-15 17:30:00+00:00,4610.915,4616.995,4610.194,4616.439,6389.0,0.0,-1296.0,0.8122334950743666
2026-01-15 18:00:00+00:00,4616.497,4621.292,4616.398,4619.379,8581.0,0.0,2192.0,0.5888843481813384
2026-01-15 18:30:00+00:00,4619.339,4619.703,4613.569,4617.591,7287.0,0.0,-1294.0,0.28496902510589966
2026-01-15 19:00:00+00:00,4617.621,4621.733,4617.411,4618.336,5188.0,0.0,-2099.0,0.16543267006018655
2026-01-15 19:30:00+00:00,4618.366,4619.238,4612.627,4615.794,5437.0,0.0,249.0,0.38904855543793143
2026-01-15 20:00:00+00:00,4615.908,4616.308,4600.756,4604.874,10525.0,0.0,5088.0,0.7094907407407913
2026-01-15 20:30:00+00:00,4604.938,4609.277,4603.389,4605.761,8330.0,0.0,-2195.0,0.13977581521744759
2026-01-15 21:00:00+00:00,4605.733,4615.612,4604.438,4614.202,4158.0,0.0,-4172.0,0.7579201718274626
2026-01-15 21:30:00+00:00,4614.216,4616.456,4613.616,4615.67,2591.0,0.0,-1567.0,0.5119718309857919
2026-01-15 23:00:00+00:00,4618.11,4620.994,4608.713,4608.95,4738.0,0.0,2147.0,0.7458676003582683
2026-01-15 23:30:00+00:00,4608.989,4611.168,4606.451,4610.284,5110.0,0.0,372.0,0.2745389018444288
2026-01-16 00:00:00+00:00,4610.243,4611.358,4603.399,4607.69,5231.0,0.0,121.0,0.32076894082181767
2026-01-16 00:30:00+00:00,4607.799,4608.159,4598.533,4600.026,7077.0,0.0,1846.0,0.8075005194266267
2026-01-16 01:00:00+00:00,4599.942,4607.331,4593.942,4606.066,12424.0,0.0,5347.0,0.45739039510043616
2026-01-16 01:30:00+00:00,4606.027,4608.553,4599.026,4600.504,9952.0,0.0,-2472.0,0.5797207935341779
2026-01-16 02:00:00+00:00,4600.477,4604.241,4596.777,4600.009,10396.0,0.0,444.0,0.0627009646302051
2026-01-16 02:30:00+00:00,4600.082,4601.091,4591.237,4594.891,11290.0,0.0,894.0,0.5267911508017629
2026-01-16 03:00:00+00:00,4594.918,4599.694,4594.401,4595.549,6809.0,0.0,-4481.0,0.11921405630082077
2026-01-16 03:30:00+00:00,4595.586,4597.496,4592.794,4596.491,4004.0,0.0,-2805.0,0.19247128881320755
2026-01-16 04:00:00+00:00,4596.353,4601.417,4596.116,4598.577,3254.0,0.0,-750.0,0.4195434823618182
2026-01-16 04:30:00+00:00,4598.585,4602.017,4597.354,4601.087,2946.0,0.0,-308.0,0.536564443491453
2026-01-16 05:00:00+00:00,4601.205,4601.677,4595.252,4601.237,3522.0,0.0,576.0,0.0049805447471060575
2026-01-16 05:30:00+00:00,4601.253,4616.198,4596.625,4611.542,8682.0,0.0,5160.0,0.5256731211362847
2026-01-16 06:00:00+00:00,4611.614,4612.336,4603.541,4604.638,8530.0,0.0,-152.0,0.7931779420124616
2026-01-16 06:30:00+00:00,4604.614,4608.081,4593.851,4597.967,9597.0,0.0,1067.0,0.46711173576948095
2026-01-16 07:00:00+00:00,4598.052,4612.02,4596.85,4605.955,6734.0,0.0,-2863.0,0.5209624258404885
2026-01-16 07:30:00+00:00,4605.921,4611.888,4601.047,4607.513,7954.0,0.0,1220.0,0.14684992159391128
2026-01-16 08:00:00+00:00,4607.466,4610.688,4604.708,4607.356,5853.0,0.0,-2101.0,0.01839464882952732
2026-01-16 08:30:00+00:00,4607.32,4609.041,4601.344,4603.185,5503.0,0.0,-350.0,0.5372222944003178
2026-01-16 09:00:00+00:00,4603.149,4608.488,4599.617,4601.22,4643.0,0.0,-860.0,0.21745011836321348
2026-01-16 09:30:00+00:00,4601.154,4603.518,4598.843,4600.449,3620.0,0.0,-1023.0,0.15080213903760628
2026-01-16 10:00:00+00:00,4600.493,4611.17,4600.345,4607.619,4486.0,0.0,866.0,0.6582909930715394
2026-01-16 10:30:00+00:00,4607.58,4609.329,4599.801,4600.216,4719.0,0.0,233.0,0.7728799328295645
2026-01-16 11:00:00+00:00,4600.25,4611.59,4598.593,4611.232,5710.0,0.0,991.0,0.844964222512866
2026-01-16 11:30:00+00:00,4611.186,4616.152,4609.623,4612.471,4735.0,0.0,-975.0,0.19681421350892414
2026-01-16 12:00:00+00:00,4612.51,4613.013,4604.831,4606.417,5492.0,0.0,757.0,0.7446834514788565
2026-01-16 12:30:00+00:00,4606.5,4606.868,4597.418,4601.755,6991.0,0.0,1499.0,0.5021164021163519
2026-01-16 13:00:00+00:00,4601.792,4605.596,4582.677,4586.993,19413.0,0.0,12422.0,0.6457088005584913
2026-01-16 13:30:00+00:00,4587.103,4603.061,4585.467,4601.89,14186.0,0.0,-5227.0,0.8404569739684108
2026-01-16 14:00:00+00:00,4601.909,4609.503,4598.307,4599.125,10623.0,0.0,-3563.0,0.2486602357984702
2026-01-16 14:30:00+00:00,4599.1,4614.823,4596.14,4607.981,18691.0,0.0,8068.0,0.47535192420914235
2026-01-16 15:00:00+00:00,4607.952,4620.563,4564.633,4565.278,29530.0,0.0,10839.0,0.7629894510995844
2026-01-16 15:30:00+00:00,4565.228,4575.482,4536.729,4571.398,45652.0,0.0,16122.0,0.15921348024669368
2026-01-16 16:00:00+00:00,4571.351,4596.67,4567.96,4591.552,26298.0,0.0,-19354.0,0.703622431208638
2026-01-16 16:30:00+00:00,4591.591,4599.058,4581.801,4591.494,17736.0,0.0,-8562.0,0.00562090745788169
2026-01-16 17:00:00+00:00,4591.506,4593.088,4576.85,4578.669,13329.0,0.0,-4407.0,0.7905530237714582
2026-01-16 17:30:00+00:00,4578.599,4586.613,4576.98,4581.46,10104.0,0.0,-3225.0,0.29699989619014455
2026-01-16 18:00:00+00:00,4581.416,4591.966,4580.011,4590.17,10784.0,0.0,680.0,0.7322459222082776
2026-01-16 18:30:00+00:00,4590.234,4596.056,4582.268,4582.656,9584.0,0.0,-1200.0,0.5496083550914327
2026-01-16 19:00:00+00:00,4582.63,4588.244,4580.803,4583.939,8270.0,0.0,-1314.0,0.1759172154280649
2026-01-16 19:30:00+00:00,4583.904,4592.464,4583.744,4590.572,6602.0,0.0,-1668.0,0.7646788990825081
2026-01-16 20:00:00+00:00,4590.587,4596.046,4587.601,4588.301,5679.0,0.0,-923.0,0.27069271758435653
2026-01-16 20:30:00+00:00,4588.291,4589.146,4580.874,4581.986,8625.0,0.0,2946.0,0.7622098646035228
2026-01-16 21:00:00+00:00,4581.955,4598.544,4581.955,4592.426,8634.0,0.0,9.0,0.6312013985171195
2026-01-16 21:30:00+00:00,4592.39,4596.678,4591.658,4596.588,3268.0,0.0,-5366.0,0.8362549800796426
2026-01-18 23:00:00+00:00,4655.358,4684.416,4653.824,4678.61,11302.0,0.0,8034.0,0.760067991631769
2026-01-18 23:30:00+00:00,4678.639,4690.7,4663.692,4672.573,14167.0,0.0,2865.0,0.22460011848340664
2026-01-19 00:00:00+00:00,4672.63,4678.385,4660.973,4675.897,13615.0,0.0,-552.0,0.18762922122672732
2026-01-19 00:30:00+00:00,4675.934,4682.114,4672.11,4675.351,10144.0,0.0,-3471.0,0.058276689324324664
2026-01-19 01:00:00+00:00,4675.381,4678.351,4656.474,4662.096,22866.0,0.0,12722.0,0.6072587649129711
2026-01-19 01:30:00+00:00,4662.113,4667.592,4656.212,4657.369,14756.0,0.0,-8110.0,0.4168717047452487
2026-01-19 02:00:00+00:00,4657.324,4665.073,4653.138,4660.053,10219.0,0.0,-4537.0,0.22865521575200484
2026-01-19 02:30:00+00:00,4660.072,4664.629,4654.98,4662.391,10140.0,0.0,-79.0,0.2403357860917632
2026-01-19 03:00:00+00:00,4662.416,4669.902,4662.416,4664.705,7448.0,0.0,-2692.0,0.30577077210790776
2026-01-19 03:30:00+00:00,4664.688,4665.993,4658.216,4658.521,6454.0,0.0,-994.0,0.7929792979298362
2026-01-19 04:00:00+00:00,4658.556,4664.941,4658.134,4662.314,4799.0,0.0,-1655.0,0.5520787424711087
2026-01-19 04:30:00+00:00,4662.297,4666.043,4659.222,4663.069,4110.0,0.0,-689.0,0.11317988564739098
2026-01-19 05:00:00+00:00,4663.058,4672.365,4662.959,4669.173,4679.0,0.0,569.0,0.650116946629791
2026-01-19 05:30:00+00:00,4669.138,4674.307,4663.838,4669.968,6995.0,0.0,2316.0,0.07928168879548411
2026-01-19 06:00:00+00:00,4669.955,4672.629,4666.767,4669.751,5137.0,0.0,-1858.0,0.03480040941653373
2026-01-19 06:30:00+00:00,4669.858,4679.037,4669.734,4678.008,5951.0,0.0,814.0,0.87606148554227
2026-01-19 07:00:00+00:00,4677.902,4678.529,4663.642,4667.469,7773.0,0.0,1822.0,0.7008127896822431
2026-01-19 07:30:00+00:00,4667.442,4669.71,4661.873,4665.186,5371.0,0.0,-2402.0,0.28786525456171813
2026-01-19 08:00:00+00:00,4665.14,4673.846,4663.794,4669.366,6786.0,0.0,1415.0,0.420413847990429
2026-01-19 08:30:00+00:00,4669.511,4670.969,4661.683,4663.672,5994.0,0.0,-792.0,0.6287960370451018
2026-01-19 09:00:00+00:00,4663.636,4672.921,4661.902,4666.699,5800.0,0.0,-194.0,0.27797440784092275
2026-01-19 09:30:00+00:00,4666.666,4670.55,4665.033,4668.423,3955.0,0.0,-1845.0,0.3184701830704482
2026-01-19 10:00:00+00:00,4668.355,4671.257,4665.487,4665.96,3981.0,0.0,26.0,0.4150779896013385
2026-01-19 10:30:00+00:00,4665.989,4667.036,4661.28,4663.821,4877.0,0.0,896.0,0.3766504517024926
2026-01-19 11:00:00+00:00,4663.803,4667.144,4661.717,4666.99,3516.0,0.0,-1361.0,0.5872489404826888
2026-01-19 11:30:00+00:00,4666.971,4667.569,4659.587,4660.705,6616.0,0.0,3100.0,0.7850162866449066
2026-01-19 12:00:00+00:00,4660.676,4672.127,4660.078,4670.842,5163.0,0.0,-1453.0,0.8437214706614056
2026-01-19 12:30:00+00:00,4670.83,4673.744,4668.124,4671.958,5085.0,0.0,-78.0,0.2007117437721928
2026-01-19 13:00:00+00:00,4671.993,4673.685,4668.499,4671.778,7305.0,0.0,2220.0,0.04145777092173553
2026-01-19 13:30:00+00:00,4671.732,4673.707,4664.495,4666.116,5044.0,0.0,-2261.0,0.6096396005210285
2026-01-19 14:00:00+00:00,4666.168,4668.52,4661.511,4668.037,5537.0,0.0,493.0,0.26665715508640214
2026-01-19 14:30:00+00:00,4668.073,4670.295,4663.824,4666.594,5831.0,0.0,294.0,0.2285581826611288
2026-01-19 15:00:00+00:00,4666.567,4670.899,4664.257,4666.675,7058.0,0.0,1227.0,0.01626016260165051
2026-01-19 15:30:00+00:00,4666.716,4676.059,4665.947,4674.329,5203.0,0.0,-1855.0,0.7528678797467676
2026-01-19 16:00:00+00:00,4674.283,4675.622,4670.406,4671.788,4113.0,0.0,-1090.0,0.4783358895706736
2026-01-19 16:30:00+00:00,4671.754,4673.854,4670.647,4672.183,3589.0,0.0,-524.0,0.1337698783910329
2026-01-19 17:00:00+00:00,4672.259,4673.064,4669.195,4670.922,2987.0,0.0,-602.0,0.3455673300595083
2026-01-19 17:30:00+00:00,4670.954,4678.833,4670.954,4676.236,3683.0,0.0,696.0,0.6703896433557832
2026-01-19 18:00:00+00:00,4676.237,4680.49,4673.834,4678.428,3447.0,0.0,-236.0,0.3291766826922807
2026-01-19 18:30:00+00:00,4678.476,4678.95,4675.186,4676.54,2689.0,0.0,-758.0,0.5143464399573939
2026-01-19 19:00:00+00:00,4676.647,4676.752,4667.059,4670.928,4332.0,0.0,1643.0,0.5900134117404237
2026-01-19 23:00:00+00:00,4673.44,4673.595,4664.876,4666.358,3768.0,0.0,-564.0,0.8122491111365275
2026-01-19 23:30:00+00:00,4666.4,4668.885,4664.575,4665.406,2775.0,0.0,-993.0,0.2306264501159153
2026-01-20 00:00:00+00:00,4665.371,4668.045,4659.455,4659.781,4086.0,0.0,1311.0,0.6507566938300409
2026-01-20 00:30:00+00:00,4659.816,4666.363,4659.743,4660.504,4441.0,0.0,355.0,0.10392749244714701
2026-01-20 01:00:00+00:00,4660.47,4673.538,4659.833,4671.088,10082.0,0.0,5641.0,0.7747537395110937
2026-01-20 01:30:00+00:00,4670.972,4676.125,4665.856,4669.702,6417.0,0.0,-3665.0,0.12367319115780488
2026-01-20 02:00:00+00:00,4669.667,4673.438,4665.558,4672.231,6760.0,0.0,343.0,0.32538071065981733
2026-01-20 02:30:00+00:00,4672.154,4674.781,4666.9,4668.686,7247.0,0.0,487.0,0.44004567948237777
2026-01-20 03:00:00+00:00,4668.676,4674.166,4666.132,4673.227,6315.0,0.0,-932.0,0.5664675130693501
2026-01-20 03:30:00+00:00,4673.176,4681.609,4672.734,4680.176,4210.0,0.0,-2105.0,0.7887323943661971
2026-01-20 04:00:00+00:00,4680.125,4687.217,4679.684,4685.873,4472.0,0.0,262.0,0.7630426125049801
2026-01-20 04:30:00+00:00,4685.921,4697.143,4684.444,4695.232,6877.0,0.0,2405.0,0.733207339160562
2026-01-20 05:00:00+00:00,4695.273,4701.594,4694.661,4695.937,7182.0,0.0,305.0,0.0957738352805078
2026-01-20 05:30:00+00:00,4695.912,4716.89,4694.235,4714.591,11633.0,0.0,4451.0,0.8244979033325777
2026-01-20 06:00:00+00:00,4714.551,4717.125,4707.552,4712.522,10668.0,0.0,-965.0,0.21195027682026357
2026-01-20 06:30:00+00:00,4712.552,4715.371,4705.47,4712.532,9687.0,0.0,-981.0,0.002019997979954286
2026-01-20 07:00:00+00:00,4712.461,4722.407,4711.405,4718.143,7951.0,0.0,-1736.0,0.516451554262823
2026-01-20 07:30:00+00:00,4718.172,4722.775,4714.765,4716.168,6656.0,0.0,-1295.0,0.25018726591761276
2026-01-20 08:00:00+00:00,4716.195,4725.616,4714.966,4718.668,8486.0,0.0,1830.0,0.23220657276995688
2026-01-20 08:30:00+00:00,4718.701,4731.519,4716.122,4729.23,9038.0,0.0,552.0,0.6838345132168335
2026-01-20 09:00:00+00:00,4729.28,4733.663,4721.184,4733.145,8234.0,0.0,-804.0,0.3097203301547311
2026-01-20 09:30:00+00:00,4733.112,4737.424,4732.404,4732.404,6466.0,0.0,-1768.0,0.14103585657364454
2026-01-20 10:00:00+00:00,4732.418,4735.025,4727.845,4727.845,6124.0,0.0,-342.0,0.6369080779944017
2026-01-20 10:30:00+00:00,4727.901,4729.367,4723.094,4726.524,6797.0,0.0,673.0,0.21951219512186634
2026-01-20 11:00:00+00:00,4726.562,4729.094,4721.583,4726.881,4817.0,0.0,-1980.0,0.0424710424710953
2026-01-20 11:30:00+00:00,4726.887,4735.418,4725.767,4733.029,4776.0,0.0,-41.0,0.6364107346389842
2026-01-20 12:00:00+00:00,4732.985,4732.985,4726.249,4726.692,6124.0,0.0,1348.0,0.9342339667458107
2026-01-20 12:30:00+00:00,4726.677,4729.428,4724.127,4727.526,5531.0,0.0,-593.0,0.16015846066784456
2026-01-20 13:00:00+00:00,4727.554,4728.453,4716.05,4719.334,13105.0,0.0,7574.0,0.6627428847859462
2026-01-20 13:30:00+00:00,4719.36,4738.492,4715.232,4737.092,19958.0,0.0,6853.0,0.762338779019768
2026-01-20 14:00:00+00:00,4737.157,4750.827,4732.322,4750.498,18145.0,0.0,-1813.0,0.7209402864090441
2026-01-20 14:30:00+00:00,4750.528,4751.171,4728.629,4741.252,35659.0,0.0,17514.0,0.41149853606599623
2026-01-20 15:00:00+00:00,4741.175,4748.566,4722.402,4723.889,27419.0,0.0,-8240.0,0.6606787952912482
2026-01-20 15:30:00+00:00,4723.862,4739.326,4722.354,4737.495,20168.0,0.0,-7251.0,0.8032641998585912
2026-01-20 16:00:00+00:00,4737.464,4744.286,4729.064,4741.2,14608.0,0.0,-5560.0,0.24543423991590704
2026-01-20 16:30:00+00:00,4741.173,4757.894,4740.743,4753.631,11201.0,0.0,-3407.0,0.7263716401376394
2026-01-20 17:00:00+00:00,4753.663,4756.66,4746.094,4754.998,10356.0,0.0,-845.0,0.1263486655309541
2026-01-20 17:30:00+00:00,4755.024,4762.444,4752.203,4759.263,8638.0,0.0,-1718.0,0.4139244214431778
2026-01-20 18:00:00+00:00,4759.298,4766.367,4758.642,4761.514,9077.0,0.0,439.0,0.28686084142397994
2026-01-20 18:30:00+00:00,4761.474,4762.902,4752.902,4759.359,7480.0,0.0,-1597.0,0.21149999999997818
2026-01-20 19:00:00+00:00,4759.37,4766.298,4756.434,4759.556,6536.0,0.0,-944.0,0.018856447688534304
2026-01-20 19:30:00+00:00,4759.521,4763.951,4756.97,4760.696,6108.0,0.0,-428.0,0.16831399512966927
2026-01-20 20:00:00+00:00,4760.699,4761.125,4747.418,4750.534,9425.0,0.0,3317.0,0.7415918873568043
2026-01-20 20:30:00+00:00,4750.486,4757.872,4748.804,4756.616,7604.0,0.0,-1821.0,0.6760035288928062
2026-01-20 21:00:00+00:00,4756.641,4760.887,4756.211,4759.632,23180.0,0.0,15576.0,0.6396492728828743
2026-01-20 21:30:00+00:00,4759.678,4763.976,4757.142,4763.376,7880.0,0.0,-15300.0,0.5411179397132588
2026-01-20 23:00:00+00:00,4762.604,4764.259,4757.789,4759.715,3626.0,0.0,-4254.0,0.44652241112828595
2026-01-20 23:30:00+00:00,4759.681,4781.083,4758.679,4775.878,6067.0,0.0,2441.0,0.7229512587038229
2026-01-21 00:00:00+00:00,4775.829,4780.055,4770.751,4777.119,5772.0,0.0,-295.0,0.1386500429922562
2026-01-21 00:30:00+00:00,4777.164,4787.732,4776.662,4784.7,6268.0,0.0,496.0,0.680758807588099
2026-01-21 01:00:00+00:00,4784.65,4827.604,4783.524,4827.406,19175.0,0.0,12907.0,0.9699637023593554
2026-01-21 01:30:00+00:00,4827.5,4844.399,4815.136,4835.302,19979.0,0.0,804.0,0.2666165464921471
2026-01-21 02:00:00+00:00,4835.341,4842.159,4817.232,4824.809,14084.0,0.0,-5895.0,0.4225137401211653
2026-01-21 02:30:00+00:00,4824.771,4839.522,4822.053,4836.69,12720.0,0.0,-1364.0,0.6822943499914039
2026-01-21 03:00:00+00:00,4836.618,4849.968,4827.06,4833.59,14232.0,0.0,1512.0,0.1321808975030697
2026-01-21 03:30:00+00:00,4833.615,4847.111,4831.666,4845.003,7502.0,0.0,-6730.0,0.7373259954677976
2026-01-21 04:00:00+00:00,4845.003,4854.226,4837.906,4849.925,7660.0,0.0,158.0,0.30159313725493675
2026-01-21 04:30:00+00:00,4849.896,4871.035,4849.886,4865.859,8709.0,0.0,1049.0,0.7547874604000698
2026-01-21 05:00:00+00:00,4865.937,4874.202,4858.853,4868.71,8359.0,0.0,-350.0,0.1806632353899348
2026-01-21 05:30:00+00:00,4868.677,4878.241,4863.734,4869.955,13337.0,0.0,4978.0,0.08809540221963755
2026-01-21 06:00:00+00:00,4870.011,4888.495,4864.423,4883.956,11847.0,0.0,-1490.0,0.5793037554004504
2026-01-21 06:30:00+00:00,4883.954,4887.33,4845.479,4847.64,20127.0,0.0,8280.0,0.8676973071133233
2026-01-21 07:00:00+00:00,4847.583,4850.633,4832.476,4849.003,17064.0,0.0,-3063.0,0.07820675221677925
2026-01-21 07:30:00+00:00,4849.047,4857.196,4838.733,4855.166,11511.0,0.0,-5553.0,0.3314195959486911
2026-01-21 08:00:00+00:00,4855.142,4869.713,4853.69,4866.976,8789.0,0.0,-2722.0,0.7385633152343338
2026-01-21 08:30:00+00:00,4866.931,4868.091,4851.529,4854.677,9645.0,0.0,856.0,0.7398864871392332
2026-01-21 09:00:00+00:00,4854.713,4876.759,4852.333,4875.649,8510.0,0.0,-1135.0,0.8571194628674476
2026-01-21 09:30:00+00:00,4875.621,4877.102,4859.063,4860.292,8520.0,0.0,10.0,0.8497699429014872
2026-01-21 10:00:00+00:00,4860.243,4866.713,4859.458,4860.451,7025.0,0.0,-1495.0,0.02866988283936951
2026-01-21 10:30:00+00:00,4860.425,4866.752,4860.055,4862.18,6127.0,0.0,-898.0,0.26205763774825724
2026-01-21 11:00:00+00:00,4862.22,4871.558,4860.879,4866.918,5438.0,0.0,-689.0,0.4399288322876086
2026-01-21 11:30:00+00:00,4866.894,4867.355,4855.195,4866.812,6777.0,0.0,1339.0,0.006743421052659184
2026-01-21 12:00:00+00:00,4866.845,4867.575,4855.777,4864.694,7855.0,0.0,1078.0,0.18231903712492634
2026-01-21 12:30:00+00:00,4864.648,4870.963,4856.757,4865.009,7171.0,0.0,-684.0,0.02541179783189307
2026-01-21 13:00:00+00:00,4865.061,4871.319,4858.418,4867.91,14918.0,0.0,7747.0,0.22083559413998874
2026-01-21 13:30:00+00:00,4867.95,4880.344,4866.962,4879.398,12041.0,0.0,-2877.0,0.8554775070991374
2026-01-21 14:00:00+00:00,4879.338,4880.975,4839.203,4860.767,36160.0,0.0,24119.0,0.444580101503398
2026-01-21 14:30:00+00:00,4860.73,4872.419,4846.522,4852.15,32444.0,0.0,-3716.0,0.3313125072402189
2026-01-21 15:00:00+00:00,4851.99,4868.666,4812.704,4831.259,35392.0,0.0,2948.0,0.37044780386690257
2026-01-21 15:30:00+00:00,4831.136,4854.614,4829.102,4847.815,26939.0,0.0,-8453.0,0.6537707745374476
2026-01-21 16:00:00+00:00,4847.861,4855.79,4829.091,4839.852,20911.0,0.0,-6028.0,0.299973781789585
2026-01-21 16:30:00+00:00,4839.824,4849.781,4819.511,4833.336,22830.0,0.0,1919.0,0.21433762801451853
2026-01-21 17:00:00+00:00,4833.39,4834.351,4814.505,4821.102,20849.0,0.0,-1981.0,0.6191675904464751
2026-01-21 17:30:00+00:00,4821.141,4827.673,4802.543,4826.18,23129.0,0.0,2280.0,0.20051730998808784
2026-01-21 18:00:00+00:00,4826.147,4837.097,4819.804,4834.12,16699.0,0.0,-6430.0,0.4610536055051241
2026-01-21 18:30:00+00:00,4834.155,4850.735,4830.56,4850.147,11869.0,0.0,-4830.0,0.7926641883519586
2026-01-21 19:00:00+00:00,4850.041,4854.103,4805.206,4815.979,22061.0,0.0,10192.0,0.6966071538131162
2026-01-21 19:30:00+00:00,4816.0,4821.348,4755.85,4781.264,66875.0,0.0,44814.0,0.5303368041772282
2026-01-21 20:00:00+00:00,4781.229,4801.099,4772.325,4797.521,31540.0,0.0,-35335.0,0.5662056022798105
2026-01-21 20:30:00+00:00,4797.478,4827.834,4796.472,4826.665,24529.0,0.0,-7011.0,0.930648555576807
2026-01-21 21:00:00+00:00,4826.613,4838.487,4813.273,4832.748,10441.0,0.0,-14088.0,0.24331720472750548
2026-01-21 21:30:00+00:00,4832.741,4839.807,4828.074,4828.746,6751.0,0.0,-3690.0,0.34049262763145244
2026-01-21 23:00:00+00:00,4831.025,4831.112,4785.0,4795.004,8453.0,0.0,1702.0,0.7811632546842399
2026-01-21 23:30:00+00:00,4795.089,4801.693,4777.636,4778.381,9296.0,0.0,843.0,0.6945171883443395
2026-01-22 00:00:00+00:00,4778.317,4794.233,4778.121,4782.595,11605.0,0.0,2309.0,0.2655163853028939
2026-01-22 00:30:00+00:00,4782.514,4798.831,4780.267,4798.16,10935.0,0.0,-670.0,0.8428140486963732
2026-01-22 01:00:00+00:00,4798.089,4809.639,4772.208,4795.981,22578.0,0.0,11643.0,0.05631695653335863
2026-01-22 01:30:00+00:00,4796.015,4804.744,4793.399,4797.915,12929.0,0.0,-9649.0,0.16747465843981893
2026-01-22 02:00:00+00:00,4797.796,4798.37,4786.453,4787.721,12398.0,0.0,-531.0,0.8454308970379444
2026-01-22 02:30:00+00:00,4787.693,4792.655,4774.904,4788.979,11700.0,0.0,-698.0,0.07244662272548641
2026-01-22 03:00:00+00:00,4788.965,4796.003,4784.157,4792.639,8837.0,0.0,-2863.0,0.3101468850244908
2026-01-22 03:30:00+00:00,4792.615,4796.993,4790.159,4796.604,5427.0,0.0,-3410.0,0.5836991513023199
2026-01-22 04:00:00+00:00,4796.582,4800.519,4794.603,4796.043,5696.0,0.0,269.0,0.09110885733614843
2026-01-22 04:30:00+00:00,4796.016,4798.41,4793.855,4797.355,5826.0,0.0,130.0,0.2939626783753801
2026-01-22 05:00:00+00:00,4797.386,4801.554,4793.688,4795.434,5506.0,0.0,-320.0,0.24815662344269376
2026-01-22 05:30:00+00:00,4795.442,4821.628,4795.179,4821.283,9415.0,0.0,3909.0,0.9770123634164137
2026-01-22 06:00:00+00:00,4821.311,4829.247,4816.425,4825.573,9869.0,0.0,454.0,0.3323974418967858
2026-01-22 06:30:00+00:00,4825.551,4828.105,4821.359,4826.534,5950.0,0.0,-3919.0,0.1457159798398138
2026-01-22 07:00:00+00:00,4826.574,4838.129,4825.664,4837.12,7302.0,0.0,1352.0,0.8460489370236786
2026-01-22 07:30:00+00:00,4837.073,4838.815,4830.672,4832.684,6587.0,0.0,-715.0,0.5389905440255567
2026-01-22 08:00:00+00:00,4832.659,4835.648,4824.334,4826.358,7093.0,0.0,506.0,0.5569206293087596
2026-01-22 08:30:00+00:00,4826.344,4831.931,4822.389,4830.719,6834.0,0.0,-259.0,0.45849926640119965
2026-01-22 09:00:00+00:00,4830.615,4838.0,4828.063,4829.513,6331.0,0.0,-503.0,0.11089866156786485
2026-01-22 09:30:00+00:00,4829.481,4831.067,4813.895,4823.101,9777.0,0.0,3446.0,0.3715350570696639
2026-01-22 10:00:00+00:00,4823.059,4827.56,4819.211,4826.886,6567.0,0.0,-3210.0,0.4583782488921011
2026-01-22 10:30:00+00:00,4826.817,4831.851,4823.881,4829.026,4803.0,0.0,-1764.0,0.2771643663739039
2026-01-22 11:00:00+00:00,4829.046,4831.759,4824.504,4827.759,4849.0,0.0,46.0,0.17739490006895142
2026-01-22 11:30:00+00:00,4827.784,4836.466,4825.166,4831.124,5652.0,0.0,803.0,0.2955752212389462
2026-01-22 12:00:00+00:00,4831.108,4832.498,4823.494,4831.618,6996.0,0.0,1344.0,0.05664149266994931
2026-01-22 12:30:00+00:00,4831.579,4832.56,4818.87,4819.839,5626.0,0.0,-1370.0,0.8575602629656205
2026-01-22 13:00:00+00:00,4819.903,4835.273,4816.015,4828.121,12887.0,0.0,7261.0,0.42673174784504764
2026-01-22 13:30:00+00:00,4827.928,4827.928,4810.693,4822.181,13853.0,0.0,966.0,0.33344937626924326
2026-01-22 14:00:00+00:00,4822.115,4830.537,4820.386,4829.35,8790.0,0.0,-5063.0,0.7127376613142248
2026-01-22 14:30:00+00:00,4829.374,4847.751,4828.147,4835.251,25265.0,0.0,16475.0,0.29978575800858637
2026-01-22 15:00:00+00:00,4835.156,4856.106,4826.868,4853.97,19056.0,0.0,-6209.0,0.6434776660510537
2026-01-22 15:30:00+00:00,4854.055,4873.721,4853.38,4871.71,16363.0,0.0,-2693.0,0.8679514281500532
2026-01-22 16:00:00+00:00,4871.756,4880.751,4868.085,4875.81,14369.0,0.0,-1994.0,0.32006947734091534
2026-01-22 16:30:00+00:00,4875.924,4885.521,4873.018,4878.08,11719.0,0.0,-2650.0,0.17243861473246425
2026-01-22 17:00:00+00:00,4877.958,4894.059,4869.724,4889.928,19321.0,0.0,7602.0,0.4918841175262066
2026-01-22 17:30:00+00:00,4889.958,4906.342,4889.223,4904.519,13209.0,0.0,-6112.0,0.8505753840762235
2026-01-22 18:00:00+00:00,4904.48,4915.449,4901.254,4910.108,15041.0,0.0,1832.0,0.3964776329694066
2026-01-22 18:30:00+00:00,4910.136,4919.38,4907.401,4915.979,9546.0,0.0,-5495.0,0.48777026462974504
2026-01-22 19:00:00+00:00,4915.933,4924.477,4909.579,4914.794,8580.0,0.0,-966.0,0.07645321519667829
2026-01-22 19:30:00+00:00,4914.837,4918.139,4905.936,4911.663,8694.0,0.0,114.0,0.26009997541594493
2026-01-22 20:00:00+00:00,4911.7,4928.411,4911.393,4925.645,7347.0,0.0,-1347.0,0.8194264895992828
2026-01-22 20:30:00+00:00,4925.656,4927.101,4914.134,4916.994,9923.0,0.0,2576.0,0.6680033932290044
2026-01-22 21:00:00+00:00,4916.946,4925.318,4914.521,4925.058,4920.0,0.0,-5003.0,0.7513198110586014
2026-01-22 21:30:00+00:00,4925.026,4940.818,4923.978,4936.22,6598.0,0.0,1678.0,0.6647268408551258
2026-01-22 23:00:00+00:00,4944.346,4959.858,4939.335,4940.281,8582.0,0.0,1984.0,0.1980704575354272
2026-01-22 23:30:00+00:00,4940.304,4960.587,4930.713,4958.972,8980.0,0.0,398.0,0.6248912097475806
2026-01-23 00:00:00+00:00,4959.011,4963.38,4948.065,4952.101,8417.0,0.0,-563.0,0.4511916421809033
2026-01-23 00:30:00+00:00,4952.09,4965.781,4947.585,4965.051,8066.0,0.0,-351.0,0.7122994064629755
2026-01-23 01:00:00+00:00,4965.085,4967.535,4936.266,4947.457,24903.0,0.0,16837.0,0.5637532380312632
2026-01-23 01:30:00+00:00,4947.481,4962.989,4946.62,4953.624,11875.0,0.0,-13028.0,0.3752825462765072
2026-01-23 02:00:00+00:00,4953.581,4956.704,4946.884,4952.977,8941.0,0.0,-2934.0,0.06150712830960154
2026-01-23 02:30:00+00:00,4952.968,4962.261,4952.479,4955.589,5936.0,0.0,-3005.0,0.26794111633613305
2026-01-23 03:00:00+00:00,4955.632,4959.015,4938.225,4943.847,10354.0,0.0,4418.0,0.5668590668590608
2026-01-23 03:30:00+00:00,4943.876,4954.527,4942.678,4952.007,6991.0,0.0,-3363.0,0.686218246265448
2026-01-23 04:00:00+00:00,4951.971,4953.665,4950.184,4952.899,3512.0,0.0,-3479.0,0.26659006032773774
2026-01-23 04:30:00+00:00,4952.997,4958.36,4951.977,4956.283,4170.0,0.0,658.0,0.5148049506501888
2026-01-23 05:00:00+00:00,4956.259,4960.136,4954.507,4957.444,3389.0,0.0,-781.0,0.2105169657133112
2026-01-23 05:30:00+00:00,4957.467,4967.307,4956.39,4960.654,6084.0,0.0,2695.0,0.2919300174041371
2026-01-23 06:00:00+00:00,4960.628,4962.959,4945.514,4952.994,11203.0,0.0,5119.0,0.4376038979650411
2026-01-23 06:30:00+00:00,4953.06,4956.21,4950.21,4953.708,7427.0,0.0,-3776.0,0.10799999999987146
2026-01-23 07:00:00+00:00,4953.733,4959.588,4951.863,4956.886,6157.0,0.0,-1270.0,0.4081553398058861
2026-01-23 07:30:00+00:00,4956.916,4958.459,4943.34,4944.413,9453.0,0.0,3296.0,0.8269726833785879
2026-01-23 08:00:00+00:00,4944.349,4947.579,4901.296,4913.396,15741.0,0.0,6288.0,0.6687768727178618
2026-01-23 08:30:00+00:00,4913.331,4926.356,4908.794,4913.776,14871.0,0.0,-870.0,0.025338799681113286
2026-01-23 09:00:00+00:00,4913.884,4920.014,4899.542,4905.309,14393.0,0.0,-478.0,0.41886479093395473
2026-01-23 09:30:00+00:00,4905.432,4921.706,4903.038,4918.577,9721.0,0.0,-4672.0,0.7041461324191146
2026-01-23 10:00:00+00:00,4918.538,4932.374,4915.662,4929.515,8334.0,0.0,-1387.0,0.6568334131163881
2026-01-23 10:30:00+00:00,4929.468,4930.718,4924.497,4929.871,6369.0,0.0,-1965.0,0.06478058190006054
2026-01-23 11:00:00+00:00,4929.821,4929.969,4911.967,4920.838,8746.0,0.0,2377.0,0.4990001110987652
2026-01-23 11:30:00+00:00,4920.885,4926.339,4919.787,4922.962,6365.0,0.0,-2381.0,0.3170024420024919
2026-01-23 12:00:00+00:00,4922.999,4936.997,4918.292,4934.036,8216.0,0.0,1851.0,0.5900561347233523
2026-01-23 12:30:00+00:00,4934.047,4942.585,4932.308,4939.264,7675.0,0.0,-541.0,0.5076384158801723
2026-01-23 13:00:00+00:00,4939.239,4947.993,4923.818,4931.596,21058.0,0.0,13383.0,0.31615305067218086
2026-01-23 13:30:00+00:00,4931.635,4940.772,4927.214,4938.919,17383.0,0.0,-3675.0,0.5372473816196824
2026-01-23 14:00:00+00:00,4938.979,4947.878,4934.756,4939.932,11592.0,0.0,-5791.0,0.07262612406642008
2026-01-23 14:30:00+00:00,4939.895,4956.538,4932.804,4943.153,20161.0,0.0,8569.0,0.13727142495996814
2026-01-23 15:00:00+00:00,4943.231,4955.902,4938.434,4944.79,18521.0,0.0,-1640.0,0.08924891229678326
2026-01-23 15:30:00+00:00,4944.821,4963.375,4943.805,4960.584,13484.0,0.0,-5037.0,0.8054675523760937
2026-01-23 16:00:00+00:00,4960.611,4986.425,4959.077,4985.365,14641.0,0.0,1157.0,0.9051484569255501
2026-01-23 16:30:00+00:00,4985.355,4988.334,4975.529,4980.297,14063.0,0.0,-578.0,0.39500195236237695
2026-01-23 17:00:00+00:00,4980.335,4987.826,4977.323,4983.034,11485.0,0.0,-2578.0,0.2569741978482044
2026-01-23 17:30:00+00:00,4983.071,4988.104,4962.064,4965.998,13226.0,0.0,1741.0,0.6556451612903358
2026-01-23 18:00:00+00:00,4966.032,4984.119,4965.431,4978.703,13319.0,0.0,93.0,0.6780286815068605
2026-01-23 18:30:00+00:00,4978.67,4979.917,4958.231,4966.792,13472.0,0.0,153.0,0.547726643917706
2026-01-23 19:00:00+00:00,4966.818,4978.735,4966.818,4977.329,7931.0,0.0,-5541.0,0.8820172862297547
2026-01-23 19:30:00+00:00,4977.351,4989.804,4974.502,4984.331,8050.0,0.0,119.0,0.4561495229382185
2026-01-23 20:00:00+00:00,4984.297,4985.729,4970.597,4980.946,11019.0,0.0,2969.0,0.2214512291831578
2026-01-23 20:30:00+00:00,4980.983,4984.209,4975.761,4981.517,10808.0,0.0,-211.0,0.06321022727269034
2026-01-23 21:00:00+00:00,4981.478,4986.107,4978.031,4981.849,5438.0,0.0,-5370.0,0.0459385834571686
2026-01-23 21:30:00+00:00,4981.9,4989.05,4980.472,4988.337,3592.0,0.0,-1846.0,0.7504080205176598
2026-01-25 23:00:00+00:00,5019.847,5031.138,5003.575,5018.53,18719.0,0.0,15127.0,0.04778144614156668
2026-01-25 23:30:00+00:00,5018.596,5040.296,5016.564,5039.789,11886.0,0.0,-6833.0,0.893013652452395
2026-01-26 00:00:00+00:00,5039.821,5043.899,5030.552,5042.712,15260.0,0.0,3374.0,0.21660298194353694
2026-01-26 00:30:00+00:00,5042.756,5052.099,5038.159,5041.83,9757.0,0.0,-5503.0,0.0664275466284327
2026-01-26 01:00:00+00:00,5041.689,5075.422,5029.075,5074.312,23313.0,0.0,13556.0,0.7038859041577614
2026-01-26 01:30:00+00:00,5074.215,5085.699,5067.777,5071.195,23623.0,0.0,310.0,0.16850797902022704
2026-01-26 02:00:00+00:00,5071.221,5089.088,5067.022,5087.838,19662.0,0.0,-3961.0,0.7530590048037857
2026-01-26 02:30:00+00:00,5087.769,5093.104,5079.191,5081.12,15583.0,0.0,-4079.0,0.47789836843240996
2026-01-26 03:00:00+00:00,5081.06,5087.955,5071.801,5079.55,16225.0,0.0,642.0,0.09347530023525202
2026-01-26 03:30:00+00:00,5079.579,5083.797,5070.008,5076.541,11206.0,0.0,-5019.0,0.22032054536221693
2026-01-26 04:00:00+00:00,5076.643,5078.008,5071.362,5072.384,7972.0,0.0,-3234.0,0.6408365934396911
2026-01-26 04:30:00+00:00,5072.465,5073.222,5058.121,5070.445,10172.0,0.0,2200.0,0.13376597576322644
2026-01-26 05:00:00+00:00,5070.362,5072.795,5052.31,5065.578,12015.0,0.0,1843.0,0.23353673419573967
2026-01-26 05:30:00+00:00,5065.603,5076.465,5053.241,5074.295,21501.0,0.0,9486.0,0.3742679986221128
2026-01-26 06:00:00+00:00,5074.343,5082.384,5065.319,5075.257,16476.0,0.0,-5025.0,0.05355991796072554
2026-01-26 06:30:00+00:00,5075.294,5111.144,5074.795,5077.886,21511.0,0.0,5035.0,0.07130870175247027
2026-01-26 07:00:00+00:00,5077.807,5095.701,5074.034,5095.302,12862.0,0.0,-8649.0,0.8074491161674248
2026-01-26 07:30:00+00:00,5095.373,5095.63,5085.787,5089.275,8429.0,0.0,-4433.0,0.6195265671035305
2026-01-26 08:00:00+00:00,5089.234,5097.715,5087.332,5096.835,9149.0,0.0,720.0,0.732062024463045
2026-01-26 08:30:00+00:00,5096.769,5098.284,5080.015,5083.341,11289.0,0.0,2140.0,0.735015600197076
2026-01-26 09:00:00+00:00,5083.285,5096.841,5082.318,5096.73,9905.0,0.0,-1384.0,0.9257729119327675
2026-01-26 09:30:00+00:00,5096.653,5098.657,5075.446,5084.082,11589.0,0.0,1684.0,0.5415966567575625
2026-01-26 10:00:00+00:00,5084.113,5091.279,5078.707,5087.424,9714.0,0.0,-1875.0,0.2633630289532026
2026-01-26 10:30:00+00:00,5087.431,5095.074,5085.88,5091.639,7099.0,0.0,-2615.0,0.45768979769423157
2026-01-26 11:00:00+00:00,5091.612,5092.833,5078.591,5087.306,8071.0,0.0,972.0,0.30234517623934226
2026-01-26 11:30:00+00:00,5087.211,5092.439,5083.767,5091.438,5823.0,0.0,-2248.0,0.4874308118080751
2026-01-26 12:00:00+00:00,5091.406,5096.982,5086.227,5090.051,8330.0,0.0,2507.0,0.1259879125987494
2026-01-26 12:30:00+00:00,5090.079,5090.079,5077.224,5078.886,12331.0,0.0,4001.0,0.8707117852975248
2026-01-26 13:00:00+00:00,5078.846,5083.311,5066.067,5072.476,18484.0,0.0,6153.0,0.36940385061470693
2026-01-26 13:30:00+00:00,5072.388,5075.995,5054.528,5068.552,17771.0,0.0,-713.0,0.17869287743980547
2026-01-26 14:00:00+00:00,5068.522,5082.747,5058.257,5078.48,16286.0,0.0,-1485.0,0.40661494487543276
2026-01-26 14:30:00+00:00,5078.443,5096.954,5074.606,5096.269,27531.0,0.0,11245.0,0.7976552711652075
2026-01-26 15:00:00+00:00,5096.318,5097.348,5084.091,5090.226,21954.0,0.0,-5577.0,0.459530813909688
2026-01-26 15:30:00+00:00,5090.288,5095.208,5073.834,5090.917,22471.0,0.0,517.0,0.029428277346347006
2026-01-26 16:00:00+00:00,5090.819,5104.997,5070.604,5075.635,22740.0,0.0,269.0,0.44148518593900454
2026-01-26 16:30:00+00:00,5075.676,5094.428,5065.288,5089.514,28430.0,0.0,5690.0,0.47487989018529797
2026-01-26 17:00:00+00:00,5089.562,5097.455,5080.781,5088.511,18149.0,0.0,-10281.0,0.06303226580301532
2026-01-26 17:30:00+00:00,5088.41,5105.153,5082.28,5100.936,14776.0,0.0,-3373.0,0.547632579897677
2026-01-26 18:00:00+00:00,5100.974,5103.276,5076.541,5085.014,29204.0,0.0,14428.0,0.5969702636992793
2026-01-26 18:30:00+00:00,5084.987,5085.43,5057.875,5068.873,34268.0,0.0,5064.0,0.5847940482671137
2026-01-26 19:00:00+00:00,5069.015,5069.722,5020.286,5027.403,53143.0,0.0,18875.0,0.841734768185135
2026-01-26 19:30:00+00:00,5027.376,5043.682,5008.218,5028.697,48717.0,0.0,-4426.0,0.03724904128129695
2026-01-26 20:00:00+00:00,5028.662,5056.737,5026.17,5056.124,32634.0,0.0,-16083.0,0.8984198645598039
2026-01-26 20:30:00+00:00,5056.165,5062.342,5035.732,5055.193,28722.0,0.0,-3912.0,0.03652762119503061
2026-01-26 21:00:00+00:00,5055.251,5059.292,5011.334,5020.537,26418.0,0.0,-2304.0,0.7238416948162882
2026-01-26 21:30:00+00:00,5020.587,5020.996,4989.632,5009.206,26568.0,0.0,150.0,0.36286825659992783
2026-01-26 23:00:00+00:00,5029.858,5049.987,5018.873,5045.229,11977.0,0.0,-14591.0,0.49402198367294
2026-01-26 23:30:00+00:00,5045.302,5061.533,5040.631,5043.629,8006.0,0.0,-3971.0,0.08004018754185106
2026-01-27 00:00:00+00:00,5043.588,5053.998,5038.504,5045.039,9096.0,0.0,1090.0,0.09364915451142708
2026-01-27 00:30:00+00:00,5045.005,5049.825,5013.485,5032.697,17506.0,0.0,8410.0,0.33869014859658625
2026-01-27 01:00:00+00:00,5032.725,5075.924,5018.832,5066.718,36128.0,0.0,18622.0,0.5954074125972062
2026-01-27 01:30:00+00:00,5066.746,5070.524,5054.493,5060.4,18688.0,0.0,-17440.0,0.3958580250764443
2026-01-27 02:00:00+00:00,5060.365,5070.324,5049.591,5068.033,15239.0,0.0,-3449.0,0.3698451743597572
2026-01-27 02:30:00+00:00,5068.097,5079.843,5065.543,5072.436,11661.0,0.0,-3578.0,0.3034265734265655
2026-01-27 03:00:00+00:00,5072.477,5073.89,5060.201,5064.822,12038.0,0.0,377.0,0.5592081233106563
2026-01-27 03:30:00+00:00,5064.782,5079.121,5064.237,5076.871,9894.0,0.0,-2144.0,0.8122144584788988
2026-01-27 04:00:00+00:00,5076.808,5078.61,5068.482,5074.739,7666.0,0.0,-2228.0,0.20428515007903592
2026-01-27 04:30:00+00:00,5074.799,5075.344,5061.513,5067.968,9307.0,0.0,1641.0,0.4938905357530234
2026-01-27 05:00:00+00:00,5067.919,5068.597,5057.336,5064.421,10069.0,0.0,762.0,0.3106296066068505
2026-01-27 05:30:00+00:00,5064.473,5085.288,5059.988,5082.99,11909.0,0.0,1840.0,0.7318972332015952
2026-01-27 06:00:00+00:00,5082.906,5087.691,5076.573,5082.207,10895.0,0.0,-1014.0,0.06287101996758832
2026-01-27 06:30:00+00:00,5082.288,5094.066,5078.916,5085.824,11092.0,0.0,197.0,0.23339933993400286
2026-01-27 07:00:00+00:00,5085.868,5094.582,5081.597,5087.93,14286.0,0.0,3194.0,0.15879861378512172
2026-01-27 07:30:00+00:00,5087.965,5100.962,5086.006,5086.128,13984.0,0.0,-302.0,0.12282695907999651
2026-01-27 08:00:00+00:00,5086.063,5088.356,5075.364,5077.559,11668.0,0.0,-2316.0,0.6545566502462886
2026-01-27 08:30:00+00:00,5077.609,5085.414,5073.299,5079.418,10989.0,0.0,-679.0,0.14931902600076927
2026-01-27 09:00:00+00:00,5079.353,5088.583,5077.94,5088.26,8879.0,0.0,-2110.0,0.836888095461818
2026-01-27 09:30:00+00:00,5088.227,5099.601,5082.989,5098.723,10064.0,0.0,1185.0,0.6318324103058057
2026-01-27 10:00:00+00:00,5098.693,5098.693,5087.708,5088.267,9047.0,0.0,-1017.0,0.9491124260354877
2026-01-27 10:30:00+00:00,5088.219,5089.131,5081.89,5086.163,8532.0,0.0,-515.0,0.2839386825024857
2026-01-27 11:00:00+00:00,5086.201,5090.949,5083.745,5086.878,6936.0,0.0,-1596.0,0.09397556912822125
2026-01-27 11:30:00+00:00,5086.905,5088.179,5066.82,5076.734,10248.0,0.0,3312.0,0.47619270565097555
2026-01-27 12:00:00+00:00,5076.702,5082.638,5073.588,5078.912,11897.0,0.0,1649.0,0.24419889502762343
2026-01-27 12:30:00+00:00,5078.888,5091.21,5078.111,5085.037,10467.0,0.0,-1430.0,0.4694251469578034
2026-01-27 13:00:00+00:00,5085.017,5092.975,5076.097,5080.958,21154.0,0.0,10687.0,0.2404905794525447
2026-01-27 13:30:00+00:00,5080.906,5085.782,5069.493,5077.456,17565.0,0.0,-3589.0,0.21179937381053895
2026-01-27 14:00:00+00:00,5077.494,5077.494,5046.496,5059.602,35338.0,0.0,17773.0,0.5771985289373528
2026-01-27 14:30:00+00:00,5059.669,5082.465,5050.917,5054.261,42184.0,0.0,6846.0,0.17142132623302542
2026-01-27 15:00:00+00:00,5054.226,5077.014,5047.509,5069.332,39083.0,0.0,-3101.0,0.5119810201660946
2026-01-27 15:30:00+00:00,5069.276,5091.466,5068.886,5091.077,22616.0,0.0,-16467.0,0.9655004428698165
2026-01-27 16:00:00+00:00,5091.04,5103.13,5083.656,5098.591,19819.0,0.0,-2797.0,0.38774776625245577
2026-01-27 16:30:00+00:00,5098.565,5099.548,5083.378,5087.504,19613.0,0.0,-206.0,0.6840445269016477
2026-01-27 17:00:00+00:00,5087.454,5094.217,5079.176,5087.36,20521.0,0.0,908.0,0.0062495844691214395
2026-01-27 17:30:00+00:00,5087.408,5089.685,5076.677,5081.34,20093.0,0.0,-428.0,0.4664821648216386
2026-01-27 18:00:00+00:00,5081.31,5088.82,5076.186,5084.987,21152.0,0.0,1059.0,0.2910400506569317
2026-01-27 18:30:00+00:00,5084.939,5095.426,5084.939,5088.052,11893.0,0.0,-9259.0,0.2968437112615
2026-01-27 19:00:00+00:00,5088.006,5090.941,5081.171,5087.859,9498.0,0.0,-2395.0,0.015046059365398325
2026-01-27 19:30:00+00:00,5087.833,5099.999,5087.573,5098.926,7588.0,0.0,-1910.0,0.8927249315951412
2026-01-27 20:00:00+00:00,5098.952,5151.576,5097.854,5141.695,42142.0,0.0,34554.0,0.7956330739734128
2026-01-27 20:30:00+00:00,5141.645,5182.485,5132.686,5176.499,48452.0,0.0,6310.0,0.699893572160071
2026-01-27 21:00:00+00:00,5176.597,5188.253,5169.466,5173.892,21880.0,0.0,-26572.0,0.14398254111885989
2026-01-27 21:30:00+00:00,5173.88,5190.49,5171.52,5180.515,12078.0,0.0,-9802.0,0.3497627833421427
2026-01-27 23:00:00+00:00,5177.132,5177.256,5159.074,5170.294,6515.0,0.0,-5563.0,0.37608623913757977
2026-01-27 23:30:00+00:00,5170.319,5176.788,5163.787,5172.433,9705.0,0.0,3190.0,0.16260287670176854
2026-01-28 00:00:00+00:00,5172.389,5173.165,5157.059,5163.237,11371.0,0.0,1666.0,0.5682354402086288
2026-01-28 00:30:00+00:00,5163.214,5180.1,5163.153,5171.933,10816.0,0.0,-555.0,0.5144863397651497
2026-01-28 01:00:00+00:00,5171.877,5202.273,5168.738,5194.024,33429.0,0.0,22613.0,0.6604144923214561
2026-01-28 01:30:00+00:00,5193.915,5225.257,5186.39,5204.765,28510.0,0.0,-4919.0,0.2791571255821279
2026-01-28 02:00:00+00:00,5204.737,5220.847,5201.611,5218.35,20920.0,0.0,-7590.0,0.7076835100852761
2026-01-28 02:30:00+00:00,5218.248,5234.402,5216.678,5231.849,19036.0,0.0,-1884.0,0.7673775671406254
2026-01-28 03:00:00+00:00,5231.804,5247.78,5230.311,5237.295,18065.0,0.0,-971.0,0.3143282385940792
2026-01-28 03:30:00+00:00,5237.269,5244.582,5224.554,5235.049,14156.0,0.0,-3909.0,0.11084481725585317
2026-01-28 04:00:00+00:00,5234.986,5241.266,5232.359,5238.111,8260.0,0.0,-5896.0,0.35084764791739814
2026-01-28 04:30:00+00:00,5238.088,5248.97,5233.698,5245.639,8572.0,0.0,312.0,0.49443425877425473
2026-01-28 05:00:00+00:00,5245.583,5261.86,5241.647,5259.185,12350.0,0.0,3778.0,0.6729332607728169
2026-01-28 05:30:00+00:00,5259.109,5266.523,5251.17,5261.216,15656.0,0.0,3306.0,0.1372370220803727
2026-01-28 06:00:00+00:00,5261.187,5265.611,5252.097,5255.659,12782.0,0.0,-2874.0,0.4090572739381528
2026-01-28 06:30:00+00:00,5255.717,5271.39,5255.102,5269.84,13314.0,0.0,532.0,0.8670800589391023
2026-01-28 07:00:00+00:00,5269.915,5284.08,5263.0,5281.07,13412.0,0.0,98.0,0.5291745730550182
2026-01-28 07:30:00+00:00,5281.114,5292.803,5272.09,5290.397,13016.0,0.0,-396.0,0.4481726451986904
2026-01-28 08:00:00+00:00,5290.353,5301.068,5286.419,5299.399,17879.0,0.0,4863.0,0.6175165540309964
2026-01-28 08:30:00+00:00,5299.431,5311.542,5280.758,5293.649,20431.0,0.0,2552.0,0.1878248440748161
2026-01-28 09:00:00+00:00,5293.589,5297.426,5268.489,5275.621,17627.0,0.0,-2804.0,0.6209351349483134
2026-01-28 09:30:00+00:00,5275.659,5280.327,5262.838,5277.991,12272.0,0.0,-5355.0,0.13334095717309563
2026-01-28 10:00:00+00:00,5278.033,5285.636,5272.729,5278.421,9836.0,0.0,-2436.0,0.03006120709691759
2026-01-28 10:30:00+00:00,5278.49,5280.547,5269.319,5269.962,11845.0,0.0,2009.0,0.7595297470609172
2026-01-28 11:00:00+00:00,5269.973,5270.792,5238.576,5259.27,22547.0,0.0,10702.0,0.3322262229947667
2026-01-28 11:30:00+00:00,5259.366,5267.766,5252.041,5261.638,10246.0,0.0,-12301.0,0.14448330683624885
2026-01-28 12:00:00+00:00,5261.7,5268.909,5251.651,5261.233,18074.0,0.0,7828.0,0.027059914242649703
2026-01-28 12:30:00+00:00,5261.303,5279.236,5261.303,5279.157,11780.0,0.0,-6294.0,0.9955947136564031
2026-01-28 13:00:00+00:00,5279.124,5289.585,5268.697,5281.802,23412.0,0.0,11632.0,0.128207583301412
2026-01-28 13:30:00+00:00,5281.755,5285.653,5257.022,5266.626,21410.0,0.0,-2002.0,0.528413258356318
2026-01-28 14:00:00+00:00,5266.654,5270.765,5248.485,5259.194,23099.0,0.0,1689.0,0.3348294434470295
2026-01-28 14:30:00+00:00,5259.236,5288.677,5250.358,5286.064,38259.0,0.0,15160.0,0.7001226545578114
2026-01-28 15:00:00+00:00,5286.172,5298.152,5235.248,5269.512,78116.0,0.0,39857.0,0.26484802238331007
2026-01-28 15:30:00+00:00,5269.546,5284.096,5266.413,5278.235,32071.0,0.0,-46045.0,0.4913758977548719
2026-01-28 16:00:00+00:00,5278.276,5293.128,5274.47,5287.327,27544.0,0.0,-4527.0,0.48510022510454787
2026-01-28 16:30:00+00:00,5287.372,5300.199,5276.11,5299.753,24691.0,0.0,-2853.0,0.5139690315081338
2026-01-28 17:00:00+00:00,5299.79,5307.037,5288.845,5302.6,19582.0,0.0,-5109.0,0.15446350043977566
2026-01-28 17:30:00+00:00,5302.638,5304.769,5283.043,5298.136,20748.0,0.0,1166.0,0.20721715916410663
2026-01-28 18:00:00+00:00,5298.233,5326.162,5292.613,5305.354,25346.0,0.0,4598.0,0.21225669915646067
2026-01-28 18:30:00+00:00,5305.387,5308.32,5268.483,5283.597,42434.0,0.0,17088.0,0.5469789391771523
2026-01-28 19:00:00+00:00,5283.487,5301.997,5269.346,5283.444,41150.0,0.0,-1284.0,0.0013169581329718636
2026-01-28 19:30:00+00:00,5283.477,5332.236,5281.05,5325.429,38049.0,0.0,-3101.0,0.8195991091314124
2026-01-28 20:00:00+00:00,5325.374,5355.81,5320.898,5354.578,32414.0,0.0,-5635.0,0.8365032080660063
2026-01-28 20:30:00+00:00,5354.545,5391.525,5353.085,5376.793,51457.0,0.0,19043.0,0.5787721123829299
2026-01-28 21:00:00+00:00,5376.828,5396.455,5376.828,5384.518,23668.0,0.0,-27789.0,0.3918072043613286
2026-01-28 21:30:00+00:00,5384.547,5417.555,5380.697,5417.504,15873.0,0.0,-7795.0,0.8941613760920337
2026-01-28 23:00:00+00:00,5448.139,5496.051,5432.519,5490.344,32377.0,0.0,16504.0,0.6643108984448755
2026-01-28 23:30:00+00:00,5490.368,5570.018,5484.165,5513.022,31527.0,0.0,-850.0,0.2638696376364195
2026-01-29 00:00:00+00:00,5512.989,5513.736,5450.422,5497.464,30191.0,0.0,-1336.0,0.24520643143695803
2026-01-29 00:30:00+00:00,5497.516,5527.276,5492.856,5520.301,33737.0,0.0,3546.0,0.6619697850087367
2026-01-29 01:00:00+00:00,5520.413,5526.926,5445.471,5507.285,54957.0,0.0,21220.0,0.16116874347798868
2026-01-29 01:30:00+00:00,5507.325,5551.669,5507.325,5545.787,45240.0,0.0,-9717.0,0.867355222803545
2026-01-29 02:00:00+00:00,5545.74,5546.369,5504.551,5525.707,35744.0,0.0,-9496.0,0.47905208283513756
2026-01-29 02:30:00+00:00,5525.78,5550.123,5518.459,5535.797,29094.0,0.0,-6650.0,0.31635295603840013
2026-01-29 03:00:00+00:00,5535.774,5548.62,5508.482,5522.341,31765.0,0.0,2671.0,0.3346703871642837
2026-01-29 03:30:00+00:00,5522.366,5548.925,5520.218,5545.769,19734.0,0.0,-12031.0,0.8152367018497222
2026-01-29 04:00:00+00:00,5545.731,5552.634,5533.596,5546.906,16080.0,0.0,-3654.0,0.06171866792731133
2026-01-29 04:30:00+00:00,5546.899,5564.593,5545.217,5558.391,19311.0,0.0,3231.0,0.5931048720065627
2026-01-29 05:00:00+00:00,5558.328,5560.942,5516.108,5542.031,26961.0,0.0,7650.0,0.3634964535843454
2026-01-29 05:30:00+00:00,5542.078,5564.481,5540.977,5562.619,23201.0,0.0,-3760.0,0.873936351259332
2026-01-29 06:00:00+00:00,5562.647,5595.349,5562.602,5585.943,26059.0,0.0,2858.0,0.7113934100833684
2026-01-29 06:30:00+00:00,5585.89,5587.811,5554.806,5561.687,27398.0,0.0,1339.0,0.7333131343735904
2026-01-29 07:00:00+00:00,5561.609,5575.005,5536.964,5541.58,27511.0,0.0,113.0,0.5265108698509599
2026-01-29 07:30:00+00:00,5541.61,5557.854,5541.61,5548.984,24967.0,0.0,-2544.0,0.4539522285151708
2026-01-29 08:00:00+00:00,5548.949,5554.941,5522.961,5530.133,32030.0,0.0,7063.0,0.5883677298311464
2026-01-29 08:30:00+00:00,5530.085,5530.448,5473.966,5509.804,37744.0,0.0,5714.0,0.3590701462412797
2026-01-29 09:00:00+00:00,5509.714,5518.93,5498.018,5516.157,22840.0,0.0,-14904.0,0.3081006120887591
2026-01-29 09:30:00+00:00,5516.12,5529.684,5511.378,5514.147,16850.0,0.0,-5990.0,0.10777887031573817
2026-01-29 10:00:00+00:00,5514.115,5525.283,5501.854,5510.333,14215.0,0.0,-2635.0,0.16142387639251093
2026-01-29 10:30:00+00:00,5510.296,5510.296,5482.215,5483.389,17981.0,0.0,3766.0,0.9581923720665229
2026-01-29 11:00:00+00:00,5483.437,5516.319,5470.739,5515.762,15146.0,0.0,-2835.0,0.7091926283457487
2026-01-29 11:30:00+00:00,5515.788,5528.813,5508.507,5522.666,10718.0,0.0,-4428.0,0.3387176204077831
2026-01-29 12:00:00+00:00,5522.639,5542.958,5518.484,5540.807,10355.0,0.0,-363.0,0.7423388085315119
2026-01-29 12:30:00+00:00,5540.833,5542.483,5526.207,5534.234,13152.0,0.0,2797.0,0.40544359793556867
2026-01-29 13:00:00+00:00,5534.27,5540.864,5508.076,5519.78,17940.0,0.0,4788.0,0.4419299743808981
2026-01-29 13:30:00+00:00,5519.52,5530.953,5500.205,5510.376,15761.0,0.0,-2179.0,0.2973851957850944
2026-01-29 14:00:00+00:00,5510.403,5549.504,5510.403,5543.858,22133.0,0.0,6372.0,0.855604715991924
2026-01-29 14:30:00+00:00,5543.833,5545.575,5491.126,5497.64,40033.0,0.0,17900.0,0.848371870925079
2026-01-29 15:00:00+00:00,5497.341,5497.341,5094.978,5191.366,69510.0,0.0,29477.0,0.7604451701572962
2026-01-29 15:30:00+00:00,5191.405,5257.786,5105.172,5182.895,71563.0,0.0,2053.0,0.055761594611236726
2026-01-29 16:00:00+00:00,5182.78,5297.026,5172.031,5289.981,51184.0,0.0,-20379.0,0.8576423056922287
2026-01-29 16:30:00+00:00,5290.046,5311.274,5228.582,5264.023,40749.0,0.0,-10435.0,0.31469791515503476
2026-01-29 17:00:00+00:00,5264.077,5368.047,5264.077,5362.846,38147.0,0.0,-2602.0,0.9499759546022886
2026-01-29 17:30:00+00:00,5362.768,5375.46,5314.719,5335.284,32695.0,0.0,-5452.0,0.4524785564939725
2026-01-29 18:00:00+00:00,5335.335,5359.123,5307.978,5330.455,30351.0,0.0,-2344.0,0.09541499657835867
2026-01-29 18:30:00+00:00,5330.358,5362.127,5322.387,5339.037,26184.0,0.0,-4167.0,0.21839456467035573
2026-01-29 19:00:00+00:00,5339.098,5345.338,5304.199,5318.275,30227.0,0.0,4043.0,0.5061620360242168
2026-01-29 19:30:00+00:00,5318.324,5327.457,5290.22,5305.702,25053.0,0.0,-5174.0,0.33896393372181866
2026-01-29 20:00:00+00:00,5305.771,5325.86,5282.791,5318.142,18808.0,0.0,-6245.0,0.2872367596182924
2026-01-29 20:30:00+00:00,5318.287,5407.072,5310.137,5394.512,23617.0,0.0,4809.0,0.786351678960119
2026-01-29 21:00:00+00:00,5394.432,5425.967,5383.023,5411.796,16323.0,0.0,-7294.0,0.40434053651268365
2026-01-29 21:30:00+00:00,5411.772,5412.474,5374.608,5377.505,13645.0,0.0,-2678.0,0.9049543125759214
2026-01-29 23:00:00+00:00,5400.815,5448.551,5388.252,5416.758,24915.0,0.0,11270.0,0.26439907792832745
2026-01-29 23:30:00+00:00,5416.712,5448.184,5406.841,5438.589,15285.0,0.0,-9630.0,0.5291585032532612
2026-01-30 00:00:00+00:00,5438.551,5450.946,5418.943,5426.689,24417.0,0.0,9132.0,0.37065275130457115
2026-01-30 00:30:00+00:00,5426.732,5436.403,5389.899,5407.066,31688.0,0.0,7271.0,0.4228883536900096
2026-01-30 01:00:00+00:00,5407.098,5409.744,5301.552,5357.293,72781.0,0.0,41093.0,0.4603390269151165
2026-01-30 01:30:00+00:00,5357.255,5372.996,5291.364,5301.712,57950.0,0.0,-14831.0,0.6804071932575376
2026-01-30 02:00:00+00:00,5301.612,5312.879,5112.046,5171.983,144407.0,0.0,86457.0,0.6454566729571343
2026-01-30 02:30:00+00:00,5171.955,5246.314,5139.58,5224.736,92412.0,0.0,-51995.0,0.4945097157419357
2026-01-30 03:00:00+00:00,5224.816,5229.882,5166.959,5199.655,56256.0,0.0,-36156.0,0.3998696819922786
2026-01-30 03:30:00+00:00,5199.679,5222.031,5150.709,5196.573,55828.0,0.0,-428.0,0.043548975070802305
2026-01-30 04:00:00+00:00,5196.535,5230.854,5193.79,5210.518,36941.0,0.0,-18887.0,0.3772663500971309
2026-01-30 04:30:00+00:00,5210.587,5227.031,5200.183,5214.833,23886.0,0.0,-13055.0,0.15814958283668026
2026-01-30 05:00:00+00:00,5214.771,5241.616,5203.593,5230.257,25309.0,0.0,1423.0,0.40727980432895405
2026-01-30 05:30:00+00:00,5230.205,5239.903,5180.053,5184.845,35638.0,0.0,10329.0,0.7578947368420952
2026-01-30 06:00:00+00:00,5184.981,5205.301,5156.829,5157.118,42954.0,0.0,7316.0,0.5748267040765596
2026-01-30 06:30:00+00:00,5157.177,5179.562,5145.544,5155.843,40861.0,0.0,-2093.0,0.03921453348226914
2026-01-30 07:00:00+00:00,5155.919,5186.706,5124.007,5175.047,40031.0,0.0,-830.0,0.3050766359909973
2026-01-30 07:30:00+00:00,5175.016,5184.927,5117.625,5181.217,48845.0,0.0,8814.0,0.09213693500936156
2026-01-30 08:00:00+00:00,5181.171,5181.171,5133.025,5152.342,40676.0,0.0,-8169.0,0.5987828687741505
2026-01-30 08:30:00+00:00,5152.385,5154.964,5055.99,5117.325,71375.0,0.0,30699.0,0.3542344454099091
2026-01-30 09:00:00+00:00,5117.33,5132.854,5014.367,5028.571,85224.0,0.0,13849.0,0.7491032771527675
2026-01-30 09:30:00+00:00,5028.524,5068.842,4940.267,5013.603,115963.0,0.0,30739.0,0.11604899863892901
2026-01-30 10:00:00+00:00,5013.49,5076.415,5001.005,5059.684,60446.0,0.0,-55517.0,0.6125712770189696
2026-01-30 10:30:00+00:00,5059.73,5122.632,5054.742,5119.757,47827.0,0.0,-12619.0,0.8841802916482627
2026-01-30 11:00:00+00:00,5119.702,5130.144,5090.097,5124.562,37845.0,0.0,-9982.0,0.12135740504905772
2026-01-30 11:30:00+00:00,5124.605,5144.841,5089.698,5136.072,36884.0,0.0,-961.0,0.20795023847089472
2026-01-30 12:00:00+00:00,5136.1,5145.896,5109.704,5119.976,36228.0,0.0,-656.0,0.4455128205128399
2026-01-30 12:30:00+00:00,5119.847,5136.252,5055.443,5064.738,61096.0,0.0,24868.0,0.6819661176354037
2026-01-30 13:00:00+00:00,5064.541,5099.942,5014.122,5027.484,69422.0,0.0,8326.0,0.43179911442554086
2026-01-30 13:30:00+00:00,5027.26,5048.604,4991.925,5019.419,64511.0,0.0,-4911.0,0.13834047883696496
2026-01-30 14:00:00+00:00,5019.451,5087.705,5017.418,5072.258,70125.0,0.0,5614.0,0.7513053623002773
2026-01-30 14:30:00+00:00,5072.224,5113.635,5014.309,5033.014,68667.0,0.0,-1458.0,0.3947606870305864
2026-01-30 15:00:00+00:00,5033.129,5060.295,4980.398,5045.595,53247.0,0.0,-15420.0,0.15602588332478515
2026-01-30 15:30:00+00:00,5045.622,5074.033,5038.461,5050.424,42050.0,0.0,-11197.0,0.13499381536038638
2026-01-30 16:00:00+00:00,5050.472,5051.665,4987.421,4995.762,39351.0,0.0,-2699.0,0.8515970362991143
2026-01-30 16:30:00+00:00,4995.699,5017.199,4942.06,4985.359,48964.0,0.0,9613.0,0.13761162645229966
2026-01-30 17:00:00+00:00,4985.286,4986.077,4899.316,4925.968,53433.0,0.0,4469.0,0.6836942866034269
2026-01-30 17:30:00+00:00,4926.001,4926.001,4801.145,4849.92,51290.0,0.0,-2143.0,0.6093499711667864
2026-01-30 18:00:00+00:00,4849.813,4890.146,4693.457,4742.656,63221.0,0.0,11931.0,0.5448042340954526
2026-01-30 18:30:00+00:00,4742.628,4894.437,4682.526,4880.538,86805.0,0.0,23584.0,0.650792077806248
2026-01-30 19:00:00+00:00,4880.573,4918.432,4840.093,4893.096,47008.0,0.0,-39797.0,0.1598565210176188
2026-01-30 19:30:00+00:00,4893.187,4947.832,4881.149,4932.661,32392.0,0.0,-14616.0,0.5919649685826998
2026-01-30 20:00:00+00:00,4932.701,4932.978,4879.005,4890.598,33384.0,0.0,992.0,0.7800752227965854
2026-01-30 20:30:00+00:00,4890.461,4894.31,4809.015,4847.953,36260.0,0.0,2876.0,0.4983644996775869
2026-01-30 21:00:00+00:00,4847.569,4890.155,4831.706,4874.629,18092.0,0.0,-18168.0,0.46296771544422777
2026-01-30 21:30:00+00:00,4874.541,4893.02,4850.152,4891.496,13648.0,0.0,-4444.0,0.3955164691611405
2026-02-01 23:00:00+00:00,4793.519,4819.788,4697.912,4727.462,23042.0,0.0,9394.0,0.5420017066526648
2026-02-01 23:30:00+00:00,4727.377,4788.746,4715.245,4741.422,18091.0,0.0,-4951.0,0.19108583556685113
2026-02-02 00:00:00+00:00,4741.564,4884.89,4740.112,4846.802,37256.0,0.0,19165.0,0.7268922073795687
2026-02-02 00:30:00+00:00,4846.848,4847.388,4759.956,4766.976,35911.0,0.0,-1345.0,0.9135328026351964
2026-02-02 01:00:00+00:00,4766.909,4784.802,4585.331,4696.766,61042.0,0.0,25131.0,0.3516451012929207
2026-02-02 01:30:00+00:00,4696.798,4750.108,4667.459,4737.008,44061.0,0.0,-16981.0,0.4865152633425676
2026-02-02 02:00:00+00:00,4736.896,4749.581,4698.564,4738.252,37227.0,0.0,-6834.0,0.026579375502296908
2026-02-02 02:30:00+00:00,4738.232,4773.092,4698.051,4711.047,32355.0,0.0,-4872.0,0.36226862648419755
2026-02-02 03:00:00+00:00,4711.105,4729.47,4659.37,4696.266,32016.0,0.0,-339.0,0.21168330955777268
2026-02-02 03:30:00+00:00,4696.319,4700.525,4630.285,4646.594,40535.0,0.0,8519.0,0.7079299544419209
2026-02-02 04:00:00+00:00,4646.496,4705.2,4603.508,4671.163,33437.0,0.0,-7098.0,0.24256578688588543
2026-02-02 04:30:00+00:00,4671.305,4713.487,4657.678,4679.776,27084.0,0.0,-6353.0,0.15178555430126894
2026-02-02 05:00:00+00:00,4679.655,4696.946,4649.349,4658.198,25909.0,0.0,-1175.0,0.4508057230497623
2026-02-02 05:30:00+00:00,4658.398,4658.419,4498.094,4549.374,53564.0,0.0,27655.0,0.6800187119912706
2026-02-02 06:00:00+00:00,4549.337,4573.53,4433.473,4486.643,50579.0,0.0,-2985.0,0.44763203552839564
2026-02-02 06:30:00+00:00,4486.672,4523.38,4401.961,4504.003,54263.0,0.0,3684.0,0.14273713339757493
2026-02-02 07:00:00+00:00,4504.445,4574.967,4484.777,4560.024,41081.0,0.0,-13182.0,0.6162434859740645
2026-02-02 07:30:00+00:00,4560.139,4619.114,4524.856,4587.175,27007.0,0.0,-14074.0,0.28682976511277675
2026-02-02 08:00:00+00:00,4587.237,4649.579,4561.542,4646.403,29964.0,0.0,2957.0,0.6720583391074276
2026-02-02 08:30:00+00:00,4646.48,4651.402,4607.512,4640.795,25400.0,0.0,-4564.0,0.12952836637045906
2026-02-02 09:00:00+00:00,4640.851,4700.008,4603.466,4689.951,31226.0,0.0,5826.0,0.5085869362557295
2026-02-02 09:30:00+00:00,4690.016,4731.497,4679.389,4719.567,32499.0,0.0,1273.0,0.5671106164120727
2026-02-02 10:00:00+00:00,4719.534,4734.027,4670.566,4682.951,27018.0,0.0,-5481.0,0.5764642851515024
2026-02-02 10:30:00+00:00,4682.833,4712.174,4657.228,4705.788,22452.0,0.0,-4566.0,0.41777381429039356
2026-02-02 11:00:00+00:00,4705.763,4760.446,4703.605,4753.141,23507.0,0.0,1055.0,0.833518059147436
2026-02-02 11:30:00+00:00,4753.212,4779.775,4747.781,4766.028,21058.0,0.0,-2449.0,0.40057510783271644
2026-02-02 12:00:00+00:00,4765.857,4790.393,4743.117,4777.838,22993.0,0.0,1935.0,0.2534266858448221
2026-02-02 12:30:00+00:00,4777.94,4812.462,4770.267,4794.221,21244.0,0.0,-1749.0,0.38585140419480296
2026-02-02 13:00:00+00:00,4794.157,4803.863,4720.686,4739.577,46784.0,0.0,25540.0,0.6561910143429017
2026-02-02 13:30:00+00:00,4739.468,4742.227,4669.435,4706.167,39896.0,0.0,-6888.0,0.45748159138366473
2026-02-02 14:00:00+00:00,4706.269,4738.829,4679.993,4721.37,29926.0,0.0,-9970.0,0.25666258753144044
2026-02-02 14:30:00+00:00,4721.402,4794.414,4700.137,4719.176,52811.0,0.0,22885.0,0.023611273163122046
2026-02-02 15:00:00+00:00,4719.569,4745.596,4673.425,4681.292,47027.0,0.0,-5784.0,0.5303653822172393
2026-02-02 15:30:00+00:00,4681.342,4704.775,4617.049,4619.977,47412.0,0.0,385.0,0.6995075576225979
2026-02-02 16:00:00+00:00,4620.053,4708.893,4596.499,4671.661,38677.0,0.0,-8735.0,0.4591704183497346
2026-02-02 16:30:00+00:00,4671.805,4688.934,4645.265,4665.75,28378.0,0.0,-10299.0,0.1386567130000758
2026-02-02 17:00:00+00:00,4665.838,4714.059,4659.982,4667.517,21789.0,0.0,-6589.0,0.031048319988166508
2026-02-02 17:30:00+00:00,4667.59,4688.846,4656.421,4674.072,19838.0,0.0,-1951.0,0.19990747879722795
2026-02-02 18:00:00+00:00,4674.129,4674.276,4618.285,4632.146,29722.0,0.0,9884.0,0.7498169348645352
2026-02-02 18:30:00+00:00,4632.348,4674.142,4632.348,4658.018,17844.0,0.0,-11878.0,0.6142029956453116
2026-02-02 19:00:00+00:00,4657.915,4662.229,4631.413,4643.712,14969.0,0.0,-2875.0,0.4608969366562562
2026-02-02 19:30:00+00:00,4643.621,4712.94,4636.956,4685.389,18453.0,0.0,3484.0,0.549694672562649
2026-02-02 20:00:00+00:00,4685.485,4700.707,4651.288,4670.547,19744.0,0.0,1291.0,0.30227240535016625
2026-02-02 20:30:00+00:00,4670.626,4692.776,4647.337,4652.235,22578.0,0.0,2834.0,0.4047404212240757
2026-02-02 21:00:00+00:00,4652.351,4687.352,4643.759,4681.12,11291.0,0.0,-11287.0,0.6599454040786441
2026-02-02 21:30:00+00:00,4681.206,4686.119,4648.228,4658.154,11100.0,0.0,-191.0,0.6083766593650184
2026-02-02 23:00:00+00:00,4685.104,4763.456,4681.962,4738.094,11613.0,0.0,513.0,0.6502319189142757
2026-02-02 23:30:00+00:00,4738.172,4775.102,4717.021,4774.148,9777.0,0.0,-1836.0,0.6194108228164199
2026-02-03 00:00:00+00:00,4774.235,4829.28,4766.164,4819.798,17128.0,0.0,7351.0,0.7218930223715082
2026-02-03 00:30:00+00:00,4819.873,4831.097,4773.931,4780.392,17709.0,0.0,581.0,0.6906377916943577
2026-02-03 01:00:00+00:00,4780.29,4856.516,4766.58,4853.572,34766.0,0.0,17057.0,0.8148238747553861
2026-02-03 01:30:00+00:00,4853.62,4856.919,4820.36,4841.617,24900.0,0.0,-9866.0,0.32831860827702175
2026-02-03 02:00:00+00:00,4841.475,4842.123,4760.475,4772.733,27819.0,0.0,2919.0,0.8419312169312272
2026-02-03 02:30:00+00:00,4772.859,4787.514,4745.469,4783.209,27782.0,0.0,-37.0,0.24616482340348284
2026-02-03 03:00:00+00:00,4783.154,4794.33,4751.924,4773.483,22299.0,0.0,-5483.0,0.22805735037495373
2026-02-03 03:30:00+00:00,4773.384,4813.398,4770.527,4809.004,15741.0,0.0,-6558.0,0.830864687084505
2026-02-03 04:00:00+00:00,4809.176,4824.997,4800.841,4806.236,13234.0,0.0,-2507.0,0.12170889220071682
2026-02-03 04:30:00+00:00,4806.114,4825.477,4805.621,4809.128,9799.0,0.0,-3435.0,0.1517929089444077
2026-02-03 05:00:00+00:00,4809.238,4842.078,4809.131,4839.653,8260.0,0.0,-1539.0,0.9231493003915335
2026-02-03 05:30:00+00:00,4839.655,4839.963,4813.589,4825.097,17374.0,0.0,9114.0,0.5519830135739784
2026-02-03 06:00:00+00:00,4825.18,4875.275,4816.573,4871.571,15935.0,0.0,-1439.0,0.7902797178971783
2026-02-03 06:30:00+00:00,4871.459,4894.239,4864.689,4881.163,21873.0,0.0,5938.0,0.32839255499153847
2026-02-03 07:00:00+00:00,4881.243,4901.841,4871.77,4900.149,11845.0,0.0,-10028.0,0.6287120481527054
2026-02-03 07:30:00+00:00,4900.115,4933.738,4898.549,4917.095,12164.0,0.0,319.0,0.48253715649777845
2026-02-03 08:00:00+00:00,4917.165,4942.051,4898.547,4936.445,13267.0,0.0,1103.0,0.4431776388377939
2026-02-03 08:30:00+00:00,4936.369,4949.853,4911.176,4912.498,10651.0,0.0,-2616.0,0.6171885099671715
2026-02-03 09:00:00+00:00,4912.459,4924.033,4890.238,4891.321,13497.0,0.0,2846.0,0.6254771415889887
2026-02-03 09:30:00+00:00,4891.393,4926.136,4884.691,4916.08,9083.0,0.0,-4414.0,0.5956568946796846
2026-02-03 10:00:00+00:00,4916.065,4929.714,4913.637,4914.464,7431.0,0.0,-1652.0,0.09958325558248651
2026-02-03 10:30:00+00:00,4914.387,4924.05,4901.696,4902.434,7904.0,0.0,473.0,0.5347141451194138
2026-02-03 11:00:00+00:00,4902.506,4912.435,4883.513,4901.186,9998.0,0.0,2094.0,0.045639997233960186
2026-02-03 11:30:00+00:00,4901.27,4919.234,4898.238,4916.715,7762.0,0.0,-2236.0,0.7356163078681481
2026-02-03 12:00:00+00:00,4916.917,4936.13,4892.211,4902.603,12164.0,0.0,4402.0,0.32591816753569863
2026-02-03 12:30:00+00:00,4902.725,4919.482,4899.993,4913.763,9210.0,0.0,-2954.0,0.5663707732566984
2026-02-03 13:00:00+00:00,4913.685,4939.191,4902.328,4933.974,20386.0,0.0,11176.0,0.550389279223072
2026-02-03 13:30:00+00:00,4934.186,4950.953,4920.741,4932.686,16416.0,0.0,-3970.0,0.04964914603468747
2026-02-03 14:00:00+00:00,4932.831,4936.427,4896.345,4924.868,17868.0,0.0,1452.0,0.19866773115113648
2026-02-03 14:30:00+00:00,4924.951,4930.11,4893.569,4917.249,27750.0,0.0,9882.0,0.21077693549712329
2026-02-03 15:00:00+00:00,4916.886,4948.309,4904.555,4925.056,23235.0,0.0,-4515.0,0.1867257850710605
2026-02-03 15:30:00+00:00,4925.117,4935.715,4907.724,4935.318,17574.0,0.0,-5661.0,0.3644385695402103
2026-02-03 16:00:00+00:00,4935.437,4980.7,4929.848,4972.991,15305.0,0.0,-2269.0,0.7384960276881969
2026-02-03 16:30:00+00:00,4973.065,4993.649,4951.97,4955.65,19818.0,0.0,4513.0,0.4178363204491453
2026-02-03 17:00:00+00:00,4955.536,4969.718,4923.305,4948.618,27340.0,0.0,7522.0,0.14905306702862844
2026-02-03 17:30:00+00:00,4948.681,4964.934,4907.26,4929.189,25341.0,0.0,-1999.0,0.3379685820300185
2026-02-03 18:00:00+00:00,4929.116,4954.039,4904.648,4908.654,22064.0,0.0,-3277.0,0.4142860035229028
2026-02-03 18:30:00+00:00,4908.735,4918.372,4884.773,4908.462,22878.0,0.0,814.0,0.0081252418226503
2026-02-03 19:00:00+00:00,4908.54,4933.664,4880.34,4930.37,19281.0,0.0,-3597.0,0.40938414222489095
2026-02-03 19:30:00+00:00,4930.286,4948.902,4916.024,4927.25,17175.0,0.0,-2106.0,0.09234138329582352
2026-02-03 20:00:00+00:00,4927.168,4942.157,4902.293,4939.112,12970.0,0.0,-4205.0,0.29961870359222026
2026-02-03 20:30:00+00:00,4939.201,4956.866,4932.521,4944.438,13749.0,0.0,779.0,0.21511604025467346
2026-02-03 21:00:00+00:00,4944.526,4964.278,4938.046,4951.064,6298.0,0.0,-7451.0,0.24923757243063713
2026-02-03 21:30:00+00:00,4951.001,4958.411,4933.386,4946.436,4683.0,0.0,-1615.0,0.18241758241760542
2026-02-03 23:00:00+00:00,4958.639,4972.01,4909.685,4923.932,9436.0,0.0,4753.0,0.5568712394705244
2026-02-03 23:30:00+00:00,4923.844,4954.989,4920.929,4947.236,6921.0,0.0,-2515.0,0.6867880211391714
2026-02-04 00:00:00+00:00,4947.389,4999.762,4945.697,4981.588,14403.0,0.0,7482.0,0.6325534079348908
2026-02-04 00:30:00+00:00,4981.528,5016.353,4968.815,5015.604,13996.0,0.0,-407.0,0.71681602086751
2026-02-04 01:00:00+00:00,5015.609,5053.583,4985.035,5037.477,24968.0,0.0,10972.0,0.3190173309213917
2026-02-04 01:30:00+00:00,5037.205,5050.248,5010.696,5046.482,13778.0,0.0,-11190.0,0.23455198220065024
2026-02-04 02:00:00+00:00,5046.555,5065.414,5046.555,5057.848,8680.0,0.0,-5098.0,0.5988122381886624
2026-02-04 02:30:00+00:00,5057.928,5061.927,5035.511,5040.484,10725.0,0.0,2045.0,0.6603573591762566
2026-02-04 03:00:00+00:00,5040.213,5056.428,5036.106,5052.228,10290.0,0.0,-435.0,0.5912311780336709
2026-02-04 03:30:00+00:00,5052.071,5073.597,5051.508,5069.922,5962.0,0.0,-4328.0,0.8081397980895335
2026-02-04 04:00:00+00:00,5070.008,5074.001,5056.293,5061.921,5261.0,0.0,-701.0,0.4566862435057199
2026-02-04 04:30:00+00:00,5061.963,5081.265,5060.471,5080.471,3680.0,0.0,-1581.0,0.8900644416658228
2026-02-04 05:00:00+00:00,5080.613,5085.431,5076.601,5080.114,4423.0,0.0,743.0,0.056511891279808595
2026-02-04 05:30:00+00:00,5080.12,5090.265,5069.21,5079.597,8783.0,0.0,4360.0,0.024839705533133746
2026-02-04 06:00:00+00:00,5079.675,5082.898,5050.961,5054.657,10151.0,0.0,1368.0,0.7833547296239506
2026-02-04 06:30:00+00:00,5054.62,5079.847,5053.751,5076.585,8699.0,0.0,-1452.0,0.8416998773758632
2026-02-04 07:00:00+00:00,5076.51,5089.391,5062.198,5089.25,6551.0,0.0,-2148.0,0.46850292354650497
2026-02-04 07:30:00+00:00,5089.29,5091.39,5066.714,5084.685,5839.0,0.0,-712.0,0.18661857675472085
2026-02-04 08:00:00+00:00,5084.601,5091.855,5074.785,5084.267,5547.0,0.0,-292.0,0.019566490919732768
2026-02-04 08:30:00+00:00,5084.188,5085.146,5068.608,5083.416,7220.0,0.0,1673.0,0.046680372475508235
2026-02-04 09:00:00+00:00,5083.49,5086.903,5053.468,5056.92,8880.0,0.0,1660.0,0.794676237475681
2026-02-04 09:30:00+00:00,5057.013,5065.985,5042.818,5060.088,8135.0,0.0,-745.0,0.1327319031380796
2026-02-04 10:00:00+00:00,5060.183,5064.429,5041.448,5043.201,6529.0,0.0,-1606.0,0.7389582698751205
2026-02-04 10:30:00+00:00,5043.437,5061.7,5043.437,5048.614,6712.0,0.0,183.0,0.28346930953291916
2026-02-04 11:00:00+00:00,5048.705,5053.66,5013.489,5023.922,8738.0,0.0,2026.0,0.6169375917950807
2026-02-04 11:30:00+00:00,5023.979,5050.421,5022.024,5047.674,6050.0,0.0,-2688.0,0.834419128781201
2026-02-04 12:00:00+00:00,5047.564,5055.24,5037.411,5047.347,6067.0,0.0,17.0,0.012171181782520408
2026-02-04 12:30:00+00:00,5047.358,5063.249,5036.19,5040.872,6074.0,0.0,7.0,0.23969843674931923
2026-02-04 13:00:00+00:00,5041.024,5054.335,5023.009,5048.719,14655.0,0.0,8581.0,0.24564259720359138
2026-02-04 13:30:00+00:00,5048.906,5063.527,5033.274,5053.93,10515.0,0.0,-4140.0,0.16606617525535952
2026-02-04 14:00:00+00:00,5054.014,5059.136,5028.787,5031.097,12764.0,0.0,2249.0,0.7551154898019786
2026-02-04 14:30:00+00:00,5031.178,5037.828,4966.751,4986.388,46242.0,0.0,33478.0,0.6301616556692013
2026-02-04 15:00:00+00:00,4986.189,5007.715,4950.332,4957.95,29697.0,0.0,-16545.0,0.49211438927906487
2026-02-04 15:30:00+00:00,4958.128,4962.199,4887.336,4920.489,37172.0,0.0,7475.0,0.5027717296929116
2026-02-04 16:00:00+00:00,4920.112,4940.019,4890.221,4924.203,29014.0,0.0,-8158.0,0.08215189365035329
2026-02-04 16:30:00+00:00,4924.29,4934.513,4852.203,4904.518,30528.0,0.0,1514.0,0.24021382578058628
2026-02-04 17:00:00+00:00,4904.436,4925.685,4888.117,4917.187,22338.0,0.0,-8190.0,0.33941120102215
2026-02-04 17:30:00+00:00,4917.372,4930.9,4895.845,4898.184,21104.0,0.0,-1234.0,0.5473684210526442
2026-02-04 18:00:00+00:00,4898.14,4935.136,4872.884,4926.684,20184.0,0.0,-920.0,0.45852342093426207
2026-02-04 18:30:00+00:00,4926.602,4932.384,4903.759,4927.414,9943.0,0.0,-10241.0,0.028366812227070676
2026-02-04 19:00:00+00:00,4927.516,4950.414,4914.599,4933.886,12079.0,0.0,2136.0,0.17785843920147623
2026-02-04 19:30:00+00:00,4933.814,4958.02,4928.36,4941.815,9068.0,0.0,-3011.0,0.2697572488199288
2026-02-04 20:00:00+00:00,4941.764,4945.797,4919.167,4922.673,8595.0,0.0,-473.0,0.7168982350732603
2026-02-04 20:30:00+00:00,4922.803,4951.955,4914.187,4938.664,9498.0,0.0,903.0,0.4199586951916931
2026-02-04 21:00:00+00:00,4938.57,4959.433,4937.662,4958.644,3594.0,0.0,-5904.0,0.9220522713702068
2026-02-04 21:30:00+00:00,4958.629,4970.658,4952.49,4965.131,3672.0,0.0,78.0,0.3578819903126487
2026-02-04 23:00:00+00:00,4969.623,5021.356,4968.977,5019.971,4695.0,0.0,1023.0,0.9612249183833225
2026-02-04 23:30:00+00:00,5019.892,5023.771,5007.82,5012.195,5687.0,0.0,992.0,0.4825402796063009
2026-02-05 00:00:00+00:00,5012.269,5019.518,4996.859,5015.692,9545.0,0.0,3858.0,0.1510658016682037
2026-02-05 00:30:00+00:00,5015.766,5020.51,5004.175,5006.725,5413.0,0.0,-4132.0,0.5534741352922704
2026-02-05 01:00:00+00:00,5006.82,5012.066,4936.06,4952.017,29175.0,0.0,23762.0,0.7210351814330489
2026-02-05 01:30:00+00:00,4952.119,4986.547,4952.119,4958.921,18707.0,0.0,-10468.0,0.1975717439293776
2026-02-05 02:00:00+00:00,4959.011,4962.036,4894.885,4937.07,33416.0,0.0,14709.0,0.3267412250003837
2026-02-05 02:30:00+00:00,4936.974,4940.464,4804.651,4811.923,46757.0,0.0,13341.0,0.9207586902579303
2026-02-05 03:00:00+00:00,4811.997,4888.288,4788.571,4858.95,34504.0,0.0,-12253.0,0.4708625409910014
2026-02-05 03:30:00+00:00,4859.015,4885.713,4839.028,4880.524,22102.0,0.0,-12402.0,0.46072614330085143
2026-02-05 04:00:00+00:00,4880.448,4891.199,4863.458,4886.804,13176.0,0.0,-8926.0,0.22911935402472047
2026-02-05 04:30:00+00:00,4886.995,4888.249,4863.229,4863.721,10330.0,0.0,-2846.0,0.9302158273381608
2026-02-05 05:00:00+00:00,4863.559,4876.233,4840.04,4868.733,10915.0,0.0,585.0,0.1429558201862224
2026-02-05 05:30:00+00:00,4868.644,4906.686,4826.343,4896.149,23128.0,0.0,12213.0,0.342344697111138
2026-02-05 06:00:00+00:00,4896.232,4930.289,4877.697,4929.537,15361.0,0.0,-7767.0,0.6332712199574178
2026-02-05 06:30:00+00:00,4929.465,4934.183,4898.71,4920.37,15481.0,0.0,120.0,0.25639218560596133
2026-02-05 07:00:00+00:00,4920.229,4940.979,4910.906,4932.529,12240.0,0.0,-3241.0,0.4090047550959349
2026-02-05 07:30:00+00:00,4932.528,4933.553,4895.746,4915.076,12260.0,0.0,20.0,0.4616076387970567
2026-02-05 08:00:00+00:00,4915.205,4943.563,4912.659,4921.254,14328.0,0.0,2068.0,0.19573517991198194
2026-02-05 08:30:00+00:00,4921.162,4929.516,4901.15,4912.119,10323.0,0.0,-4005.0,0.3187971515194451
2026-02-05 09:00:00+00:00,4912.043,4914.269,4853.576,4873.481,23420.0,0.0,13097.0,0.6353615738223479
2026-02-05 09:30:00+00:00,4873.779,4894.07,4849.283,4855.142,12801.0,0.0,-10619.0,0.41612521490613114
2026-02-05 10:00:00+00:00,4854.969,4878.102,4847.247,4861.579,15785.0,0.0,2984.0,0.21422783989628152
2026-02-05 10:30:00+00:00,4861.937,4886.933,4851.628,4877.082,9079.0,0.0,-6706.0,0.4289760657130806
2026-02-05 11:00:00+00:00,4877.07,4894.605,4876.677,4892.038,6642.0,0.0,-2437.0,0.8348951360999523
2026-02-05 11:30:00+00:00,4892.126,4893.193,4864.502,4868.27,8336.0,0.0,1694.0,0.831480255132269
2026-02-05 12:00:00+00:00,4868.285,4877.993,4810.728,4848.042,18595.0,0.0,10259.0,0.3009440273544843
2026-02-05 12:30:00+00:00,4847.914,4870.739,4838.342,4854.024,21386.0,0.0,2791.0,0.18859770966449346
2026-02-05 13:00:00+00:00,4853.946,4865.715,4802.018,4850.81,35173.0,0.0,13787.0,0.049233087900521326
2026-02-05 13:30:00+00:00,4850.629,4868.155,4819.902,4835.597,19600.0,0.0,-15573.0,0.3115246720411217
2026-02-05 14:00:00+00:00,4835.332,4850.158,4810.032,4835.085,25579.0,0.0,5979.0,0.006155609829045932
2026-02-05 14:30:00+00:00,4835.169,4869.998,4805.773,4846.507,41047.0,0.0,15468.0,0.17653561697158168
2026-02-05 15:00:00+00:00,4845.979,4865.655,4813.361,4819.603,32037.0,0.0,-9010.0,0.5043790874670185
2026-02-05 15:30:00+00:00,4819.532,4838.234,4800.553,4817.668,29311.0,0.0,-2726.0,0.04946790159498057
2026-02-05 16:00:00+00:00,4817.565,4857.164,4812.275,4849.655,25627.0,0.0,-3684.0,0.7148744681325059
2026-02-05 16:30:00+00:00,4849.563,4906.864,4844.86,4888.789,24345.0,0.0,-1282.0,0.6326366040900542
2026-02-05 17:00:00+00:00,4888.647,4890.784,4859.023,4867.083,18197.0,0.0,-6148.0,0.6789458770190056
2026-02-05 17:30:00+00:00,4866.975,4884.954,4859.286,4869.299,13708.0,0.0,-4489.0,0.09054075112979759
2026-02-05 18:00:00+00:00,4869.249,4875.33,4851.27,4869.174,18010.0,0.0,4302.0,0.0031172069825361466
2026-02-05 18:30:00+00:00,4869.247,4873.284,4851.152,4858.207,9614.0,0.0,-8396.0,0.49882523043557564
2026-02-05 19:00:00+00:00,4858.123,4865.264,4841.92,4851.29,9977.0,0.0,363.0,0.2927090472926497
2026-02-05 19:30:00+00:00,4851.377,4853.81,4823.399,4829.338,12059.0,0.0,2082.0,0.7247048765249623
2026-02-05 20:00:00+00:00,4829.446,4843.154,4810.381,4825.215,11113.0,0.0,-946.0,0.12910017392364903
2026-02-05 20:30:00+00:00,4825.626,4831.957,4792.747,4811.351,13612.0,0.0,2499.0,0.3640652894669863
2026-02-05 21:00:00+00:00,4811.211,4826.126,4795.215,4802.309,7699.0,0.0,-5913.0,0.28798809485296584
2026-02-05 21:30:00+00:00,4802.496,4804.465,4759.378,4776.808,11318.0,0.0,3619.0,0.569742941424354
2026-02-05 23:00:00+00:00,4761.196,4781.944,4749.096,4752.363,6616.0,0.0,-4702.0,0.2689052605942339
2026-02-05 23:30:00+00:00,4752.247,4756.869,4703.368,4703.768,10687.0,0.0,4071.0,0.9061325956524346
2026-02-06 00:00:00+00:00,4703.682,4729.932,4655.213,4724.035,26205.0,0.0,15518.0,0.272393902487989
2026-02-06 00:30:00+00:00,4724.14,4764.497,4708.072,4762.782,24937.0,0.0,-1268.0,0.6848382809038494
2026-02-06 01:00:00+00:00,4762.707,4763.346,4693.758,4712.062,41361.0,0.0,16424.0,0.7277835258952783
2026-02-06 01:30:00+00:00,4712.147,4784.94,4705.683,4774.162,22463.0,0.0,-18898.0,0.78245454660157
2026-02-06 02:00:00+00:00,4774.222,4821.431,4760.338,4820.383,16090.0,0.0,-6373.0,0.7555857463211852
2026-02-06 02:30:00+00:00,4820.272,4846.46,4809.418,4816.58,20688.0,0.0,4598.0,0.09967064413368529
2026-02-06 03:00:00+00:00,4816.509,4839.136,4801.799,4811.661,12920.0,0.0,-7768.0,0.1298443902830945
2026-02-06 03:30:00+00:00,4811.656,4827.394,4800.684,4824.288,8317.0,0.0,-4603.0,0.47293148633469073
2026-02-06 04:00:00+00:00,4824.155,4827.666,4807.031,4826.443,6291.0,0.0,-2026.0,0.11087957354012316
2026-02-06 04:30:00+00:00,4826.485,4831.68,4810.4,4813.801,5339.0,0.0,-952.0,0.5960526315788955
2026-02-06 05:00:00+00:00,4813.75,4852.487,4807.641,4852.168,6456.0,0.0,1117.0,0.856665031440915
2026-02-06 05:30:00+00:00,4852.093,4897.941,4837.354,4897.571,14172.0,0.0,7716.0,0.7506230709558225
2026-02-06 06:00:00+00:00,4897.494,4903.302,4848.41,4853.764,13774.0,0.0,-398.0,0.7966552503096936
2026-02-06 06:30:00+00:00,4853.694,4866.587,4825.386,4846.492,12472.0,0.0,-1302.0,0.17480158248586739
2026-02-06 07:00:00+00:00,4846.411,4861.727,4838.272,4858.859,7469.0,0.0,-5003.0,0.5307183969303073
2026-02-06 07:30:00+00:00,4858.764,4859.749,4840.141,4841.047,6772.0,0.0,-697.0,0.903559771521848
2026-02-06 08:00:00+00:00,4840.992,4874.467,4829.588,4867.394,13033.0,0.0,6261.0,0.5882929655295371
2026-02-06 08:30:00+00:00,4867.393,4882.47,4852.734,4862.07,10053.0,0.0,-2980.0,0.17900860909336636
2026-02-06 09:00:00+00:00,4862.042,4871.575,4838.064,4863.439,11051.0,0.0,998.0,0.04168780400465384
2026-02-06 09:30:00+00:00,4863.364,4872.67,4855.961,4866.646,6650.0,0.0,-4401.0,0.19642109043031813
2026-02-06 10:00:00+00:00,4866.793,4877.771,4851.532,4855.121,5575.0,0.0,-1075.0,0.4448340256869453
2026-02-06 10:30:00+00:00,4855.023,4879.947,4853.064,4878.469,5009.0,0.0,-566.0,0.8721496856749648
2026-02-06 11:00:00+00:00,4878.364,4893.997,4863.907,4890.752,6863.0,0.0,1854.0,0.4116982386175065
2026-02-06 11:30:00+00:00,4890.827,4895.871,4880.216,4887.059,5257.0,0.0,-1606.0,0.2406898754391626
2026-02-06 12:00:00+00:00,4887.151,4903.47,4871.117,4877.393,7545.0,0.0,2288.0,0.3016103607084286
2026-02-06 12:30:00+00:00,4877.543,4903.297,4876.945,4900.375,6167.0,0.0,-1378.0,0.8664238008500476
2026-02-06 13:00:00+00:00,4900.451,4928.418,4897.155,4909.087,16784.0,0.0,10617.0,0.27623708537249925
2026-02-06 13:30:00+00:00,4909.052,4938.378,4909.026,4928.933,9591.0,0.0,-7193.0,0.677330335241224
2026-02-06 14:00:00+00:00,4928.902,4932.992,4894.473,4905.207,12117.0,0.0,2526.0,0.6151509644590868
2026-02-06 14:30:00+00:00,4905.029,4950.142,4897.396,4947.915,17124.0,0.0,5007.0,0.8130663936601721
2026-02-06 15:00:00+00:00,4948.242,4964.721,4935.846,4955.493,14281.0,0.0,-2843.0,0.2511168831168902
2026-02-06 15:30:00+00:00,4955.566,4960.713,4928.513,4943.389,11941.0,0.0,-2340.0,0.37816770186334625
2026-02-06 16:00:00+00:00,4943.562,4950.411,4921.855,4938.209,9271.0,0.0,-2670.0,0.18745622636223466
2026-02-06 16:30:00+00:00,4938.426,4953.652,4929.802,4951.544,9403.0,0.0,132.0,0.5500209643605569
2026-02-06 17:00:00+00:00,4951.622,4960.998,4948.794,4954.864,5709.0,0.0,-3694.0,0.26565060635851795
2026-02-06 17:30:00+00:00,4954.937,4968.61,4948.209,4960.53,7048.0,0.0,1339.0,0.2741532277829465
2026-02-06 18:00:00+00:00,4960.314,4971.478,4943.668,4955.989,7482.0,0.0,434.0,0.155519597267194
2026-02-06 18:30:00+00:00,4956.034,4968.45,4951.619,4962.606,3489.0,0.0,-3993.0,0.39046996613392343
2026-02-06 19:00:00+00:00,4962.527,4963.294,4953.918,4957.631,3182.0,0.0,-307.0,0.5221843003412568
2026-02-06 19:30:00+00:00,4957.633,4962.791,4948.56,4957.186,3686.0,0.0,504.0,0.0314103014545797
2026-02-06 20:00:00+00:00,4957.029,4959.114,4946.334,4954.85,4311.0,0.0,625.0,0.17050078247262368
2026-02-06 20:30:00+00:00,4954.906,4955.079,4936.541,4953.297,5917.0,0.0,1606.0,0.08679469198405529
2026-02-06 21:00:00+00:00,4953.389,4958.434,4946.451,4954.02,2852.0,0.0,-3065.0,0.052657932070458456
2026-02-06 21:30:00+00:00,4954.041,4968.285,4953.869,4968.145,3106.0,0.0,254.0,0.9783573806881316
2026-02-08 23:00:00+00:00,4967.633,5026.32,4964.697,5024.254,6254.0,0.0,3148.0,0.9188290086493756
2026-02-08 23:30:00+00:00,5024.292,5046.837,5019.808,5035.944,7524.0,0.0,1270.0,0.4310925302452865
2026-02-09 00:00:00+00:00,5036.019,5044.905,5022.298,5034.469,11172.0,0.0,3648.0,0.06856283452028947
2026-02-09 00:30:00+00:00,5034.632,5037.573,5011.747,5019.978,7218.0,0.0,-3954.0,0.5674126848911767
2026-02-09 01:00:00+00:00,5019.925,5042.0,5005.636,5016.713,14538.0,0.0,7320.0,0.08832911670884615
2026-02-09 01:30:00+00:00,5016.844,5022.552,4975.966,4982.645,12295.0,0.0,-2243.0,0.7341046666380481
2026-02-09 02:00:00+00:00,4982.722,5001.866,4968.921,5001.187,8505.0,0.0,-3790.0,0.5604795871907818
2026-02-09 02:30:00+00:00,5001.139,5017.653,4986.342,5007.379,8199.0,0.0,-306.0,0.19929098399922268
2026-02-09 03:00:00+00:00,5007.387,5026.498,5005.692,5025.099,6453.0,0.0,-1746.0,0.8512928962799575
2026-02-09 03:30:00+00:00,5024.95,5031.478,5012.437,5016.251,4632.0,0.0,-1821.0,0.4568562575494742
2026-02-09 04:00:00+00:00,5016.188,5024.91,5008.788,5017.623,4335.0,0.0,-297.0,0.0890088078401851
2026-02-09 04:30:00+00:00,5017.605,5023.233,5007.221,5012.11,4028.0,0.0,-307.0,0.3431801149137944
2026-02-09 05:00:00+00:00,5012.092,5031.8,5011.14,5030.307,3941.0,0.0,-87.0,0.8816553727008845
2026-02-09 05:30:00+00:00,5030.486,5041.637,5023.477,5037.07,7737.0,0.0,3796.0,0.36255506607928883
2026-02-09 06:00:00+00:00,5036.903,5045.748,5013.865,5025.37,7761.0,0.0,24.0,0.3617288210018011
2026-02-09 06:30:00+00:00,5025.262,5039.821,5021.063,5031.062,7366.0,0.0,-395.0,0.30920140739952234
2026-02-09 07:00:00+00:00,5031.191,5031.257,4997.244,5008.636,8233.0,0.0,867.0,0.6631288036926891
2026-02-09 07:30:00+00:00,5008.754,5015.419,5000.549,5006.457,5473.0,0.0,-2760.0,0.1544720914592863
2026-02-09 08:00:00+00:00,5006.543,5031.882,5002.908,5025.7,6058.0,0.0,585.0,0.6611789880582815
2026-02-09 08:30:00+00:00,5025.562,5035.648,5021.648,5027.394,4026.0,0.0,-2032.0,0.13085714285716676
2026-02-09 09:00:00+00:00,5027.467,5040.932,5016.445,5024.172,4621.0,0.0,595.0,0.1345611957365158
2026-02-09 09:30:00+00:00,5024.207,5027.394,5002.833,5007.909,6050.0,0.0,1429.0,0.6635723301168635
2026-02-09 10:00:00+00:00,5007.984,5015.141,4985.677,4991.071,7573.0,0.0,1523.0,0.5740225359761234
2026-02-09 10:30:00+00:00,4991.188,4999.27,4982.047,4991.027,8691.0,0.0,1118.0,0.009347964930618947
2026-02-09 11:00:00+00:00,4991.047,5006.755,4988.412,5005.911,6421.0,0.0,-2270.0,0.810336368096855
2026-02-09 11:30:00+00:00,5005.891,5017.894,5001.268,5010.686,5905.0,0.0,-516.0,0.28840370504029916
2026-02-09 12:00:00+00:00,5010.957,5017.6,5007.32,5013.763,5662.0,0.0,-243.0,0.272957198443522
2026-02-09 12:30:00+00:00,5014.121,5021.772,5007.277,5013.398,5616.0,0.0,-46.0,0.049879268713346796
2026-02-09 13:00:00+00:00,5013.209,5024.64,5003.304,5004.677,11287.0,0.0,5671.0,0.3998875140607451
2026-02-09 13:30:00+00:00,5004.603,5014.992,4994.983,5007.194,8531.0,0.0,-2756.0,0.12949172872209241
2026-02-09 14:00:00+00:00,5007.081,5023.944,5002.253,5020.829,7645.0,0.0,-886.0,0.6338112581254502
2026-02-09 14:30:00+00:00,5020.886,5040.628,5013.734,5038.034,13280.0,0.0,5635.0,0.6376143377704938
2026-02-09 15:00:00+00:00,5037.911,5042.321,5023.724,5033.089,9133.0,0.0,-4147.0,0.25928913265581444
2026-02-09 15:30:00+00:00,5033.163,5060.253,5033.163,5058.796,7337.0,0.0,-1796.0,0.9462163159837793
2026-02-09 16:00:00+00:00,5058.847,5079.923,5056.415,5072.179,5887.0,0.0,-1450.0,0.5671260847371296
2026-02-09 16:30:00+00:00,5072.119,5080.696,5066.877,5073.514,5812.0,0.0,-75.0,0.10094797018601104
2026-02-09 17:00:00+00:00,5073.596,5075.438,5060.502,5068.101,4459.0,0.0,-1353.0,0.36790305302624554
2026-02-09 17:30:00+00:00,5068.36,5070.654,5040.941,5046.094,5912.0,0.0,1453.0,0.7493689630801043
2026-02-09 18:00:00+00:00,5046.32,5059.566,5043.892,5054.308,6400.0,0.0,488.0,0.5096337884394727
2026-02-09 18:30:00+00:00,5054.416,5064.042,5048.233,5062.891,3987.0,0.0,-2413.0,0.5360870390283604
2026-02-09 19:00:00+00:00,5062.838,5074.52,5062.405,5074.23,3167.0,0.0,-820.0,0.9403219149813599
2026-02-09 19:30:00+00:00,5074.311,5079.964,5072.892,5074.58,3275.0,0.0,108.0,0.03803733031677438
2026-02-09 20:00:00+00:00,5074.643,5081.533,5073.257,5080.176,3293.0,0.0,18.0,0.6685596906718047
2026-02-09 20:30:00+00:00,5080.145,5086.697,5072.218,5079.742,4529.0,0.0,1236.0,0.02783341390981697
2026-02-09 21:00:00+00:00,5079.816,5083.056,5047.924,5055.004,4090.0,0.0,-439.0,0.7062507116019633
2026-02-09 21:30:00+00:00,5055.044,5066.287,5053.847,5060.084,3413.0,0.0,-677.0,0.4051446945337425
2026-02-09 23:00:00+00:00,5072.034,5075.112,4987.309,5023.519,10921.0,0.0,7508.0,0.5525437627415861
2026-02-09 23:30:00+00:00,5023.522,5041.356,5013.629,5031.903,5455.0,0.0,-5466.0,0.3022685469037528
2026-02-10 00:00:00+00:00,5031.829,5048.164,5031.592,5034.03,6718.0,0.0,1263.0,0.13281438571083795
2026-02-10 00:30:00+00:00,5034.138,5040.394,5008.975,5018.626,9022.0,0.0,2304.0,0.4937139947165658
2026-02-10 01:00:00+00:00,5018.545,5037.915,5012.235,5017.373,11864.0,0.0,2842.0,0.04563862928350728
2026-02-10 01:30:00+00:00,5017.048,5036.122,5015.117,5032.711,10561.0,0.0,-1303.0,0.7456796000952337
2026-02-10 02:00:00+00:00,5032.613,5056.44,5031.69,5047.571,7935.0,0.0,-2626.0,0.6043636363636213
2026-02-10 02:30:00+00:00,5047.646,5052.895,5035.026,5038.452,6651.0,0.0,-1284.0,0.5145223571548043
2026-02-10 03:00:00+00:00,5038.091,5038.103,5016.323,5022.061,6913.0,0.0,262.0,0.7359963269054565
2026-02-10 03:30:00+00:00,5021.978,5031.828,5016.357,5029.982,5039.0,0.0,-1874.0,0.5173550513864436
2026-02-10 04:00:00+00:00,5030.086,5031.024,5017.81,5027.415,4134.0,0.0,-905.0,0.20213410019678282
2026-02-10 04:30:00+00:00,5027.509,5033.933,5022.153,5031.699,3609.0,0.0,-525.0,0.35568760611202804
2026-02-10 05:00:00+00:00,5031.477,5035.417,5011.132,5019.031,4183.0,0.0,574.0,0.5124974263948743
2026-02-10 05:30:00+00:00,5019.105,5040.372,5012.722,5039.241,6017.0,0.0,1834.0,0.7282459312839069
2026-02-10 06:00:00+00:00,5039.164,5045.439,5030.853,5031.962,5564.0,0.0,-453.0,0.49376114081990935
2026-02-10 06:30:00+00:00,5031.799,5039.149,5018.986,5024.603,6960.0,0.0,1396.0,0.3568913356147273
2026-02-10 07:00:00+00:00,5024.732,5034.331,5018.388,5025.096,5247.0,0.0,-1713.0,0.022831336636741716
2026-02-10 07:30:00+00:00,5025.362,5036.105,5024.819,5033.97,7186.0,0.0,1939.0,0.7627148679780988
2026-02-10 08:00:00+00:00,5033.817,5041.217,5028.857,5035.625,5904.0,0.0,-1282.0,0.14627831715210685
2026-02-10 08:30:00+00:00,5035.591,5054.893,5034.114,5041.636,4854.0,0.0,-1050.0,0.2909187160113548
2026-02-10 09:00:00+00:00,5041.565,5063.008,5040.521,5052.332,4942.0,0.0,88.0,0.478809979099066
2026-02-10 09:30:00+00:00,5052.295,5053.328,5042.091,5046.743,5007.0,0.0,65.0,0.49408205036928365
2026-02-10 10:00:00+00:00,5046.943,5052.615,5036.99,5047.579,4537.0,0.0,-470.0,0.0407039999999688
2026-02-10 10:30:00+00:00,5047.717,5058.158,5043.827,5047.073,4521.0,0.0,-16.0,0.044937547972878196
2026-02-10 11:00:00+00:00,5046.997,5052.935,5044.339,5047.929,3467.0,0.0,-1054.0,0.10842252210327354
2026-02-10 11:30:00+00:00,5047.831,5057.361,5045.02,5055.911,3184.0,0.0,-283.0,0.6547281419658288
2026-02-10 12:00:00+00:00,5055.876,5057.118,5041.107,5046.256,4466.0,0.0,1282.0,0.600836924614305
2026-02-10 12:30:00+00:00,5046.334,5047.896,5019.361,5032.075,7213.0,0.0,2747.0,0.4997021202032622
2026-02-10 13:00:00+00:00,5032.278,5046.093,5026.287,5037.643,6628.0,0.0,-585.0,0.270877511865086
2026-02-10 13:30:00+00:00,5037.776,5058.777,5037.672,5051.048,6549.0,0.0,-79.0,0.6288557213930176
2026-02-10 14:00:00+00:00,5051.033,5074.563,5046.573,5070.278,7021.0,0.0,472.0,0.6875669882100764
2026-02-10 14:30:00+00:00,5070.2,5078.663,5020.474,5039.734,15466.0,0.0,8445.0,0.5235697468593679
2026-02-10 15:00:00+00:00,5039.651,5047.993,5028.61,5032.463,9869.0,0.0,-5597.0,0.37084042717844684
2026-02-10 15:30:00+00:00,5032.088,5037.509,4998.72,5019.71,14228.0,0.0,4359.0,0.31911108819510114
2026-02-10 16:00:00+00:00,5019.675,5024.316,5005.519,5009.977,9780.0,0.0,-4448.0,0.5159333936266713
2026-02-10 16:30:00+00:00,5010.151,5026.528,5008.461,5023.7,7152.0,0.0,-2628.0,0.749930813084628
2026-02-10 17:00:00+00:00,5023.597,5039.282,5020.686,5036.557,4569.0,0.0,-2583.0,0.6969240696923917
2026-02-10 17:30:00+00:00,5036.819,5040.058,5025.048,5026.344,3980.0,0.0,-589.0,0.6978680879413866
2026-02-10 18:00:00+00:00,5026.268,5027.897,5004.513,5008.347,6910.0,0.0,2930.0,0.7663787204926559
2026-02-10 18:30:00+00:00,5008.259,5017.186,5004.724,5013.256,5192.0,0.0,-1718.0,0.40097897608734434
2026-02-10 19:00:00+00:00,5013.174,5021.825,5008.814,5020.947,3478.0,0.0,-1714.0,0.5974175697487072
2026-02-10 19:30:00+00:00,5021.018,5030.105,5021.018,5028.069,3897.0,0.0,419.0,0.7759436557720641
2026-02-10 20:00:00+00:00,5028.027,5033.867,5020.116,5028.16,3538.0,0.0,-359.0,0.009672023852796804
2026-02-10 20:30:00+00:00,5028.077,5045.424,5027.184,5030.357,4718.0,0.0,1180.0,0.12499999999998754
2026-02-10 21:00:00+00:00,5030.283,5032.579,5023.014,5026.176,10447.0,0.0,5729.0,0.42937794040775146
2026-02-10 21:30:00+00:00,5026.513,5028.544,5020.347,5023.044,7402.0,0.0,-3045.0,0.4232036110772236
2026-02-10 23:00:00+00:00,5027.377,5054.379,5027.377,5046.627,4143.0,0.0,-3259.0,0.7129101548033612
2026-02-10 23:30:00+00:00,5046.75,5048.286,5038.683,5041.55,2428.0,0.0,-1715.0,0.5414974487139209
2026-02-11 00:00:00+00:00,5041.616,5044.322,5028.156,5040.158,5052.0,0.0,2624.0,0.09018928615610626
2026-02-11 00:30:00+00:00,5040.031,5049.448,5034.313,5037.833,4309.0,0.0,-743.0,0.14522629666338213
2026-02-11 01:00:00+00:00,5037.933,5047.403,5030.3,5037.807,6652.0,0.0,2343.0,0.007367128573946281
2026-02-11 01:30:00+00:00,5037.781,5052.763,5032.697,5052.332,4802.0,0.0,-1850.0,0.7251569819595599
2026-02-11 02:00:00+00:00,5052.429,5056.748,5032.495,5042.199,5084.0,0.0,282.0,0.4218034882282851
2026-02-11 02:30:00+00:00,5042.107,5057.812,5041.164,5055.627,4363.0,0.0,-721.0,0.8121095627102549
2026-02-11 03:00:00+00:00,5055.484,5059.083,5045.026,5057.288,4018.0,0.0,-345.0,0.12833463754707297
2026-02-11 03:30:00+00:00,5057.037,5061.003,5053.152,5054.498,3011.0,0.0,-1007.0,0.32339829321115526
2026-02-11 04:00:00+00:00,5054.497,5059.532,5053.07,5058.117,2334.0,0.0,-677.0,0.5601980810893906
2026-02-11 04:30:00+00:00,5058.138,5059.242,5045.699,5046.367,2749.0,0.0,415.0,0.8691574983385684
2026-02-11 05:00:00+00:00,5046.398,5053.545,5043.371,5053.108,2932.0,0.0,183.0,0.6595242775702822
2026-02-11 05:30:00+00:00,5053.101,5064.089,5046.088,5052.527,4830.0,0.0,1898.0,0.03188711738234586
2026-02-11 06:00:00+00:00,5052.832,5061.575,5049.454,5056.657,3896.0,0.0,-934.0,0.31556802244037524
2026-02-11 06:30:00+00:00,5056.745,5064.559,5052.111,5064.23,4945.0,0.0,1049.0,0.6013014138817063
2026-02-11 07:00:00+00:00,5064.068,5069.129,5052.711,5059.779,6779.0,0.0,1834.0,0.2612376659763581
2026-02-11 07:30:00+00:00,5059.86,5062.108,5048.675,5055.473,4640.0,0.0,-2139.0,0.32658378619814776
2026-02-11 08:00:00+00:00,5055.31,5060.301,5050.738,5051.724,3788.0,0.0,-852.0,0.37498692878805834
2026-02-11 08:30:00+00:00,5051.842,5054.994,5045.655,5053.55,3625.0,0.0,-163.0,0.1828889602741781
2026-02-11 09:00:00+00:00,5053.74,5055.815,5047.061,5054.411,3146.0,0.0,-479.0,0.07665067397764265
2026-02-11 09:30:00+00:00,5054.293,5072.095,5053.494,5062.716,4652.0,0.0,1506.0,0.4528251169292203
2026-02-11 10:00:00+00:00,5062.811,5076.689,5062.443,5071.078,3815.0,0.0,-837.0,0.5803032430156311
2026-02-11 10:30:00+00:00,5070.992,5101.814,5068.465,5093.373,9705.0,0.0,5890.0,0.6711145761491888
2026-02-11 11:00:00+00:00,5093.045,5107.887,5082.395,5107.612,4983.0,0.0,-4722.0,0.5714341754276016
2026-02-11 11:30:00+00:00,5107.259,5116.804,5100.794,5111.59,4978.0,0.0,-5.0,0.27051842598376463
2026-02-11 12:00:00+00:00,5111.667,5119.259,5086.375,5095.199,6305.0,0.0,1327.0,0.5007906580708171
2026-02-11 12:30:00+00:00,5095.274,5098.82,5050.177,5083.503,10767.0,0.0,4462.0,0.24198754188682098
2026-02-11 13:00:00+00:00,5083.43,5090.126,5064.081,5083.332,9895.0,0.0,-872.0,0.003762718372046691
2026-02-11 13:30:00+00:00,5083.522,5084.999,5019.052,5065.71,22130.0,0.0,12235.0,0.2700956828968697
2026-02-11 14:00:00+00:00,5065.691,5082.808,5061.78,5071.236,8501.0,0.0,-13629.0,0.2636960243484881
2026-02-11 14:30:00+00:00,5070.963,5076.581,5035.681,5059.453,17979.0,0.0,9478.0,0.2814180929095148
2026-02-11 15:00:00+00:00,5059.527,5081.88,5043.384,5049.163,15352.0,0.0,-2627.0,0.26922277639236447
2026-02-11 15:30:00+00:00,5049.089,5063.033,5039.122,5060.323,12796.0,0.0,-2556.0,0.4698256032788403
2026-02-11 16:00:00+00:00,5060.176,5064.442,5042.701,5061.075,9820.0,0.0,-2976.0,0.041350443861801804
2026-02-11 16:30:00+00:00,5061.01,5078.24,5056.135,5075.109,6483.0,0.0,-3337.0,0.6378194978511847
2026-02-11 17:00:00+00:00,5075.032,5091.34,5068.107,5087.449,5789.0,0.0,-694.0,0.5344553006499104
2026-02-11 17:30:00+00:00,5087.41,5098.948,5081.245,5091.523,5367.0,0.0,-422.0,0.23233350279614665
2026-02-11 18:00:00+00:00,5091.539,5092.919,5066.571,5073.691,6847.0,0.0,1480.0,0.6773948686807343
2026-02-11 18:30:00+00:00,5073.643,5087.148,5070.926,5082.166,5205.0,0.0,-1642.0,0.52539760818643
2026-02-11 19:00:00+00:00,5082.292,5094.214,5082.054,5091.497,4315.0,0.0,-890.0,0.7569901315789505
2026-02-11 19:30:00+00:00,5091.425,5092.104,5076.404,5082.107,4429.0,0.0,114.0,0.5935031847133961
2026-02-11 20:00:00+00:00,5082.023,5089.206,5079.678,5085.036,3484.0,0.0,-945.0,0.31622586062131003
2026-02-11 20:30:00+00:00,5085.046,5090.334,5078.142,5086.822,3704.0,0.0,220.0,0.14566929133856946
2026-02-11 21:00:00+00:00,5086.894,5092.816,5077.84,5082.224,2670.0,0.0,-1034.0,0.31183226495727695
2026-02-11 21:30:00+00:00,5082.304,5084.281,5069.715,5082.394,3488.0,0.0,818.0,0.006178772483876612
2026-02-11 23:00:00+00:00,5099.339,5100.162,5053.004,5069.045,4961.0,0.0,1473.0,0.6423936553712973
2026-02-11 23:30:00+00:00,5068.945,5070.831,5059.606,5061.397,3711.0,0.0,-1250.0,0.6724276169264615
2026-02-12 00:00:00+00:00,5061.305,5067.472,5049.93,5060.666,7870.0,0.0,4159.0,0.03642686124730038
2026-02-12 00:30:00+00:00,5060.325,5066.211,5055.958,5063.183,5140.0,0.0,-2730.0,0.278747683604799
2026-02-12 01:00:00+00:00,5062.994,5062.994,5045.111,5058.623,8300.0,0.0,3160.0,0.24442207683275405
2026-02-12 01:30:00+00:00,5058.484,5063.972,5052.933,5063.348,5561.0,0.0,-2739.0,0.4406196213424843
2026-02-12 02:00:00+00:00,5063.605,5072.828,5061.934,5066.315,5025.0,0.0,-536.0,0.24876078575362387
2026-02-12 02:30:00+00:00,5066.396,5069.568,5054.784,5065.816,4755.0,0.0,-270.0,0.039231601731595324
2026-02-12 03:00:00+00:00,5065.894,5074.64,5054.68,5060.115,4439.0,0.0,-316.0,0.2895290581162545
2026-02-12 03:30:00+00:00,5060.096,5066.744,5055.069,5056.963,3261.0,0.0,-1178.0,0.26835117773019324
2026-02-12 04:00:00+00:00,5056.99,5058.821,5050.922,5056.336,2758.0,0.0,-503.0,0.0827952905430451
2026-02-12 04:30:00+00:00,5056.252,5070.041,5054.084,5069.318,2734.0,0.0,-24.0,0.8188255937832631
2026-02-12 05:00:00+00:00,5069.235,5078.212,5065.545,5071.859,3634.0,0.0,900.0,0.2071524433568034
2026-02-12 05:30:00+00:00,5071.862,5076.212,5064.4,5075.468,4476.0,0.0,842.0,0.3052827632915273
2026-02-12 06:00:00+00:00,5075.526,5076.292,5055.36,5055.508,4657.0,0.0,181.0,0.9563347983947716
2026-02-12 06:30:00+00:00,5055.61,5061.653,5046.966,5059.67,5428.0,0.0,771.0,0.2764349424661557
2026-02-12 07:00:00+00:00,5059.752,5066.396,5051.732,5062.278,3686.0,0.0,-1742.0,0.17225859247135034
2026-02-12 07:30:00+00:00,5062.105,5065.919,5056.767,5063.736,3084.0,0.0,-602.0,0.1782124125874459
2026-02-12 08:00:00+00:00,5063.929,5073.515,5060.849,5060.903,3806.0,0.0,722.0,0.2389073109110848
2026-02-12 08:30:00+00:00,5060.828,5072.028,5052.173,5068.328,3719.0,0.0,-87.0,0.3777386048854103
2026-02-12 09:00:00+00:00,5068.416,5077.733,5066.108,5071.469,3556.0,0.0,-163.0,0.26262365591396847
2026-02-12 09:30:00+00:00,5071.455,5080.985,5068.692,5073.313,3050.0,0.0,-506.0,0.15114292686896813
2026-02-12 10:00:00+00:00,5073.305,5076.9,5061.097,5061.458,3667.0,0.0,617.0,0.7496677845979086
2026-02-12 10:30:00+00:00,5061.384,5066.041,5056.145,5062.131,3496.0,0.0,-171.0,0.07548504446244125
2026-02-12 11:00:00+00:00,5062.032,5065.652,5059.415,5062.511,2693.0,0.0,-803.0,0.07679974346645231
2026-02-12 11:30:00+00:00,5062.754,5068.259,5061.465,5063.966,2624.0,0.0,-69.0,0.17839269944075173
2026-02-12 12:00:00+00:00,5064.017,5066.741,5056.549,5062.348,3229.0,0.0,605.0,0.16375588697015972
2026-02-12 12:30:00+00:00,5062.344,5068.574,5048.733,5052.582,4214.0,0.0,985.0,0.492011491356282
2026-02-12 13:00:00+00:00,5052.684,5074.172,5051.353,5062.85,5363.0,0.0,1149.0,0.44550593803411137
2026-02-12 13:30:00+00:00,5062.869,5083.763,5060.566,5075.319,4639.0,0.0,-724.0,0.5367073328447931
2026-02-12 14:00:00+00:00,5075.23,5077.795,5055.013,5060.013,7855.0,0.0,3216.0,0.667939601439713
2026-02-12 14:30:00+00:00,5059.96,5071.637,5039.03,5044.471,12063.0,0.0,4208.0,0.4750207010764714
2026-02-12 15:00:00+00:00,5044.29,5069.842,5039.587,5065.88,6767.0,0.0,-5296.0,0.7136010576764408
2026-02-12 15:30:00+00:00,5065.87,5074.83,5060.043,5060.623,5849.0,0.0,-918.0,0.35483870967743325
2026-02-12 16:00:00+00:00,5060.528,5068.304,4878.366,4897.391,60784.0,0.0,54935.0,0.8588960608198493
2026-02-12 16:30:00+00:00,4897.564,4969.26,4894.295,4954.448,45738.0,0.0,-15046.0,0.7588074434736197
2026-02-12 17:00:00+00:00,4954.644,4983.054,4939.567,4965.561,23481.0,0.0,-22257.0,0.25104054085127603
2026-02-12 17:30:00+00:00,4965.421,4975.111,4939.469,4941.078,16108.0,0.0,-7373.0,0.6829863644015478
2026-02-12 18:00:00+00:00,4941.015,4949.834,4906.388,4928.566,21409.0,0.0,5301.0,0.28653961239240777
2026-02-12 18:30:00+00:00,4928.651,4952.254,4925.837,4935.828,13741.0,0.0,-7668.0,0.2716811144339151
2026-02-12 19:00:00+00:00,4935.768,4944.166,4927.991,4931.643,11144.0,0.0,-2597.0,0.2550231839258086
2026-02-12 19:30:00+00:00,4931.331,4958.293,4931.331,4945.686,8086.0,0.0,-3058.0,0.5324159928788595
2026-02-12 20:00:00+00:00,4945.604,4948.378,4921.65,4922.824,7406.0,0.0,-680.0,0.8522897336127132
2026-02-12 20:30:00+00:00,4922.754,4928.02,4910.94,4915.215,10779.0,0.0,3373.0,0.44139344262291513
2026-02-12 21:00:00+00:00,4915.089,4924.319,4911.588,4920.458,4372.0,0.0,-6407.0,0.4217264943837406
2026-02-12 21:30:00+00:00,4920.533,4926.845,4915.917,4922.28,3190.0,0.0,-1182.0,0.159864568081937
2026-02-12 23:00:00+00:00,4893.14,4928.383,4887.646,4920.184,5821.0,0.0,2631.0,0.6638682279009209
2026-02-12 23:30:00+00:00,4920.167,4926.103,4906.074,4920.302,4888.0,0.0,-933.0,0.006740226671291914
2026-02-13 00:00:00+00:00,4920.054,4948.543,4913.787,4936.44,8406.0,0.0,3518.0,0.47145816549659897
2026-02-13 00:30:00+00:00,4936.502,4945.849,4926.963,4928.091,7158.0,0.0,-1248.0,0.44535634861801704
2026-02-13 01:00:00+00:00,4928.165,4979.277,4926.962,4969.653,11655.0,0.0,4497.0,0.7930421485233795
2026-02-13 01:30:00+00:00,4969.729,4988.905,4964.468,4980.569,8400.0,0.0,-3255.0,0.44358963866269147
2026-02-13 02:00:00+00:00,4980.601,4986.002,4972.637,4985.83,4921.0,0.0,-3479.0,0.3912457912457912
2026-02-13 02:30:00+00:00,4985.836,4991.736,4972.198,4988.555,6721.0,0.0,1800.0,0.13916470467806902
2026-02-13 03:00:00+00:00,4988.415,4989.257,4973.874,4977.836,4764.0,0.0,-1957.0,0.6877072092569625
2026-02-13 03:30:00+00:00,4977.911,4984.61,4974.98,4981.499,3020.0,0.0,-1744.0,0.37258566978190005
2026-02-13 04:00:00+00:00,4981.466,4997.235,4975.709,4985.297,3828.0,0.0,808.0,0.17797082597785235
2026-02-13 04:30:00+00:00,4985.303,4986.375,4972.791,4976.598,2854.0,0.0,-974.0,0.6408274440518282
2026-02-13 05:00:00+00:00,4976.803,4986.432,4964.983,4979.771,4170.0,0.0,1316.0,0.13837474940556205
2026-02-13 05:30:00+00:00,4979.668,4980.306,4944.863,4946.451,7265.0,0.0,3095.0,0.9371949327088649
2026-02-13 06:00:00+00:00,4946.55,4961.934,4946.273,4953.379,5855.0,0.0,-1410.0,0.4360513377178787
2026-02-13 06:30:00+00:00,4953.305,4968.776,4950.851,4967.124,5973.0,0.0,118.0,0.7709344490934095
2026-02-13 07:00:00+00:00,4966.92,4976.292,4950.903,4968.466,6442.0,0.0,469.0,0.06089251250542632
2026-02-13 07:30:00+00:00,4968.322,4982.501,4966.266,4974.961,5249.0,0.0,-1193.0,0.40893132121958026
2026-02-13 08:00:00+00:00,4975.092,4989.519,4971.992,4982.528,6039.0,0.0,790.0,0.42425971358478837
2026-02-13 08:30:00+00:00,4982.53,4986.811,4970.681,4982.428,4901.0,0.0,-1138.0,0.006323620582756421
2026-02-13 09:00:00+00:00,4982.51,4982.728,4964.171,4964.972,4625.0,0.0,-276.0,0.9450881069138689
2026-02-13 09:30:00+00:00,4965.054,4976.42,4961.527,4970.387,4248.0,0.0,-377.0,0.3580876922043657
2026-02-13 10:00:00+00:00,4970.367,4980.734,4965.924,4977.425,4218.0,0.0,-30.0,0.47656988521268073
2026-02-13 10:30:00+00:00,4977.5,4978.463,4946.925,4950.297,4373.0,0.0,155.0,0.8625467689771328
2026-02-13 11:00:00+00:00,4950.174,4953.494,4933.494,4944.903,7192.0,0.0,2819.0,0.2635499999999865
2026-02-13 11:30:00+00:00,4945.151,4955.561,4935.227,4953.992,4978.0,0.0,-2214.0,0.4347890233107319
2026-02-13 12:00:00+00:00,4954.01,4973.106,4951.886,4967.236,5255.0,0.0,277.0,0.6232799245994376
2026-02-13 12:30:00+00:00,4967.228,4974.127,4963.802,4969.4,4241.0,0.0,-1014.0,0.21036319612585158
2026-02-13 13:00:00+00:00,4969.493,4976.176,4957.509,4967.493,6070.0,0.0,1829.0,0.10714094391171373
2026-02-13 13:30:00+00:00,4967.52,5001.884,4967.371,4987.073,10839.0,0.0,4769.0,0.5665401442934526
2026-02-13 14:00:00+00:00,4986.998,5007.735,4984.842,5002.563,8035.0,0.0,-2804.0,0.6799021534967234
2026-02-13 14:30:00+00:00,5002.488,5011.146,4963.928,4995.804,23876.0,0.0,15841.0,0.1415561862001825
2026-02-13 15:00:00+00:00,4995.898,5011.976,4992.296,5009.913,17453.0,0.0,-6423.0,0.7121443089430822
2026-02-13 15:30:00+00:00,5009.787,5020.812,4973.736,4976.926,13076.0,0.0,-4377.0,0.6980414648653213
2026-02-13 16:00:00+00:00,4977.129,5034.213,4975.165,5027.946,12060.0,0.0,-1016.0,0.86060493158109
2026-02-13 16:30:00+00:00,5027.781,5028.4,5006.006,5007.942,7011.0,0.0,-5049.0,0.885906939358781
2026-02-13 17:00:00+00:00,5008.013,5022.236,5005.771,5017.587,5633.0,0.0,-1378.0,0.5814758578803789
2026-02-13 17:30:00+00:00,5017.764,5029.187,5016.053,5020.882,5227.0,0.0,-406.0,0.23739911679606213
2026-02-13 18:00:00+00:00,5020.794,5030.57,5015.181,5022.446,5734.0,0.0,507.0,0.10734940541945744
2026-02-13 18:30:00+00:00,5022.37,5035.59,5020.19,5031.229,4478.0,0.0,-1256.0,0.5752597402597445
2026-02-13 19:00:00+00:00,5031.302,5046.075,5030.581,5041.562,5027.0,0.0,549.0,0.6621918161869386
2026-02-13 19:30:00+00:00,5041.458,5042.902,5023.493,5023.534,4906.0,0.0,-121.0,0.9234891029934721
2026-02-13 20:00:00+00:00,5023.653,5034.152,5023.653,5028.826,4942.0,0.0,36.0,0.4927135917706329
2026-02-13 20:30:00+00:00,5028.745,5034.701,5021.243,5032.486,5462.0,0.0,520.0,0.27797592510031865
2026-02-13 21:00:00+00:00,5032.415,5036.088,5029.539,5032.848,2567.0,0.0,-2895.0,0.06611696442204827
2026-02-13 21:30:00+00:00,5032.719,5046.101,5031.148,5042.605,6465.0,0.0,3898.0,0.6611382331304642
2026-02-15 23:00:00+00:00,5026.64,5032.237,5010.128,5029.326,6376.0,0.0,-89.0,0.1214889863856189
2026-02-15 23:30:00+00:00,5029.156,5031.333,5013.466,5019.914,3558.0,0.0,-2818.0,0.5172664689091936
2026-02-16 00:00:00+00:00,5019.874,5021.473,4999.755,5012.215,6253.0,0.0,2695.0,0.3526567823924719
2026-02-16 00:30:00+00:00,5012.449,5022.853,5008.817,5015.45,3959.0,0.0,-2294.0,0.2138073525220997
2026-02-16 01:00:00+00:00,5015.352,5031.167,5006.79,5028.938,4724.0,0.0,765.0,0.5573286294457896
2026-02-16 01:30:00+00:00,5029.029,5031.192,5025.684,5028.99,3110.0,0.0,-1614.0,0.007080610021908265
2026-02-16 02:00:00+00:00,5029.052,5031.48,5018.854,5019.705,3512.0,0.0,402.0,0.7402977981942243
2026-02-16 02:30:00+00:00,5019.698,5021.852,4992.138,4994.619,5534.0,0.0,2022.0,0.8440129232012076
2026-02-16 03:00:00+00:00,4994.535,5000.013,4988.05,4994.948,4090.0,0.0,-1444.0,0.034523112931578594
2026-02-16 03:30:00+00:00,4994.859,4996.745,4975.014,4987.733,5019.0,0.0,929.0,0.3279186415719608
2026-02-16 04:00:00+00:00,4987.687,4992.03,4972.584,4976.601,4665.0,0.0,-354.0,0.570091535534315
2026-02-16 04:30:00+00:00,4976.35,4980.033,4973.517,4977.865,3195.0,0.0,-1470.0,0.2325046040514571
2026-02-16 05:00:00+00:00,4977.697,4988.399,4964.573,4986.439,4380.0,0.0,1185.0,0.3669100982120449
2026-02-16 05:30:00+00:00,4986.413,4990.693,4982.839,4990.616,2812.0,0.0,-1568.0,0.5351413292590126
2026-02-16 06:00:00+00:00,4990.538,4994.884,4984.725,4993.22,2878.0,0.0,66.0,0.2640023624373256
2026-02-16 06:30:00+00:00,4992.905,5003.1,4990.49,4994.98,3340.0,0.0,462.0,0.16455194290243635
2026-02-16 07:00:00+00:00,4994.926,4999.535,4988.881,4997.977,3100.0,0.0,-240.0,0.28637131593763915
2026-02-16 07:30:00+00:00,4997.977,5009.954,4996.759,5007.321,3751.0,0.0,651.0,0.7081470253884242
2026-02-16 08:00:00+00:00,5007.519,5013.322,4995.736,5006.035,4457.0,0.0,706.0,0.08438530649382225
2026-02-16 08:30:00+00:00,5006.032,5010.179,5003.436,5008.022,2837.0,0.0,-1620.0,0.29512086608329613
2026-02-16 09:00:00+00:00,5007.991,5016.288,5007.746,5013.468,2858.0,0.0,21.0,0.6411847342542972
2026-02-16 09:30:00+00:00,5013.477,5017.232,5008.519,5013.582,2646.0,0.0,-212.0,0.012050958338170102
2026-02-16 10:00:00+00:00,5013.53,5017.146,5004.53,5004.953,2856.0,0.0,210.0,0.6798509828788305
2026-02-16 10:30:00+00:00,5005.125,5010.916,5000.131,5006.049,3292.0,0.0,436.0,0.08567454798330928
2026-02-16 11:00:00+00:00,5006.071,5007.066,4998.734,5004.679,2777.0,0.0,-515.0,0.16706673067689887
2026-02-16 11:30:00+00:00,5004.652,5007.966,5002.137,5004.267,2255.0,0.0,-522.0,0.06604906501975921
2026-02-16 12:00:00+00:00,5004.24,5004.981,4992.753,4996.447,2927.0,0.0,672.0,0.6373078181223114
2026-02-16 12:30:00+00:00,4996.466,5008.096,4995.247,5001.972,3248.0,0.0,321.0,0.4285158378083683
2026-02-16 13:00:00+00:00,5001.916,5003.535,4993.084,4994.264,2954.0,0.0,-294.0,0.7321787388766652
2026-02-16 13:30:00+00:00,4994.35,4998.611,4989.553,4997.361,3434.0,0.0,480.0,0.3324133362772704
2026-02-16 14:00:00+00:00,4997.23,4999.426,4990.279,4992.198,3317.0,0.0,-117.0,0.5501257242811063
2026-02-16 14:30:00+00:00,4992.476,4994.462,4981.659,4988.171,4281.0,0.0,964.0,0.3362493165663606
2026-02-16 15:00:00+00:00,4988.002,4988.337,4968.895,4980.234,5585.0,0.0,1304.0,0.39954737166958265
2026-02-16 15:30:00+00:00,4980.23,4983.131,4974.774,4979.735,3300.0,0.0,-2285.0,0.059231781739845946
2026-02-16 16:00:00+00:00,4979.707,4987.424,4972.936,4986.162,3622.0,0.0,322.0,0.445541137493084
2026-02-16 16:30:00+00:00,4986.089,4990.306,4985.229,4988.076,2763.0,0.0,-859.0,0.39137285798706867
2026-02-16 17:00:00+00:00,4987.964,4995.421,4987.879,4994.513,2246.0,0.0,-517.0,0.8683373110580291
2026-02-16 17:30:00+00:00,4994.432,4995.89,4989.9,4991.455,2203.0,0.0,-43.0,0.49699499165267413
2026-02-16 18:00:00+00:00,4991.543,4997.313,4988.327,4994.338,2593.0,0.0,390.0,0.31103939461385616
2026-02-16 18:30:00+00:00,4994.309,4997.933,4991.248,4994.708,3109.0,0.0,516.0,0.05968586387425708
2026-02-16 19:00:00+00:00,4994.632,4996.116,4990.583,4993.895,3554.0,0.0,445.0,0.13320079522846973
2026-02-16 23:00:00+00:00,4998.238,5000.719,4985.349,4994.351,2947.0,0.0,-607.0,0.2528952504880061
2026-02-16 23:30:00+00:00,4994.355,4995.543,4987.062,4989.986,2080.0,0.0,-867.0,0.5151515151514924
2026-02-17 00:00:00+00:00,4989.899,4991.592,4971.102,4973.335,4862.0,0.0,2782.0,0.8083943387018293
2026-02-17 00:30:00+00:00,4973.609,4978.978,4931.419,4935.712,7309.0,0.0,2447.0,0.7968418175319031
2026-02-17 01:00:00+00:00,4935.804,4957.816,4922.83,4956.625,8914.0,0.0,1605.0,0.5951237637912303
2026-02-17 01:30:00+00:00,4956.797,4964.074,4954.746,4957.944,4000.0,0.0,-4914.0,0.12296312178397331
2026-02-17 02:00:00+00:00,4957.864,4971.436,4954.349,4965.351,3782.0,0.0,-218.0,0.43816936852579647
2026-02-17 02:30:00+00:00,4965.456,4967.352,4959.361,4967.04,2771.0,0.0,-1011.0,0.1982230008759649
2026-02-17 03:00:00+00:00,4966.96,4970.075,4953.922,4955.416,3796.0,0.0,1025.0,0.7146660063145974
2026-02-17 03:30:00+00:00,4955.49,4960.411,4949.839,4956.886,3355.0,0.0,-441.0,0.13204691638295732
2026-02-17 04:00:00+00:00,4956.827,4960.363,4946.776,4959.503,2794.0,0.0,-561.0,0.19695296975045182
2026-02-17 04:30:00+00:00,4959.498,4960.342,4949.522,4952.816,2606.0,0.0,-188.0,0.6175600739371505
2026-02-17 05:00:00+00:00,4952.982,4954.276,4888.34,4900.519,10929.0,0.0,8323.0,0.7956654938121812
2026-02-17 05:30:00+00:00,4900.614,4902.277,4858.728,4888.634,13848.0,0.0,2919.0,0.275092424625125
2026-02-17 06:00:00+00:00,4888.674,4901.454,4886.528,4894.705,5701.0,0.0,-8147.0,0.4040600294787727
2026-02-17 06:30:00+00:00,4894.832,4914.219,4891.459,4910.377,4821.0,0.0,-880.0,0.6829964850615081
2026-02-17 07:00:00+00:00,4910.456,4916.844,4903.993,4908.067,4251.0,0.0,-570.0,0.18589992996655413
2026-02-17 07:30:00+00:00,4908.179,4922.014,4903.85,4917.021,4351.0,0.0,100.0,0.4867870513102709
2026-02-17 08:00:00+00:00,4917.0,4930.27,4916.035,4919.932,5398.0,0.0,1047.0,0.20597119775199643
2026-02-17 08:30:00+00:00,4920.24,4925.571,4916.399,4920.721,4104.0,0.0,-1294.0,0.05244221543826752
2026-02-17 09:00:00+00:00,4920.863,4929.244,4918.184,4919.01,4251.0,0.0,147.0,0.16754068716095397
2026-02-17 09:30:00+00:00,4918.993,4932.552,4912.838,4926.024,4539.0,0.0,288.0,0.3566500963782068
2026-02-17 10:00:00+00:00,4925.97,4939.206,4923.866,4928.037,3654.0,0.0,-885.0,0.13474576271186361
2026-02-17 10:30:00+00:00,4928.293,4928.293,4907.59,4913.177,5019.0,0.0,1365.0,0.7301357291213996
2026-02-17 11:00:00+00:00,4913.322,4930.961,4913.195,4927.627,3763.0,0.0,-1256.0,0.8051896881684039
2026-02-17 11:30:00+00:00,4927.669,4930.961,4921.317,4929.179,3528.0,0.0,-235.0,0.15657403566986539
2026-02-17 12:00:00+00:00,4929.06,4944.351,4928.191,4942.76,5325.0,0.0,1797.0,0.8477722772277192
2026-02-17 12:30:00+00:00,4942.625,4944.164,4928.915,4932.27,4088.0,0.0,-1237.0,0.6790609220276543
2026-02-17 13:00:00+00:00,4932.173,4933.279,4911.004,4919.501,6747.0,0.0,2659.0,0.5688888888888557
2026-02-17 13:30:00+00:00,4919.76,4924.233,4869.625,4870.724,11267.0,0.0,4520.0,0.8979636683269833
2026-02-17 14:00:00+00:00,4870.541,4904.551,4841.149,4898.048,16152.0,0.0,4885.0,0.4338506671713761
2026-02-17 14:30:00+00:00,4897.976,4907.182,4855.969,4864.129,26197.0,0.0,10045.0,0.6609064104817122
2026-02-17 15:00:00+00:00,4864.061,4877.417,4848.873,4861.628,19447.0,0.0,-6750.0,0.08523682735425751
2026-02-17 15:30:00+00:00,4861.705,4882.548,4852.839,4878.263,14141.0,0.0,-5306.0,0.5573395267427408
2026-02-17 16:00:00+00:00,4878.366,4893.683,4876.301,4883.76,11333.0,0.0,-2808.0,0.3103210217466549
2026-02-17 16:30:00+00:00,4883.688,4887.54,4868.386,4869.369,9496.0,0.0,-1837.0,0.747572308656195
2026-02-17 17:00:00+00:00,4869.462,4871.303,4849.915,4864.851,8876.0,0.0,-620.0,0.21558818028804952
2026-02-17 17:30:00+00:00,4864.924,4868.471,4853.762,4865.243,8251.0,0.0,-625.0,0.02168740227074705
2026-02-17 18:00:00+00:00,4865.324,4890.451,4862.484,4887.085,9075.0,0.0,824.0,0.7780956126864054
2026-02-17 18:30:00+00:00,4887.098,4910.733,4879.943,4898.961,7858.0,0.0,-1217.0,0.3852874309840954
2026-02-17 19:00:00+00:00,4899.097,4901.171,4881.774,4883.732,7090.0,0.0,-768.0,0.7921328040418536
2026-02-17 19:30:00+00:00,4883.678,4888.126,4876.609,4880.422,5358.0,0.0,-1732.0,0.2827125119389044
2026-02-17 20:00:00+00:00,4880.378,4882.511,4873.239,4877.891,5062.0,0.0,-296.0,0.26822691975839663
2026-02-17 20:30:00+00:00,4877.814,4884.257,4874.046,4878.095,6796.0,0.0,1734.0,0.027519341886197972
2026-02-17 21:00:00+00:00,4878.025,4887.009,4874.866,4880.455,3145.0,0.0,-3651.0,0.20011529276128512
2026-02-17 21:30:00+00:00,4880.659,4881.766,4876.67,4878.018,1812.0,0.0,-1333.0,0.5182496075352935
2026-02-17 23:00:00+00:00,4863.153,4884.656,4860.096,4877.375,3763.0,0.0,1951.0,0.5790716612377655
2026-02-17 23:30:00+00:00,4877.308,4883.919,4853.954,4859.523,4218.0,0.0,455.0,0.5935257800767485
2026-02-18 00:00:00+00:00,4859.221,4872.031,4858.455,4870.134,5662.0,0.0,1444.0,0.8038450206246647
2026-02-18 00:30:00+00:00,4870.143,4882.942,4867.861,4874.95,4466.0,0.0,-1196.0,0.31874544128371773
2026-02-18 01:00:00+00:00,4874.905,4891.375,4874.564,4886.985,4629.0,0.0,163.0,0.7185771221224285
2026-02-18 01:30:00+00:00,4886.963,4892.866,4882.876,4889.833,3288.0,0.0,-1341.0,0.28728728728728264
2026-02-18 02:00:00+00:00,4889.732,4904.149,4886.583,4901.068,3958.0,0.0,670.0,0.6453375839690185
2026-02-18 02:30:00+00:00,4900.935,4907.26,4900.741,4905.298,2203.0,0.0,-1755.0,0.6692744285932226
2026-02-18 03:00:00+00:00,4905.106,4919.944,4904.346,4919.158,3045.0,0.0,842.0,0.9008847288113738
2026-02-18 03:30:00+00:00,4919.231,4922.215,4916.646,4920.873,2491.0,0.0,-554.0,0.2948464715388226
2026-02-18 04:00:00+00:00,4920.888,4933.535,4918.318,4932.954,3165.0,0.0,674.0,0.7929289610304322
2026-02-18 04:30:00+00:00,4932.999,4940.11,4931.49,4933.918,2817.0,0.0,-348.0,0.10661252900230635
2026-02-18 05:00:00+00:00,4933.993,4939.351,4929.82,4935.378,2673.0,0.0,-144.0,0.1453152869582747
2026-02-18 05:30:00+00:00,4935.377,4939.864,4933.163,4933.376,2212.0,0.0,-461.0,0.2986121474407099
2026-02-18 06:00:00+00:00,4933.518,4934.144,4924.87,4930.601,3107.0,0.0,895.0,0.31453525986632125
2026-02-18 06:30:00+00:00,4930.612,4936.041,4926.752,4930.576,2684.0,0.0,-423.0,0.0038755517278565117
2026-02-18 07:00:00+00:00,4930.545,4942.324,4929.958,4938.967,2971.0,0.0,287.0,0.681060973637359
2026-02-18 07:30:00+00:00,4939.083,4940.553,4929.135,4930.324,2395.0,0.0,-576.0,0.7671220879313603
2026-02-18 08:00:00+00:00,4930.402,4932.364,4922.493,4926.04,3108.0,0.0,713.0,0.44190051666502284
2026-02-18 08:30:00+00:00,4926.073,4927.032,4916.542,4917.155,3346.0,0.0,238.0,0.8501429933270506
2026-02-18 09:00:00+00:00,4917.219,4923.069,4913.027,4921.316,3797.0,0.0,451.0,0.40798645688105967
2026-02-18 09:30:00+00:00,4921.42,4923.151,4916.167,4917.388,2636.0,0.0,-1161.0,0.5773195876289318
2026-02-18 10:00:00+00:00,4917.436,4924.439,4916.782,4921.381,4079.0,0.0,1443.0,0.5152148360977589
2026-02-18 10:30:00+00:00,4921.299,4921.3,4909.252,4914.522,3603.0,0.0,-476.0,0.5625000000000141
2026-02-18 11:00:00+00:00,4914.515,4917.595,4912.437,4915.256,2603.0,0.0,-1000.0,0.14366033346256965
2026-02-18 11:30:00+00:00,4915.235,4916.494,4906.242,4912.974,2824.0,0.0,221.0,0.22054233320324065
2026-02-18 12:00:00+00:00,4912.886,4929.513,4911.999,4921.372,4591.0,0.0,1767.0,0.484526664382769
2026-02-18 12:30:00+00:00,4921.084,4947.213,4917.849,4943.1,3868.0,0.0,-723.0,0.7497616128593123
2026-02-18 13:00:00+00:00,4943.17,4959.538,4942.962,4956.307,5737.0,0.0,1869.0,0.792531370656396
2026-02-18 13:30:00+00:00,4956.588,4969.069,4948.832,4954.535,5896.0,0.0,159.0,0.1014478430597359
2026-02-18 14:00:00+00:00,4954.57,4963.57,4952.132,4960.797,4424.0,0.0,-1472.0,0.5444133589788255
2026-02-18 14:30:00+00:00,4960.855,4994.479,4955.637,4991.714,13065.0,0.0,8641.0,0.7944750527779192
2026-02-18 15:00:00+00:00,4991.77,5008.998,4991.629,5004.876,8282.0,0.0,-4783.0,0.7545627266969891
2026-02-18 15:30:00+00:00,5004.802,5005.155,4994.883,4997.843,5609.0,0.0,-2673.0,0.6774727414330098
2026-02-18 16:00:00+00:00,4998.086,5003.047,4991.305,4996.872,4737.0,0.0,-872.0,0.1033895418157057
2026-02-18 16:30:00+00:00,4997.008,5010.974,4994.659,5000.589,5217.0,0.0,480.0,0.2194912657064063
2026-02-18 17:00:00+00:00,5000.678,5001.722,4996.117,4999.272,3955.0,0.0,-1262.0,0.2508474576271291
2026-02-18 17:30:00+00:00,4999.262,5000.777,4993.317,4998.982,3453.0,0.0,-502.0,0.03753351206430884
2026-02-18 18:00:00+00:00,4999.09,5003.223,4986.691,4988.217,4295.0,0.0,842.0,0.6576941688846117
2026-02-18 18:30:00+00:00,4988.313,4993.128,4980.555,4987.237,5720.0,0.0,1425.0,0.08558021156446928
2026-02-18 19:00:00+00:00,4987.143,4995.495,4973.082,4978.662,6324.0,0.0,604.0,0.37839646633649826
2026-02-18 19:30:00+00:00,4978.754,4984.513,4972.896,4980.659,6213.0,0.0,-111.0,0.16398381682015273
2026-02-18 20:00:00+00:00,4980.473,4984.539,4975.507,4977.692,4332.0,0.0,-1881.0,0.30790522586358526
2026-02-18 20:30:00+00:00,4977.615,4987.513,4976.562,4984.789,4597.0,0.0,265.0,0.6550999908684105
2026-02-18 21:00:00+00:00,4984.69,4986.525,4980.376,4981.602,1782.0,0.0,-2815.0,0.5021954789396688
2026-02-18 21:30:00+00:00,4981.677,4982.28,4975.765,4976.284,1603.0,0.0,-179.0,0.8277820414429027
2026-02-18 23:00:00+00:00,4974.388,4983.934,4961.397,4982.218,3893.0,0.0,2290.0,0.34742867284908535
2026-02-18 23:30:00+00:00,4982.218,4988.664,4968.237,4976.255,2991.0,0.0,-902.0,0.2919175600920268
2026-02-19 00:00:00+00:00,4976.015,4976.321,4961.019,4967.244,4474.0,0.0,1483.0,0.5731930466606211
2026-02-19 00:30:00+00:00,4967.516,4973.378,4960.446,4961.381,3476.0,0.0,-998.0,0.4744045777914792
2026-02-19 01:00:00+00:00,4961.073,4968.5,4960.571,4964.109,3317.0,0.0,-159.0,0.3828982217177481
2026-02-19 01:30:00+00:00,4964.272,4975.455,4961.82,4973.151,3116.0,0.0,-201.0,0.6511917858452339
2026-02-19 02:00:00+00:00,4972.925,4977.298,4965.694,4972.659,3240.0,0.0,124.0,0.022923129955234902
2026-02-19 02:30:00+00:00,4972.767,4973.361,4967.612,4968.32,2346.0,0.0,-894.0,0.7735258305792788
2026-02-19 03:00:00+00:00,4968.224,4971.856,4966.422,4969.71,2351.0,0.0,5.0,0.27346337872650395
2026-02-19 03:30:00+00:00,4969.785,4983.534,4969.785,4981.809,3076.0,0.0,725.0,0.8745363299149407
2026-02-19 04:00:00+00:00,4981.607,4984.887,4977.99,4980.052,2132.0,0.0,-944.0,0.22546034507761428
2026-02-19 04:30:00+00:00,4980.041,4985.522,4976.948,4984.193,2331.0,0.0,199.0,0.484254723582952
2026-02-19 05:00:00+00:00,4984.189,4993.322,4984.189,4989.301,2340.0,0.0,9.0,0.5597284572429855
2026-02-19 05:30:00+00:00,4989.134,4998.403,4988.956,4997.064,2311.0,0.0,-29.0,0.839419921668275
2026-02-19 06:00:00+00:00,4996.827,5002.339,4996.712,5001.267,2195.0,0.0,-116.0,0.7890527812333386
2026-02-19 06:30:00+00:00,5001.194,5020.107,5000.896,5018.292,3389.0,0.0,1194.0,0.8900109312372986
2026-02-19 07:00:00+00:00,5018.37,5021.927,5014.802,5017.672,3109.0,0.0,-280.0,0.09796491228074669
2026-02-19 07:30:00+00:00,5017.708,5020.053,5008.72,5010.363,2719.0,0.0,-390.0,0.6481072972734127
2026-02-19 08:00:00+00:00,5010.29,5014.798,5006.094,5014.708,3425.0,0.0,706.0,0.507582720588213
2026-02-19 08:30:00+00:00,5014.653,5022.047,5010.317,5017.046,2959.0,0.0,-466.0,0.20400682011936216
2026-02-19 09:00:00+00:00,5016.994,5020.34,4999.838,5000.486,3804.0,0.0,845.0,0.8051897375865517
2026-02-19 09:30:00+00:00,5000.714,5005.656,4992.903,4995.757,3793.0,0.0,-11.0,0.3886928565828002
2026-02-19 10:00:00+00:00,4995.74,4996.196,4983.173,4986.685,4515.0,0.0,722.0,0.6953083006987089
2026-02-19 10:30:00+00:00,4986.612,4995.144,4981.612,4993.326,3444.0,0.0,-1071.0,0.4961572568725884
2026-02-19 11:00:00+00:00,4993.105,4996.417,4977.99,4984.786,3865.0,0.0,421.0,0.45145710099306663
2026-02-19 11:30:00+00:00,4984.865,4987.059,4978.062,4984.696,3600.0,0.0,-265.0,0.018784039124137317
2026-02-19 12:00:00+00:00,4984.608,4992.131,4980.541,4991.928,3414.0,0.0,-186.0,0.631578947368388
2026-02-19 12:30:00+00:00,4992.001,4992.792,4980.739,4984.697,3403.0,0.0,-11.0,0.6059902099062148
2026-02-19 13:00:00+00:00,4984.78,4987.649,4974.364,4984.472,4784.0,0.0,1381.0,0.023184042152802033
2026-02-19 13:30:00+00:00,4984.333,4998.415,4971.953,4997.127,4977.0,0.0,193.0,0.4834857531555061
2026-02-19 14:00:00+00:00,4997.095,4997.123,4971.881,4978.114,6024.0,0.0,1047.0,0.7519610173520805
2026-02-19 14:30:00+00:00,4978.041,5010.304,4963.338,5005.589,12628.0,0.0,6604.0,0.5865519737682487
2026-02-19 15:00:00+00:00,5005.664,5016.267,4995.972,5016.03,11340.0,0.0,-1288.0,0.5107661985710741
2026-02-19 15:30:00+00:00,5016.221,5022.336,5006.467,5013.708,7751.0,0.0,-3589.0,0.15835906484339438
2026-02-19 16:00:00+00:00,5013.792,5014.389,4991.436,4998.316,7108.0,0.0,-643.0,0.674247375070809
2026-02-19 16:30:00+00:00,4998.392,5008.843,4990.196,4995.316,5521.0,0.0,-1587.0,0.1649595109132854
2026-02-19 17:00:00+00:00,4995.119,5001.578,4991.941,4993.859,4484.0,0.0,-1037.0,0.13074608280577224
2026-02-19 17:30:00+00:00,4994.132,4996.186,4982.701,4984.926,5082.0,0.0,598.0,0.6826844642194619
2026-02-19 18:00:00+00:00,4985.004,4989.232,4975.901,4978.186,5065.0,0.0,-17.0,0.5114395019128456
2026-02-19 18:30:00+00:00,4978.164,4984.352,4975.075,4981.815,3857.0,0.0,-1208.0,0.3935539506305727
2026-02-19 19:00:00+00:00,4981.89,4990.427,4980.69,4989.079,3169.0,0.0,-688.0,0.7383177570092777
2026-02-19 19:30:00+00:00,4988.994,4989.926,4978.213,4987.832,3416.0,0.0,247.0,0.09920601041571657
2026-02-19 20:00:00+00:00,4987.855,4997.015,4987.855,4995.761,2910.0,0.0,-506.0,0.8631004366812445
2026-02-19 20:30:00+00:00,4995.645,5003.395,4994.983,5001.584,2955.0,0.0,45.0,0.7060152163574906
2026-02-19 21:00:00+00:00,5001.671,5004.191,4992.165,4994.094,2330.0,0.0,-625.0,0.6300515549642712
2026-02-19 21:30:00+00:00,4994.031,4999.948,4993.1,4996.334,1876.0,0.0,-454.0,0.3363025700934431
2026-02-19 23:00:00+00:00,4997.165,5007.89,4993.231,4997.195,2986.0,0.0,1110.0,0.0020465243195132133
2026-02-19 23:30:00+00:00,4997.045,5001.477,4985.731,4987.7,2594.0,0.0,-392.0,0.5934840594436809
2026-02-20 00:00:00+00:00,4987.764,4996.48,4985.451,4990.729,3232.0,0.0,638.0,0.2688367032369452
2026-02-20 00:30:00+00:00,4990.809,5006.896,4987.264,5006.316,2919.0,0.0,-313.0,0.7898838630806804
2026-02-20 01:00:00+00:00,5006.397,5014.702,4995.768,4999.752,4815.0,0.0,1896.0,0.3509559522551737
2026-02-20 01:30:00+00:00,4999.735,5003.686,4995.114,4997.041,3164.0,0.0,-1651.0,0.31427904806340046
2026-02-20 02:00:00+00:00,4997.065,5007.338,4992.583,4997.5,3683.0,0.0,519.0,0.02948153168420176
2026-02-20 02:30:00+00:00,4997.515,5003.392,4992.853,4996.318,2840.0,0.0,-843.0,0.11357813834330996
2026-02-20 03:00:00+00:00,4996.29,4998.378,4989.587,4992.17,2410.0,0.0,-430.0,0.4686611307018813
2026-02-20 03:30:00+00:00,4992.182,4999.053,4981.699,4988.088,3742.0,0.0,1332.0,0.2359110291575422
2026-02-20 04:00:00+00:00,4988.184,4994.587,4986.715,4994.213,2021.0,0.0,-1721.0,0.7658790650405631
2026-02-20 04:30:00+00:00,4994.313,5003.414,4993.402,4999.763,2270.0,0.0,249.0,0.544346783859366
2026-02-20 05:00:00+00:00,4999.936,5006.145,4998.514,5001.63,2431.0,0.0,161.0,0.22198925435727235
2026-02-20 05:30:00+00:00,5001.549,5011.873,4997.876,5011.873,2897.0,0.0,466.0,0.737586625705513
2026-02-20 06:00:00+00:00,5011.948,5029.412,5011.805,5022.248,3880.0,0.0,983.0,0.5849946044186568
2026-02-20 06:30:00+00:00,5022.054,5030.141,5020.261,5020.758,3107.0,0.0,-773.0,0.13117408906886452
2026-02-20 07:00:00+00:00,5020.642,5028.198,5009.412,5015.186,3807.0,0.0,700.0,0.2904290429042965
2026-02-20 07:30:00+00:00,5015.259,5017.963,5006.017,5006.527,3332.0,0.0,-475.0,0.7309559685250322
2026-02-20 08:00:00+00:00,5006.606,5019.747,5005.104,5018.302,3951.0,0.0,619.0,0.7987434268933886
2026-02-20 08:30:00+00:00,5018.289,5030.923,5017.641,5028.853,3088.0,0.0,-863.0,0.7953621442553971
2026-02-20 09:00:00+00:00,5028.767,5042.628,5027.99,5034.1,4176.0,0.0,1088.0,0.3643257275584484
2026-02-20 09:30:00+00:00,5034.209,5035.909,5027.461,5027.461,3051.0,0.0,-1125.0,0.7987689393939469
2026-02-20 10:00:00+00:00,5027.727,5030.887,5019.446,5026.351,3442.0,0.0,391.0,0.1202692072371495
2026-02-20 10:30:00+00:00,5026.642,5038.34,5025.747,5034.55,3398.0,0.0,-44.0,0.6279679186850197
2026-02-20 11:00:00+00:00,5034.766,5034.885,5025.966,5028.814,2619.0,0.0,-779.0,0.6673393878236802
2026-02-20 11:30:00+00:00,5029.002,5033.482,5015.411,5017.392,4504.0,0.0,1885.0,0.642465829229187
2026-02-20 12:00:00+00:00,5017.465,5023.829,5011.69,5012.162,4256.0,0.0,-248.0,0.436856413213595
2026-02-20 12:30:00+00:00,5012.242,5026.62,5007.088,5025.035,3848.0,0.0,-408.0,0.6549764489043398
2026-02-20 13:00:00+00:00,5025.048,5031.967,5023.545,5028.685,3074.0,0.0,-774.0,0.4318451674187617
2026-02-20 13:30:00+00:00,5028.775,5048.825,5018.215,5043.691,6304.0,0.0,3230.0,0.48729173472722404
2026-02-20 14:00:00+00:00,5043.619,5047.43,5037.0,5041.647,5070.0,0.0,-1234.0,0.1890699904122433
2026-02-20 14:30:00+00:00,5041.331,5060.51,5037.677,5054.183,12405.0,0.0,7335.0,0.5628695309420382
2026-02-20 15:00:00+00:00,5054.078,5064.009,4988.89,5025.463,40840.0,0.0,28435.0,0.3809289261039259
2026-02-20 15:30:00+00:00,5025.538,5052.484,5016.93,5042.506,19898.0,0.0,-20942.0,0.47724587950724856
2026-02-20 16:00:00+00:00,5042.431,5056.776,5038.405,5053.592,11992.0,0.0,-7906.0,0.6075336127592401
2026-02-20 16:30:00+00:00,5053.664,5069.045,5052.693,5066.475,8469.0,0.0,-3523.0,0.7834515655577735
2026-02-20 17:00:00+00:00,5066.556,5073.548,5054.557,5064.146,9133.0,0.0,664.0,0.12690221683954803
2026-02-20 17:30:00+00:00,5064.367,5076.408,5061.754,5072.994,7605.0,0.0,-1528.0,0.5887129793912401
2026-02-20 18:00:00+00:00,5072.916,5073.482,5053.792,5058.558,8133.0,0.0,528.0,0.7292026409345082
2026-02-20 18:30:00+00:00,5058.474,5075.154,5057.569,5071.081,10095.0,0.0,1962.0,0.7169178276940543
2026-02-20 19:00:00+00:00,5071.154,5075.358,5068.397,5069.673,3814.0,0.0,-6281.0,0.21275678781793214
2026-02-20 19:30:00+00:00,5069.686,5079.887,5069.686,5079.392,3090.0,0.0,-724.0,0.9514753455543682
2026-02-20 20:00:00+00:00,5079.43,5086.32,5076.865,5084.774,3737.0,0.0,647.0,0.5652035959809721
2026-02-20 20:30:00+00:00,5084.885,5098.185,5082.48,5096.892,5096.0,0.0,1359.0,0.7645335880292243
2026-02-20 21:00:00+00:00,5096.968,5099.069,5091.769,5097.829,3021.0,0.0,-2075.0,0.11794520547943217
2026-02-20 21:30:00+00:00,5097.905,5108.031,5097.445,5105.809,3591.0,0.0,570.0,0.7466465142641481
2026-02-22 23:00:00+00:00,5111.637,5151.332,5108.785,5145.855,6023.0,0.0,2432.0,0.8042400169224495
2026-02-22 23:30:00+00:00,5146.106,5171.868,5144.356,5165.373,4718.0,0.0,-1305.0,0.7003125908694166
2026-02-23 00:00:00+00:00,5165.366,5166.728,5129.474,5153.343,11657.0,0.0,6939.0,0.3227304450528848
2026-02-23 00:30:00+00:00,5153.155,5160.921,5134.745,5144.589,6625.0,0.0,-5032.0,0.3272463325183251
2026-02-23 01:00:00+00:00,5144.291,5159.306,5139.976,5158.976,6886.0,0.0,261.0,0.7596999482669191
2026-02-23 01:30:00+00:00,5158.901,5167.792,5155.265,5157.618,5207.0,0.0,-1679.0,0.10241877544499421
2026-02-23 02:00:00+00:00,5157.519,5167.329,5156.647,5161.313,4940.0,0.0,-267.0,0.3551769331585793
2026-02-23 02:30:00+00:00,5161.255,5176.67,5160.88,5173.697,4153.0,0.0,-787.0,0.7879670677644102
2026-02-23 03:00:00+00:00,5173.708,5175.775,5151.397,5164.011,4840.0,0.0,687.0,0.3977766838952878
2026-02-23 03:30:00+00:00,5164.025,5171.265,5164.025,5166.851,3204.0,0.0,-1636.0,0.39033149171267295
2026-02-23 04:00:00+00:00,5166.838,5168.703,5155.427,5160.079,3663.0,0.0,459.0,0.5091141910213643
2026-02-23 04:30:00+00:00,5160.315,5163.651,5155.864,5160.691,2800.0,0.0,-863.0,0.04828560421217299
2026-02-23 05:00:00+00:00,5160.734,5161.829,5152.159,5157.592,3336.0,0.0,536.0,0.32492244053781916
2026-02-23 05:30:00+00:00,5157.666,5159.563,5153.527,5158.279,2417.0,0.0,-919.0,0.101557322730331
2026-02-23 06:00:00+00:00,5158.147,5161.688,5152.149,5152.577,2672.0,0.0,255.0,0.5839186497536272
2026-02-23 06:30:00+00:00,5152.692,5156.867,5144.838,5145.739,4585.0,0.0,1913.0,0.5780197855183448
2026-02-23 07:00:00+00:00,5145.739,5154.134,5125.562,5136.289,6471.0,0.0,1886.0,0.3307433851322896
2026-02-23 07:30:00+00:00,5136.375,5139.263,5124.932,5136.727,5094.0,0.0,-1377.0,0.024562138022458904
2026-02-23 08:00:00+00:00,5136.487,5139.566,5122.273,5125.301,5044.0,0.0,-50.0,0.6468513271265779
2026-02-23 08:30:00+00:00,5125.203,5141.953,5122.192,5140.034,4104.0,0.0,-940.0,0.7505186984463794
2026-02-23 09:00:00+00:00,5140.104,5149.324,5139.38,5149.01,3555.0,0.0,-549.0,0.8956154465004417
2026-02-23 09:30:00+00:00,5149.09,5150.057,5142.938,5149.524,2810.0,0.0,-745.0,0.060963618485772655
2026-02-23 10:00:00+00:00,5149.479,5156.615,5146.456,5155.978,3726.0,0.0,916.0,0.6397283197165095
2026-02-23 10:30:00+00:00,5155.703,5163.386,5145.008,5162.601,4133.0,0.0,407.0,0.3753400805310153
2026-02-23 11:00:00+00:00,5162.682,5163.447,5146.43,5150.702,3812.0,0.0,-321.0,0.7040018804724503
2026-02-23 11:30:00+00:00,5150.757,5154.775,5147.971,5149.884,2904.0,0.0,-908.0,0.12830687830681678
2026-02-23 12:00:00+00:00,5149.793,5154.812,5145.661,5149.928,3820.0,0.0,916.0,0.014752486067120603
2026-02-23 12:30:00+00:00,5150.031,5165.463,5149.562,5163.954,3580.0,0.0,-240.0,0.8756053078422688
2026-02-23 13:00:00+00:00,5163.854,5165.312,5143.5,5149.614,4861.0,0.0,1281.0,0.6528516412984026
2026-02-23 13:30:00+00:00,5149.965,5154.003,5145.441,5146.375,4141.0,0.0,-720.0,0.4192945573464364
2026-02-23 14:00:00+00:00,5146.29,5165.5,5141.232,5165.175,4609.0,0.0,468.0,0.7781852645459121
2026-02-23 14:30:00+00:00,5165.117,5200.414,5164.87,5192.252,10263.0,0.0,5654.0,0.76341998649562
2026-02-23 15:00:00+00:00,5192.469,5203.703,5180.724,5197.501,10110.0,0.0,-153.0,0.21898254928413308
2026-02-23 15:30:00+00:00,5197.618,5205.098,5186.004,5196.252,8837.0,0.0,-1273.0,0.07154079815648799
2026-02-23 16:00:00+00:00,5196.135,5219.089,5175.543,5214.727,10283.0,0.0,1446.0,0.4269508106370166
2026-02-23 16:30:00+00:00,5214.645,5217.883,5206.353,5209.999,8437.0,0.0,-1846.0,0.40294882914143476
2026-02-23 17:00:00+00:00,5210.164,5213.315,5199.507,5210.364,7503.0,0.0,-934.0,0.014484356894540716
2026-02-23 17:30:00+00:00,5210.444,5210.857,5190.918,5207.791,7002.0,0.0,-501.0,0.13305582025177826
2026-02-23 18:00:00+00:00,5208.063,5215.914,5201.186,5206.119,6264.0,0.0,-738.0,0.13199348180339532
2026-02-23 18:30:00+00:00,5205.911,5213.261,5205.366,5209.733,4175.0,0.0,-2089.0,0.48410386320454785
2026-02-23 19:00:00+00:00,5209.653,5215.012,5206.338,5209.241,3729.0,0.0,-446.0,0.047498270694058445
2026-02-23 19:30:00+00:00,5209.371,5218.217,5208.158,5215.605,4508.0,0.0,779.0,0.6197435132716881
2026-02-23 20:00:00+00:00,5215.628,5226.075,5214.887,5225.151,3952.0,0.0,-556.0,0.8511798355380811
2026-02-23 20:30:00+00:00,5225.077,5237.907,5224.472,5236.054,4336.0,0.0,384.0,0.8170450316337577
2026-02-23 21:00:00+00:00,5235.973,5237.293,5228.761,5230.056,2807.0,0.0,-1529.0,0.6935067979372826
2026-02-23 21:30:00+00:00,5229.976,5232.751,5226.561,5227.899,2317.0,0.0,-490.0,0.335541195476437
2026-02-23 23:00:00+00:00,5226.214,5249.439,5226.214,5236.563,4384.0,0.0,2067.0,0.4455974165769644
2026-02-23 23:30:00+00:00,5236.474,5247.041,5234.762,5235.933,3003.0,0.0,-1381.0,0.04405896245623809
2026-02-24 00:00:00+00:00,5235.839,5238.095,5217.399,5226.819,7107.0,0.0,4104.0,0.4358330112098746
2026-02-24 00:30:00+00:00,5226.898,5232.71,5221.176,5223.979,5486.0,0.0,-1621.0,0.2530778567712812
2026-02-24 01:00:00+00:00,5223.904,5224.216,5144.765,5165.197,28092.0,0.0,22606.0,0.7389082579199798
2026-02-24 01:30:00+00:00,5165.293,5179.293,5161.097,5177.122,10166.0,0.0,-17926.0,0.6500879314135354
2026-02-24 02:00:00+00:00,5177.202,5181.671,5165.521,5173.114,5628.0,0.0,-4538.0,0.2531269349845517
2026-02-24 02:30:00+00:00,5173.04,5190.413,5172.481,5189.691,5054.0,0.0,-574.0,0.9285634619674346
2026-02-24 03:00:00+00:00,5189.579,5191.747,5181.941,5182.568,3629.0,0.0,-1425.0,0.7149704262695451
2026-02-24 03:30:00+00:00,5182.623,5188.232,5170.956,5171.972,3523.0,0.0,-106.0,0.6165200277842058
2026-02-24 04:00:00+00:00,5171.898,5174.81,5160.916,5171.644,3818.0,0.0,295.0,0.018281272491715933
2026-02-24 04:30:00+00:00,5171.727,5173.017,5163.21,5168.322,2892.0,0.0,-926.0,0.3472009788926092
2026-02-24 05:00:00+00:00,5168.26,5175.055,5163.948,5167.269,3073.0,0.0,181.0,0.08922301251462934
2026-02-24 05:30:00+00:00,5167.655,5185.704,5164.611,5182.363,4992.0,0.0,1919.0,0.6972929407860733
2026-02-24 06:00:00+00:00,5182.507,5184.843,5166.835,5169.049,4105.0,0.0,-887.0,0.7473345179919908
2026-02-24 06:30:00+00:00,5169.14,5175.211,5156.125,5173.388,4840.0,0.0,735.0,0.2225715183904191
2026-02-24 07:00:00+00:00,5173.305,5183.227,5164.044,5183.137,5583.0,0.0,743.0,0.5125371422613475
2026-02-24 07:30:00+00:00,5183.052,5183.992,5174.509,5179.06,3928.0,0.0,-1655.0,0.420963830011516
2026-02-24 08:00:00+00:00,5179.02,5179.488,5164.834,5170.532,5123.0,0.0,1195.0,0.5792275146717635
2026-02-24 08:30:00+00:00,5170.425,5181.856,5169.118,5173.446,3790.0,0.0,-1333.0,0.23716439001412146
2026-02-24 09:00:00+00:00,5173.346,5180.344,5167.893,5168.745,3707.0,0.0,-83.0,0.36952855192351214
2026-02-24 09:30:00+00:00,5168.564,5173.546,5166.321,5171.422,2929.0,0.0,-778.0,0.39557093425593376
2026-02-24 10:00:00+00:00,5171.428,5181.307,5170.878,5176.014,2867.0,0.0,-62.0,0.43973535334166286
2026-02-24 10:30:00+00:00,5176.012,5176.744,5163.212,5172.535,4157.0,0.0,1290.0,0.2569464971918457
2026-02-24 11:00:00+00:00,5172.53,5177.197,5170.897,5174.529,2556.0,0.0,-1601.0,0.31730158730169017
2026-02-24 11:30:00+00:00,5174.805,5178.533,5172.133,5172.835,2735.0,0.0,179.0,0.30781250000001353
2026-02-24 12:00:00+00:00,5172.793,5173.595,5146.642,5161.385,5766.0,0.0,3031.0,0.42325529625641917
2026-02-24 12:30:00+00:00,5161.749,5164.506,5144.682,5150.316,5847.0,0.0,81.0,0.5767251815980473
2026-02-24 13:00:00+00:00,5150.483,5161.097,5150.483,5156.133,6969.0,0.0,1122.0,0.5323158093084475
2026-02-24 13:30:00+00:00,5156.4,5158.717,5110.63,5115.082,12183.0,0.0,5214.0,0.8592343044897728
2026-02-24 14:00:00+00:00,5115.001,5127.544,5093.319,5115.182,14700.0,0.0,2517.0,0.005288531775006228
2026-02-24 14:30:00+00:00,5115.108,5139.115,5109.712,5128.311,15374.0,0.0,674.0,0.4490358126721701
2026-02-24 15:00:00+00:00,5128.521,5146.158,5117.962,5138.382,9186.0,0.0,-6188.0,0.34973045822102095
2026-02-24 15:30:00+00:00,5138.297,5155.306,5134.229,5150.191,6983.0,0.0,-2203.0,0.5643118090810181
2026-02-24 16:00:00+00:00,5150.171,5152.295,5141.041,5143.642,5553.0,0.0,-1430.0,0.580149280255954
2026-02-24 16:30:00+00:00,5143.683,5150.894,5130.537,5141.603,7387.0,0.0,1834.0,0.10217615562214129
2026-02-24 17:00:00+00:00,5141.797,5163.53,5141.494,5158.543,4672.0,0.0,-2715.0,0.7599382828099497
2026-02-24 17:30:00+00:00,5158.736,5163.772,5156.407,5163.772,3520.0,0.0,-1152.0,0.6837746096402183
2026-02-24 18:00:00+00:00,5163.582,5170.116,5155.532,5158.356,4822.0,0.0,1302.0,0.35833790455297776
2026-02-24 18:30:00+00:00,5158.442,5162.963,5153.195,5160.17,4136.0,0.0,-686.0,0.17690417690418309
2026-02-24 19:00:00+00:00,5160.122,5160.626,5146.172,5151.337,4987.0,0.0,851.0,0.6077902310778657
2026-02-24 19:30:00+00:00,5151.592,5156.655,5148.878,5154.063,3070.0,0.0,-1917.0,0.3177317731773749
2026-02-24 20:00:00+00:00,5154.169,5170.089,5146.594,5168.24,3630.0,0.0,560.0,0.598893381570546
2026-02-24 20:30:00+00:00,5168.428,5173.146,5158.126,5163.892,4436.0,0.0,806.0,0.30199733688416786
2026-02-24 21:00:00+00:00,5163.97,5165.718,5153.547,5155.461,2467.0,0.0,-1969.0,0.6991208610631683
2026-02-24 21:30:00+00:00,5155.46,5155.963,5140.216,5143.82,2778.0,0.0,311.0,0.7391884168413526
2026-02-24 23:00:00+00:00,5135.424,5138.156,5127.569,5130.702,2886.0,0.0,108.0,0.44601870218191747
2026-02-24 23:30:00+00:00,5130.702,5152.161,5129.117,5146.578,3042.0,0.0,156.0,0.688942891859065
2026-02-25 00:00:00+00:00,5146.576,5149.635,5136.459,5140.513,3320.0,0.0,278.0,0.4601548269580999
2026-02-25 00:30:00+00:00,5140.591,5156.336,5140.387,5152.214,4864.0,0.0,1544.0,0.7287604238509756
2026-02-25 01:00:00+00:00,5152.13,5188.709,5144.07,5185.197,9432.0,0.0,4568.0,0.7407648020788977
2026-02-25 01:30:00+00:00,5185.113,5189.947,5174.707,5176.554,4511.0,0.0,-4921.0,0.5616141732283674
2026-02-25 02:00:00+00:00,5176.86,5193.907,5176.298,5189.623,4277.0,0.0,-234.0,0.7247998182747257
2026-02-25 02:30:00+00:00,5189.696,5190.545,5166.434,5180.43,5570.0,0.0,1293.0,0.38430591846044
2026-02-25 03:00:00+00:00,5180.47,5190.082,5179.309,5186.231,4223.0,0.0,-1347.0,0.5347628330083949
2026-02-25 03:30:00+00:00,5186.267,5188.415,5178.449,5182.161,3493.0,0.0,-730.0,0.4120008027292418
2026-02-25 04:00:00+00:00,5182.014,5184.998,5171.775,5182.816,2996.0,0.0,-497.0,0.06065189442635427
2026-02-25 04:30:00+00:00,5182.785,5184.915,5179.829,5182.61,2149.0,0.0,-847.0,0.034408179315802916
2026-02-25 05:00:00+00:00,5182.685,5196.187,5182.504,5195.334,2987.0,0.0,838.0,0.9244317766571248
2026-02-25 05:30:00+00:00,5195.339,5210.592,5192.401,5201.72,4933.0,0.0,1946.0,0.350777857182144
2026-02-25 06:00:00+00:00,5201.697,5201.697,5182.076,5189.847,5118.0,0.0,185.0,0.6039447530707052
2026-02-25 06:30:00+00:00,5189.771,5194.638,5188.215,5194.493,3103.0,0.0,-2015.0,0.7351704810837347
2026-02-25 07:00:00+00:00,5194.418,5194.967,5182.051,5189.244,3166.0,0.0,63.0,0.4005884174667293
2026-02-25 07:30:00+00:00,5189.126,5190.434,5180.372,5184.635,2920.0,0.0,-246.0,0.44633273703041454
2026-02-25 08:00:00+00:00,5184.74,5194.015,5184.74,5193.25,3313.0,0.0,393.0,0.9175202156333927
2026-02-25 08:30:00+00:00,5193.264,5197.169,5183.826,5185.487,3144.0,0.0,-169.0,0.5828524319868195
2026-02-25 09:00:00+00:00,5185.398,5188.237,5176.281,5186.74,4152.0,0.0,1008.0,0.11224489795915263
2026-02-25 09:30:00+00:00,5186.747,5194.39,5185.64,5192.912,3040.0,0.0,-1112.0,0.7045714285714244
2026-02-25 10:00:00+00:00,5193.001,5194.907,5172.11,5175.245,3944.0,0.0,904.0,0.778874413299993
2026-02-25 10:30:00+00:00,5175.166,5180.904,5169.744,5175.163,3470.0,0.0,-474.0,0.00026881720435582217
2026-02-25 11:00:00+00:00,5174.799,5175.817,5154.81,5168.48,4942.0,0.0,1472.0,0.30080449374020723
2026-02-25 11:30:00+00:00,5168.473,5182.472,5166.637,5181.284,3309.0,0.0,-1633.0,0.8090306283548888
2026-02-25 12:00:00+00:00,5181.193,5187.369,5178.309,5183.678,3197.0,0.0,-112.0,0.2742825607063811
2026-02-25 12:30:00+00:00,5183.602,5186.264,5177.333,5182.873,3286.0,0.0,89.0,0.08162579778302864
2026-02-25 13:00:00+00:00,5182.773,5191.29,5180.929,5187.963,4554.0,0.0,1268.0,0.5009168999131032
2026-02-25 13:30:00+00:00,5187.982,5191.245,5181.771,5184.98,4461.0,0.0,-93.0,0.3168672155372975
2026-02-25 14:00:00+00:00,5184.741,5191.154,5174.816,5177.577,4929.0,0.0,468.0,0.4384869629085247
2026-02-25 14:30:00+00:00,5177.497,5193.204,5158.59,5190.958,10572.0,0.0,5643.0,0.3888888888888743
2026-02-25 15:00:00+00:00,5191.174,5202.514,5173.66,5180.406,7940.0,0.0,-2632.0,0.3731891592153576
2026-02-25 15:30:00+00:00,5180.307,5198.239,5172.354,5194.94,5690.0,0.0,-2250.0,0.5653080934904463
2026-02-25 16:00:00+00:00,5194.853,5206.05,5189.512,5202.97,4912.0,0.0,-778.0,0.49080904583383483
2026-02-25 16:30:00+00:00,5203.036,5213.87,5198.841,5211.928,4482.0,0.0,-430.0,0.5916561314791468
2026-02-25 17:00:00+00:00,5211.832,5217.614,5207.647,5213.018,4192.0,0.0,-290.0,0.11899267583021339
2026-02-25 17:30:00+00:00,5213.116,5214.333,5203.416,5206.888,3903.0,0.0,-289.0,0.5704863973619467
2026-02-25 18:00:00+00:00,5207.073,5207.645,5206.557,5206.903,1627.0,0.0,-2276.0,0.15624999999997388
2026-02-25 18:30:00+00:00,5207.146,5207.47,5200.22,5201.845,1763.0,0.0,136.0,0.7311724137930312
2026-02-25 19:00:00+00:00,5202.145,5207.839,5191.339,5202.147,4595.0,0.0,2832.0,0.00012121212118169448
2026-02-25 19:30:00+00:00,5202.227,5208.262,5199.514,5205.091,7332.0,0.0,2737.0,0.32738911751264527
2026-02-25 20:00:00+00:00,5204.868,5206.206,5182.712,5186.153,6205.0,0.0,-1127.0,0.7965863624755425
2026-02-25 20:30:00+00:00,5186.23,5190.47,5145.78,5151.966,9778.0,0.0,3573.0,0.7667039606175615
2026-02-25 21:00:00+00:00,5152.05,5173.232,5150.062,5169.118,6159.0,0.0,-3619.0,0.7366422097539991
2026-02-25 21:30:00+00:00,5169.196,5173.582,5163.013,5169.177,3603.0,0.0,-2556.0,0.0017977102848171147
2026-02-25 23:00:00+00:00,5165.082,5181.804,5163.498,5169.905,3652.0,0.0,49.0,0.26346553042714305
2026-02-25 23:30:00+00:00,5170.103,5178.638,5161.539,5163.125,4574.0,0.0,922.0,0.40809404058716886
2026-02-26 00:00:00+00:00,5163.219,5186.062,5155.321,5185.145,6870.0,0.0,2296.0,0.713249406330321
2026-02-26 00:30:00+00:00,5185.298,5192.048,5181.115,5188.368,4950.0,0.0,-1920.0,0.2808012439404208
2026-02-26 01:00:00+00:00,5187.982,5198.089,5178.884,5180.618,9126.0,0.0,4176.0,0.3834418120280972
2026-02-26 01:30:00+00:00,5180.542,5194.01,5178.677,5191.599,6250.0,0.0,-2876.0,0.7211243722689232
2026-02-26 02:00:00+00:00,5191.332,5195.618,5180.591,5180.93,4477.0,0.0,-1773.0,0.6922206694616366
2026-02-26 02:30:00+00:00,5181.041,5186.289,5173.994,5184.348,5485.0,0.0,1008.0,0.2689711264741577
2026-02-26 03:00:00+00:00,5184.123,5193.496,5182.957,5188.367,4152.0,0.0,-1333.0,0.4026947528229142
2026-02-26 03:30:00+00:00,5188.327,5192.811,5183.999,5192.676,2598.0,0.0,-1554.0,0.4935315478892658
2026-02-26 04:00:00+00:00,5192.386,5199.325,5191.481,5194.222,2665.0,0.0,67.0,0.2340642529320906
2026-02-26 04:30:00+00:00,5194.252,5195.502,5190.562,5192.716,2260.0,0.0,-405.0,0.3109311740890486
2026-02-26 05:00:00+00:00,5192.492,5205.41,5189.694,5200.385,3010.0,0.0,750.0,0.5022270297785894
2026-02-26 05:30:00+00:00,5200.439,5203.251,5191.255,5197.994,3923.0,0.0,913.0,0.2038179393131543
2026-02-26 06:00:00+00:00,5198.069,5199.564,5192.63,5193.681,3300.0,0.0,-623.0,0.6328237669455877
2026-02-26 06:30:00+00:00,5193.716,5198.611,5190.208,5192.941,3446.0,0.0,146.0,0.09222896584559358
2026-02-26 07:00:00+00:00,5193.016,5194.459,5181.82,5184.938,3938.0,0.0,492.0,0.639132842788151
2026-02-26 07:30:00+00:00,5185.074,5189.714,5179.502,5185.826,3275.0,0.0,-663.0,0.07363885624759516
2026-02-26 08:00:00+00:00,5186.069,5190.786,5175.241,5176.822,4724.0,0.0,1449.0,0.594853650691557
2026-02-26 08:30:00+00:00,5177.016,5181.886,5167.651,5179.043,5539.0,0.0,815.0,0.1423955040393369
2026-02-26 09:00:00+00:00,5179.208,5182.326,5173.778,5180.883,3735.0,0.0,-1804.0,0.19595226953676018
2026-02-26 09:30:00+00:00,5180.915,5189.412,5179.151,5186.118,3206.0,0.0,-529.0,0.5070655881493241
2026-02-26 10:00:00+00:00,5186.379,5189.901,5178.673,5179.261,2867.0,0.0,-339.0,0.6339508371926827
2026-02-26 10:30:00+00:00,5179.185,5179.403,5165.732,5171.379,4346.0,0.0,1479.0,0.5709896861970841
2026-02-26 11:00:00+00:00,5171.187,5178.105,5169.237,5171.886,3587.0,0.0,-759.0,0.078822733423609
2026-02-26 11:30:00+00:00,5171.864,5175.183,5161.101,5164.456,3283.0,0.0,-304.0,0.5260616389716852
2026-02-26 12:00:00+00:00,5164.689,5180.095,5157.754,5178.5,4703.0,0.0,1420.0,0.6181907703325491
2026-02-26 12:30:00+00:00,5178.461,5188.053,5177.505,5183.826,3404.0,0.0,-1299.0,0.5086272279104945
2026-02-26 13:00:00+00:00,5183.821,5185.612,5168.193,5174.909,6462.0,0.0,3058.0,0.5116252368103984
2026-02-26 13:30:00+00:00,5174.525,5177.29,5164.14,5166.39,5313.0,0.0,-1149.0,0.6186311787071889
2026-02-26 14:00:00+00:00,5166.31,5172.5,5160.08,5170.12,5230.0,0.0,-83.0,0.30676328502411176
2026-02-26 14:30:00+00:00,5170.046,5176.099,5139.658,5164.688,18172.0,0.0,12942.0,0.14703218901787007
2026-02-26 15:00:00+00:00,5164.575,5172.131,5130.47,5141.439,15670.0,0.0,-2502.0,0.5553395261755474
2026-02-26 15:30:00+00:00,5141.386,5192.714,5140.43,5185.32,12381.0,0.0,-3289.0,0.8402953102287426
2026-02-26 16:00:00+00:00,5185.685,5187.113,5172.629,5180.375,7809.0,0.0,-4572.0,0.3666114333057347
2026-02-26 16:30:00+00:00,5180.318,5186.253,5175.238,5179.668,6480.0,0.0,-1329.0,0.059010440308722656
2026-02-26 17:00:00+00:00,5179.737,5190.185,5173.419,5174.336,5451.0,0.0,-1029.0,0.32214004532981444
2026-02-26 17:30:00+00:00,5174.412,5177.656,5161.76,5167.151,6385.0,0.0,934.0,0.45678158027180077
2026-02-26 18:00:00+00:00,5167.142,5178.104,5163.504,5177.114,5619.0,0.0,-766.0,0.683013698630103
2026-02-26 18:30:00+00:00,5177.037,5185.765,5160.52,5180.461,6336.0,0.0,717.0,0.1356308179837589
2026-02-26 19:00:00+00:00,5180.539,5188.988,5179.557,5185.39,3836.0,0.0,-2500.0,0.5143675113986124
2026-02-26 19:30:00+00:00,5185.465,5193.965,5183.207,5187.105,3763.0,0.0,-73.0,0.15244469232194152
2026-02-26 20:00:00+00:00,5187.023,5197.931,5186.819,5193.794,3482.0,0.0,-281.0,0.6093412526998053
2026-02-26 20:30:00+00:00,5193.639,5200.86,5189.347,5196.183,4005.0,0.0,523.0,0.22096760184138683
2026-02-26 21:00:00+00:00,5196.494,5200.483,5184.849,5185.927,2850.0,0.0,-1155.0,0.6758986823589611
2026-02-26 21:30:00+00:00,5186.021,5191.498,5182.884,5184.92,2111.0,0.0,-739.0,0.12781518458320315
2026-02-26 23:00:00+00:00,5187.994,5188.217,5175.472,5183.662,2835.0,0.0,724.0,0.33989799921533637
2026-02-26 23:30:00+00:00,5183.777,5189.094,5181.524,5184.462,2457.0,0.0,-378.0,0.09048877146637074
2026-02-27 00:00:00+00:00,5184.431,5194.904,5178.898,5188.074,3770.0,0.0,1313.0,0.2276021491940496
2026-02-27 00:30:00+00:00,5188.149,5189.792,5169.971,5174.668,4934.0,0.0,1164.0,0.6801372281923272
2026-02-27 01:00:00+00:00,5174.763,5179.867,5166.688,5174.827,6476.0,0.0,1542.0,0.004856210638159585
2026-02-27 01:30:00+00:00,5174.534,5194.455,5172.755,5193.83,4849.0,0.0,-1627.0,0.8892165898617713
2026-02-27 02:00:00+00:00,5193.906,5199.716,5183.683,5184.213,4629.0,0.0,-220.0,0.6045655834840639
2026-02-27 02:30:00+00:00,5184.215,5186.196,5173.377,5183.392,5463.0,0.0,834.0,0.06420157578597019
2026-02-27 03:00:00+00:00,5183.44,5188.117,5180.966,5186.559,3639.0,0.0,-1824.0,0.43616277443723483
2026-02-27 03:30:00+00:00,5186.644,5190.35,5183.383,5184.068,2844.0,0.0,-795.0,0.3697430744940171
2026-02-27 04:00:00+00:00,5183.971,5188.8,5181.767,5187.034,2238.0,0.0,-606.0,0.43551827100809704
2026-02-27 04:30:00+00:00,5186.875,5188.546,5180.643,5181.703,2116.0,0.0,-122.0,0.6544350246740995
2026-02-27 05:00:00+00:00,5181.675,5194.563,5181.217,5194.503,2358.0,0.0,242.0,0.9611868724710834
2026-02-27 05:30:00+00:00,5194.429,5200.615,5190.236,5197.744,4029.0,0.0,1671.0,0.31939493207434533
2026-02-27 06:00:00+00:00,5197.674,5199.061,5192.337,5193.433,3691.0,0.0,-338.0,0.630725758477165
2026-02-27 06:30:00+00:00,5193.426,5196.37,5185.023,5185.706,3971.0,0.0,280.0,0.6803560412444191
2026-02-27 07:00:00+00:00,5185.628,5189.732,5177.216,5178.693,4661.0,0.0,690.0,0.5540907638222835
2026-02-27 07:30:00+00:00,5178.741,5182.742,5175.545,5176.053,3444.0,0.0,-1217.0,0.37348895373072927
2026-02-27 08:00:00+00:00,5176.114,5182.088,5174.272,5177.701,3587.0,0.0,143.0,0.20304503582401276
2026-02-27 08:30:00+00:00,5177.623,5182.087,5176.574,5178.807,2903.0,0.0,-684.0,0.21476510067114427
2026-02-27 09:00:00+00:00,5178.87,5182.123,5174.99,5179.07,2931.0,0.0,28.0,0.02803869339686295
2026-02-27 09:30:00+00:00,5179.01,5182.571,5172.222,5175.758,3348.0,0.0,417.0,0.3142332592521362
2026-02-27 10:00:00+00:00,5175.833,5180.721,5168.53,5173.511,3547.0,0.0,199.0,0.19046837831180743
2026-02-27 10:30:00+00:00,5173.419,5178.686,5168.917,5177.663,3041.0,0.0,-506.0,0.43443545910533127
2026-02-27 11:00:00+00:00,5177.338,5178.541,5172.656,5177.494,2494.0,0.0,-547.0,0.026508071367874815
2026-02-27 11:30:00+00:00,5177.75,5185.375,5176.527,5185.375,2444.0,0.0,-50.0,0.8617766726943985
2026-02-27 12:00:00+00:00,5185.45,5190.553,5185.0,5186.516,3460.0,0.0,1016.0,0.1919683054204621
2026-02-27 12:30:00+00:00,5186.891,5188.717,5182.884,5187.499,3276.0,0.0,-184.0,0.10423452768733299
2026-02-27 13:00:00+00:00,5187.711,5240.516,5186.819,5234.849,10158.0,0.0,6882.0,0.8778516490679296
2026-02-27 13:30:00+00:00,5234.832,5235.702,5207.571,5223.198,10597.0,0.0,439.0,0.4135651061106923
2026-02-27 14:00:00+00:00,5223.124,5236.092,5217.189,5231.448,7109.0,0.0,-3488.0,0.44035338306093297
2026-02-27 14:30:00+00:00,5231.352,5233.95,5213.709,5223.762,13306.0,0.0,6197.0,0.3749814732473767
2026-02-27 15:00:00+00:00,5223.838,5240.062,5214.693,5231.254,10534.0,0.0,-2772.0,0.29232527888368715
2026-02-27 15:30:00+00:00,5231.178,5246.401,5226.946,5239.359,7450.0,0.0,-3084.0,0.420508866615293
2026-02-27 16:00:00+00:00,5239.439,5257.624,5221.887,5234.34,10083.0,0.0,2633.0,0.14268125472200097
2026-02-27 16:30:00+00:00,5234.082,5238.442,5228.636,5229.106,8062.0,0.0,-2021.0,0.5074444217826615
2026-02-27 17:00:00+00:00,5229.185,5235.798,5223.582,5228.873,6418.0,0.0,-1644.0,0.025540275049183197
2026-02-27 17:30:00+00:00,5228.773,5236.913,5220.583,5234.421,6610.0,0.0,192.0,0.3458665033680443
2026-02-27 18:00:00+00:00,5234.512,5238.294,5222.637,5230.256,5614.0,0.0,-996.0,0.27182729769428127
2026-02-27 18:30:00+00:00,5230.342,5246.932,5226.686,5245.069,4988.0,0.0,-626.0,0.7274029437914009
2026-02-27 19:00:00+00:00,5245.054,5252.228,5240.189,5247.734,4199.0,0.0,-789.0,0.22260985131658315
2026-02-27 19:30:00+00:00,5247.807,5251.295,5243.743,5250.08,3774.0,0.0,-425.0,0.300979872881387
2026-02-27 20:00:00+00:00,5250.155,5262.223,5248.624,5256.843,3620.0,0.0,-154.0,0.4918008677108628
2026-02-27 20:30:00+00:00,5256.865,5265.515,5254.378,5263.353,4848.0,0.0,1228.0,0.5825626290742497
2026-02-27 21:00:00+00:00,5263.172,5263.909,5257.13,5262.312,2644.0,0.0,-2204.0,0.12686236908094567
2026-02-27 21:30:00+00:00,5262.065,5281.253,5260.495,5279.022,4144.0,0.0,1500.0,0.8168898737836251
2026-03-01 23:00:00+00:00,5319.272,5358.704,5314.681,5355.495,7392.0,0.0,3248.0,0.8228198896031584
2026-03-01 23:30:00+00:00,5355.567,5393.371,5353.651,5386.916,8761.0,0.0,1369.0,0.7892497482376626
2026-03-02 00:00:00+00:00,5386.641,5388.044,5349.007,5364.553,13634.0,0.0,4873.0,0.5658221687117245
2026-03-02 00:30:00+00:00,5364.5,5373.316,5340.658,5347.2,9490.0,0.0,-4144.0,0.5297323779778454
2026-03-02 01:00:00+00:00,5347.392,5347.392,5303.109,5307.831,23170.0,0.0,13680.0,0.8933676580177538
2026-03-02 01:30:00+00:00,5307.728,5338.917,5305.439,5324.969,14505.0,0.0,-8665.0,0.5149949220383521
2026-03-02 02:00:00+00:00,5324.89,5336.257,5316.853,5331.263,8861.0,0.0,-5644.0,0.3284374355802795
2026-03-02 02:30:00+00:00,5331.168,5351.905,5328.687,5346.134,7391.0,0.0,-1470.0,0.644586096993731
2026-03-02 03:00:00+00:00,5346.502,5359.428,5344.537,5355.702,5940.0,0.0,-1451.0,0.6178228460143745
2026-03-02 03:30:00+00:00,5355.731,5366.738,5353.827,5366.285,4163.0,0.0,-1777.0,0.8174424908992363
2026-03-02 04:00:00+00:00,5366.311,5367.036,5355.602,5363.146,4157.0,0.0,-6.0,0.27680601714184966
2026-03-02 04:30:00+00:00,5363.459,5364.248,5345.222,5356.029,4554.0,0.0,397.0,0.39051823820032816
2026-03-02 05:00:00+00:00,5356.082,5356.082,5340.487,5350.593,4646.0,0.0,92.0,0.3519717858288168
2026-03-02 05:30:00+00:00,5350.675,5366.325,5348.689,5365.943,5204.0,0.0,558.0,0.865729190292609
2026-03-02 06:00:00+00:00,5365.865,5381.95,5363.576,5380.618,5253.0,0.0,49.0,0.8029280505061922
2026-03-02 06:30:00+00:00,5380.405,5389.734,5374.163,5387.582,6247.0,0.0,994.0,0.4609209427782551
2026-03-02 07:00:00+00:00,5387.693,5419.03,5384.796,5408.473,8115.0,0.0,1868.0,0.6069988899924071
2026-03-02 07:30:00+00:00,5408.161,5414.129,5401.836,5407.874,6650.0,0.0,-1465.0,0.02334662002767996
2026-03-02 08:00:00+00:00,5407.709,5415.987,5402.332,5415.308,7459.0,0.0,809.0,0.5564994507506629
2026-03-02 08:30:00+00:00,5415.311,5416.418,5391.071,5393.835,6079.0,0.0,-1380.0,0.8472797569732066
2026-03-02 09:00:00+00:00,5394.048,5400.052,5385.708,5394.428,6207.0,0.0,128.0,0.026491912994987994
2026-03-02 09:30:00+00:00,5394.394,5402.721,5387.048,5391.806,4788.0,0.0,-1419.0,0.1651247368085679
2026-03-02 10:00:00+00:00,5392.209,5394.253,5378.983,5389.745,5761.0,0.0,973.0,0.1613621480026207
2026-03-02 10:30:00+00:00,5389.742,5400.845,5381.595,5389.038,5557.0,0.0,-204.0,0.03657142857146146
2026-03-02 11:00:00+00:00,5389.116,5397.045,5382.045,5390.466,4413.0,0.0,-1144.0,0.09000000000002426
2026-03-02 11:30:00+00:00,5390.383,5399.732,5375.016,5385.113,5730.0,0.0,1317.0,0.21322220424014615
2026-03-02 12:00:00+00:00,5385.263,5398.064,5378.88,5393.709,5657.0,0.0,-73.0,0.4402627189324346
2026-03-02 12:30:00+00:00,5393.875,5398.674,5385.348,5396.809,4627.0,0.0,-1030.0,0.22017109410177035
2026-03-02 13:00:00+00:00,5396.873,5410.073,5381.887,5401.693,12042.0,0.0,7415.0,0.17100688284965995
2026-03-02 13:30:00+00:00,5401.77,5416.358,5389.063,5394.026,9828.0,0.0,-2214.0,0.2837149661110304
2026-03-02 14:00:00+00:00,5393.942,5395.221,5306.895,5333.22,21794.0,0.0,11966.0,0.6874759413989127
2026-03-02 14:30:00+00:00,5333.14,5355.725,5306.32,5333.62,29402.0,0.0,7608.0,0.009715615828348489
2026-03-02 15:00:00+00:00,5333.062,5346.705,5310.723,5331.091,20329.0,0.0,-9073.0,0.05477738869433468
2026-03-02 15:30:00+00:00,5330.71,5348.799,5308.129,5316.053,14042.0,0.0,-6287.0,0.3603884927464993
2026-03-02 16:00:00+00:00,5315.968,5315.968,5260.224,5309.669,26743.0,0.0,12701.0,0.1129987083811713
2026-03-02 16:30:00+00:00,5309.905,5311.768,5282.217,5290.232,16084.0,0.0,-10659.0,0.66573043213426
2026-03-02 17:00:00+00:00,5290.325,5312.116,5286.686,5304.546,12003.0,0.0,-4081.0,0.5592213920566377
2026-03-02 17:30:00+00:00,5304.628,5320.759,5297.911,5306.476,8351.0,0.0,-3652.0,0.08088235294117471
2026-03-02 18:00:00+00:00,5306.627,5308.122,5289.375,5297.729,8047.0,0.0,-304.0,0.4746359417506799
2026-03-02 18:30:00+00:00,5297.523,5316.575,5290.996,5315.279,5311.0,0.0,-2736.0,0.6941631807342158
2026-03-02 19:00:00+00:00,5315.294,5333.019,5313.739,5330.603,5675.0,0.0,364.0,0.7940352697095268
2026-03-02 19:30:00+00:00,5330.658,5333.981,5322.92,5330.516,4165.0,0.0,-1510.0,0.0128378989242147
2026-03-02 20:00:00+00:00,5330.605,5346.119,5328.302,5333.586,10032.0,0.0,5867.0,0.16731211764049367
2026-03-02 20:30:00+00:00,5333.67,5344.712,5331.005,5332.491,7645.0,0.0,-2387.0,0.08601444517400296
2026-03-02 21:00:00+00:00,5332.486,5340.356,5330.974,5332.423,3857.0,0.0,-3788.0,0.006714986143690525
2026-03-02 21:30:00+00:00,5332.423,5332.602,5321.62,5322.103,3355.0,0.0,-502.0,0.9397195410671768
2026-03-02 23:00:00+00:00,5332.799,5346.94,5329.212,5336.588,3015.0,0.0,-340.0,0.21372969314079085
2026-03-02 23:30:00+00:00,5336.725,5346.449,5330.222,5345.688,2476.0,0.0,-539.0,0.5523510199050851
2026-03-03 00:00:00+00:00,5345.693,5359.016,5337.019,5357.702,4218.0,0.0,1742.0,0.5459380824658067
2026-03-03 00:30:00+00:00,5358.09,5361.997,5346.158,5350.306,4690.0,0.0,472.0,0.4914451669929029
2026-03-03 01:00:00+00:00,5350.363,5379.802,5346.719,5377.182,7539.0,0.0,2849.0,0.8106580418946228
2026-03-03 01:30:00+00:00,5377.094,5378.312,5337.752,5339.027,11095.0,0.0,3556.0,0.9385355029585919
2026-03-03 02:00:00+00:00,5339.218,5359.405,5332.635,5358.685,9683.0,0.0,-1412.0,0.7271946208442621
2026-03-03 02:30:00+00:00,5358.868,5368.145,5355.349,5367.011,6457.0,0.0,-3226.0,0.6363707408565061
2026-03-03 03:00:00+00:00,5367.115,5373.47,5363.776,5367.307,4818.0,0.0,-1639.0,0.019806065607592228
2026-03-03 03:30:00+00:00,5367.051,5370.61,5358.809,5367.133,3338.0,0.0,-1480.0,0.00694856368099558
2026-03-03 04:00:00+00:00,5367.244,5375.551,5359.274,5371.935,3641.0,0.0,303.0,0.2881980708976286
2026-03-03 04:30:00+00:00,5372.055,5375.369,5360.791,5361.165,4103.0,0.0,462.0,0.7470160515846266
2026-03-03 05:00:00+00:00,5361.082,5366.926,5352.92,5358.737,5046.0,0.0,943.0,0.16742824503785536
2026-03-03 05:30:00+00:00,5358.359,5359.371,5304.905,5318.883,12909.0,0.0,7863.0,0.724782433077522
2026-03-03 06:00:00+00:00,5318.982,5322.993,5279.076,5316.486,13485.0,0.0,576.0,0.05683448322973048
2026-03-03 06:30:00+00:00,5316.405,5319.185,5290.849,5310.378,10021.0,0.0,-3464.0,0.21269762845849777
2026-03-03 07:00:00+00:00,5310.43,5320.216,5305.873,5313.476,6363.0,0.0,-3658.0,0.212368402705097
2026-03-03 07:30:00+00:00,5313.568,5331.011,5313.568,5327.461,5771.0,0.0,-592.0,0.7964799633090558
2026-03-03 08:00:00+00:00,5327.358,5335.669,5310.583,5312.233,6536.0,0.0,765.0,0.6029259347843361
2026-03-03 08:30:00+00:00,5312.335,5313.407,5290.025,5295.592,8009.0,0.0,1473.0,0.7160636386964342
2026-03-03 09:00:00+00:00,5295.479,5303.581,5225.943,5242.253,15432.0,0.0,7423.0,0.6855663463767823
2026-03-03 09:30:00+00:00,5242.339,5280.884,5240.527,5274.747,14322.0,0.0,-1110.0,0.8030329310900309
2026-03-03 10:00:00+00:00,5274.665,5288.083,5265.717,5276.604,7414.0,0.0,-6908.0,0.0866940892426141
2026-03-03 10:30:00+00:00,5276.825,5276.825,5237.926,5248.377,14951.0,0.0,7537.0,0.7313298542378937
2026-03-03 11:00:00+00:00,5248.186,5263.873,5112.982,5126.77,36046.0,0.0,21095.0,0.8046603177127831
2026-03-03 11:30:00+00:00,5126.489,5157.51,5072.9,5144.538,38984.0,0.0,2938.0,0.21331993854154183
2026-03-03 12:00:00+00:00,5144.628,5208.515,5138.053,5204.206,20932.0,0.0,-18052.0,0.8455337628792832
2026-03-03 12:30:00+00:00,5204.115,5226.551,5188.543,5224.34,13947.0,0.0,-6985.0,0.5321248158282462
2026-03-03 13:00:00+00:00,5224.452,5224.452,5146.145,5178.039,31980.0,0.0,18033.0,0.5927056329574698
2026-03-03 13:30:00+00:00,5177.653,5186.166,5127.152,5156.412,18845.0,0.0,-13135.0,0.3599315416680778
2026-03-03 14:00:00+00:00,5156.315,5175.512,5124.955,5145.738,19291.0,0.0,446.0,0.20920940720373757
2026-03-03 14:30:00+00:00,5145.674,5145.674,5015.763,5038.14,56622.0,0.0,37331.0,0.8277513066637898
2026-03-03 15:00:00+00:00,5038.231,5070.268,4995.96,5043.781,44334.0,0.0,-12288.0,0.07468913172202431
2026-03-03 15:30:00+00:00,5043.683,5096.869,5037.188,5095.336,26918.0,0.0,-17416.0,0.8654848276671069
2026-03-03 16:00:00+00:00,5095.25,5126.043,5090.315,5112.602,21914.0,0.0,-5004.0,0.48566950291087746
2026-03-03 16:30:00+00:00,5112.778,5134.761,5098.044,5106.513,21819.0,0.0,-95.0,0.1706294087207624
2026-03-03 17:00:00+00:00,5106.899,5109.594,5080.866,5083.514,18134.0,0.0,-3685.0,0.8140142021721026
2026-03-03 17:30:00+00:00,5083.38,5086.132,5065.087,5078.903,15851.0,0.0,-2283.0,0.21273461629841006
2026-03-03 18:00:00+00:00,5078.827,5117.337,5078.717,5112.345,14093.0,0.0,-1758.0,0.8678922837907648
2026-03-03 18:30:00+00:00,5112.266,5138.314,5107.198,5136.081,11974.0,0.0,-2119.0,0.7653618717058915
2026-03-03 19:00:00+00:00,5135.993,5149.115,5101.947,5106.822,11656.0,0.0,-318.0,0.6184489484396304
2026-03-03 19:30:00+00:00,5106.733,5128.454,5099.039,5113.095,13596.0,0.0,1940.0,0.2162842087370419
2026-03-03 20:00:00+00:00,5113.248,5130.413,5111.996,5123.194,11057.0,0.0,-2539.0,0.5400445240810725
2026-03-03 20:30:00+00:00,5123.116,5126.322,5085.987,5097.119,12235.0,0.0,1178.0,0.6445270856576243
2026-03-03 21:00:00+00:00,5097.2,5110.172,5088.903,5089.477,10157.0,0.0,-2078.0,0.36311063049509623
2026-03-03 21:30:00+00:00,5089.554,5096.232,5083.111,5090.294,4386.0,0.0,-5771.0,0.056398140385624296
2026-03-03 23:00:00+00:00,5110.94,5128.04,5084.751,5126.356,5781.0,0.0,1395.0,0.35611818244820287
2026-03-03 23:30:00+00:00,5126.49,5129.684,5116.444,5125.056,3801.0,0.0,-1980.0,0.1083081570997145
2026-03-04 00:00:00+00:00,5125.116,5128.764,5105.702,5125.028,7618.0,0.0,3817.0,0.0038158008845606823
2026-03-04 00:30:00+00:00,5125.02,5140.293,5122.401,5138.29,6119.0,0.0,-1499.0,0.7416722557567436
2026-03-04 01:00:00+00:00,5138.368,5164.359,5138.277,5147.109,13881.0,0.0,7762.0,0.33513534238171433
2026-03-04 01:30:00+00:00,5146.929,5178.567,5142.301,5174.636,12948.0,0.0,-933.0,0.7639938234158888
2026-03-04 02:00:00+00:00,5174.556,5190.92,5168.308,5177.733,8284.0,0.0,-4664.0,0.14050061914030507
2026-03-04 02:30:00+00:00,5177.859,5180.829,5153.747,5155.939,9346.0,0.0,1062.0,0.8093936932279941
2026-03-04 03:00:00+00:00,5156.317,5168.023,5140.828,5162.407,8165.0,0.0,-1181.0,0.22393822393823168
2026-03-04 03:30:00+00:00,5162.35,5177.279,5153.672,5174.518,7275.0,0.0,-890.0,0.5154403354936761
2026-03-04 04:00:00+00:00,5174.41,5180.726,5162.984,5167.786,5021.0,0.0,-2254.0,0.3733513696313868
2026-03-04 04:30:00+00:00,5167.94,5170.726,5152.011,5156.75,5972.0,0.0,951.0,0.5979161100721376
2026-03-04 05:00:00+00:00,5156.837,5166.255,5152.179,5156.69,6019.0,0.0,47.0,0.010443307757945709
2026-03-04 05:30:00+00:00,5156.549,5168.034,5153.905,5159.679,7594.0,0.0,1575.0,0.2215301861419867
2026-03-04 06:00:00+00:00,5159.903,5159.903,5121.344,5134.122,10541.0,0.0,2947.0,0.6686117378562675
2026-03-04 06:30:00+00:00,5134.328,5160.794,5132.74,5160.541,7571.0,0.0,-2970.0,0.9343765594923953
2026-03-04 07:00:00+00:00,5160.363,5176.051,5158.324,5167.532,7191.0,0.0,-380.0,0.4044113499181789
2026-03-04 07:30:00+00:00,5167.444,5175.884,5163.544,5168.182,4201.0,0.0,-2990.0,0.05980551053479462
2026-03-04 08:00:00+00:00,5168.275,5172.124,5147.193,5162.831,7962.0,0.0,3761.0,0.21836268099954256
2026-03-04 08:30:00+00:00,5162.953,5182.155,5161.546,5167.386,5962.0,0.0,-2000.0,0.2151001989422149
2026-03-04 09:00:00+00:00,5167.447,5178.284,5159.317,5170.889,6675.0,0.0,713.0,0.18147308483155333
2026-03-04 09:30:00+00:00,5170.802,5185.063,5168.9,5182.28,4949.0,0.0,-1726.0,0.7101404442244469
2026-03-04 10:00:00+00:00,5182.349,5202.313,5182.185,5188.216,7940.0,0.0,2991.0,0.29148449920510117
2026-03-04 10:30:00+00:00,5188.301,5193.568,5179.323,5189.894,5505.0,0.0,-2435.0,0.11182871182870197
2026-03-04 11:00:00+00:00,5189.817,5197.565,5187.642,5194.697,3934.0,0.0,-1571.0,0.4917867580369062
2026-03-04 11:30:00+00:00,5194.86,5200.739,5187.356,5192.107,4226.0,0.0,292.0,0.20570873496224618
2026-03-04 12:00:00+00:00,5191.969,5205.974,5174.07,5178.091,7458.0,0.0,3232.0,0.43499247743228137
2026-03-04 12:30:00+00:00,5178.285,5178.536,5156.206,5171.056,10174.0,0.0,2716.0,0.32373488580386445
2026-03-04 13:00:00+00:00,5171.093,5196.111,5170.842,5192.342,8890.0,0.0,-1284.0,0.8409117891487435
2026-03-04 13:30:00+00:00,5192.164,5192.809,5167.574,5167.888,8859.0,0.0,-31.0,0.9619972260748675
2026-03-04 14:00:00+00:00,5167.997,5180.55,5159.777,5165.923,10615.0,0.0,1756.0,0.09984113994129447
2026-03-04 14:30:00+00:00,5166.112,5184.967,5138.56,5146.896,26041.0,0.0,15426.0,0.4140754627534782
2026-03-04 15:00:00+00:00,5147.114,5162.517,5130.921,5156.354,22993.0,0.0,-3048.0,0.29244208127613697
2026-03-04 15:30:00+00:00,5156.244,5167.065,5133.041,5151.399,12305.0,0.0,-10688.0,0.1423994827180645
2026-03-04 16:00:00+00:00,5151.515,5162.464,5138.132,5145.886,11307.0,0.0,-998.0,0.23134144336675275
2026-03-04 16:30:00+00:00,5146.115,5158.956,5142.63,5149.745,8835.0,0.0,-2472.0,0.222344726203608
2026-03-04 17:00:00+00:00,5149.568,5152.967,5120.061,5133.636,8447.0,0.0,-388.0,0.4841670212119314
2026-03-04 17:30:00+00:00,5133.766,5147.42,5128.311,5140.891,7814.0,0.0,-633.0,0.3728609555706661
2026-03-04 18:00:00+00:00,5140.917,5143.362,5110.94,5123.971,10128.0,0.0,2314.0,0.5226697921164818
2026-03-04 18:30:00+00:00,5123.88,5134.791,5108.62,5133.829,6042.0,0.0,-4086.0,0.3801536051354365
2026-03-04 19:00:00+00:00,5134.056,5136.628,5124.408,5124.804,4205.0,0.0,-1837.0,0.7571194762684119
2026-03-04 19:30:00+00:00,5124.766,5139.433,5123.36,5137.805,6105.0,0.0,1900.0,0.8112362346793013
2026-03-04 20:00:00+00:00,5137.73,5138.599,5123.696,5137.121,29991.0,0.0,23886.0,0.040864255518986696
2026-03-04 20:30:00+00:00,5137.19,5146.858,5132.709,5134.838,5504.0,0.0,-24487.0,0.1662308290338402
2026-03-04 21:00:00+00:00,5134.689,5143.888,5133.83,5140.99,3020.0,0.0,-2484.0,0.6264664943328178
2026-03-04 21:30:00+00:00,5141.1,5142.173,5129.428,5139.198,2426.0,0.0,-594.0,0.14923499411534405
2026-03-04 23:00:00+00:00,5149.234,5156.323,5144.933,5154.222,2441.0,0.0,15.0,0.4379280070236375
2026-03-04 23:30:00+00:00,5154.525,5165.859,5148.805,5164.962,2478.0,0.0,37.0,0.6119971854110915
2026-03-05 00:00:00+00:00,5164.887,5179.698,5159.516,5173.516,3460.0,0.0,982.0,0.4275592111782582
2026-03-05 00:30:00+00:00,5173.44,5177.112,5166.086,5172.334,3396.0,0.0,-64.0,0.10030836205330884
2026-03-05 01:00:00+00:00,5172.317,5186.591,5169.785,5177.325,6642.0,0.0,3246.0,0.2979888135189613
2026-03-05 01:30:00+00:00,5177.7,5179.973,5167.128,5172.705,8127.0,0.0,1485.0,0.38886726352664785
2026-03-05 02:00:00+00:00,5172.325,5188.117,5171.643,5183.856,5381.0,0.0,-2746.0,0.6999514386305595
2026-03-05 02:30:00+00:00,5183.964,5192.414,5174.391,5192.121,5144.0,0.0,-237.0,0.4525883593186534
2026-03-05 03:00:00+00:00,5191.923,5194.986,5183.981,5185.108,3699.0,0.0,-1445.0,0.6192639709222655
2026-03-05 03:30:00+00:00,5185.183,5191.074,5178.329,5180.292,3115.0,0.0,-584.0,0.38375833660256287
2026-03-05 04:00:00+00:00,5180.168,5186.736,5174.89,5178.196,2827.0,0.0,-288.0,0.1664696944116012
2026-03-05 04:30:00+00:00,5178.574,5180.016,5166.066,5171.593,2926.0,0.0,99.0,0.5004301075268716
2026-03-05 05:00:00+00:00,5171.649,5176.738,5168.835,5172.351,2874.0,0.0,-52.0,0.0888270277109065
2026-03-05 05:30:00+00:00,5172.57,5174.114,5148.227,5148.65,5264.0,0.0,2390.0,0.9240159153243069
2026-03-05 06:00:00+00:00,5148.729,5154.987,5120.597,5142.866,10350.0,0.0,5086.0,0.17048560628090223
2026-03-05 06:30:00+00:00,5142.799,5168.583,5140.055,5167.416,5829.0,0.0,-4521.0,0.862906618059477
2026-03-05 07:00:00+00:00,5167.324,5172.734,5159.891,5166.26,4992.0,0.0,-837.0,0.08284668691110593
2026-03-05 07:30:00+00:00,5166.035,5166.973,5158.71,5162.056,5322.0,0.0,330.0,0.48154423332933655
2026-03-05 08:00:00+00:00,5162.122,5162.393,5137.536,5144.187,6941.0,0.0,1619.0,0.7215271352134377
2026-03-05 08:30:00+00:00,5144.108,5170.187,5143.476,5165.589,4716.0,0.0,-2225.0,0.8042005166410683
2026-03-05 09:00:00+00:00,5165.393,5180.373,5161.169,5169.566,7998.0,0.0,3282.0,0.21729847948343234
2026-03-05 09:30:00+00:00,5169.496,5169.686,5153.235,5160.844,5166.0,0.0,-2832.0,0.5259254756549774
2026-03-05 10:00:00+00:00,5161.037,5161.037,5146.131,5156.208,4095.0,0.0,-1071.0,0.32396350462905205
2026-03-05 10:30:00+00:00,5156.204,5167.402,5147.488,5164.459,4137.0,0.0,42.0,0.41453248970574513
2026-03-05 11:00:00+00:00,5164.573,5167.876,5160.907,5162.85,3421.0,0.0,-716.0,0.24723776725497829
2026-03-05 11:30:00+00:00,5162.861,5164.968,5156.79,5163.469,3040.0,0.0,-381.0,0.07434580582051642
2026-03-05 12:00:00+00:00,5163.48,5171.576,5161.895,5162.026,3696.0,0.0,656.0,0.15019109596113892
2026-03-05 12:30:00+00:00,5161.962,5167.579,5160.736,5162.641,3260.0,0.0,-436.0,0.09922548589788002
2026-03-05 13:00:00+00:00,5162.723,5163.957,5081.391,5121.359,19474.0,0.0,16214.0,0.5009810333551247
2026-03-05 13:30:00+00:00,5121.358,5137.964,5109.556,5117.944,10125.0,0.0,-9349.0,0.12017741481271885
2026-03-05 14:00:00+00:00,5117.865,5129.728,5102.683,5120.358,10949.0,0.0,824.0,0.09217970049918234
2026-03-05 14:30:00+00:00,5119.98,5123.756,5090.611,5102.165,22330.0,0.0,11381.0,0.5374868004223673
2026-03-05 15:00:00+00:00,5102.121,5119.872,5059.812,5086.166,24788.0,0.0,2458.0,0.2656510156510127
2026-03-05 15:30:00+00:00,5086.348,5103.041,5077.582,5102.457,14333.0,0.0,-10455.0,0.63274284143134
2026-03-05 16:00:00+00:00,5102.438,5104.367,5059.935,5063.739,12441.0,0.0,-1892.0,0.8709713719841715
2026-03-05 16:30:00+00:00,5063.906,5081.214,5053.922,5077.536,12473.0,0.0,32.0,0.4994137476183469
2026-03-05 17:00:00+00:00,5077.628,5089.357,5073.945,5074.813,9356.0,0.0,-3117.0,0.18264988320786088
2026-03-05 17:30:00+00:00,5075.086,5077.381,5054.827,5062.961,13169.0,0.0,3813.0,0.5375986521237897
2026-03-05 18:00:00+00:00,5062.754,5075.908,5050.681,5071.194,11828.0,0.0,-1341.0,0.3345621754469517
2026-03-05 18:30:00+00:00,5071.058,5085.445,5067.267,5069.46,7330.0,0.0,-4498.0,0.08790846077676129
2026-03-05 19:00:00+00:00,5069.237,5081.293,5062.227,5066.857,7698.0,0.0,368.0,0.12482953949439493
2026-03-05 19:30:00+00:00,5067.022,5070.65,5055.605,5065.818,8631.0,0.0,933.0,0.08002658690593005
2026-03-05 20:00:00+00:00,5065.647,5094.508,5061.614,5080.722,10254.0,0.0,1623.0,0.4582902657019429
2026-03-05 20:30:00+00:00,5080.797,5082.59,5072.65,5076.664,8965.0,0.0,-1289.0,0.4157947686116297
2026-03-05 21:00:00+00:00,5076.553,5083.971,5072.01,5080.468,3159.0,0.0,-5806.0,0.3273137697517083
2026-03-05 21:30:00+00:00,5080.476,5085.131,5072.765,5083.291,2462.0,0.0,-697.0,0.22764030405955948
2026-03-05 23:00:00+00:00,5090.507,5096.67,5081.935,5091.183,2268.0,0.0,-194.0,0.045877163216857864
2026-03-05 23:30:00+00:00,5091.018,5101.747,5084.709,5086.266,3067.0,0.0,799.0,0.278905974879697
2026-03-06 00:00:00+00:00,5086.068,5092.363,5074.077,5090.489,4578.0,0.0,1511.0,0.24176965984902948
2026-03-06 00:30:00+00:00,5090.348,5092.029,5075.232,5084.504,4137.0,0.0,-441.0,0.34791927129843925
2026-03-06 01:00:00+00:00,5084.249,5088.878,5066.057,5085.712,8509.0,0.0,4372.0,0.06410762017442939
2026-03-06 01:30:00+00:00,5085.752,5143.888,5085.347,5134.811,9113.0,0.0,604.0,0.838028048717978
2026-03-06 02:00:00+00:00,5134.734,5138.353,5125.522,5128.757,5583.0,0.0,-3530.0,0.4658249551867127
2026-03-06 02:30:00+00:00,5128.712,5131.96,5121.993,5126.29,4144.0,0.0,-1439.0,0.2430019062908164
2026-03-06 03:00:00+00:00,5126.148,5141.348,5124.45,5136.619,3893.0,0.0,-251.0,0.6196591312581053
2026-03-06 03:30:00+00:00,5136.661,5137.885,5128.906,5130.904,2600.0,0.0,-1293.0,0.64116271299693
2026-03-06 04:00:00+00:00,5131.144,5136.121,5127.491,5129.676,2203.0,0.0,-397.0,0.17010428736962094
2026-03-06 04:30:00+00:00,5129.604,5135.606,5126.232,5127.668,2285.0,0.0,82.0,0.20652869639435098
2026-03-06 05:00:00+00:00,5127.578,5129.877,5122.791,5129.457,2815.0,0.0,530.0,0.26517075924355654
2026-03-06 05:30:00+00:00,5129.787,5129.85,5114.219,5117.334,4850.0,0.0,2035.0,0.796686072548153
2026-03-06 06:00:00+00:00,5117.109,5122.87,5109.208,5120.156,3897.0,0.0,-953.0,0.22302737520125254
2026-03-06 06:30:00+00:00,5120.155,5122.799,5115.073,5115.588,3233.0,0.0,-664.0,0.5911208904996388
2026-03-06 07:00:00+00:00,5115.544,5119.594,5105.647,5114.608,3827.0,0.0,594.0,0.0671112067110982
2026-03-06 07:30:00+00:00,5114.538,5120.629,5107.685,5119.458,3582.0,0.0,-245.0,0.38009888751547133
2026-03-06 08:00:00+00:00,5119.525,5123.189,5099.401,5100.636,4598.0,0.0,1016.0,0.7940558264670777
2026-03-06 08:30:00+00:00,5100.595,5113.439,5096.098,5108.428,3468.0,0.0,-1130.0,0.4517040539760954
2026-03-06 09:00:00+00:00,5108.45,5109.402,5091.848,5098.859,4313.0,0.0,845.0,0.5463711974478405
2026-03-06 09:30:00+00:00,5098.779,5103.746,5083.354,5085.507,5196.0,0.0,883.0,0.6508434680267241
2026-03-06 10:00:00+00:00,5085.754,5092.911,5075.521,5087.495,5071.0,0.0,-125.0,0.10011500862564421
2026-03-06 10:30:00+00:00,5087.411,5092.699,5080.95,5090.917,4279.0,0.0,-792.0,0.29840837518089824
2026-03-06 11:00:00+00:00,5091.013,5098.051,5080.146,5094.626,4630.0,0.0,351.0,0.20178721027646757
2026-03-06 11:30:00+00:00,5094.503,5099.529,5062.475,5076.717,5878.0,0.0,1248.0,0.4800021590111733
2026-03-06 12:00:00+00:00,5076.824,5096.304,5075.911,5088.308,5569.0,0.0,-309.0,0.563134408865805
2026-03-06 12:30:00+00:00,5088.222,5096.643,5081.399,5083.242,4491.0,0.0,-1078.0,0.3266859092101591
2026-03-06 13:00:00+00:00,5083.161,5088.702,5065.319,5083.5,10480.0,0.0,5989.0,0.014497712012998525
2026-03-06 13:30:00+00:00,5083.01,5130.578,5073.629,5084.852,22268.0,0.0,11788.0,0.03234472949480459
2026-03-06 14:00:00+00:00,5084.761,5109.26,5080.831,5104.523,11172.0,0.0,-11096.0,0.6951352492173364
2026-03-06 14:30:00+00:00,5104.299,5131.836,5084.232,5129.953,25057.0,0.0,13885.0,0.5389042937568336
2026-03-06 15:00:00+00:00,5130.029,5171.645,5127.761,5161.588,21421.0,0.0,-3636.0,0.7191459301795479
2026-03-06 15:30:00+00:00,5161.49,5166.545,5134.343,5141.881,14013.0,0.0,-7408.0,0.6089373330848808
2026-03-06 16:00:00+00:00,5141.817,5153.041,5135.805,5142.255,9825.0,0.0,-4188.0,0.025411928521704864
2026-03-06 16:30:00+00:00,5142.125,5148.159,5125.862,5139.932,9418.0,0.0,-407.0,0.09835403865992076
2026-03-06 17:00:00+00:00,5139.938,5145.236,5128.78,5141.971,8672.0,0.0,-746.0,0.12354156538645059
2026-03-06 17:30:00+00:00,5141.849,5152.391,5132.592,5140.487,6130.0,0.0,-2542.0,0.06879135309864547
2026-03-06 18:00:00+00:00,5140.545,5150.83,5138.672,5150.321,6295.0,0.0,165.0,0.8040796183582458
2026-03-06 18:30:00+00:00,5150.223,5167.776,5148.847,5160.976,4860.0,0.0,-1435.0,0.5680701569020895
2026-03-06 19:00:00+00:00,5161.16,5174.626,5160.431,5165.228,4935.0,0.0,75.0,0.2865797816132465
2026-03-06 19:30:00+00:00,5165.158,5167.677,5156.498,5159.805,4531.0,0.0,-404.0,0.47884426156185916
2026-03-06 20:00:00+00:00,5159.882,5162.447,5152.595,5153.859,4691.0,0.0,160.0,0.6113479496548228
2026-03-06 20:30:00+00:00,5153.941,5161.239,5149.496,5153.513,5868.0,0.0,1177.0,0.03644724516732542
2026-03-06 21:00:00+00:00,5153.435,5170.369,5150.982,5168.302,3306.0,0.0,-2562.0,0.7668540774745705
2026-03-06 21:30:00+00:00,5168.307,5176.565,5166.316,5174.067,2534.0,0.0,-772.0,0.5620060493707028
2026-03-08 22:00:00+00:00,5178.794,5180.193,5122.011,5155.511,11404.0,0.0,8870.0,0.4001753119521421
2026-03-08 22:30:00+00:00,5155.468,5164.336,5103.559,5130.154,10081.0,0.0,-1323.0,0.4165062441383974
2026-03-08 23:00:00+00:00,5130.045,5135.528,5093.416,5104.443,7760.0,0.0,-2321.0,0.6079502279635214
2026-03-08 23:30:00+00:00,5104.335,5105.128,5044.202,5075.442,11476.0,0.0,3716.0,0.47423103436956765
2026-03-09 00:00:00+00:00,5075.974,5080.48,5028.284,5045.803,15715.0,0.0,4239.0,0.5780327994482398
2026-03-09 00:30:00+00:00,5045.695,5060.108,5033.728,5049.895,11732.0,0.0,-3983.0,0.1592115238817555
2026-03-09 01:00:00+00:00,5049.76,5087.683,5014.438,5071.945,25658.0,0.0,13926.0,0.3028875691173394
2026-03-09 01:30:00+00:00,5071.855,5086.113,5064.852,5070.175,11122.0,0.0,-14536.0,0.07901792013542863
2026-03-09 02:00:00+00:00,5070.287,5095.298,5055.539,5077.573,10344.0,0.0,-778.0,0.1832541059885826
2026-03-09 02:30:00+00:00,5077.496,5099.253,5076.144,5094.858,9603.0,0.0,-741.0,0.7513090138041663
2026-03-09 03:00:00+00:00,5094.706,5102.437,5084.146,5084.146,6868.0,0.0,-2735.0,0.5773331146465641
2026-03-09 03:30:00+00:00,5084.253,5093.963,5081.643,5091.221,4906.0,0.0,-1962.0,0.5655844155844165
2026-03-09 04:00:00+00:00,5091.088,5097.305,5086.794,5089.097,3673.0,0.0,-1233.0,0.1894206069831515
2026-03-09 04:30:00+00:00,5089.178,5093.063,5085.185,5089.959,3485.0,0.0,-188.0,0.09913683676059643
2026-03-09 05:00:00+00:00,5090.196,5103.95,5080.803,5095.333,6894.0,0.0,3409.0,0.22192940769861022
2026-03-09 05:30:00+00:00,5095.006,5140.456,5092.1,5124.366,10592.0,0.0,3698.0,0.607163537099839
2026-03-09 06:00:00+00:00,5124.291,5133.806,5118.944,5126.183,8451.0,0.0,-2141.0,0.1273045350558425
2026-03-09 06:30:00+00:00,5126.609,5129.509,5096.972,5097.688,7482.0,0.0,-969.0,0.8888649844792096
2026-03-09 07:00:00+00:00,5097.822,5106.836,5088.424,5106.362,6673.0,0.0,-809.0,0.4638279383010994
2026-03-09 07:30:00+00:00,5106.432,5107.507,5093.522,5098.944,5821.0,0.0,-852.0,0.5354308187343261
2026-03-09 08:00:00+00:00,5098.872,5110.683,5090.566,5091.6,7156.0,0.0,1335.0,0.3614853109310467
2026-03-09 08:30:00+00:00,5091.509,5102.329,5086.938,5096.606,6373.0,0.0,-783.0,0.33116756546032605
2026-03-09 09:00:00+00:00,5096.585,5126.649,5094.821,5125.235,6150.0,0.0,-223.0,0.9001508106069891
2026-03-09 09:30:00+00:00,5125.085,5132.503,5096.221,5104.995,7562.0,0.0,1412.0,0.5537180971280542
2026-03-09 10:00:00+00:00,5105.07,5111.017,5098.088,5099.738,4668.0,0.0,-2894.0,0.4124062185783424
2026-03-09 10:30:00+00:00,5099.634,5099.941,5083.664,5087.263,6876.0,0.0,2208.0,0.7600294894636641
2026-03-09 11:00:00+00:00,5087.361,5097.199,5079.336,5085.47,5914.0,0.0,-962.0,0.1058612775009622
2026-03-09 11:30:00+00:00,5085.544,5094.479,5082.209,5088.049,4783.0,0.0,-1131.0,0.20415647921760555
2026-03-09 12:00:00+00:00,5087.997,5109.991,5087.997,5109.237,4993.0,0.0,210.0,0.965717923069932
2026-03-09 12:30:00+00:00,5109.403,5111.891,5093.161,5094.974,4566.0,0.0,-427.0,0.7703683929525053
2026-03-09 13:00:00+00:00,5095.058,5099.023,5084.312,5094.866,7592.0,0.0,3026.0,0.013051458092584062
2026-03-09 13:30:00+00:00,5094.792,5111.237,5067.223,5074.123,17183.0,0.0,9591.0,0.4696005816331331
2026-03-09 14:00:00+00:00,5074.041,5088.159,5060.618,5081.632,17354.0,0.0,171.0,0.2756254311753257
2026-03-09 14:30:00+00:00,5081.368,5116.136,5079.861,5093.893,11256.0,0.0,-6098.0,0.3452791178497436
2026-03-09 15:00:00+00:00,5093.857,5100.118,5079.569,5099.666,9633.0,0.0,-1623.0,0.2826901552387076
2026-03-09 15:30:00+00:00,5099.431,5103.314,5092.936,5099.469,5883.0,0.0,-3750.0,0.0036615918289134154
2026-03-09 16:00:00+00:00,5099.619,5109.395,5094.474,5103.697,5362.0,0.0,-521.0,0.27330607868107726
2026-03-09 16:30:00+00:00,5103.882,5110.471,5102.7,5104.617,4532.0,0.0,-830.0,0.09458242182481116
2026-03-09 17:00:00+00:00,5104.384,5106.757,5091.014,5095.158,4906.0,0.0,374.0,0.5860382392174275
2026-03-09 17:30:00+00:00,5095.236,5099.449,5088.924,5096.069,4496.0,0.0,-410.0,0.07914489311169284
2026-03-09 18:00:00+00:00,5096.142,5106.89,5092.494,5105.226,3661.0,0.0,-835.0,0.6310086135037114
2026-03-09 18:30:00+00:00,5105.017,5126.389,5104.198,5122.996,4331.0,0.0,670.0,0.8101933216168911
2026-03-09 19:00:00+00:00,5123.145,5143.777,5118.435,5139.533,7129.0,0.0,2798.0,0.646673506432016
2026-03-09 19:30:00+00:00,5139.616,5143.981,5125.04,5141.033,9075.0,0.0,1946.0,0.0748112560055111
2026-03-09 20:00:00+00:00,5141.112,5147.962,5134.179,5139.1,3754.0,0.0,-5321.0,0.14597692809980875
2026-03-09 20:30:00+00:00,5139.02,5140.677,5134.035,5137.448,3037.0,0.0,-717.0,0.236675700090358
2026-03-09 22:00:00+00:00,5148.262,5149.73,5117.827,5132.084,4280.0,0.0,1243.0,0.5070996458013421
2026-03-09 22:30:00+00:00,5132.161,5152.853,5128.465,5152.845,3822.0,0.0,-458.0,0.8481220272265156
2026-03-09 23:00:00+00:00,5152.902,5155.948,5138.782,5144.55,3745.0,0.0,-77.0,0.48654316672490855
2026-03-09 23:30:00+00:00,5144.839,5149.034,5135.795,5139.445,3099.0,0.0,-646.0,0.4074325855427453
2026-03-10 00:00:00+00:00,5139.609,5141.402,5128.924,5130.617,4744.0,0.0,1645.0,0.7206283058182514
2026-03-10 00:30:00+00:00,5130.542,5138.889,5124.549,5130.766,4995.0,0.0,251.0,0.015620641562011737
2026-03-10 01:00:00+00:00,5130.799,5167.657,5124.661,5157.83,10233.0,0.0,5238.0,0.6286863894315725
2026-03-10 01:30:00+00:00,5157.926,5186.065,5152.972,5184.015,7680.0,0.0,-2553.0,0.7883540325748667
2026-03-10 02:00:00+00:00,5184.093,5187.112,5170.677,5179.672,5140.0,0.0,-2540.0,0.26899908731367017
2026-03-10 02:30:00+00:00,5179.595,5185.765,5163.92,5166.016,5178.0,0.0,38.0,0.6216067750057439
2026-03-10 03:00:00+00:00,5166.053,5173.304,5161.842,5166.42,4437.0,0.0,-741.0,0.03201884487874498
2026-03-10 03:30:00+00:00,5166.743,5167.849,5155.518,5157.679,3322.0,0.0,-1115.0,0.7350579839429251
2026-03-10 04:00:00+00:00,5157.473,5166.273,5154.498,5162.447,3264.0,0.0,-58.0,0.42242038216559913
2026-03-10 04:30:00+00:00,5162.517,5165.542,5161.247,5163.713,2065.0,0.0,-1199.0,0.2784633294528271
2026-03-10 05:00:00+00:00,5163.535,5174.068,5163.535,5171.406,2792.0,0.0,727.0,0.7472704832431243
2026-03-10 05:30:00+00:00,5171.506,5179.042,5166.984,5177.775,3463.0,0.0,671.0,0.5199037983081214
2026-03-10 06:00:00+00:00,5178.106,5180.827,5171.925,5175.924,3318.0,0.0,-145.0,0.24511345764994139
2026-03-10 06:30:00+00:00,5176.002,5178.92,5173.245,5174.941,3276.0,0.0,-42.0,0.1869603524230079
2026-03-10 07:00:00+00:00,5175.03,5178.911,5158.545,5169.116,4478.0,0.0,1202.0,0.2903859373465464
2026-03-10 07:30:00+00:00,5169.164,5181.302,5165.537,5180.77,3788.0,0.0,-690.0,0.736187757691158
2026-03-10 08:00:00+00:00,5180.861,5185.081,5174.755,5183.735,4601.0,0.0,813.0,0.2783265543288582
2026-03-10 08:30:00+00:00,5183.698,5195.112,5182.674,5183.465,4579.0,0.0,-22.0,0.01873291525970194
2026-03-10 09:00:00+00:00,5183.545,5189.207,5180.426,5186.728,3445.0,0.0,-1134.0,0.3624871882473535
2026-03-10 09:30:00+00:00,5186.817,5188.888,5181.781,5182.315,2967.0,0.0,-478.0,0.6334599690446638
2026-03-10 10:00:00+00:00,5182.539,5184.056,5172.762,5173.762,3889.0,0.0,922.0,0.7771383035240079
2026-03-10 10:30:00+00:00,5173.841,5177.835,5156.64,5177.002,5402.0,0.0,1513.0,0.14913894786506732
2026-03-10 11:00:00+00:00,5177.077,5191.793,5176.352,5182.69,5369.0,0.0,-33.0,0.3635127258596882
2026-03-10 11:30:00+00:00,5183.05,5184.952,5171.649,5174.907,4481.0,0.0,-888.0,0.6121175674659927
2026-03-10 12:00:00+00:00,5175.084,5180.437,5162.55,5179.387,5684.0,0.0,1203.0,0.24056577402582613
2026-03-10 12:30:00+00:00,5179.798,5189.291,5178.172,5186.734,4227.0,0.0,-1457.0,0.623797104056141
2026-03-10 13:00:00+00:00,5186.785,5228.721,5185.939,5221.447,8468.0,0.0,4241.0,0.8102005516338852
2026-03-10 13:30:00+00:00,5221.431,5222.264,5196.358,5205.581,12177.0,0.0,3709.0,0.6118273758974556
2026-03-10 14:00:00+00:00,5205.621,5214.188,5185.186,5208.914,9395.0,0.0,-2782.0,0.11354389352457138
2026-03-10 14:30:00+00:00,5208.789,5213.359,5202.777,5206.657,6085.0,0.0,-3310.0,0.20147420147415798
2026-03-10 15:00:00+00:00,5206.715,5228.461,5203.05,5225.45,5613.0,0.0,-472.0,0.7372791310849486
2026-03-10 15:30:00+00:00,5225.545,5238.432,5224.974,5228.678,5577.0,0.0,-36.0,0.23279833556248308
2026-03-10 16:00:00+00:00,5228.763,5235.576,5222.721,5232.066,4105.0,0.0,-1472.0,0.25694282380394884
2026-03-10 16:30:00+00:00,5232.15,5234.358,5225.761,5227.49,3760.0,0.0,-345.0,0.5420495521693601
2026-03-10 17:00:00+00:00,5227.412,5235.166,5223.562,5233.073,5228.0,0.0,1468.0,0.4878490175801385
2026-03-10 17:30:00+00:00,5233.05,5234.657,5226.227,5227.755,4499.0,0.0,-729.0,0.6281138790035456
2026-03-10 18:00:00+00:00,5227.817,5228.163,5160.212,5202.761,16666.0,0.0,12167.0,0.36873629527159146
2026-03-10 18:30:00+00:00,5202.844,5207.907,5189.675,5191.783,9438.0,0.0,-7228.0,0.6066805616498306
2026-03-10 19:00:00+00:00,5191.861,5207.66,5184.221,5200.975,5786.0,0.0,-3652.0,0.38883911429670076
2026-03-10 19:30:00+00:00,5200.89,5200.977,5179.563,5198.804,8707.0,0.0,2921.0,0.0974129074437407
2026-03-10 20:00:00+00:00,5198.657,5199.162,5191.658,5195.077,2742.0,0.0,-5965.0,0.4770788912579921
2026-03-10 20:30:00+00:00,5195.084,5199.129,5192.72,5192.72,2058.0,0.0,-684.0,0.3688562958339377
2026-03-10 22:00:00+00:00,5191.403,5198.074,5182.833,5190.685,4443.0,0.0,2385.0,0.04710976970014093
2026-03-10 22:30:00+00:00,5190.76,5195.33,5185.706,5189.287,3088.0,0.0,-1355.0,0.15305486284289146
2026-03-10 23:00:00+00:00,5189.254,5197.167,5187.567,5193.713,2374.0,0.0,-714.0,0.46447916666663164
2026-03-10 23:30:00+00:00,5193.721,5197.285,5187.953,5196.851,2030.0,0.0,-344.0,0.3354050578654417
2026-03-11 00:00:00+00:00,5196.925,5215.564,5186.676,5212.486,4623.0,0.0,2593.0,0.538666574356125
2026-03-11 00:30:00+00:00,5212.525,5219.351,5206.113,5215.236,3451.0,0.0,-1172.0,0.2047892430881076
2026-03-11 01:00:00+00:00,5215.459,5223.041,5210.562,5214.829,5884.0,0.0,2433.0,0.050484814488348066
2026-03-11 01:30:00+00:00,5214.845,5219.701,5208.328,5208.605,4083.0,0.0,-1801.0,0.5486678976524149
2026-03-11 02:00:00+00:00,5208.69,5209.716,5193.948,5204.316,4994.0,0.0,911.0,0.27739726027395917
2026-03-11 02:30:00+00:00,5204.23,5220.553,5202.101,5217.112,3668.0,0.0,-1326.0,0.6981357034468003
2026-03-11 03:00:00+00:00,5217.028,5220.366,5204.305,5204.767,3159.0,0.0,-509.0,0.7634020297615749
2026-03-11 03:30:00+00:00,5204.77,5209.374,5199.3,5203.349,2635.0,0.0,-524.0,0.14105618423668165
2026-03-11 04:00:00+00:00,5203.055,5208.643,5199.349,5207.281,2272.0,0.0,-363.0,0.45470195825260573
2026-03-11 04:30:00+00:00,5207.214,5208.131,5201.708,5204.494,2072.0,0.0,-200.0,0.4234781254865273
2026-03-11 05:00:00+00:00,5204.379,5208.014,5200.026,5200.478,2427.0,0.0,355.0,0.4883575363044193
2026-03-11 05:30:00+00:00,5200.582,5204.703,5190.293,5199.756,4526.0,0.0,2099.0,0.0573213046495474
2026-03-11 06:00:00+00:00,5199.345,5210.765,5196.327,5206.36,3428.0,0.0,-1098.0,0.48587061919929136
2026-03-11 06:30:00+00:00,5206.393,5206.769,5191.49,5197.793,3572.0,0.0,144.0,0.5628640617841554
2026-03-11 07:00:00+00:00,5197.628,5202.105,5195.398,5197.648,3576.0,0.0,4.0,0.002981959147225029
2026-03-11 07:30:00+00:00,5197.726,5198.408,5184.365,5195.507,4692.0,0.0,1116.0,0.15801466923021862
2026-03-11 08:00:00+00:00,5195.324,5198.412,5181.021,5184.971,4134.0,0.0,-558.0,0.5953079178885486
2026-03-11 08:30:00+00:00,5184.996,5188.717,5175.082,5187.672,4468.0,0.0,334.0,0.1962596259625678
2026-03-11 09:00:00+00:00,5187.595,5190.488,5179.575,5187.547,3824.0,0.0,-644.0,0.004398423898165664
2026-03-11 09:30:00+00:00,5187.292,5196.989,5186.529,5187.731,3476.0,0.0,-348.0,0.04196940726572015
2026-03-11 10:00:00+00:00,5187.808,5195.213,5186.484,5191.545,3042.0,0.0,-434.0,0.42811318593199155
2026-03-11 10:30:00+00:00,5191.624,5191.717,5177.235,5185.823,4144.0,0.0,1102.0,0.4005662201353051
2026-03-11 11:00:00+00:00,5185.902,5193.45,5179.742,5181.133,3500.0,0.0,-644.0,0.3478990370586783
2026-03-11 11:30:00+00:00,5181.008,5190.614,5175.135,5180.983,4867.0,0.0,1367.0,0.0016150914141506063
2026-03-11 12:00:00+00:00,5181.124,5195.228,5177.59,5191.151,5406.0,0.0,539.0,0.5684884907585944
2026-03-11 12:30:00+00:00,5191.084,5196.467,5166.576,5167.592,8848.0,0.0,3442.0,0.7859221839349799
2026-03-11 13:00:00+00:00,5167.215,5182.837,5162.005,5181.157,8041.0,0.0,-807.0,0.6692588325652737
2026-03-11 13:30:00+00:00,5181.243,5181.448,5149.167,5176.652,10677.0,0.0,2636.0,0.14221988166414784
2026-03-11 14:00:00+00:00,5176.575,5195.396,5174.724,5194.004,10474.0,0.0,-203.0,0.8431211300309814
2026-03-11 14:30:00+00:00,5194.084,5196.414,5174.206,5183.249,6858.0,0.0,-3616.0,0.4878872478386265
2026-03-11 15:00:00+00:00,5183.331,5185.574,5168.411,5172.502,7451.0,0.0,593.0,0.6309503000640916
2026-03-11 15:30:00+00:00,5172.659,5175.129,5163.772,5166.023,5824.0,0.0,-1627.0,0.5843092365941296
2026-03-11 16:00:00+00:00,5166.247,5172.499,5163.401,5167.012,5023.0,0.0,-801.0,0.084084414156894
2026-03-11 16:30:00+00:00,5166.846,5177.955,5165.76,5175.668,4101.0,0.0,-922.0,0.723411234112368
2026-03-11 17:00:00+00:00,5175.408,5180.848,5169.641,5171.88,4034.0,0.0,-67.0,0.3148032479700314
2026-03-11 17:30:00+00:00,5171.954,5172.695,5154.092,5169.596,5287.0,0.0,1253.0,0.12675374939526776
2026-03-11 18:00:00+00:00,5169.521,5178.186,5169.026,5177.813,3456.0,0.0,-1831.0,0.905240174672544
2026-03-11 18:30:00+00:00,5177.648,5178.25,5169.951,5172.457,4178.0,0.0,722.0,0.6254970478370668
2026-03-11 19:00:00+00:00,5172.423,5177.553,5168.933,5176.912,2542.0,0.0,-1636.0,0.5207656612529634
2026-03-11 19:30:00+00:00,5176.912,5183.188,5175.852,5182.97,2678.0,0.0,136.0,0.8257906215921202
2026-03-11 20:00:00+00:00,5182.885,5183.461,5175.029,5177.804,1850.0,0.0,-828.0,0.602585388994338
2026-03-11 20:30:00+00:00,5177.741,5178.357,5175.658,5177.136,1332.0,0.0,-518.0,0.2241570952203223
2026-03-11 22:00:00+00:00,5181.098,5182.284,5165.551,5169.825,2077.0,0.0,745.0,0.6736986792565968
2026-03-11 22:30:00+00:00,5169.832,5169.939,5129.795,5139.03,4383.0,0.0,2306.0,0.7672877640494323
2026-03-11 23:00:00+00:00,5139.037,5156.933,5135.073,5155.728,3575.0,0.0,-808.0,0.7635407136322074
2026-03-11 23:30:00+00:00,5155.728,5157.767,5132.889,5134.222,3586.0,0.0,11.0,0.864458557761901
2026-03-12 00:00:00+00:00,5134.08,5158.017,5125.375,5152.53,6187.0,0.0,2601.0,0.5652227191961251
2026-03-12 00:30:00+00:00,5152.746,5161.43,5150.19,5152.9,3714.0,0.0,-2473.0,0.013701067615616739
2026-03-12 01:00:00+00:00,5152.861,5166.631,5151.502,5157.23,6706.0,0.0,2992.0,0.2887831317337375
2026-03-12 01:30:00+00:00,5157.236,5172.842,5154.694,5168.425,4822.0,0.0,-1884.0,0.6165417676879426
2026-03-12 02:00:00+00:00,5168.572,5175.152,5167.102,5168.235,3475.0,0.0,-1347.0,0.04186335403732127
2026-03-12 02:30:00+00:00,5168.324,5171.421,5145.762,5150.633,5755.0,0.0,2280.0,0.6894656845551042
2026-03-12 03:00:00+00:00,5150.706,5155.325,5147.376,5151.722,3908.0,0.0,-1847.0,0.1278148194741063
2026-03-12 03:30:00+00:00,5151.807,5154.27,5148.053,5152.927,2580.0,0.0,-1328.0,0.18015119832713386
2026-03-12 04:00:00+00:00,5153.009,5153.821,5149.863,5152.371,1939.0,0.0,-641.0,0.16119252147548757
2026-03-12 04:30:00+00:00,5152.372,5152.511,5140.408,5142.404,2792.0,0.0,853.0,0.8235974551763855
2026-03-12 05:00:00+00:00,5142.67,5148.831,5137.024,5142.77,3181.0,0.0,389.0,0.008469551960732243
2026-03-12 05:30:00+00:00,5142.887,5157.471,5141.095,5154.547,3582.0,0.0,401.0,0.7120175867122837
2026-03-12 06:00:00+00:00,5154.55,5157.848,5147.272,5156.557,3072.0,0.0,-510.0,0.18976928895608955
2026-03-12 06:30:00+00:00,5156.477,5170.199,5156.129,5165.945,3490.0,0.0,418.0,0.6729211087420073
2026-03-12 07:00:00+00:00,5166.263,5170.526,5164.496,5168.771,2735.0,0.0,-755.0,0.41592039800993647
2026-03-12 07:30:00+00:00,5168.766,5185.373,5168.071,5181.793,3388.0,0.0,653.0,0.7529187377181993
2026-03-12 08:00:00+00:00,5181.901,5189.676,5177.103,5177.485,3859.0,0.0,471.0,0.3512288236697729
2026-03-12 08:30:00+00:00,5177.407,5182.943,5175.643,5177.833,2853.0,0.0,-1006.0,0.058356164383488424
2026-03-12 09:00:00+00:00,5178.07,5181.399,5174.375,5179.912,3187.0,0.0,334.0,0.2622437357631639
2026-03-12 09:30:00+00:00,5179.987,5190.195,5179.987,5187.991,3323.0,0.0,136.0,0.7840909090909284
2026-03-12 10:00:00+00:00,5188.115,5191.657,5179.904,5180.297,2976.0,0.0,-347.0,0.6651918659066118
2026-03-12 10:30:00+00:00,5180.324,5184.011,5176.027,5182.213,3332.0,0.0,356.0,0.23659819639278984
2026-03-12 11:00:00+00:00,5182.146,5183.822,5172.547,5176.519,2707.0,0.0,-625.0,0.49906873614183817
2026-03-12 11:30:00+00:00,5176.48,5181.424,5175.478,5178.779,3121.0,0.0,414.0,0.38664648503210924
2026-03-12 12:00:00+00:00,5178.864,5180.372,5163.419,5172.1,5214.0,0.0,2093.0,0.3989854303072638
2026-03-12 12:30:00+00:00,5172.068,5185.73,5168.579,5181.487,4352.0,0.0,-862.0,0.5491808057839168
2026-03-12 13:00:00+00:00,5181.183,5186.047,5159.224,5171.212,8268.0,0.0,3916.0,0.37173321403272447
2026-03-12 13:30:00+00:00,5171.086,5171.086,5145.877,5151.27,12068.0,0.0,3800.0,0.7860684676107713
2026-03-12 14:00:00+00:00,5151.193,5163.315,5149.585,5152.123,7684.0,0.0,-4384.0,0.0677348871084786
2026-03-12 14:30:00+00:00,5152.199,5153.745,5138.282,5142.931,8995.0,0.0,1311.0,0.5993662290629365
2026-03-12 15:00:00+00:00,5142.759,5144.917,5109.486,5129.148,11074.0,0.0,2079.0,0.38415511839913313
2026-03-12 15:30:00+00:00,5129.027,5135.154,5118.263,5132.431,7980.0,0.0,-3094.0,0.2015274406488328
2026-03-12 16:00:00+00:00,5132.109,5137.954,5121.155,5131.854,5802.0,0.0,-2178.0,0.015179474968754656
2026-03-12 16:30:00+00:00,5131.774,5137.337,5121.43,5123.428,6097.0,0.0,295.0,0.5246746715282817
2026-03-12 17:00:00+00:00,5123.306,5129.424,5113.28,5118.901,5742.0,0.0,-355.0,0.2728567888998812
2026-03-12 17:30:00+00:00,5118.674,5119.889,5102.383,5105.334,6011.0,0.0,269.0,0.7620244487604196
2026-03-12 18:00:00+00:00,5105.228,5112.492,5101.1,5104.285,5248.0,0.0,-763.0,0.08277738764046923
2026-03-12 18:30:00+00:00,5104.208,5104.359,5090.733,5094.408,4911.0,0.0,-337.0,0.7192132687508532
2026-03-12 19:00:00+00:00,5094.325,5095.496,5079.182,5093.656,6216.0,0.0,1305.0,0.041007723427721986
2026-03-12 19:30:00+00:00,5093.599,5096.775,5081.156,5084.796,4569.0,0.0,-1647.0,0.5636084256354479
2026-03-12 20:00:00+00:00,5084.72,5090.53,5071.119,5071.545,4321.0,0.0,-248.0,0.6787388594096204
2026-03-12 20:30:00+00:00,5071.674,5081.387,5054.751,5079.869,5935.0,0.0,1614.0,0.30766631626369795
2026-03-12 22:00:00+00:00,5078.073,5095.131,5072.883,5092.288,3385.0,0.0,-2550.0,0.638933836749322
2026-03-12 22:30:00+00:00,5092.442,5096.164,5085.404,5096.015,2388.0,0.0,-997.0,0.3320631970260734
2026-03-12 23:00:00+00:00,5095.737,5099.379,5089.121,5093.961,2795.0,0.0,407.0,0.17313316435951187
2026-03-12 23:30:00+00:00,5094.177,5101.191,5092.072,5098.163,2734.0,0.0,-61.0,0.43710933216361586
2026-03-13 00:00:00+00:00,5098.067,5108.373,5097.287,5106.296,3075.0,0.0,341.0,0.7422875699080612
2026-03-13 00:30:00+00:00,5106.07,5115.109,5105.777,5113.424,2557.0,0.0,-518.0,0.7880411487355342
2026-03-13 01:00:00+00:00,5113.549,5120.685,5113.291,5118.672,4340.0,0.0,1783.0,0.6928590749255384
2026-03-13 01:30:00+00:00,5118.869,5124.204,5108.802,5124.178,4687.0,0.0,347.0,0.3446954940916882
2026-03-13 02:00:00+00:00,5124.247,5128.363,5114.636,5121.247,3520.0,0.0,-1167.0,0.21854738835871132
2026-03-13 02:30:00+00:00,5121.313,5121.687,5110.47,5111.797,3325.0,0.0,-195.0,0.8483551751806039
2026-03-13 03:00:00+00:00,5112.005,5115.65,5108.236,5110.334,3218.0,0.0,-107.0,0.22538440787703407
2026-03-13 03:30:00+00:00,5110.366,5116.562,5106.097,5115.304,2279.0,0.0,-939.0,0.4718585762064055
2026-03-13 04:00:00+00:00,5115.599,5117.87,5103.568,5105.605,2348.0,0.0,69.0,0.698783386938947
2026-03-13 04:30:00+00:00,5105.585,5107.144,5102.649,5104.215,2232.0,0.0,-116.0,0.30478309232478845
2026-03-13 05:00:00+00:00,5104.309,5110.056,5102.433,5105.974,2364.0,0.0,132.0,0.21841794569067988
2026-03-13 05:30:00+00:00,5106.118,5110.862,5098.217,5103.088,4462.0,0.0,2098.0,0.23962040332151446
2026-03-13 06:00:00+00:00,5103.023,5107.79,5089.0,5095.424,4434.0,0.0,-28.0,0.4044172432144851
2026-03-13 06:30:00+00:00,5095.35,5098.243,5085.691,5088.257,5307.0,0.0,873.0,0.5650892288081918
2026-03-13 07:00:00+00:00,5088.052,5093.893,5071.729,5084.535,5265.0,0.0,-42.0,0.15868074354808986
2026-03-13 07:30:00+00:00,5084.453,5092.923,5082.4,5084.89,3719.0,0.0,-1546.0,0.04152808134561364
2026-03-13 08:00:00+00:00,5085.117,5085.117,5061.251,5070.897,6196.0,0.0,2477.0,0.5958266990698174
2026-03-13 08:30:00+00:00,5070.817,5087.979,5070.204,5087.117,4088.0,0.0,-2108.0,0.9170182841068738
2026-03-13 09:00:00+00:00,5087.291,5096.93,5084.246,5091.529,4189.0,0.0,101.0,0.33412172816148045
2026-03-13 09:30:00+00:00,5091.546,5094.225,5083.27,5089.639,3283.0,0.0,-906.0,0.17407576449111506
2026-03-13 10:00:00+00:00,5089.425,5096.779,5085.942,5089.321,3326.0,0.0,43.0,0.00959675186862277
2026-03-13 10:30:00+00:00,5089.317,5098.407,5079.767,5094.631,4068.0,0.0,742.0,0.28508583690988265
2026-03-13 11:00:00+00:00,5095.031,5097.581,5086.158,5095.112,3913.0,0.0,-155.0,0.007090956841471817
2026-03-13 11:30:00+00:00,5095.038,5107.729,5092.014,5107.366,3707.0,0.0,-206.0,0.7844734330257916
2026-03-13 12:00:00+00:00,5107.275,5118.768,5104.297,5113.427,5515.0,0.0,1808.0,0.4251261142975502
2026-03-13 12:30:00+00:00,5113.656,5121.882,5108.03,5118.312,5995.0,0.0,480.0,0.33612474732890524
2026-03-13 13:00:00+00:00,5118.131,5121.233,5107.202,5108.558,6332.0,0.0,337.0,0.6822749625828776
2026-03-13 13:30:00+00:00,5108.939,5116.771,5096.269,5101.5,8000.0,0.0,1668.0,0.3628426494976338
2026-03-13 14:00:00+00:00,5101.718,5107.861,5082.677,5088.751,8482.0,0.0,482.0,0.5148904066073516
2026-03-13 14:30:00+00:00,5088.67,5091.791,5035.303,5041.73,14005.0,0.0,5523.0,0.830972950007086
2026-03-13 15:00:00+00:00,5041.535,5071.31,5038.159,5063.098,11573.0,0.0,-2432.0,0.6504479502880641
2026-03-13 15:30:00+00:00,5063.263,5068.259,5031.64,5034.814,13241.0,0.0,1668.0,0.7768917774925547
2026-03-13 16:00:00+00:00,5034.718,5041.781,5018.84,5040.851,12556.0,0.0,-685.0,0.26733795388169057
2026-03-13 16:30:00+00:00,5040.923,5053.075,5039.978,5046.014,7391.0,0.0,-5165.0,0.38871497289459
2026-03-13 17:00:00+00:00,5045.924,5062.076,5043.326,5056.314,6231.0,0.0,-1160.0,0.5541333333333508
2026-03-13 17:30:00+00:00,5056.44,5063.926,5043.347,5046.451,5771.0,0.0,-460.0,0.4853977355556281
2026-03-13 18:00:00+00:00,5046.432,5051.453,5036.255,5041.645,5484.0,0.0,-287.0,0.3149756546913575
2026-03-13 18:30:00+00:00,5041.568,5049.305,5040.406,5046.323,4232.0,0.0,-1252.0,0.5343296999662801
2026-03-13 19:00:00+00:00,5046.536,5049.943,5032.165,5034.866,5146.0,0.0,914.0,0.656429294633812
2026-03-13 19:30:00+00:00,5035.035,5036.728,5009.525,5016.41,7260.0,0.0,2114.0,0.6846671323015736
2026-03-13 20:00:00+00:00,5016.494,5021.199,5012.205,5013.93,4141.0,0.0,-3119.0,0.28507894151650937
2026-03-13 20:30:00+00:00,5013.975,5025.413,5012.929,5020.977,3804.0,0.0,-337.0,0.5608779237423739
2026-03-15 22:00:00+00:00,5017.112,5030.407,5000.793,5013.106,5019.0,0.0,1215.0,0.1352738569595545
2026-03-15 22:30:00+00:00,5013.039,5025.872,5008.254,5024.786,3727.0,0.0,-1292.0,0.6667612668861412
2026-03-15 23:00:00+00:00,5024.71,5026.154,4966.796,4989.81,7775.0,0.0,4048.0,0.5879578152902647
2026-03-15 23:30:00+00:00,4989.613,4998.566,4972.044,4997.507,7076.0,0.0,-699.0,0.2976396953472341
2026-03-16 00:00:00+00:00,4997.434,5028.691,4996.521,5016.885,8438.0,0.0,1362.0,0.6046316443891818
2026-03-16 00:30:00+00:00,5016.622,5031.104,5014.913,5025.742,5171.0,0.0,-3267.0,0.5632758940151621
2026-03-16 01:00:00+00:00,5025.914,5026.642,4983.346,4987.977,14853.0,0.0,9682.0,0.8762241315594894
2026-03-16 01:30:00+00:00,4987.952,5016.443,4982.525,5015.901,8119.0,0.0,-6734.0,0.8240167462703916
2026-03-16 02:00:00+00:00,5015.873,5018.779,5010.216,5012.97,4927.0,0.0,-3192.0,0.33901669975467746
2026-03-16 02:30:00+00:00,5012.758,5014.574,4997.882,5003.696,5919.0,0.0,992.0,0.5428947999041394
2026-03-16 03:00:00+00:00,5003.673,5011.629,4998.233,5010.968,4389.0,0.0,-1530.0,0.5445655419528381
2026-03-16 03:30:00+00:00,5010.856,5020.841,5009.951,5019.074,3042.0,0.0,-1347.0,0.7546372819099725
2026-03-16 04:00:00+00:00,5019.134,5026.054,5018.861,5021.18,2734.0,0.0,-308.0,0.2844432086751309
2026-03-16 04:30:00+00:00,5021.494,5024.733,5012.209,5012.908,2450.0,0.0,-284.0,0.6855637176620166
2026-03-16 05:00:00+00:00,5012.811,5015.789,5007.656,5010.952,2830.0,0.0,380.0,0.22857494159590705
2026-03-16 05:30:00+00:00,5010.777,5019.993,5003.274,5017.368,4120.0,0.0,1290.0,0.39422214247265563
2026-03-16 06:00:00+00:00,5017.487,5036.013,5013.053,5027.595,4740.0,0.0,620.0,0.4402439024390313
2026-03-16 06:30:00+00:00,5027.739,5029.381,5005.544,5012.005,5470.0,0.0,730.0,0.6600662835087963
2026-03-16 07:00:00+00:00,5012.294,5016.204,4998.126,5002.325,5184.0,0.0,-286.0,0.5514437437769839
2026-03-16 07:30:00+00:00,5002.434,5007.005,4991.674,4995.23,5363.0,0.0,179.0,0.46989759311203255
2026-03-16 08:00:00+00:00,4995.312,5003.25,4987.553,4997.02,6653.0,0.0,1290.0,0.1088106007517695
2026-03-16 08:30:00+00:00,4996.939,4998.518,4984.763,4991.209,5327.0,0.0,-1326.0,0.4165757906216232
2026-03-16 09:00:00+00:00,4990.881,4991.423,4980.002,4988.816,5505.0,0.0,178.0,0.18080728482625197
2026-03-16 09:30:00+00:00,4988.855,4991.394,4972.214,4975.387,5320.0,0.0,-185.0,0.7021897810218792
2026-03-16 10:00:00+00:00,4975.464,4990.836,4970.011,4986.753,5097.0,0.0,-223.0,0.5420888355342068
2026-03-16 10:30:00+00:00,4986.837,4999.602,4980.354,4998.604,4658.0,0.0,-439.0,0.6113362427265209
2026-03-16 11:00:00+00:00,4998.68,5022.694,4995.675,5019.119,4162.0,0.0,-496.0,0.7564676708982279
2026-03-16 11:30:00+00:00,5018.937,5020.079,4992.213,4997.068,4775.0,0.0,613.0,0.7847915021890368
2026-03-16 12:00:00+00:00,4997.144,5024.717,4994.242,5022.609,5478.0,0.0,703.0,0.8356029532403807
2026-03-16 12:30:00+00:00,5022.785,5025.612,5012.072,5019.91,4981.0,0.0,-497.0,0.21233382570162537
2026-03-16 13:00:00+00:00,5019.927,5030.149,5013.784,5020.964,5761.0,0.0,780.0,0.06336694164376525
2026-03-16 13:30:00+00:00,5020.81,5034.727,5017.943,5029.744,9573.0,0.0,3812.0,0.5322926596758504
2026-03-16 14:00:00+00:00,5029.517,5038.067,5014.687,5014.765,7931.0,0.0,-1642.0,0.6309666381522425
2026-03-16 14:30:00+00:00,5014.927,5015.195,4987.99,4995.804,9439.0,0.0,1508.0,0.7029222569380498
2026-03-16 15:00:00+00:00,4995.599,5005.598,4984.047,4991.632,7444.0,0.0,-1995.0,0.18407498491951566
2026-03-16 15:30:00+00:00,4991.896,5003.258,4983.907,4986.963,5250.0,0.0,-2194.0,0.25492222624154204
2026-03-16 16:00:00+00:00,4986.936,4998.521,4977.812,4979.933,5654.0,0.0,404.0,0.3381621517214621
2026-03-16 16:30:00+00:00,4979.72,4992.924,4973.936,4990.568,5784.0,0.0,130.0,0.5713081946492413
2026-03-16 17:00:00+00:00,4990.653,5003.675,4990.471,4995.961,5184.0,0.0,-600.0,0.4019993941229732
2026-03-16 17:30:00+00:00,4995.806,4996.574,4983.858,4991.227,4446.0,0.0,-738.0,0.3600975149417997
2026-03-16 18:00:00+00:00,4991.297,5008.077,4989.918,5006.241,4046.0,0.0,-400.0,0.8229528057712403
2026-03-16 18:30:00+00:00,5006.031,5017.735,5005.154,5012.766,3665.0,0.0,-381.0,0.5353310547651291
2026-03-16 19:00:00+00:00,5012.624,5020.121,5008.847,5010.346,4136.0,0.0,471.0,0.20205783218025353
2026-03-16 19:30:00+00:00,5010.521,5015.932,5008.145,5012.69,3672.0,0.0,-464.0,0.2785411583408308
2026-03-16 20:00:00+00:00,5012.618,5021.612,5007.964,5014.262,2369.0,0.0,-1303.0,0.12045720984754592
2026-03-16 20:30:00+00:00,5014.113,5014.186,5004.613,5006.311,2412.0,0.0,43.0,0.8150005223024203
2026-03-16 22:00:00+00:00,5007.678,5015.645,4998.825,5001.798,2874.0,0.0,462.0,0.3495838287752612
2026-03-16 22:30:00+00:00,5001.766,5006.218,4998.555,5002.386,2182.0,0.0,-692.0,0.08090826047250897
2026-03-16 23:00:00+00:00,5002.093,5009.928,5002.073,5009.33,1718.0,0.0,-464.0,0.9213239974539125
2026-03-16 23:30:00+00:00,5009.351,5015.495,5006.827,5012.795,2181.0,0.0,463.0,0.39732348869411027
2026-03-17 00:00:00+00:00,5012.899,5014.007,5000.042,5003.598,3772.0,0.0,1591.0,0.6660221983530895
2026-03-17 00:30:00+00:00,5003.313,5007.088,4998.002,5003.17,3799.0,0.0,27.0,0.01573849878935061
2026-03-17 01:00:00+00:00,5002.965,5014.453,4994.53,5013.369,5896.0,0.0,2097.0,0.5222105104652505
2026-03-17 01:30:00+00:00,5013.295,5027.902,5011.193,5027.562,4194.0,0.0,-1702.0,0.8538512179065155
2026-03-17 02:00:00+00:00,5027.582,5029.699,5019.836,5025.474,3176.0,0.0,-1018.0,0.21372807462235713
2026-03-17 02:30:00+00:00,5025.123,5029.241,5021.37,5022.863,2927.0,0.0,-249.0,0.287129970778717
2026-03-17 03:00:00+00:00,5022.763,5032.847,5020.704,5032.388,2641.0,0.0,-286.0,0.7926377336737196
2026-03-17 03:30:00+00:00,5032.415,5033.501,5025.764,5027.65,2584.0,0.0,-57.0,0.6158717849295952
2026-03-17 04:00:00+00:00,5027.365,5032.644,5026.229,5032.325,2222.0,0.0,-362.0,0.7731878409976718
2026-03-17 04:30:00+00:00,5032.353,5041.932,5031.912,5037.944,2987.0,0.0,765.0,0.557984031936189
2026-03-17 05:00:00+00:00,5038.004,5044.474,5032.569,5035.421,3385.0,0.0,398.0,0.21696766064676054
2026-03-17 05:30:00+00:00,5035.343,5039.193,5020.208,5020.831,4483.0,0.0,1098.0,0.7643929417961165
2026-03-17 06:00:00+00:00,5020.903,5022.696,5005.153,5011.675,6736.0,0.0,2253.0,0.5260217750669921
2026-03-17 06:30:00+00:00,5011.805,5016.772,5008.32,5010.133,3757.0,0.0,-2979.0,0.1978230004733123
2026-03-17 07:00:00+00:00,5010.057,5018.584,5008.805,5015.927,3556.0,0.0,-201.0,0.600265875856444
2026-03-17 07:30:00+00:00,5015.91,5027.971,5015.669,5021.081,3164.0,0.0,-392.0,0.42033815639736716
2026-03-17 08:00:00+00:00,5021.039,5029.507,5018.992,5020.945,4064.0,0.0,900.0,0.008939610080842238
2026-03-17 08:30:00+00:00,5021.045,5025.312,5018.103,5024.548,3260.0,0.0,-804.0,0.485920377306115
2026-03-17 09:00:00+00:00,5024.377,5025.695,5012.895,5017.735,3999.0,0.0,739.0,0.5189062500000869
2026-03-17 09:30:00+00:00,5017.69,5018.259,5009.784,5010.613,3111.0,0.0,-888.0,0.8350442477874941
2026-03-17 10:00:00+00:00,5010.533,5016.314,5001.015,5003.648,4157.0,0.0,1046.0,0.450029413687184
2026-03-17 10:30:00+00:00,5003.416,5009.434,4991.665,5000.249,4884.0,0.0,727.0,0.17823175192753277
2026-03-17 11:00:00+00:00,5000.192,5010.097,4996.593,5006.791,3288.0,0.0,-1596.0,0.48867002369669776
2026-03-17 11:30:00+00:00,5007.101,5011.531,5002.089,5003.115,2663.0,0.0,-625.0,0.4221563228129499
2026-03-17 12:00:00+00:00,5003.178,5020.489,4999.287,5019.806,3571.0,0.0,908.0,0.7842656353174341
2026-03-17 12:30:00+00:00,5019.87,5023.681,5009.581,5011.505,4143.0,0.0,572.0,0.5932624113475252
2026-03-17 13:00:00+00:00,5011.856,5019.547,5009.804,5012.809,5234.0,0.0,1091.0,0.09781381504674944
2026-03-17 13:30:00+00:00,5012.608,5031.492,5005.253,5016.372,8851.0,0.0,3617.0,0.14345058881817346
2026-03-17 14:00:00+00:00,5016.393,5020.469,5006.901,5008.391,6712.0,0.0,-2139.0,0.5897700471698322
2026-03-17 14:30:00+00:00,5008.276,5019.356,5002.71,5007.655,5941.0,0.0,-771.0,0.0373062597621113
2026-03-17 15:00:00+00:00,5007.59,5017.35,4993.587,4994.84,6862.0,0.0,921.0,0.5365484156040922
2026-03-17 15:30:00+00:00,4994.913,5000.424,4973.345,4997.823,8947.0,0.0,2085.0,0.10746334798186025
2026-03-17 16:00:00+00:00,4998.045,5005.389,4991.524,5003.88,5665.0,0.0,-3282.0,0.4208438514244593
2026-03-17 16:30:00+00:00,5004.046,5005.763,4997.517,5001.784,3757.0,0.0,-1908.0,0.27431481930640306
2026-03-17 17:00:00+00:00,5001.721,5008.556,5001.149,5002.815,3863.0,0.0,106.0,0.1476981233968088
2026-03-17 17:30:00+00:00,5002.889,5006.444,4996.409,5002.353,3107.0,0.0,-756.0,0.05341305430991703
2026-03-17 18:00:00+00:00,5002.425,5009.035,5000.594,5003.983,2971.0,0.0,-136.0,0.18457528728823944
2026-03-17 18:30:00+00:00,5003.869,5008.412,4999.825,5003.883,2947.0,0.0,-24.0,0.0016303714918042352
2026-03-17 19:00:00+00:00,5003.801,5005.558,4998.222,4999.594,2738.0,0.0,-209.0,0.573473282442775
2026-03-17 19:30:00+00:00,4999.946,5003.557,4996.276,5000.231,3293.0,0.0,555.0,0.03914297486607011
2026-03-17 20:00:00+00:00,5000.363,5006.424,4999.783,5003.758,1629.0,0.0,-1664.0,0.5112181900315796
2026-03-17 20:30:00+00:00,5003.604,5005.575,5001.426,5003.05,12501.0,0.0,10872.0,0.13352615087976935
2026-03-17 22:00:00+00:00,5004.038,5004.918,4997.459,5001.763,1416.0,0.0,-11085.0,0.3050006703311017
2026-03-17 22:30:00+00:00,5001.794,5003.367,4993.262,4999.907,1785.0,0.0,369.0,0.1867392380009528
2026-03-17 23:00:00+00:00,4999.708,5002.843,4998.709,4999.951,1471.0,0.0,-314.0,0.058780841799804556
2026-03-17 23:30:00+00:00,5000.152,5003.508,4999.852,5002.75,1288.0,0.0,-183.0,0.7106126914660811
2026-03-18 00:00:00+00:00,5002.803,5012.358,5001.024,5002.907,3247.0,0.0,1959.0,0.009175930827622265
2026-03-18 00:30:00+00:00,5002.759,5008.09,5000.221,5004.345,2766.0,0.0,-481.0,0.20155038759691446
2026-03-18 01:00:00+00:00,5004.418,5016.048,4997.745,5008.164,4279.0,0.0,1513.0,0.2046659017647445
2026-03-18 01:30:00+00:00,5008.159,5009.455,4991.069,4998.672,4765.0,0.0,486.0,0.5159904274992022
2026-03-18 02:00:00+00:00,4998.787,5006.837,4996.32,5002.142,3141.0,0.0,-1624.0,0.31900732147944555
2026-03-18 02:30:00+00:00,5002.215,5004.114,4990.48,4991.69,3533.0,0.0,392.0,0.7719671409711408
2026-03-18 03:00:00+00:00,4991.899,4996.939,4986.231,4996.299,3416.0,0.0,-117.0,0.41090773253636675
2026-03-18 03:30:00+00:00,4996.065,4997.439,4989.717,4991.384,2269.0,0.0,-1147.0,0.6061901061900005
2026-03-18 04:00:00+00:00,4991.366,4993.459,4989.499,4990.72,2072.0,0.0,-197.0,0.16313131313124365
2026-03-18 04:30:00+00:00,4990.481,4991.096,4981.594,4986.884,2812.0,0.0,740.0,0.37855188381392785
2026-03-18 05:00:00+00:00,4987.042,4992.836,4984.545,4990.732,2663.0,0.0,-149.0,0.4450609094197956
2026-03-18 05:30:00+00:00,4990.868,5002.456,4987.503,4997.465,4013.0,0.0,1350.0,0.44118237143045297
2026-03-18 06:00:00+00:00,4997.355,5010.736,4996.325,5008.713,3324.0,0.0,-689.0,0.788147942543899
2026-03-18 06:30:00+00:00,5008.703,5016.311,5008.511,5009.469,3181.0,0.0,-143.0,0.09820512820508887
2026-03-18 07:00:00+00:00,5009.551,5014.958,5005.991,5009.154,2612.0,0.0,-569.0,0.04427344708374599
2026-03-18 07:30:00+00:00,5008.951,5009.731,4990.244,4995.045,3531.0,0.0,919.0,0.7136039410889256
2026-03-18 08:00:00+00:00,4994.685,4996.663,4983.425,4988.846,3867.0,0.0,336.0,0.4410787127965801
2026-03-18 08:30:00+00:00,4988.919,4992.042,4977.089,4987.692,3746.0,0.0,-121.0,0.08205711228514857
2026-03-18 09:00:00+00:00,4987.33,4994.212,4984.78,4992.464,2910.0,0.0,-836.0,0.5443172179813014
2026-03-18 09:30:00+00:00,4992.167,4995.341,4990.634,4991.963,2424.0,0.0,-486.0,0.043339706819761736
2026-03-18 10:00:00+00:00,4992.028,4992.028,4980.715,4982.51,2649.0,0.0,225.0,0.8413329797577958
2026-03-18 10:30:00+00:00,4982.509,4987.078,4958.782,4967.846,6678.0,0.0,4029.0,0.5182004523607691
2026-03-18 11:00:00+00:00,4967.869,4973.757,4946.273,4948.528,7607.0,0.0,929.0,0.7037185271430583
2026-03-18 11:30:00+00:00,4948.456,4961.817,4924.849,4930.041,10931.0,0.0,3324.0,0.49813352088292684
2026-03-18 12:00:00+00:00,4930.332,4932.313,4895.557,4901.201,15502.0,0.0,4571.0,0.7925508760474498
2026-03-18 12:30:00+00:00,4901.657,4901.772,4870.643,4881.409,14804.0,0.0,-698.0,0.650454560056557
2026-03-18 13:00:00+00:00,4881.527,4881.527,4833.975,4861.266,19913.0,0.0,5109.0,0.4260809219381006
2026-03-18 13:30:00+00:00,4861.367,4885.46,4850.298,4878.111,19292.0,0.0,-621.0,0.4761958932938844
2026-03-18 14:00:00+00:00,4877.959,4894.571,4859.09,4860.895,13286.0,0.0,-6006.0,0.480933457343353
2026-03-18 14:30:00+00:00,4860.932,4872.614,4856.517,4869.65,9309.0,0.0,-3977.0,0.5415916009194248
2026-03-18 15:00:00+00:00,4869.558,4880.063,4865.747,4872.208,7906.0,0.0,-1403.0,0.18510757194744848
2026-03-18 15:30:00+00:00,4872.098,4875.459,4861.209,4862.535,6102.0,0.0,-1804.0,0.6710877192982527
2026-03-18 16:00:00+00:00,4862.609,4883.055,4860.787,4882.314,5553.0,0.0,-549.0,0.8849021016705543
2026-03-18 16:30:00+00:00,4882.294,4890.297,4873.301,4886.777,6078.0,0.0,525.0,0.26376794539894033
2026-03-18 17:00:00+00:00,4886.69,4898.119,4883.938,4891.13,5716.0,0.0,-362.0,0.31309498624925175
2026-03-18 17:30:00+00:00,4891.049,4899.001,4887.322,4890.664,4880.0,0.0,-836.0,0.03296515112597101
2026-03-18 18:00:00+00:00,4890.753,4899.29,4876.732,4885.722,9227.0,0.0,4347.0,0.2230250908768486
2026-03-18 18:30:00+00:00,4885.558,4888.06,4852.188,4853.077,12232.0,0.0,3005.0,0.9054694469223767
2026-03-18 19:00:00+00:00,4852.871,4865.12,4843.383,4849.373,10106.0,0.0,-2126.0,0.16092377052953438
2026-03-18 19:30:00+00:00,4849.301,4860.106,4838.097,4843.007,9492.0,0.0,-614.0,0.2859739197601333
2026-03-18 20:00:00+00:00,4842.961,4848.327,4808.803,4811.364,7417.0,0.0,-2075.0,0.7994383159599329
2026-03-18 20:30:00+00:00,4811.295,4826.824,4806.677,4818.463,5502.0,0.0,-1915.0,0.3557849803940879
2026-03-18 22:00:00+00:00,4828.06,4836.882,4804.247,4815.823,5864.0,0.0,362.0,0.37496552780757897
2026-03-18 22:30:00+00:00,4815.79,4838.765,4808.681,4834.291,4689.0,0.0,-1175.0,0.6149780614279932
2026-03-18 23:00:00+00:00,4834.337,4840.888,4828.126,4836.938,3477.0,0.0,-1212.0,0.20380818053594388
2026-03-18 23:30:00+00:00,4836.881,4842.516,4829.802,4836.86,3299.0,0.0,-178.0,0.0016517225106685842
2026-03-19 00:00:00+00:00,4836.657,4848.224,4835.41,4842.31,4630.0,0.0,1331.0,0.44115810831903485
2026-03-19 00:30:00+00:00,4842.068,4848.877,4837.742,4841.052,5023.0,0.0,393.0,0.09124382577463055
2026-03-19 01:00:00+00:00,4841.207,4853.288,4832.656,4845.382,8711.0,0.0,3688.0,0.20235556417212833
2026-03-19 01:30:00+00:00,4845.456,4866.892,4842.818,4850.011,6418.0,0.0,-2293.0,0.18920827448701355
2026-03-19 02:00:00+00:00,4850.082,4858.091,4841.762,4857.12,4790.0,0.0,-1628.0,0.43101230938816115
2026-03-19 02:30:00+00:00,4856.951,4862.215,4853.6,4858.551,4705.0,0.0,-85.0,0.18572257690080143
2026-03-19 03:00:00+00:00,4858.559,4865.762,4854.973,4860.131,3836.0,0.0,-869.0,0.14570395773474384
2026-03-19 03:30:00+00:00,4860.207,4860.269,4850.812,4850.956,2825.0,0.0,-1011.0,0.9782171936131835
2026-03-19 04:00:00+00:00,4850.895,4853.715,4847.186,4850.427,2563.0,0.0,-262.0,0.07168019604851039
2026-03-19 04:30:00+00:00,4850.414,4852.866,4845.697,4849.822,2386.0,0.0,-177.0,0.08257776537866568
2026-03-19 05:00:00+00:00,4849.915,4853.697,4846.544,4846.594,2926.0,0.0,540.0,0.4642807213756183
2026-03-19 05:30:00+00:00,4846.818,4846.818,4826.987,4827.609,6377.0,0.0,3451.0,0.9686349654581062
2026-03-19 06:00:00+00:00,4827.538,4842.028,4813.206,4813.52,6882.0,0.0,505.0,0.48636458261047333
2026-03-19 06:30:00+00:00,4813.882,4819.839,4747.3,4763.817,19027.0,0.0,12145.0,0.6901804546519771
2026-03-19 07:00:00+00:00,4763.71,4784.218,4756.904,4770.687,10140.0,0.0,-8887.0,0.2554367723511758
2026-03-19 07:30:00+00:00,4770.602,4771.573,4727.077,4727.808,9879.0,0.0,-261.0,0.9617493707299483
2026-03-19 08:00:00+00:00,4728.013,4740.325,4701.279,4718.476,16395.0,0.0,6516.0,0.2442503713568718
2026-03-19 08:30:00+00:00,4718.545,4722.028,4686.746,4709.221,17394.0,0.0,999.0,0.2642707329516604
2026-03-19 09:00:00+00:00,4709.086,4722.489,4687.875,4709.134,17590.0,0.0,196.0,0.0013867221355455895
2026-03-19 09:30:00+00:00,4708.914,4725.964,4696.005,4698.895,14762.0,0.0,-2828.0,0.33442371240693547
2026-03-19 10:00:00+00:00,4698.768,4719.875,4670.732,4683.358,11812.0,0.0,-2950.0,0.3135746698410729
2026-03-19 10:30:00+00:00,4683.492,4700.345,4666.429,4678.879,13967.0,0.0,2155.0,0.13601250147423816
2026-03-19 11:00:00+00:00,4678.856,4699.616,4676.367,4686.087,10828.0,0.0,-3139.0,0.31102413007014235
2026-03-19 11:30:00+00:00,4686.181,4695.463,4650.613,4652.225,12295.0,0.0,1467.0,0.7571014492753542
2026-03-19 12:00:00+00:00,4651.867,4653.936,4602.786,4606.336,20452.0,0.0,8157.0,0.8901466275659877
2026-03-19 12:30:00+00:00,4606.72,4617.739,4531.073,4574.603,30130.0,0.0,9678.0,0.3705836198740044
2026-03-19 13:00:00+00:00,4574.513,4581.197,4502.61,4576.223,40049.0,0.0,9919.0,0.021759324061231843
2026-03-19 13:30:00+00:00,4576.343,4621.053,4538.624,4620.575,46462.0,0.0,6413.0,0.5366072620073024
2026-03-19 14:00:00+00:00,4620.859,4649.163,4584.109,4585.716,32362.0,0.0,-14100.0,0.5402127463338222
2026-03-19 14:30:00+00:00,4585.643,4627.913,4580.877,4601.691,25528.0,0.0,-6834.0,0.34118547495535473
2026-03-19 15:00:00+00:00,4601.851,4638.722,4593.443,4602.926,22201.0,0.0,-3327.0,0.023741690408373383
2026-03-19 15:30:00+00:00,4603.018,4611.498,4566.091,4596.521,24458.0,0.0,2257.0,0.14308366551413673
2026-03-19 16:00:00+00:00,4596.365,4626.749,4592.878,4599.127,20462.0,0.0,-3996.0,0.08154468424317611
2026-03-19 16:30:00+00:00,4599.19,4608.587,4576.707,4584.726,17260.0,0.0,-3202.0,0.45370138017565537
2026-03-19 17:00:00+00:00,4584.7,4613.782,4573.683,4602.906,15138.0,0.0,-2122.0,0.45402628494476316
2026-03-19 17:30:00+00:00,4602.974,4629.863,4599.641,4616.105,13334.0,0.0,-1804.0,0.4344848123882971
2026-03-19 18:00:00+00:00,4616.019,4619.071,4600.943,4609.322,10339.0,0.0,-2995.0,0.36942850838483154
2026-03-19 18:30:00+00:00,4609.382,4623.12,4595.956,4622.847,8122.0,0.0,-2217.0,0.4956928287439355
2026-03-19 19:00:00+00:00,4622.855,4663.389,4622.855,4644.186,25847.0,0.0,17725.0,0.5262495682636759
2026-03-19 19:30:00+00:00,4644.243,4649.979,4631.915,4644.022,13867.0,0.0,-11980.0,0.012234278122257232
2026-03-19 20:00:00+00:00,4643.664,4660.788,4642.671,4657.364,5812.0,0.0,-8055.0,0.7561958381630713
2026-03-19 20:30:00+00:00,4657.435,4661.947,4651.838,4657.541,4077.0,0.0,-1735.0,0.01048570580668347
2026-03-19 22:00:00+00:00,4657.711,4677.032,4650.637,4666.398,3470.0,0.0,-607.0,0.32911536275808884
2026-03-19 22:30:00+00:00,4666.118,4666.288,4636.235,4636.235,3852.0,0.0,382.0,0.9943433267893667
2026-03-19 23:00:00+00:00,4636.457,4647.612,4636.457,4643.726,3078.0,0.0,-774.0,0.6516360376512317
2026-03-19 23:30:00+00:00,4643.737,4647.928,4634.231,4643.703,3027.0,0.0,-51.0,0.002482295393126266
2026-03-20 00:00:00+00:00,4643.631,4665.014,4642.053,4649.259,5977.0,0.0,2950.0,0.24511127564128926
2026-03-20 00:30:00+00:00,4649.169,4660.52,4644.617,4648.766,4927.0,0.0,-1050.0,0.02534113060430366
2026-03-20 01:00:00+00:00,4648.408,4680.367,4639.284,4661.937,14151.0,0.0,9224.0,0.32930895991040976
2026-03-20 01:30:00+00:00,4662.132,4699.415,4661.1,4677.259,10396.0,0.0,-3755.0,0.3948062116664639
2026-03-20 02:00:00+00:00,4677.187,4690.145,4670.239,4683.747,6498.0,0.0,-3898.0,0.3295488797347592
2026-03-20 02:30:00+00:00,4683.829,4703.693,4679.269,4698.1,7443.0,0.0,945.0,0.584302325581422
2026-03-20 03:00:00+00:00,4698.202,4735.802,4693.06,4733.61,8656.0,0.0,1213.0,0.828412334471949
2026-03-20 03:30:00+00:00,4733.707,4735.745,4721.673,4725.57,4855.0,0.0,-3801.0,0.5782404775440988
2026-03-20 04:00:00+00:00,4725.669,4727.605,4716.92,4723.547,3755.0,0.0,-1100.0,0.19859616284514736
2026-03-20 04:30:00+00:00,4723.332,4727.061,4715.512,4721.417,3365.0,0.0,-390.0,0.16581522209714844
2026-03-20 05:00:00+00:00,4721.507,4723.655,4710.603,4719.501,4230.0,0.0,865.0,0.1536929206251496
2026-03-20 05:30:00+00:00,4719.551,4720.027,4685.75,4688.597,9663.0,0.0,5433.0,0.9030545263588001
2026-03-20 06:00:00+00:00,4688.515,4700.918,4679.804,4687.926,8794.0,0.0,-869.0,0.027896182627638228
2026-03-20 06:30:00+00:00,4687.815,4689.461,4661.258,4669.065,9414.0,0.0,620.0,0.6648228911817791
2026-03-20 07:00:00+00:00,4668.902,4688.475,4667.983,4688.153,6270.0,0.0,-3144.0,0.9394397813781
2026-03-20 07:30:00+00:00,4688.062,4707.967,4685.083,4706.147,4399.0,0.0,-1871.0,0.790290159063102
2026-03-20 08:00:00+00:00,4706.228,4734.746,4702.093,4722.839,6387.0,0.0,1988.0,0.5087128288365464
2026-03-20 08:30:00+00:00,4722.909,4723.003,4684.755,4693.651,8452.0,0.0,2065.0,0.7649550303283864
2026-03-20 09:00:00+00:00,4693.804,4700.462,4683.923,4691.707,5852.0,0.0,-2600.0,0.12679122075093222
2026-03-20 09:30:00+00:00,4691.905,4692.498,4659.802,4667.51,7773.0,0.0,1921.0,0.7461157328113406
2026-03-20 10:00:00+00:00,4667.394,4670.16,4645.807,4658.217,9625.0,0.0,1852.0,0.3768324231101123
2026-03-20 10:30:00+00:00,4657.913,4669.962,4638.135,4645.212,9069.0,0.0,-556.0,0.39906368806356307
2026-03-20 11:00:00+00:00,4645.388,4668.505,4636.927,4665.106,8603.0,0.0,-466.0,0.6244220659952998
2026-03-20 11:30:00+00:00,4665.066,4674.27,4657.51,4671.624,6284.0,0.0,-2319.0,0.3912887828162236
2026-03-20 12:00:00+00:00,4671.741,4695.521,4671.666,4678.31,10192.0,0.0,3908.0,0.27537203940475935
2026-03-20 12:30:00+00:00,4678.331,4682.067,4661.926,4678.318,9277.0,0.0,-915.0,0.0006454495804538111
2026-03-20 13:00:00+00:00,4678.117,4679.654,4653.595,4659.973,16370.0,0.0,7093.0,0.6962661652404196
2026-03-20 13:30:00+00:00,4659.924,4666.038,4612.673,4616.291,60298.0,0.0,43928.0,0.8176332802398574
2026-03-20 14:00:00+00:00,4616.235,4622.497,4551.159,4558.079,59849.0,0.0,-449.0,0.8152176960385688
2026-03-20 14:30:00+00:00,4558.14,4585.369,4547.772,4564.242,47771.0,0.0,-12078.0,0.16230018352527867
2026-03-20 15:00:00+00:00,4564.192,4580.144,4540.416,4563.048,44032.0,0.0,-3739.0,0.02879581151833042
2026-03-20 15:30:00+00:00,4562.826,4575.797,4544.155,4553.17,33792.0,0.0,-10240.0,0.3051640225017383
2026-03-20 16:00:00+00:00,4553.323,4613.753,4551.683,4584.893,30704.0,0.0,-3088.0,0.508619300789429
2026-03-20 16:30:00+00:00,4584.938,4592.717,4567.663,4583.424,26610.0,0.0,-4094.0,0.06042947233975088
2026-03-20 17:00:00+00:00,4583.368,4600.819,4568.535,4572.146,35305.0,0.0,8695.0,0.34760252756784993
2026-03-20 17:30:00+00:00,4572.205,4577.087,4554.029,4573.448,23385.0,0.0,-11920.0,0.053907537514111946
2026-03-20 18:00:00+00:00,4573.524,4578.497,4536.242,4554.477,26256.0,0.0,2871.0,0.45076322328719515
2026-03-20 18:30:00+00:00,4554.543,4557.048,4477.057,4499.574,34541.0,0.0,8285.0,0.6871898088534968
2026-03-20 19:00:00+00:00,4499.63,4516.326,4485.232,4498.417,41631.0,0.0,7090.0,0.03901074162216942
2026-03-20 19:30:00+00:00,4498.463,4516.731,4492.159,4501.417,33387.0,0.0,-8244.0,0.12021813446201444
2026-03-20 20:00:00+00:00,4501.593,4514.556,4493.411,4501.154,14213.0,0.0,-19174.0,0.02076140931659522
2026-03-20 20:30:00+00:00,4501.205,4504.585,4494.363,4497.479,10404.0,0.0,-3809.0,0.36450792408528154
2026-03-22 22:00:00+00:00,4477.751,4536.1,4449.511,4524.33,13172.0,0.0,2768.0,0.5379320698934016
2026-03-22 22:30:00+00:00,4524.537,4526.73,4489.861,4497.942,9621.0,0.0,-3551.0,0.7213377091865926
2026-03-22 23:00:00+00:00,4497.972,4510.752,4482.525,4485.231,11459.0,0.0,1838.0,0.45137634180039105
2026-03-22 23:30:00+00:00,4485.168,4493.727,4452.439,4464.724,14675.0,0.0,3216.0,0.49515597752372903
2026-03-23 00:00:00+00:00,4464.563,4473.179,4404.338,4427.016,39824.0,0.0,25149.0,0.5454162490376416
2026-03-23 00:30:00+00:00,4427.098,4436.778,4319.487,4354.359,65961.0,0.0,26137.0,0.6201584094261237
2026-03-23 01:00:00+00:00,4354.286,4443.911,4329.725,4421.733,73400.0,0.0,7439.0,0.5906766153468928
2026-03-23 01:30:00+00:00,4421.794,4454.137,4380.951,4387.596,49949.0,0.0,-23451.0,0.4672751619162198
2026-03-23 02:00:00+00:00,4387.468,4422.062,4382.942,4399.452,37409.0,0.0,-12540.0,0.306339468302669
2026-03-23 02:30:00+00:00,4399.402,4400.903,4354.783,4360.474,41590.0,0.0,4181.0,0.8440589765828269
2026-03-23 03:00:00+00:00,4360.562,4377.985,4346.827,4351.007,29871.0,0.0,-11719.0,0.3066628153283414
2026-03-23 03:30:00+00:00,4351.134,4365.028,4334.807,4352.986,20631.0,0.0,-9240.0,0.06128189007643141
2026-03-23 04:00:00+00:00,4352.913,4370.71,4352.878,4368.575,14755.0,0.0,-5876.0,0.8783086585912947
2026-03-23 04:30:00+00:00,4368.518,4381.604,4349.953,4367.235,16655.0,0.0,1900.0,0.04053584404917263
2026-03-23 05:00:00+00:00,4367.209,4379.949,4363.271,4365.731,11839.0,0.0,-4816.0,0.08861973857777167
