time,open,high,low,close,tick_volume,spread_points,tick_volume_delta,volume_imbalance
2014-01-14 00:00:00+00:00,1253.967,1255.028,1241.646,1243.309,68832,0.0,0.0,0.7964429831116485
2014-01-15 00:00:00+00:00,1243.3,1243.919,1234.216,1240.926,78349,0.0,9517.0,0.24466659795939136
2014-01-16 00:00:00+00:00,1240.921,1245.04,1236.312,1241.981,72621,0.0,-5728.0,0.12144821264893876
2014-01-17 00:00:00+00:00,1241.983,1254.789,1237.708,1253.669,76228,0.0,3607.0,0.6841519817341031
2014-01-19 00:00:00+00:00,1253.814,1260.701,1251.23,1256.148,3730,0.0,-72498.0,0.2464364903389116
2014-01-20 00:00:00+00:00,1256.135,1258.051,1251.832,1255.17,30868,0.0,27138.0,0.15516964142144163
2014-01-21 00:00:00+00:00,1255.171,1255.175,1235.572,1242.842,79806,0.0,48938.0,0.628934346783651
2014-01-22 00:00:00+00:00,1242.821,1243.498,1235.523,1236.97,51658,0.0,-28148.0,0.7336677115987191
2014-01-23 00:00:00+00:00,1236.939,1265.188,1231.36,1262.493,101321,0.0,49663.0,0.755409719758771
2014-01-24 00:00:00+00:00,1262.488,1272.425,1256.864,1269.783,103553,0.0,2232.0,0.46880020564230335
2014-01-26 00:00:00+00:00,1269.189,1278.654,1266.663,1275.328,4026,0.0,-99527.0,0.5119673088149365
2014-01-27 00:00:00+00:00,1275.332,1276.315,1251.934,1257.931,92653,0.0,88627.0,0.7137114966572333
2014-01-28 00:00:00+00:00,1257.928,1261.174,1247.776,1252.49,78000,0.0,-14653.0,0.4058814748470024
2014-01-29 00:00:00+00:00,1252.474,1269.933,1250.861,1266.592,84614,0.0,6614.0,0.7402474832214895
2014-01-30 00:00:00+00:00,1266.596,1267.48,1237.949,1244.695,86551,0.0,1937.0,0.7416274423487218
2014-01-31 00:00:00+00:00,1244.639,1254.823,1238.433,1243.995,73264,0.0,-13287.0,0.03929225137278838
2014-02-02 00:00:00+00:00,1243.734,1243.908,1241.855,1243.555,2134,0.0,-71130.0,0.08718947881143209
2014-02-03 00:00:00+00:00,1243.563,1266.152,1240.72,1259.562,86327,0.0,84193.0,0.6290893362692587
2014-02-04 00:00:00+00:00,1259.566,1260.697,1247.24,1252.813,70580,0.0,-15747.0,0.5018206138069399
2014-02-05 00:00:00+00:00,1252.81,1274.076,1252.114,1258.916,76845,0.0,6265.0,0.27802568072124567
2014-02-06 00:00:00+00:00,1258.905,1266.872,1252.749,1256.432,63156,0.0,-13689.0,0.17510443956666064
2014-02-07 00:00:00+00:00,1256.44,1271.628,1255.152,1267.011,77777,0.0,14621.0,0.6415999028890499
2014-02-09 00:00:00+00:00,1266.683,1269.68,1265.08,1267.262,2215,0.0,-75562.0,0.12586956521737688
2014-02-10 00:00:00+00:00,1267.252,1277.743,1264.936,1273.779,69231,0.0,67016.0,0.5096431638947478
2014-02-11 00:00:00+00:00,1273.784,1293.633,1273.624,1286.769,86855,0.0,17624.0,0.6489579689139833
2014-02-12 00:00:00+00:00,1286.767,1296.123,1283.916,1291.676,55848,0.0,-31007.0,0.4021463094945388
2014-02-13 00:00:00+00:00,1291.684,1302.732,1286.177,1300.285,84540,0.0,28692.0,0.5195409241920917
2014-02-14 00:00:00+00:00,1300.303,1321.032,1299.777,1318.291,90615,0.0,6075.0,0.8462949894142522
2014-02-16 00:00:00+00:00,1318.293,1324.007,1318.293,1323.363,3558,0.0,-87057.0,0.8872943647182383
2014-02-17 00:00:00+00:00,1323.359,1339.823,1320.987,1328.289,43582,0.0,40024.0,0.2617328519855628
2014-02-18 00:00:00+00:00,1328.268,1329.02,1312.541,1320.415,88976,0.0,45394.0,0.47654590691182996
2014-02-19 00:00:00+00:00,1320.437,1322.206,1308.815,1311.737,60314,0.0,-28662.0,0.6496900903591902
2014-02-20 00:00:00+00:00,1311.715,1324.834,1306.939,1320.551,104572,0.0,44258.0,0.4937692092763354
2014-02-21 00:00:00+00:00,1320.561,1328.311,1316.005,1323.959,83443,0.0,-21129.0,0.27612546725176257
2014-02-23 00:00:00+00:00,1323.031,1325.576,1323.007,1323.905,1530,0.0,-81913.0,0.3402101985208397
2014-02-24 00:00:00+00:00,1324.038,1338.832,1318.703,1335.491,99135,0.0,97605.0,0.5689800784937105
2014-02-25 00:00:00+00:00,1335.542,1343.487,1331.148,1340.904,87395,0.0,-11740.0,0.43455709538860576
2014-02-26 00:00:00+00:00,1340.941,1345.266,1322.214,1330.558,103318,0.0,15923.0,0.450416449765746
2014-02-27 00:00:00+00:00,1330.563,1336.036,1323.788,1331.258,83789,0.0,-19529.0,0.056743958197251275
2014-02-28 00:00:00+00:00,1331.246,1333.156,1319.586,1326.199,100594,0.0,16805.0,0.3719233603537251
2014-03-02 00:00:00+00:00,1326.025,1338.095,1326.025,1338.095,5236,0.0,-95358.0,1.0
2014-03-03 00:00:00+00:00,1338.101,1354.593,1336.105,1350.413,119256,0.0,114020.0,0.6659454781479803
2014-03-04 00:00:00+00:00,1350.43,1352.365,1331.18,1336.15,112589,0.0,-6667.0,0.6740618362048624
2014-03-05 00:00:00+00:00,1336.129,1341.61,1332.572,1335.862,80089,0.0,-32500.0,0.02954193405618777
2014-03-06 00:00:00+00:00,1335.869,1353.407,1331.099,1349.627,101338,0.0,21249.0,0.6167294244217341
2014-03-07 00:00:00+00:00,1349.629,1352.846,1328.279,1339.152,116765,0.0,15427.0,0.4264663980135897
2014-03-09 00:00:00+00:00,1339.605,1341.368,1336.333,1338.105,4772,0.0,-111993.0,0.29791459781530155
2014-03-10 00:00:00+00:00,1338.113,1344.507,1328.011,1340.294,100710,0.0,95938.0,0.13221387002909962
2014-03-11 00:00:00+00:00,1340.311,1352.423,1337.629,1347.481,87965,0.0,-12745.0,0.4846559415979469
2014-03-12 00:00:00+00:00,1347.427,1370.711,1345.316,1366.127,117213,0.0,29248.0,0.7363654262650151
2014-03-13 00:00:00+00:00,1366.146,1374.859,1364.405,1373.183,111322,0.0,-5891.0,0.6731394681461706
2014-03-14 00:00:00+00:00,1373.192,1387.789,1367.757,1382.254,97382,0.0,-13940.0,0.4523761980830637
2014-03-16 00:00:00+00:00,1382.194,1391.931,1381.943,1386.463,5660,0.0,-91722.0,0.4274128954745676
2014-03-17 00:00:00+00:00,1386.473,1388.324,1361.867,1366.322,111849,0.0,106189.0,0.761650980836829
2014-03-18 00:00:00+00:00,1366.319,1367.395,1350.632,1356.051,105258,0.0,-6591.0,0.612539521565357
2014-03-19 00:00:00+00:00,1356.009,1359.511,1325.66,1328.228,122867,0.0,17609.0,0.8206847655903826
2014-03-20 00:00:00+00:00,1328.175,1334.518,1320.384,1330.885,117794,0.0,-5073.0,0.19173623885666008
2014-03-21 00:00:00+00:00,1330.88,1342.306,1329.072,1333.495,88186,0.0,-29608.0,0.19759709838293424
2014-03-23 00:00:00+00:00,1333.981,1334.629,1329.409,1332.178,3812,0.0,-84374.0,0.34540229885056567
2014-03-24 00:00:00+00:00,1332.178,1334.054,1307.861,1311.184,103998,0.0,100186.0,0.8015118543122267
2014-03-25 00:00:00+00:00,1311.207,1317.218,1305.237,1309.683,107846,0.0,3848.0,0.12720140222019158
2014-03-26 00:00:00+00:00,1309.683,1316.188,1298.573,1306.216,80369,0.0,-27477.0,0.1968208912858414
2014-03-27 00:00:00+00:00,1306.201,1306.631,1288.995,1293.051,112100,0.0,31731.0,0.7456339305965041
2014-03-28 00:00:00+00:00,1293.049,1298.599,1285.657,1294.133,97380,0.0,-14720.0,0.08375830628960435
2014-03-30 00:00:00+00:00,1293.855,1297.763,1292.333,1295.929,3551,0.0,-93829.0,0.38195211786374433
2014-03-31 00:00:00+00:00,1295.907,1298.402,1282.36,1284.364,96721,0.0,93170.0,0.7195486847026424
2014-04-01 00:00:00+00:00,1284.351,1287.851,1277.614,1281.063,93367,0.0,-3354.0,0.321187848002343
2014-04-02 00:00:00+00:00,1281.045,1294.371,1280.391,1290.696,91814,0.0,-1553.0,0.6903433476394726
2014-04-03 00:00:00+00:00,1290.69,1293.793,1281.538,1284.888,84599,0.0,-7215.0,0.47343941248471566
2014-04-04 00:00:00+00:00,1284.882,1306.564,1284.122,1302.55,91097,0.0,6498.0,0.7872738615096644
2014-04-06 00:00:00+00:00,1304.682,1304.682,1300.678,1303.659,2932,0.0,-88165.0,0.25549450549448927
2014-04-07 00:00:00+00:00,1303.708,1304.004,1295.548,1298.369,81353,0.0,78421.0,0.6313859981078797
2014-04-08 00:00:00+00:00,1298.369,1314.243,1296.847,1309.632,96307,0.0,14954.0,0.6474476891239466
2014-04-09 00:00:00+00:00,1309.635,1314.931,1300.82,1310.915,95537,0.0,-770.0,0.0907093756643727
2014-04-10 00:00:00+00:00,1310.919,1324.362,1310.756,1318.196,106068,0.0,10531.0,0.5348375716595487
2014-04-11 00:00:00+00:00,1318.189,1323.723,1313.962,1317.594,86974,0.0,-19094.0,0.060956869173243444
2014-04-13 00:00:00+00:00,1319.744,1328.395,1319.188,1326.327,4614,0.0,-82360.0,0.7149994569349593
2014-04-14 00:00:00+00:00,1326.345,1331.036,1318.684,1325.538,85671,0.0,81057.0,0.06533354922279878
2014-04-15 00:00:00+00:00,1325.518,1326.495,1285.745,1302.631,117612,0.0,31941.0,0.5616441717791397
2014-04-16 00:00:00+00:00,1302.564,1306.901,1293.391,1303.526,97136,0.0,-20476.0,0.07120651369355957
2014-04-17 00:00:00+00:00,1303.527,1304.055,1293.104,1294.405,62495,0.0,-34641.0,0.8329832891973384
2014-04-18 00:00:00+00:00,1294.718,1294.871,1294.718,1294.871,2,0.0,-62493.0,1.0
2014-04-20 00:00:00+00:00,1298.182,1298.182,1290.55,1291.529,3922,0.0,3920.0,0.8717243186582765
2014-04-21 00:00:00+00:00,1291.528,1301.362,1281.856,1289.486,72533,0.0,68611.0,0.1046857377217219
2014-04-22 00:00:00+00:00,1289.483,1292.667,1276.65,1284.631,85581,0.0,13048.0,0.30292813885246395
2014-04-23 00:00:00+00:00,1284.648,1288.807,1280.824,1283.913,41325,0.0,-44256.0,0.09207065013151758
2014-04-24 00:00:00+00:00,1283.877,1298.284,1268.438,1291.383,109002,0.0,67677.0,0.2514909870669465
2014-04-25 00:00:00+00:00,1291.392,1304.92,1290.285,1301.967,88739,0.0,-20263.0,0.7225828493337925
2014-04-27 00:00:00+00:00,1302.282,1305.043,1302.282,1303.933,3766,0.0,-84973.0,0.5979717493662031
2014-04-28 00:00:00+00:00,1303.96,1306.285,1291.914,1296.386,86548,0.0,82782.0,0.5270336093521689
2014-04-29 00:00:00+00:00,1296.368,1301.097,1286.235,1295.914,83812,0.0,-2736.0,0.030547705557794944
2014-04-30 00:00:00+00:00,1295.929,1297.807,1284.656,1291.53,79489,0.0,-4323.0,0.33449927762148063
2014-05-01 00:00:00+00:00,1291.566,1291.729,1277.24,1283.95,66458,0.0,-13031.0,0.525640140796464
2014-05-02 00:00:00+00:00,1283.973,1304.486,1273.942,1298.981,90836,0.0,24378.0,0.49135673127291746
2014-05-04 00:00:00+00:00,1300.495,1302.352,1299.266,1300.277,3379,0.0,-87457.0,0.07064160725853737
2014-05-05 00:00:00+00:00,1300.294,1315.443,1299.998,1310.882,57574,0.0,54195.0,0.6855292975072845
2014-05-06 00:00:00+00:00,1310.879,1313.928,1304.255,1307.303,76110,0.0,18536.0,0.3696888245631959
2014-05-07 00:00:00+00:00,1307.294,1314.395,1286.534,1290.282,92619,0.0,16509.0,0.6106026345070258
2014-05-08 00:00:00+00:00,1290.261,1295.198,1284.985,1290.761,87034,0.0,-5585.0,0.04895721139723789
2014-05-09 00:00:00+00:00,1290.764,1294.222,1285.389,1288.003,73449,0.0,-13585.0,0.31257783312577164
2014-05-11 00:00:00+00:00,1289.55,1289.585,1277.364,1283.212,2894,0.0,-70555.0,0.5186154979134248
2014-05-12 00:00:00+00:00,1283.199,1303.617,1281.996,1295.428,85212,0.0,82318.0,0.5656075112159529
2014-05-13 00:00:00+00:00,1295.469,1298.465,1288.967,1294.855,88461,0.0,3249.0,0.06464518846073325
2014-05-14 00:00:00+00:00,1294.853,1308.914,1291.42,1305.115,78450,0.0,-10011.0,0.5866011203841314
2014-05-15 00:00:00+00:00,1305.147,1306.93,1290.831,1296.958,74288,0.0,-4162.0,0.5086651344803882
2014-05-16 00:00:00+00:00,1296.985,1298.103,1287.699,1292.942,67085,0.0,-7203.0,0.3886005382545073
2014-05-18 00:00:00+00:00,1292.812,1292.812,1288.55,1292.571,3039,0.0,-64046.0,0.056546222430781
2014-05-19 00:00:00+00:00,1292.565,1305.25,1291.516,1293.347,81841,0.0,78802.0,0.05693898354448302
2014-05-20 00:00:00+00:00,1293.332,1296.756,1285.478,1294.63,92598,0.0,10757.0,0.11509132824968962
2014-05-21 00:00:00+00:00,1294.629,1296.13,1283.265,1291.457,82767,0.0,-9831.0,0.24656043528952942
2014-05-22 00:00:00+00:00,1291.457,1303.53,1289.937,1293.872,86577,0.0,3810.0,0.17766497461928568
2014-05-23 00:00:00+00:00,1293.915,1295.388,1286.567,1292.254,72533,0.0,-14044.0,0.18830064618524822
2014-05-25 00:00:00+00:00,1292.242,1293.41,1290.744,1291.285,2387,0.0,-70146.0,0.35896474118522875
2014-05-26 00:00:00+00:00,1291.297,1293.978,1290.962,1292.186,40403,0.0,38016.0,0.29476127320950724
2014-05-27 00:00:00+00:00,1292.148,1293.222,1263.009,1263.271,102161,0.0,61758.0,0.9557806242346005
2014-05-28 00:00:00+00:00,1263.279,1266.97,1255.863,1257.466,83772,0.0,-18389.0,0.5233636445484935
2014-05-29 00:00:00+00:00,1257.447,1260.221,1251.327,1256.745,91280,0.0,7508.0,0.07892961547110386
2014-05-30 00:00:00+00:00,1256.75,1260.247,1242.173,1249.322,82801,0.0,-8479.0,0.4109770941684233
2014-06-01 00:00:00+00:00,1249.224,1250.567,1246.931,1246.937,2793,0.0,-80008.0,0.6289878987898941
2014-06-02 00:00:00+00:00,1246.942,1250.547,1240.928,1244.902,72769,0.0,69976.0,0.21208025782305664
2014-06-03 00:00:00+00:00,1244.881,1247.548,1240.333,1245.306,36538,0.0,-36231.0,0.05890505890505327
2014-06-04 00:00:00+00:00,1245.321,1248.866,1242.746,1244.155,72908,0.0,36370.0,0.19052287581698704
2014-06-05 00:00:00+00:00,1244.15,1257.301,1240.935,1252.652,80881,0.0,7973.0,0.5194916289869217
2014-06-06 00:00:00+00:00,1252.648,1257.529,1245.859,1252.945,75717,0.0,-5164.0,0.025449871465297653
2014-06-08 00:00:00+00:00,1252.741,1253.993,1251.524,1253.955,2620,0.0,-73097.0,0.4916970433373498
2014-06-09 00:00:00+00:00,1253.936,1256.909,1250.139,1251.982,59197,0.0,56577.0,0.288626292466749
2014-06-10 00:00:00+00:00,1251.963,1263.406,1251.123,1259.714,68774,0.0,9577.0,0.6310347634942635
2014-06-11 00:00:00+00:00,1259.711,1265.111,1258.454,1261.27,62636,0.0,-6138.0,0.23418957488357117
2014-06-12 00:00:00+00:00,1261.269,1274.712,1259.734,1272.612,86059,0.0,23423.0,0.7573107223928445
2014-06-13 00:00:00+00:00,1272.618,1277.777,1270.649,1276.829,80078,0.0,-5981.0,0.5907687991021212
2014-06-15 00:00:00+00:00,1277.203,1278.796,1277.148,1278.294,1800,0.0,-78278.0,0.6620145631068145
2014-06-16 00:00:00+00:00,1278.288,1284.752,1270.517,1271.916,82123,0.0,80323.0,0.44762908324552975
2014-06-17 00:00:00+00:00,1271.906,1273.121,1258.509,1270.774,79961,0.0,-2162.0,0.07747057213249765
2014-06-18 00:00:00+00:00,1270.792,1278.446,1266.248,1278.423,52233,0.0,-27728.0,0.6255943597311173
2014-06-19 00:00:00+00:00,1278.431,1321.766,1275.851,1314.404,119041,0.0,66808.0,0.7834694544266576
2014-06-20 00:00:00+00:00,1314.425,1319.609,1306.323,1314.459,111397,0.0,-7644.0,0.002559084750873546
2014-06-22 00:00:00+00:00,1313.333,1314.071,1312.701,1313.56,1311,0.0,-110086.0,0.1656934306568466
2014-06-23 00:00:00+00:00,1313.525,1318.34,1309.876,1314.079,83690,0.0,82379.0,0.06545368620036197
2014-06-24 00:00:00+00:00,1314.095,1325.736,1313.957,1318.15,71704,0.0,-11986.0,0.3442567280753939
2014-06-25 00:00:00+00:00,1318.158,1324.697,1307.239,1318.381,88321,0.0,16617.0,0.012773513575448823
2014-06-26 00:00:00+00:00,1318.382,1319.647,1306.138,1315.665,87768,0.0,-553.0,0.20112517580872716
2014-06-27 00:00:00+00:00,1315.701,1322.19,1312.621,1315.854,81609,0.0,-6159.0,0.0159891315706992
2014-06-29 00:00:00+00:00,1315.335,1315.878,1314.753,1314.773,904,0.0,-80705.0,0.4995555555556671
2014-06-30 00:00:00+00:00,1314.765,1329.297,1310.249,1326.23,88513,0.0,87609.0,0.6019004619907559
2014-07-01 00:00:00+00:00,1326.233,1332.379,1323.655,1325.423,94090,0.0,5577.0,0.09284731774414852
2014-07-02 00:00:00+00:00,1325.413,1331.826,1321.212,1325.516,84155,0.0,-9935.0,0.00970416431129312
2014-07-03 00:00:00+00:00,1325.521,1326.476,1308.316,1319.808,93357,0.0,9202.0,0.31459251101321256
2014-07-04 00:00:00+00:00,1319.767,1323.019,1318.579,1320.081,38767,0.0,-54590.0,0.07072072072068626
2014-07-06 00:00:00+00:00,1317.922,1318.209,1316.932,1317.344,751,0.0,-38016.0,0.45262333594358245
2014-07-07 00:00:00+00:00,1317.343,1319.695,1311.188,1317.866,54054,0.0,53303.0,0.0614787821793724
2014-07-08 00:00:00+00:00,1317.884,1324.656,1313.346,1317.891,62849,0.0,8795.0,0.0006189213085819522
2014-07-09 00:00:00+00:00,1317.889,1332.023,1317.688,1327.06,81561,0.0,18712.0,0.6397628182769565
2014-07-10 00:00:00+00:00,1327.036,1344.889,1327.01,1335.992,90634,0.0,9073.0,0.5009228704066195
2014-07-11 00:00:00+00:00,1335.993,1339.043,1333.646,1338.508,42146,0.0,-48488.0,0.46599962942377815
2014-07-13 00:00:00+00:00,1338.594,1338.938,1337.97,1338.564,1047,0.0,-41099.0,0.030991735537159507
2014-07-14 00:00:00+00:00,1338.58,1338.647,1302.178,1308.969,116491,0.0,115444.0,0.8119498752365027
2014-07-15 00:00:00+00:00,1308.968,1313.624,1292.053,1295.419,104981,0.0,-11510.0,0.6281118167910636
2014-07-16 00:00:00+00:00,1295.362,1303.631,1294.84,1299.078,85131,0.0,-19850.0,0.422705039244662
2014-07-17 00:00:00+00:00,1299.062,1324.449,1298.755,1319.571,109488,0.0,24357.0,0.7982019148439342
2014-07-18 00:00:00+00:00,1319.558,1319.971,1304.454,1310.655,81147,0.0,-28341.0,0.5737578140104395
2014-07-20 00:00:00+00:00,1310.409,1312.025,1310.057,1310.551,615,0.0,-80532.0,0.07215447154462398
2014-07-21 00:00:00+00:00,1310.538,1318.235,1307.245,1311.057,29502,0.0,28887.0,0.04722474977252093
2014-07-22 00:00:00+00:00,1311.038,1315.461,1301.88,1307.657,81611,0.0,52109.0,0.248950740004426
2014-07-23 00:00:00+00:00,1307.671,1311.052,1303.019,1304.108,67955,0.0,-13656.0,0.44354537532679517
2014-07-24 00:00:00+00:00,1304.111,1304.652,1287.587,1292.74,43719,0.0,-24236.0,0.6663346029885765
2014-07-25 00:00:00+00:00,1292.777,1308.377,1290.788,1306.889,72442,0.0,28723.0,0.8023196315879185
2014-07-27 00:00:00+00:00,1307.072,1307.921,1305.767,1305.767,1411,0.0,-71031.0,0.605849582172627
2014-07-28 00:00:00+00:00,1305.776,1309.109,1301.257,1304.208,74021,0.0,72610.0,0.19969434538971106
2014-07-29 00:00:00+00:00,1304.208,1312.025,1296.038,1299.211,88409,0.0,14388.0,0.3125664602489551
2014-07-30 00:00:00+00:00,1299.208,1303.419,1291.728,1295.485,62305,0.0,-26104.0,0.3184500898126913
2014-07-31 00:00:00+00:00,1295.45,1297.154,1280.418,1282.943,80389,0.0,18084.0,0.7473111854684503
2014-08-01 00:00:00+00:00,1282.878,1297.004,1280.247,1293.382,85231,0.0,4842.0,0.62684251357643
2014-08-03 00:00:00+00:00,1292.952,1294.04,1292.798,1293.935,538,0.0,-84693.0,0.791465378421882
2014-08-04 00:00:00+00:00,1293.893,1295.292,1286.021,1288.414,66769,0.0,66231.0,0.5909826340200698
2014-08-05 00:00:00+00:00,1288.395,1293.786,1282.394,1288.347,78018,0.0,11249.0,0.004213483146067556
2014-08-06 00:00:00+00:00,1288.34,1309.387,1287.861,1305.947,94197,0.0,16179.0,0.8179410944903884
2014-08-07 00:00:00+00:00,1306.004,1314.319,1301.891,1311.036,41027,0.0,-53170.0,0.40489217895077245
2014-08-08 00:00:00+00:00,1311.039,1322.545,1305.858,1309.346,96543,0.0,55516.0,0.10145622340744118
2014-08-10 00:00:00+00:00,1310.128,1311.261,1309.31,1309.48,1051,0.0,-95492.0,0.33213736545356415
2014-08-11 00:00:00+00:00,1309.531,1311.177,1305.041,1307.592,59624,0.0,58573.0,0.31600391134287176
2014-08-12 00:00:00+00:00,1307.591,1317.772,1305.578,1308.554,56559,0.0,-3065.0,0.07897326554044579
2014-08-13 00:00:00+00:00,1308.539,1314.804,1304.759,1311.531,76827,0.0,20268.0,0.2978596316575351
2014-08-14 00:00:00+00:00,1311.511,1319.181,1308.664,1312.809,63115,0.0,-13712.0,0.12341922601502285
2014-08-15 00:00:00+00:00,1312.816,1314.97,1292.517,1304.486,45400,0.0,-17715.0,0.37099719413886506
2014-08-17 00:00:00+00:00,1302.392,1302.596,1301.32,1301.585,998,0.0,-44402.0,0.6324451410658102
2014-08-18 00:00:00+00:00,1301.586,1303.545,1295.484,1297.94,65183,0.0,64185.0,0.45230120332463597
2014-08-19 00:00:00+00:00,1297.974,1302.143,1293.833,1294.641,31663,0.0,-33520.0,0.40108303249096006
2014-08-20 00:00:00+00:00,1294.636,1297.802,1287.79,1290.129,71961,0.0,40298.0,0.4501598082301326
2014-08-21 00:00:00+00:00,1290.094,1290.412,1272.873,1277.528,85166,0.0,13205.0,0.7164604595472969
2014-08-22 00:00:00+00:00,1277.523,1282.754,1274.069,1279.83,61807,0.0,-23359.0,0.2656303972366184
2014-08-24 00:00:00+00:00,1277.513,1280.388,1276.389,1277.065,20,0.0,-61787.0,0.11202800700171611
2014-08-25 00:00:00+00:00,1277.989,1280.716,1274.321,1276.045,52891,0.0,52871.0,0.30398749022673427
2014-08-26 00:00:00+00:00,1276.032,1290.712,1275.701,1280.919,68205,0.0,15314.0,0.3255612550796204
2014-08-27 00:00:00+00:00,1280.913,1287.202,1280.606,1283.25,48612,0.0,-19593.0,0.354305639781684
2014-08-28 00:00:00+00:00,1283.264,1296.338,1282.907,1290.287,65994,0.0,17382.0,0.5228947956220771
2014-08-29 00:00:00+00:00,1290.299,1291.143,1283.17,1286.91,44504,0.0,-21490.0,0.425059576069223
2014-08-31 00:00:00+00:00,1285.893,1287.279,1285.647,1286.577,711,0.0,-43793.0,0.4191176470587887
2014-09-01 00:00:00+00:00,1286.575,1289.779,1284.715,1286.297,26857,0.0,26146.0,0.054897314375990464
2014-09-02 00:00:00+00:00,1286.292,1286.475,1262.362,1266.688,68928,0.0,42071.0,0.8130054327541141
2014-09-03 00:00:00+00:00,1266.685,1271.334,1261.178,1269.055,58563,0.0,-10365.0,0.2333595903899301
2014-09-04 00:00:00+00:00,1269.062,1277.003,1257.14,1258.856,70225,0.0,11662.0,0.5138196647032166
2014-09-05 00:00:00+00:00,1258.847,1273.406,1258.275,1268.524,59923,0.0,-10302.0,0.6395479479214855
2014-09-07 00:00:00+00:00,1268.397,1268.401,1266.713,1266.756,1066,0.0,-58857.0,0.9721563981041172
2014-09-08 00:00:00+00:00,1266.749,1271.638,1251.333,1255.962,62374,0.0,61308.0,0.5312484609702104
2014-09-09 00:00:00+00:00,1255.958,1258.004,1247.443,1254.826,68153,0.0,5779.0,0.10718681942998487
2014-09-10 00:00:00+00:00,1254.825,1257.603,1243.6,1248.796,71648,0.0,3495.0,0.4305505963007876
2014-09-11 00:00:00+00:00,1248.789,1249.972,1234.849,1240.294,73156,0.0,1508.0,0.5617271705349378
2014-09-12 00:00:00+00:00,1240.327,1240.518,1227.49,1229.28,68872,0.0,-4284.0,0.847942892232116
2014-09-14 00:00:00+00:00,1227.034,1228.538,1226.055,1228.133,1254,0.0,-67618.0,0.44260974627465005
2014-09-15 00:00:00+00:00,1228.154,1238.463,1227.724,1233.196,58456,0.0,57202.0,0.46950367818231686
2014-09-16 00:00:00+00:00,1233.213,1241.896,1231.628,1234.946,69388,0.0,10932.0,0.16877678223606762
2014-09-17 00:00:00+00:00,1234.942,1239.041,1216.056,1219.587,72055,0.0,2667.0,0.6680443767674608
2014-09-18 00:00:00+00:00,1219.6,1227.716,1215.687,1224.702,79294,0.0,7239.0,0.424141657660661
2014-09-19 00:00:00+00:00,1224.704,1228.425,1213.71,1214.915,85419,0.0,6125.0,0.6652395514780864
2014-09-21 00:00:00+00:00,1214.844,1216.256,1214.66,1215.933,749,0.0,-84670.0,0.6823308270676312
2014-09-22 00:00:00+00:00,1215.954,1220.279,1208.126,1214.798,73075,0.0,72326.0,0.0951205463671478
2014-09-23 00:00:00+00:00,1214.806,1235.334,1214.112,1221.764,91422,0.0,18347.0,0.32786730751106696
2014-09-24 00:00:00+00:00,1221.757,1225.88,1214.892,1215.595,68661,0.0,-22761.0,0.5607935930105572
2014-09-25 00:00:00+00:00,1215.614,1224.301,1206.69,1222.527,83741,0.0,15080.0,0.39253875418772693
2014-09-26 00:00:00+00:00,1222.529,1231.111,1212.305,1217.855,67140,0.0,-16601.0,0.24853770073380668
2014-09-28 00:00:00+00:00,1216.805,1217.638,1216.049,1216.585,1006,0.0,-66134.0,0.13845185651355277
2014-09-29 00:00:00+00:00,1216.58,1223.188,1214.686,1216.335,73809,0.0,72803.0,0.02881674900022179
2014-09-30 00:00:00+00:00,1216.301,1219.908,1204.462,1207.831,86634,0.0,12825.0,0.5483620354784459
2014-10-01 00:00:00+00:00,1207.83,1219.175,1204.529,1215.06,84083,0.0,-2551.0,0.4936501433838617
2014-10-02 00:00:00+00:00,1215.047,1222.14,1208.644,1213.213,83135,0.0,-948.0,0.1358921161825761
2014-10-03 00:00:00+00:00,1213.22,1213.413,1189.93,1190.821,67368,0.0,-15767.0,0.9538389473236029
2014-10-05 00:00:00+00:00,1185.645,1188.716,1185.645,1186.178,1914,0.0,-65454.0,0.17355910126999163
2014-10-06 00:00:00+00:00,1186.179,1208.841,1182.778,1206.512,50353,0.0,48439.0,0.7801481026742875
2014-10-07 00:00:00+00:00,1206.55,1213.288,1202.817,1209.899,73947,0.0,23594.0,0.319835736796861
2014-10-08 00:00:00+00:00,1209.926,1223.907,1204.865,1219.624,86956,0.0,13009.0,0.5092952420964255
2014-10-09 00:00:00+00:00,1219.632,1233.136,1218.868,1223.319,83860,0.0,-3096.0,0.2584104289318679
2014-10-10 00:00:00+00:00,1223.317,1225.324,1217.273,1222.889,74635,0.0,-9225.0,0.053161098000261156
2014-10-12 00:00:00+00:00,1229.844,1232.004,1229.839,1230.856,1949,0.0,-72686.0,0.4674364896073721
2014-10-13 00:00:00+00:00,1230.886,1237.585,1224.948,1235.226,66222,0.0,64273.0,0.3434359420748726
2014-10-14 00:00:00+00:00,1235.33,1237.984,1228.644,1229.107,76996,0.0,10774.0,0.6662740899357613
2014-10-15 00:00:00+00:00,1229.108,1249.37,1221.751,1239.992,102537,0.0,25541.0,0.3940765415112802
2014-10-16 00:00:00+00:00,1240.005,1244.991,1235.363,1238.333,107980,0.0,5443.0,0.17366015787287473
2014-10-17 00:00:00+00:00,1238.349,1241.591,1231.611,1237.997,75614,0.0,-32366.0,0.03527054108215122
2014-10-19 00:00:00+00:00,1236.164,1236.436,1234.49,1234.49,1032,0.0,-74582.0,0.8602261048304487
2014-10-20 00:00:00+00:00,1234.477,1248.488,1234.468,1245.548,72238,0.0,71206.0,0.7896576319543457
2014-10-21 00:00:00+00:00,1245.567,1255.06,1245.241,1248.436,84960,0.0,12722.0,0.2921886139117961
2014-10-22 00:00:00+00:00,1248.426,1249.228,1240.381,1242.397,67475,0.0,-17485.0,0.6814739459703866
2014-10-23 00:00:00+00:00,1242.392,1244.473,1226.204,1231.291,74143,0.0,6668.0,0.6076413596803388
2014-10-24 00:00:00+00:00,1231.275,1234.055,1228.766,1230.734,63863,0.0,-10280.0,0.10228776706374904
2014-10-26 00:00:00+00:00,1228.114,1228.328,1227.269,1227.868,627,0.0,-63236.0,0.2322946175638355
2014-10-27 00:00:00+00:00,1227.895,1231.85,1225.198,1226.036,64263,0.0,63636.0,0.27946482260973765
2014-10-28 00:00:00+00:00,1226.032,1235.328,1222.39,1228.847,73013,0.0,8750.0,0.2175761323233948
2014-10-29 00:00:00+00:00,1228.883,1230.409,1208.232,1212.43,66960,0.0,-6053.0,0.7418947558281046
2014-10-30 00:00:00+00:00,1212.435,1215.471,1195.851,1200.048,94724,0.0,27764.0,0.6313455657492361
2014-10-31 00:00:00+00:00,1200.049,1202.587,1161.127,1171.73,115724,0.0,21000.0,0.6830438977327529
2014-11-02 00:00:00+00:00,1170.916,1170.989,1163.409,1166.219,2512,0.0,-113212.0,0.619656992084424
2014-11-03 00:00:00+00:00,1166.205,1173.719,1161.531,1165.063,72307,0.0,69795.0,0.09369872005249555
2014-11-04 00:00:00+00:00,1165.057,1174.805,1163.793,1168.803,77036,0.0,4729.0,0.3401743552488228
2014-11-05 00:00:00+00:00,1168.798,1169.208,1137.665,1143.333,101629,0.0,24593.0,0.8073106552959396
2014-11-06 00:00:00+00:00,1143.343,1149.4,1138.042,1140.4,84070,0.0,-17559.0,0.25911251980982025
2014-11-07 00:00:00+00:00,1140.384,1178.514,1131.425,1177.748,105793,0.0,21723.0,0.7934761833973981
2014-11-09 00:00:00+00:00,1177.516,1177.545,1169.826,1170.371,3639,0.0,-102154.0,0.9256380360150194
2014-11-10 00:00:00+00:00,1170.351,1177.08,1147.197,1155.188,104205,0.0,100566.0,0.5074122410735198
2014-11-11 00:00:00+00:00,1155.194,1173.086,1146.019,1161.657,61196,0.0,-43009.0,0.2387778475634523
2014-11-12 00:00:00+00:00,1161.637,1169.902,1157.212,1158.689,91952,0.0,30756.0,0.23230890464931858
2014-11-13 00:00:00+00:00,1158.732,1167.796,1153.857,1160.72,96199,0.0,4247.0,0.14262142190975285
2014-11-14 00:00:00+00:00,1160.703,1193.443,1146.779,1188.428,106986,0.0,10787.0,0.5941410937767904
2014-11-16 00:00:00+00:00,1186.726,1187.49,1182.011,1182.011,3082,0.0,-103904.0,0.8605584960759463
2014-11-17 00:00:00+00:00,1182.05,1194.037,1181.391,1186.116,65458,0.0,62376.0,0.3215245927566064
2014-11-18 00:00:00+00:00,1186.107,1204.397,1183.293,1194.892,86080,0.0,20622.0,0.4162717968157726
2014-11-19 00:00:00+00:00,1194.913,1202.096,1175.07,1181.97,122826,0.0,36746.0,0.47890919854954306
2014-11-20 00:00:00+00:00,1181.933,1196.988,1176.691,1192.99,101125,0.0,-21701.0,0.5447603094053309
2014-11-21 00:00:00+00:00,1192.992,1207.6,1187.146,1201.19,99133,0.0,-1992.0,0.4008017991590942
2014-11-23 00:00:00+00:00,1200.965,1204.05,1200.296,1201.425,2739,0.0,-96394.0,0.12253596164092913
2014-11-24 00:00:00+00:00,1201.403,1203.512,1192.68,1196.963,71536,0.0,68797.0,0.40989660265879835
2014-11-25 00:00:00+00:00,1197.004,1202.761,1190.306,1201.144,77927,0.0,6391.0,0.33239662786030705
2014-11-26 00:00:00+00:00,1201.165,1201.486,1194.889,1197.469,64898,0.0,-13029.0,0.5602546612096099
2014-11-27 00:00:00+00:00,1197.481,1199.488,1185.573,1189.337,65874,0.0,976.0,0.5852676967301492
2014-11-28 00:00:00+00:00,1189.318,1190.691,1165.163,1167.063,91887,0.0,26013.0,0.871787840802251
2014-11-30 00:00:00+00:00,1158.327,1159.844,1142.627,1150.723,10097,0.0,-81790.0,0.44165650229424397
2014-12-01 00:00:00+00:00,1150.674,1220.862,1146.601,1205.79,191363,0.0,181266.0,0.7421930757732862
2014-12-02 00:00:00+00:00,1205.785,1210.46,1191.878,1197.689,113446,0.0,-77917.0,0.4356904531266794
2014-12-03 00:00:00+00:00,1197.661,1214.8,1194.396,1207.915,94356,0.0,-19090.0,0.5025485198980547
2014-12-04 00:00:00+00:00,1207.916,1213.177,1201.131,1204.131,86869,0.0,-7487.0,0.314212186617957
2014-12-05 00:00:00+00:00,1204.158,1207.363,1185.957,1191.998,87049,0.0,180.0,0.5680650284966777
2014-12-07 00:00:00+00:00,1190.466,1190.755,1187.021,1189.177,2461,0.0,-84588.0,0.34520621317620115
2014-12-08 00:00:00+00:00,1189.113,1208.728,1188.481,1202.934,80336,0.0,77875.0,0.682619647355157
2014-12-09 00:00:00+00:00,1202.882,1238.017,1199.259,1229.024,112570,0.0,32234.0,0.6744930078951391
2014-12-10 00:00:00+00:00,1229.023,1238.095,1224.515,1229.472,111026,0.0,-1544.0,0.033063328424158434
2014-12-11 00:00:00+00:00,1229.452,1232.51,1215.826,1226.377,67708,0.0,-43318.0,0.18430831934788128
2014-12-12 00:00:00+00:00,1226.399,1227.238,1214.393,1222.247,95072,0.0,27364.0,0.32323861424677364
2014-12-14 00:00:00+00:00,1222.039,1223.999,1220.778,1221.735,2206,0.0,-92866.0,0.0943806271344573
2014-12-15 00:00:00+00:00,1221.729,1223.946,1190.617,1198.45,110460,0.0,108254.0,0.6984607999039885
2014-12-16 00:00:00+00:00,1198.45,1223.245,1187.314,1197.529,124978,0.0,14518.0,0.02563246221925507
2014-12-17 00:00:00+00:00,1197.519,1202.672,1183.698,1190.288,115944,0.0,-9034.0,0.38110045325181935
2014-12-18 00:00:00+00:00,1190.162,1213.65,1189.083,1196.546,95227,0.0,-20717.0,0.25986078886310954
2014-12-19 00:00:00+00:00,1196.525,1201.097,1193.593,1195.503,45535,0.0,-49692.0,0.13619402985076956
2014-12-21 00:00:00+00:00,1195.427,1195.532,1193.669,1195.425,1572,0.0,-43963.0,0.001073537305396076
2014-12-22 00:00:00+00:00,1195.422,1203.113,1170.62,1173.711,71819,0.0,70247.0,0.6681746837780415
2014-12-23 00:00:00+00:00,1173.756,1184.728,1172.521,1178.186,62933,0.0,-8886.0,0.36290652904069776
2014-12-24 00:00:00+00:00,1178.181,1180.989,1172.699,1174.917,41475,0.0,-21458.0,0.3937273823884364
2014-12-25 00:00:00+00:00,1174.354,1178.847,1174.354,1176.754,1682,0.0,-39793.0,0.5341642555085458
2014-12-26 00:00:00+00:00,1175.308,1198.923,1174.574,1195.514,62789,0.0,61107.0,0.8298492751242335
2014-12-28 00:00:00+00:00,1194.789,1196.195,1193.801,1193.801,1285,0.0,-61504.0,0.4126984126984353
2014-12-29 00:00:00+00:00,1193.774,1197.235,1178.743,1181.613,40336,0.0,39051.0,0.6576357343716124
2014-12-30 00:00:00+00:00,1181.617,1210.372,1180.579,1199.301,52855,0.0,12519.0,0.5935622461652031
2014-12-31 00:00:00+00:00,1199.305,1203.631,1179.44,1184.046,34320,0.0,-18535.0,0.6307717746269271
2015-01-01 00:00:00+00:00,1183.09,1187.38,1183.09,1186.726,1356,0.0,-32964.0,0.8475524475524552
2015-01-02 00:00:00+00:00,1184.766,1194.722,1167.226,1188.411,96023,0.0,94667.0,0.13256473668897292
2015-01-04 00:00:00+00:00,1188.115,1188.356,1177.256,1183.744,3413,0.0,-92610.0,0.3937837837837955
2015-01-05 00:00:00+00:00,1183.795,1207.267,1182.795,1203.188,53051,0.0,49638.0,0.7924566851912408
2015-01-06 00:00:00+00:00,1203.174,1222.821,1201.538,1215.996,53666,0.0,615.0,0.6024526617488218
2015-01-07 00:00:00+00:00,1216.116,1218.42,1208.929,1212.244,45481,0.0,-8185.0,0.40796544094406034
2015-01-08 00:00:00+00:00,1212.248,1216.24,1204.709,1208.009,42616,0.0,-2865.0,0.3676177261295682
2015-01-09 00:00:00+00:00,1208.007,1223.861,1207.179,1222.998,66688,0.0,24072.0,0.8986332574031873
2015-01-11 00:00:00+00:00,1223.055,1226.198,1222.708,1225.442,2252,0.0,-64436.0,0.6839541547277758
2015-01-12 00:00:00+00:00,1225.459,1235.757,1217.463,1231.231,75580,0.0,73328.0,0.31551328304361564
2015-01-13 00:00:00+00:00,1231.222,1243.981,1227.214,1232.893,98187,0.0,22607.0,0.09966004651995251
2015-01-14 00:00:00+00:00,1232.902,1244.179,1225.006,1230.741,105409,0.0,7222.0,0.11271058259010369
2015-01-15 00:00:00+00:00,1230.76,1266.53,1225.919,1261.762,100140,0.0,-5269.0,0.7633892295190969
2015-01-16 00:00:00+00:00,1261.775,1281.807,1254.919,1280.287,99290,0.0,-850.0,0.6884855697709015
2015-01-18 00:00:00+00:00,1280.045,1281.353,1275.286,1278.426,2508,0.0,-96782.0,0.26685346958960604
2015-01-19 00:00:00+00:00,1278.485,1278.946,1272.009,1275.341,68942,0.0,66434.0,0.4532218538273103
2015-01-20 00:00:00+00:00,1275.337,1296.911,1273.918,1291.915,134557,0.0,65615.0,0.721002044100372
2015-01-21 00:00:00+00:00,1291.927,1304.819,1284.638,1291.666,118796,0.0,-15761.0,0.012932956741487872
2015-01-22 00:00:00+00:00,1291.663,1307.178,1279.407,1300.763,118600,0.0,-196.0,0.32767995390874827
2015-01-23 00:00:00+00:00,1300.767,1301.713,1284.3,1294.084,94258,0.0,-24342.0,0.38379371733762063
2015-01-25 00:00:00+00:00,1293.783,1297.796,1289.908,1296.816,2715,0.0,-91543.0,0.38450811359027287
2015-01-26 00:00:00+00:00,1296.806,1298.97,1275.756,1279.763,106215,0.0,103500.0,0.734169035926603
2015-01-27 00:00:00+00:00,1279.755,1297.414,1272.178,1293.28,98174,0.0,-8041.0,0.535940719606908
2015-01-28 00:00:00+00:00,1293.277,1293.528,1279.698,1284.85,90132,0.0,-8042.0,0.6093275488069544
2015-01-29 00:00:00+00:00,1284.858,1285.724,1251.874,1260.596,99638,0.0,9506.0,0.7167503692762188
2015-01-30 00:00:00+00:00,1260.6,1284.507,1257.034,1283.266,81225,0.0,-18413.0,0.8250282095148037
2015-02-01 00:00:00+00:00,1281.812,1282.481,1279.374,1280.555,2142,0.0,-79083.0,0.4045703250723676
2015-02-02 00:00:00+00:00,1280.565,1283.189,1266.273,1274.492,92293,0.0,90151.0,0.3590092220383089
2015-02-03 00:00:00+00:00,1274.498,1285.538,1255.371,1261.364,86367,0.0,-5926.0,0.43537640468061295
2015-02-04 00:00:00+00:00,1261.373,1273.791,1256.579,1272.308,60651,0.0,-25716.0,0.6353125726237481
2015-02-05 00:00:00+00:00,1272.309,1273.586,1256.251,1265.254,84381,0.0,23730.0,0.40698009806749635
2015-02-06 00:00:00+00:00,1265.245,1268.617,1228.355,1232.828,76417,0.0,-7964.0,0.8051512592518991
2015-02-08 00:00:00+00:00,1236.036,1238.686,1234.162,1237.816,2377,0.0,-74040.0,0.3934571175950524
2015-02-09 00:00:00+00:00,1237.834,1243.443,1235.009,1238.564,39968,0.0,37591.0,0.08655442257529296
2015-02-10 00:00:00+00:00,1238.57,1245.716,1230.909,1233.345,81166,0.0,41198.0,0.3528736408455449
2015-02-11 00:00:00+00:00,1233.347,1238.57,1216.653,1220.396,74497,0.0,-6669.0,0.590911164849207
2015-02-12 00:00:00+00:00,1220.406,1232.332,1219.014,1223.498,76195,0.0,1698.0,0.23216699204085067
2015-02-13 00:00:00+00:00,1223.49,1234.762,1222.789,1229.425,77700,0.0,1505.0,0.4956986553077731
2015-02-15 00:00:00+00:00,1227.513,1229.305,1227.47,1228.863,1540,0.0,-76160.0,0.7356948228883431
2015-02-16 00:00:00+00:00,1228.863,1236.44,1228.619,1231.787,28945,0.0,27405.0,0.3738652346247188
2015-02-17 00:00:00+00:00,1231.767,1233.762,1203.681,1209.283,72631,0.0,43686.0,0.7474485555666441
2015-02-18 00:00:00+00:00,1209.277,1214.217,1197.533,1212.996,40919,0.0,-31712.0,0.22290817549748304
2015-02-19 00:00:00+00:00,1212.997,1222.871,1205.355,1208.786,43667,0.0,2748.0,0.24040876912537076
2015-02-20 00:00:00+00:00,1208.752,1214.938,1198.239,1201.662,41278,0.0,-2389.0,0.4245763219354386
2015-02-22 00:00:00+00:00,1203.335,1203.446,1200.652,1202.228,2077,0.0,-39201.0,0.39620615604868387
2015-02-23 00:00:00+00:00,1202.23,1210.116,1189.176,1202.993,68697,0.0,66620.0,0.03643744030563123
2015-02-24 00:00:00+00:00,1202.989,1204.825,1190.457,1204.79,74548,0.0,5851.0,0.12534799554565274
2015-02-25 00:00:00+00:00,1204.797,1211.72,1200.986,1205.454,72496,0.0,-2052.0,0.06120737842369388
2015-02-26 00:00:00+00:00,1205.418,1219.828,1203.519,1209.988,84024,0.0,11528.0,0.2802133791158362
2015-02-27 00:00:00+00:00,1209.997,1219.132,1204.373,1212.857,81057,0.0,-2967.0,0.19378006640015563
2015-03-01 00:00:00+00:00,1213.676,1215.257,1212.404,1213.943,1948,0.0,-79109.0,0.09358569926394904
2015-03-02 00:00:00+00:00,1213.919,1223.072,1204.498,1206.765,57913,0.0,55965.0,0.38516205448476676
2015-03-03 00:00:00+00:00,1206.773,1214.554,1195.222,1204.517,66727,0.0,8814.0,0.11669770328987407
2015-03-04 00:00:00+00:00,1204.496,1208.832,1198.105,1202.03,67658,0.0,931.0,0.22988720052205663
2015-03-05 00:00:00+00:00,1202.03,1209.231,1196.346,1199.999,67748,0.0,90.0,0.15762514551804038
2015-03-06 00:00:00+00:00,1199.958,1200.538,1163.694,1167.03,79902,0.0,12154.0,0.8937140375637842
2015-03-08 00:00:00+00:00,1168.106,1170.438,1168.106,1169.595,1722,0.0,-78180.0,0.6385077186963826
2015-03-09 00:00:00+00:00,1169.578,1175.194,1165.706,1166.474,66122,0.0,64400.0,0.3271500843170345
2015-03-10 00:00:00+00:00,1166.452,1170.255,1155.011,1163.8,51154,0.0,-14968.0,0.17397008659144705
2015-03-11 00:00:00+00:00,1163.802,1165.057,1147.424,1155.428,72974,0.0,21820.0,0.4749050076560868
2015-03-12 00:00:00+00:00,1155.433,1166.354,1148.499,1153.985,72122,0.0,-852.0,0.08109773172781246
2015-03-13 00:00:00+00:00,1153.983,1161.535,1151.349,1158.162,61570,0.0,-10552.0,0.41026899666208777
2015-03-15 00:00:00+00:00,1155.866,1156.991,1155.663,1156.751,674,0.0,-60896.0,0.6664156626506084
2015-03-16 00:00:00+00:00,1156.755,1163.898,1150.28,1156.303,33651,0.0,32977.0,0.03319136437068587
2015-03-17 00:00:00+00:00,1156.257,1159.521,1142.795,1149.614,38021,0.0,4370.0,0.3971660887241465
2015-03-18 00:00:00+00:00,1149.632,1175.068,1145.81,1171.534,76116,0.0,38095.0,0.7485815845238915
2015-03-19 00:00:00+00:00,1171.53,1177.621,1159.642,1171.782,75747,0.0,-369.0,0.014016352411143674
2015-03-20 00:00:00+00:00,1171.816,1187.806,1168.686,1182.294,69172,0.0,-6575.0,0.5480125523012552
2015-03-22 00:00:00+00:00,1185.786,1187.023,1185.405,1186.354,641,0.0,-68531.0,0.35105067985167204
2015-03-23 00:00:00+00:00,1186.356,1191.439,1179.241,1189.477,67988,0.0,67347.0,0.2558616166584744
2015-03-24 00:00:00+00:00,1189.479,1194.863,1185.354,1191.659,34794,0.0,-33194.0,0.2292564938479399
2015-03-25 00:00:00+00:00,1191.661,1199.545,1186.594,1194.782,34553,0.0,-241.0,0.24098525210407395
2015-03-26 00:00:00+00:00,1194.802,1219.439,1194.351,1203.159,75604,0.0,41051.0,0.33310746173470224
2015-03-27 00:00:00+00:00,1203.147,1205.985,1192.499,1198.111,64650,0.0,-10954.0,0.37342429185821424
2015-03-29 00:00:00+00:00,1197.704,1198.042,1196.267,1197.118,979,0.0,-63671.0,0.3301408450704551
2015-03-30 00:00:00+00:00,1197.109,1198.172,1182.33,1185.807,61844,0.0,60865.0,0.7134200227243932
2015-03-31 00:00:00+00:00,1185.81,1190.634,1178.413,1183.506,68316,0.0,6472.0,0.18852794370344975
2015-04-01 00:00:00+00:00,1183.499,1208.417,1180.845,1203.781,36987,0.0,-31329.0,0.7356013346873642
2015-04-02 00:00:00+00:00,1203.782,1207.208,1194.909,1202.247,64158,0.0,27171.0,0.12480689486948998
2015-04-03 00:00:00+00:00,1202.473,1202.651,1202.473,1202.651,3,0.0,-64155.0,1.0
2015-04-05 00:00:00+00:00,1216.208,1217.782,1215.683,1217.615,1448,0.0,1445.0,0.6703191996188521
2015-04-06 00:00:00+00:00,1217.607,1224.052,1213.828,1214.628,69807,0.0,68359.0,0.29137323943662574
2015-04-07 00:00:00+00:00,1214.605,1214.679,1207.442,1208.814,32039,0.0,-37768.0,0.800193450324703
2015-04-08 00:00:00+00:00,1208.817,1212.164,1197.394,1201.073,63928,0.0,31889.0,0.5243060257278215
2015-04-09 00:00:00+00:00,1201.066,1202.273,1192.509,1194.32,62047,0.0,-1881.0,0.690905366653028
2015-04-10 00:00:00+00:00,1194.321,1210.581,1193.173,1206.962,58927,0.0,-3120.0,0.7261603860294202
2015-04-12 00:00:00+00:00,1207.046,1208.564,1207.046,1207.857,463,0.0,-58464.0,0.534255599472929
2015-04-13 00:00:00+00:00,1207.859,1209.313,1196.238,1199.075,59767,0.0,59304.0,0.6718164435946347
2015-04-14 00:00:00+00:00,1199.074,1201.305,1183.907,1193.787,45847,0.0,-13920.0,0.3038855040809284
2015-04-15 00:00:00+00:00,1193.795,1204.805,1188.851,1204.692,38983,0.0,-6864.0,0.6830262003259351
2015-04-16 00:00:00+00:00,1204.665,1208.967,1194.645,1198.963,83771,0.0,44788.0,0.39812875296745925
2015-04-17 00:00:00+00:00,1198.965,1207.596,1197.289,1203.553,69770,0.0,-14001.0,0.445134374696826
2015-04-19 00:00:00+00:00,1203.896,1206.493,1203.676,1206.398,1274,0.0,-68496.0,0.8881789137380001
2015-04-20 00:00:00+00:00,1206.391,1208.948,1191.282,1195.911,80400,0.0,79126.0,0.593229933205022
2015-04-21 00:00:00+00:00,1195.91,1204.126,1193.033,1201.715,64897,0.0,-15503.0,0.5233029838636796
2015-04-22 00:00:00+00:00,1201.716,1204.625,1185.656,1188.84,78053,0.0,13156.0,0.6787917127945565
2015-04-23 00:00:00+00:00,1188.842,1197.877,1184.202,1193.725,73269,0.0,-4784.0,0.3570749542961482
2015-04-24 00:00:00+00:00,1193.704,1195.746,1175.153,1179.21,68622,0.0,-4647.0,0.7038313990190774
2015-04-26 00:00:00+00:00,1178.866,1180.09,1178.862,1179.818,683,0.0,-67939.0,0.7752442996743678
2015-04-27 00:00:00+00:00,1179.807,1207.095,1178.55,1199.738,80302,0.0,79619.0,0.6982308635487823
2015-04-28 00:00:00+00:00,1199.738,1214.997,1199.149,1211.563,61906,0.0,-18396.0,0.7461509338717761
2015-04-29 00:00:00+00:00,1211.569,1213.22,1201.22,1204.61,71285,0.0,9379.0,0.5799166666666716
2015-04-30 00:00:00+00:00,1204.601,1207.038,1176.958,1184.3,78989,0.0,7704.0,0.6749002659574537
2015-05-01 00:00:00+00:00,1184.326,1185.069,1170.069,1178.224,66996,0.0,-11993.0,0.40680000000000593
2015-05-03 00:00:00+00:00,1178.171,1178.592,1177.611,1178.407,702,0.0,-66294.0,0.2405708460753085
2015-05-04 00:00:00+00:00,1178.408,1192.745,1177.783,1188.28,59619,0.0,58917.0,0.6598048389252826
2015-05-05 00:00:00+00:00,1188.281,1199.736,1185.672,1195.146,58993,0.0,-626.0,0.4881257110352653
2015-05-06 00:00:00+00:00,1195.143,1197.257,1188.187,1190.176,45354,0.0,-13639.0,0.5476295479603096
2015-05-07 00:00:00+00:00,1190.163,1191.221,1178.834,1184.077,58842,0.0,13488.0,0.49132154678292084
2015-05-08 00:00:00+00:00,1184.105,1193.333,1181.798,1187.986,72684,0.0,13842.0,0.33645426961422265
2015-05-10 00:00:00+00:00,1188.746,1190.217,1188.325,1189.783,1380,0.0,-71304.0,0.5480972515855065
2015-05-11 00:00:00+00:00,1189.774,1191.646,1178.854,1183.633,61878,0.0,60498.0,0.48006566604126716
2015-05-12 00:00:00+00:00,1183.626,1196.828,1180.755,1192.277,71852,0.0,9974.0,0.538231817333425
2015-05-13 00:00:00+00:00,1192.268,1218.747,1191.152,1213.504,79101,0.0,7249.0,0.769559702844713
2015-05-14 00:00:00+00:00,1213.497,1227.031,1212.259,1220.999,82402,0.0,3301.0,0.507852694286487
2015-05-15 00:00:00+00:00,1220.966,1226.053,1210.942,1223.911,68231,0.0,-14171.0,0.19489113890544263
2015-05-17 00:00:00+00:00,1225.165,1225.232,1223.36,1223.638,1538,0.0,-66693.0,0.8157051282051206
2015-05-18 00:00:00+00:00,1223.679,1232.227,1221.516,1224.095,63296,0.0,61758.0,0.03883857716365787
2015-05-19 00:00:00+00:00,1224.07,1224.557,1205.745,1209.339,72305,0.0,9009.0,0.7830640017010364
2015-05-20 00:00:00+00:00,1209.366,1213.092,1203.255,1209.839,34689,0.0,-37616.0,0.048083765375618266
2015-05-21 00:00:00+00:00,1209.859,1212.625,1201.452,1205.817,54285,0.0,19596.0,0.36176496912198297
2015-05-22 00:00:00+00:00,1205.811,1214.746,1201.506,1205.767,52576,0.0,-1709.0,0.00332326283986926
2015-05-24 00:00:00+00:00,1204.983,1204.983,1203.322,1203.871,575,0.0,-52001.0,0.6694762191449811
2015-05-25 00:00:00+00:00,1203.86,1209.094,1202.761,1206.761,33307,0.0,32732.0,0.45807674088110356
2015-05-26 00:00:00+00:00,1206.745,1206.874,1185.456,1188.215,67161,0.0,33854.0,0.8651601456718586
2015-05-27 00:00:00+00:00,1188.22,1190.77,1183.51,1187.386,59432,0.0,-7729.0,0.11487603305785965
2015-05-28 00:00:00+00:00,1187.39,1192.036,1180.36,1188.667,35772,0.0,-23660.0,0.10936964713941409
2015-05-29 00:00:00+00:00,1188.692,1193.277,1185.609,1190.302,54112,0.0,18340.0,0.2099634846113556
2015-05-31 00:00:00+00:00,1193.505,1193.505,1190.856,1191.187,926,0.0,-53186.0,0.8750471876180108
2015-06-01 00:00:00+00:00,1191.164,1204.168,1184.497,1188.891,67061,0.0,66135.0,0.11555081083828639
2015-06-02 00:00:00+00:00,1188.913,1195.978,1185.886,1193.482,61065,0.0,-5996.0,0.45273483947680493
2015-06-03 00:00:00+00:00,1193.499,1195.301,1179.387,1185.483,59824,0.0,-1241.0,0.5037074274224006
2015-06-04 00:00:00+00:00,1185.483,1186.081,1172.845,1177.658,73350,0.0,13526.0,0.5911906920519884
2015-06-05 00:00:00+00:00,1177.66,1178.414,1162.671,1171.494,76443,0.0,3093.0,0.3916661373308894
2015-06-07 00:00:00+00:00,1170.944,1171.195,1169.497,1171.186,1395,0.0,-75048.0,0.1425206124852656
2015-06-08 00:00:00+00:00,1171.18,1177.46,1169.52,1173.351,70321,0.0,68926.0,0.27342569269521844
2015-06-09 00:00:00+00:00,1173.36,1182.834,1173.076,1177.148,58254,0.0,-12067.0,0.38819430211108796
2015-06-10 00:00:00+00:00,1177.157,1192.171,1175.185,1186.222,65509,0.0,7255.0,0.5336747910043564
2015-06-11 00:00:00+00:00,1186.212,1187.816,1175.701,1181.564,61914,0.0,-3595.0,0.3836566240198025
2015-06-12 00:00:00+00:00,1181.557,1184.157,1176.687,1181.321,53211,0.0,-8703.0,0.03159303882196825
2015-06-14 00:00:00+00:00,1183.635,1185.677,1183.488,1183.86,850,0.0,-52361.0,0.10278666057557076
2015-06-15 00:00:00+00:00,1183.849,1190.233,1172.737,1185.868,69901,0.0,69051.0,0.11539780521262122
2015-06-16 00:00:00+00:00,1185.87,1187.764,1176.034,1182.08,59885,0.0,-10016.0,0.323103154305203
2015-06-17 00:00:00+00:00,1182.072,1189.042,1174.518,1184.866,52373,0.0,-7512.0,0.19237124759020366
2015-06-18 00:00:00+00:00,1184.865,1205.573,1183.95,1200.316,39200,0.0,-13173.0,0.7145631965962165
2015-06-19 00:00:00+00:00,1200.321,1204.04,1198.283,1199.837,53369,0.0,14169.0,0.08407156505122779
2015-06-21 00:00:00+00:00,1198.476,1199.239,1198.052,1198.813,588,0.0,-52781.0,0.2839090143217805
2015-06-22 00:00:00+00:00,1198.842,1199.916,1182.097,1185.629,52472,0.0,51884.0,0.7415118693529503
2015-06-23 00:00:00+00:00,1185.639,1187.95,1176.207,1178.634,29335,0.0,-23137.0,0.5965255897130136
2015-06-24 00:00:00+00:00,1178.636,1180.029,1170.552,1175.345,28398,0.0,-937.0,0.34726179170622656
2015-06-25 00:00:00+00:00,1175.325,1177.949,1171.338,1174.322,29808,0.0,1410.0,0.15171683557708981
2015-06-26 00:00:00+00:00,1174.329,1178.52,1168.761,1174.609,28921,0.0,-887.0,0.028691464289371072
2015-06-28 00:00:00+00:00,1185.046,1187.299,1183.114,1185.65,1701,0.0,-27220.0,0.1443249701314336
2015-06-29 00:00:00+00:00,1185.624,1187.001,1173.807,1178.971,72285,0.0,70584.0,0.5042443534940155
2015-06-30 00:00:00+00:00,1178.979,1180.374,1166.78,1172.516,60878,0.0,-11407.0,0.4754303369133398
2015-07-01 00:00:00+00:00,1172.506,1174.993,1167.565,1168.149,73489,0.0,12611.0,0.586564351103967
2015-07-02 00:00:00+00:00,1168.15,1169.538,1156.976,1165.845,66267,0.0,-7222.0,0.18348989014488795
2015-07-03 00:00:00+00:00,1165.844,1169.962,1165.352,1168.528,21274,0.0,-44993.0,0.5822125813449083
2015-07-05 00:00:00+00:00,1174.345,1174.345,1171.701,1173.096,2652,0.0,-18622.0,0.4723903177004618
2015-07-06 00:00:00+00:00,1173.078,1174.237,1162.77,1169.348,67996,0.0,65344.0,0.32528124182436435
2015-07-07 00:00:00+00:00,1169.345,1169.783,1147.876,1154.423,97097,0.0,29101.0,0.6811521431505946
2015-07-08 00:00:00+00:00,1154.427,1164.578,1147.132,1156.743,110689,0.0,13592.0,0.13275249340823356
2015-07-09 00:00:00+00:00,1156.718,1167.604,1155.943,1158.018,87048,0.0,-23641.0,0.1114827201783679
2015-07-10 00:00:00+00:00,1158.006,1165.272,1157.754,1163.17,73849,0.0,-13199.0,0.6868848097898334
2015-07-12 00:00:00+00:00,1162.899,1162.965,1161.658,1162.364,1073,0.0,-72776.0,0.40933435348113834
2015-07-13 00:00:00+00:00,1162.375,1164.111,1151.077,1156.503,78026,0.0,76953.0,0.450514040202549
2015-07-14 00:00:00+00:00,1156.494,1159.516,1152.858,1156.095,70686,0.0,-7340.0,0.05992790627814351
2015-07-15 00:00:00+00:00,1156.095,1156.407,1143.155,1147.968,74699,0.0,4013.0,0.6132659221249609
2015-07-16 00:00:00+00:00,1147.969,1148.723,1142.303,1144.521,84865,0.0,10166.0,0.53707165109037
2015-07-17 00:00:00+00:00,1144.524,1145.609,1131.088,1134.344,42904,0.0,-41961.0,0.7010536464430732
2015-07-19 00:00:00+00:00,1131.787,1132.701,1131.721,1132.118,1089,0.0,-41815.0,0.3377551020407117
2015-07-20 00:00:00+00:00,1132.121,1132.828,1085.908,1099.282,134123,0.0,133034.0,0.6998934356351262
2015-07-21 00:00:00+00:00,1099.29,1109.706,1098.24,1099.486,52075,0.0,-82048.0,0.017094017094029468
2015-07-22 00:00:00+00:00,1099.509,1102.545,1086.957,1094.004,56165,0.0,4090.0,0.3531562740569747
2015-07-23 00:00:00+00:00,1094.037,1105.612,1087.172,1090.866,99363,0.0,43198.0,0.17196312364425378
2015-07-24 00:00:00+00:00,1090.856,1101.351,1077.035,1098.873,109364,0.0,10001.0,0.3297006086527407
2015-07-26 00:00:00+00:00,1097.191,1097.531,1095.324,1097.064,1438,0.0,-107926.0,0.05754417761665592
2015-07-27 00:00:00+00:00,1097.116,1104.891,1088.374,1094.181,98296,0.0,96858.0,0.17769570745292343
2015-07-28 00:00:00+00:00,1094.183,1098.868,1091.523,1095.792,86454,0.0,-11842.0,0.21906058543225562
2015-07-29 00:00:00+00:00,1095.813,1101.671,1090.398,1097.471,102093,0.0,15639.0,0.14707708684466259
2015-07-30 00:00:00+00:00,1097.475,1098.513,1082.478,1088.922,97373,0.0,-4720.0,0.5333956969130004
2015-07-31 00:00:00+00:00,1088.939,1103.308,1079.928,1095.192,92037,0.0,-5336.0,0.26745081266039183
2015-08-02 00:00:00+00:00,1094.678,1094.958,1092.718,1093.145,1481,0.0,-90556.0,0.6843750000000549
2015-08-03 00:00:00+00:00,1093.152,1097.596,1083.76,1084.193,83966,0.0,82485.0,0.6475137322925738
2015-08-04 00:00:00+00:00,1084.177,1094.611,1080.935,1085.721,94399,0.0,10433.0,0.11289850833577644
2015-08-05 00:00:00+00:00,1085.72,1092.426,1082.863,1084.923,93162,0.0,-1237.0,0.0833420474746456
2015-08-06 00:00:00+00:00,1084.926,1093.874,1083.414,1089.219,78242,0.0,-14920.0,0.41042065009561235
2015-08-07 00:00:00+00:00,1089.236,1099.408,1082.699,1093.926,77037,0.0,-1205.0,0.28068705488059575
2015-08-09 00:00:00+00:00,1093.068,1093.068,1091.752,1091.752,2011,0.0,-75026.0,1.0
2015-08-10 00:00:00+00:00,1091.754,1108.759,1089.633,1105.682,88006,0.0,85995.0,0.7282233608700266
2015-08-11 00:00:00+00:00,1105.652,1119.233,1093.792,1108.546,112123,0.0,24117.0,0.1137533901969263
2015-08-12 00:00:00+00:00,1108.547,1125.612,1101.735,1123.978,118358,0.0,6235.0,0.6462704694894637
2015-08-13 00:00:00+00:00,1123.986,1126.468,1113.524,1114.247,56735,0.0,-61623.0,0.7523949320148248
2015-08-14 00:00:00+00:00,1114.291,1120.968,1111.75,1114.75,47434,0.0,-9301.0,0.04979388153613108
2015-08-16 00:00:00+00:00,1114.347,1114.821,1114.133,1114.275,1121,0.0,-46313.0,0.10465116279055549
2015-08-17 00:00:00+00:00,1114.277,1122.693,1113.837,1116.973,80193,0.0,79072.0,0.3044263775970996
2015-08-18 00:00:00+00:00,1116.965,1121.072,1109.468,1117.603,82604,0.0,2411.0,0.05498104102035139
2015-08-19 00:00:00+00:00,1117.572,1134.5,1116.135,1133.648,94639,0.0,12035.0,0.8753607405390696
2015-08-20 00:00:00+00:00,1133.641,1155.631,1133.215,1155.615,107077,0.0,12438.0,0.980281941470368
2015-08-21 00:00:00+00:00,1155.604,1168.079,1148.887,1159.948,68653,0.0,-38424.0,0.22634431012922307
2015-08-23 00:00:00+00:00,1161.588,1163.04,1160.357,1162.764,1599,0.0,-67054.0,0.4383153186731025
2015-08-24 00:00:00+00:00,1162.832,1169.82,1145.706,1153.614,106821,0.0,105222.0,0.3822675624118795
2015-08-25 00:00:00+00:00,1153.61,1156.403,1134.559,1146.05,80028,0.0,-26793.0,0.3460904596227764
2015-08-26 00:00:00+00:00,1146.048,1146.085,1117.672,1124.299,133354,0.0,53326.0,0.7654594727765465
2015-08-27 00:00:00+00:00,1124.309,1129.159,1118.159,1126.721,125890,0.0,-7464.0,0.21927272727273042
2015-08-28 00:00:00+00:00,1126.726,1140.768,1123.707,1133.358,116987,0.0,-8903.0,0.38872281812319703
2015-08-30 00:00:00+00:00,1132.589,1132.83,1131.31,1132.313,960,0.0,-116027.0,0.18157894736831792
2015-08-31 00:00:00+00:00,1132.318,1136.538,1125.685,1134.728,54530,0.0,53570.0,0.2220584170275562
2015-09-01 00:00:00+00:00,1134.711,1147.685,1134.282,1139.304,112389,0.0,57859.0,0.34268447362531285
2015-09-02 00:00:00+00:00,1139.302,1142.326,1132.03,1132.994,62669,0.0,-49720.0,0.612665112665109
2015-09-03 00:00:00+00:00,1132.99,1134.201,1121.836,1125.621,87331,0.0,24662.0,0.595956328346131
2015-09-04 00:00:00+00:00,1125.628,1130.706,1116.425,1121.936,88915,0.0,1584.0,0.25852531335340806
2015-09-06 00:00:00+00:00,1122.396,1122.754,1120.367,1120.537,1020,0.0,-87895.0,0.7788018433179588
2015-09-07 00:00:00+00:00,1120.537,1124.646,1115.826,1120.593,56525,0.0,55505.0,0.006349206349210932
2015-09-08 00:00:00+00:00,1120.594,1126.592,1118.565,1122.671,52552,0.0,-3973.0,0.2587517129687289
2015-09-09 00:00:00+00:00,1122.66,1125.282,1101.214,1107.756,97960,0.0,45408.0,0.6192454711650327
2015-09-10 00:00:00+00:00,1107.739,1114.831,1103.758,1111.599,100528,0.0,2568.0,0.3485956831933484
2015-09-11 00:00:00+00:00,1111.6,1112.693,1098.676,1107.348,43984,0.0,-56544.0,0.3033459370764027
2015-09-13 00:00:00+00:00,1106.728,1106.728,1104.714,1104.822,622,0.0,-43362.0,0.9463753723932767
2015-09-14 00:00:00+00:00,1104.783,1110.375,1103.402,1109.014,40422,0.0,39800.0,0.6067689660117627
2015-09-15 00:00:00+00:00,1109.026,1109.151,1102.467,1105.06,38098,0.0,-2324.0,0.5933572710951736
2015-09-16 00:00:00+00:00,1105.069,1124.05,1103.851,1119.661,94490,0.0,56392.0,0.7224120005940994
2015-09-17 00:00:00+00:00,1119.674,1135.017,1115.287,1130.871,108077,0.0,13587.0,0.5675114039533758
2015-09-18 00:00:00+00:00,1130.867,1141.579,1127.457,1138.473,108303,0.0,226.0,0.5385922673842288
2015-09-20 00:00:00+00:00,1137.62,1137.851,1137.114,1137.268,1906,0.0,-106397.0,0.47761194029826803
2015-09-21 00:00:00+00:00,1137.258,1139.771,1129.507,1132.194,71460,0.0,69554.0,0.49337490257210925
2015-09-22 00:00:00+00:00,1132.196,1136.41,1121.261,1124.361,85455,0.0,13995.0,0.5171958545118325
2015-09-23 00:00:00+00:00,1124.36,1134.151,1121.78,1131.961,79487,0.0,-5968.0,0.6144208228922524
2015-09-24 00:00:00+00:00,1131.959,1156.568,1130.466,1149.763,65816,0.0,-13671.0,0.6820933261818941
2015-09-25 00:00:00+00:00,1149.764,1151.097,1140.668,1145.77,91947,0.0,26131.0,0.38297056285356995
2015-09-27 00:00:00+00:00,1146.317,1146.707,1146.245,1146.66,467,0.0,-91480.0,0.742424242424056
2015-09-28 00:00:00+00:00,1146.671,1148.079,1127.953,1132.208,61641,0.0,61174.0,0.7186226771340546
2015-09-29 00:00:00+00:00,1132.205,1134.419,1124.197,1125.79,55542,0.0,-6099.0,0.6275679906084752
2015-09-30 00:00:00+00:00,1125.783,1127.969,1111.574,1115.054,109253,0.0,53711.0,0.6544068313510111
2015-10-01 00:00:00+00:00,1115.058,1118.969,1110.986,1113.605,48659,0.0,-60594.0,0.1820117750219196
2015-10-02 00:00:00+00:00,1113.606,1141.155,1104.518,1137.928,118049,0.0,69390.0,0.6638643993776825
2015-10-04 00:00:00+00:00,1137.037,1138.414,1136.45,1136.609,960,0.0,-117089.0,0.21792260692470655
2015-10-05 00:00:00+00:00,1136.643,1141.782,1130.052,1135.618,59911,0.0,58951.0,0.0873827791986436
2015-10-06 00:00:00+00:00,1135.614,1151.037,1134.888,1146.457,95927,0.0,36016.0,0.6714347637624619
2015-10-07 00:00:00+00:00,1146.452,1153.458,1141.73,1145.088,100776,0.0,4849.0,0.1163028649386106
2015-10-08 00:00:00+00:00,1145.085,1151.138,1136.549,1140.773,103174,0.0,2398.0,0.29556515182672854
2015-10-09 00:00:00+00:00,1140.776,1159.558,1139.807,1155.392,106083,0.0,2909.0,0.740013163890436
2015-10-11 00:00:00+00:00,1155.275,1156.01,1155.122,1155.594,528,0.0,-105555.0,0.35923423423422157
2015-10-12 00:00:00+00:00,1155.559,1168.858,1154.801,1161.576,46016,0.0,45488.0,0.4280429679163439
2015-10-13 00:00:00+00:00,1161.563,1168.9,1151.781,1167.619,114960,0.0,68944.0,0.3537589812488908
2015-10-14 00:00:00+00:00,1167.609,1189.656,1163.224,1185.156,121384,0.0,6424.0,0.6638544188861991
2015-10-15 00:00:00+00:00,1185.17,1191.352,1174.723,1181.599,115586,0.0,-5798.0,0.21474532443322578
2015-10-16 00:00:00+00:00,1181.604,1184.223,1174.264,1176.624,97888,0.0,-17698.0,0.5000502058439591
2015-10-18 00:00:00+00:00,1175.687,1177.406,1175.666,1177.344,749,0.0,-97139.0,0.9522988505747955
2015-10-19 00:00:00+00:00,1177.342,1177.995,1168.485,1169.015,99772,0.0,99023.0,0.8756046267087283
2015-10-20 00:00:00+00:00,1169.012,1180.527,1167.271,1177.205,57812,0.0,-41960.0,0.6180597465298681
2015-10-21 00:00:00+00:00,1177.197,1179.093,1163.704,1165.834,111884,0.0,54072.0,0.7383845604002689
2015-10-22 00:00:00+00:00,1165.808,1171.671,1162.519,1165.432,108176,0.0,-3708.0,0.041083916083913305
2015-10-23 00:00:00+00:00,1165.422,1179.221,1158.86,1164.248,70216,0.0,-37960.0,0.057659250527968775
2015-10-25 00:00:00+00:00,1163.54,1164.088,1162.755,1164.018,990,0.0,-69226.0,0.35858964741194077
2015-10-26 00:00:00+00:00,1164.015,1169.445,1162.071,1163.728,57652,0.0,56662.0,0.03892053159750931
2015-10-27 00:00:00+00:00,1163.713,1168.558,1160.708,1166.21,53850,0.0,-3802.0,0.318089171974535
2015-10-28 00:00:00+00:00,1166.214,1182.804,1152.285,1158.664,116777,0.0,62927.0,0.24738687375077667
2015-10-29 00:00:00+00:00,1158.683,1162.496,1143.709,1147.177,70560,0.0,-46217.0,0.6124447756427351
2015-10-30 00:00:00+00:00,1147.162,1149.924,1139.022,1141.8,63517,0.0,-7043.0,0.4918363603008676
2015-11-01 00:00:00+00:00,1141.734,1141.966,1134.133,1140.461,3588,0.0,-59929.0,0.16251755393845707
2015-11-02 00:00:00+00:00,1140.459,1142.837,1132.567,1133.117,89912,0.0,86324.0,0.7148977604673915
2015-11-03 00:00:00+00:00,1133.116,1138.152,1114.315,1119.872,59119,0.0,-30793.0,0.5556068297185015
2015-11-04 00:00:00+00:00,1119.871,1122.714,1106.334,1109.848,113657,0.0,54538.0,0.6119047619047747
2015-11-05 00:00:00+00:00,1109.805,1111.34,1102.881,1105.28,92588,0.0,-21069.0,0.5349332072349191
2015-11-06 00:00:00+00:00,1105.29,1110.279,1085.382,1087.548,105223,0.0,12635.0,0.7126159778286544
2015-11-08 00:00:00+00:00,1089.728,1091.243,1088.12,1089.884,3419,0.0,-101804.0,0.049951969260309544
2015-11-09 00:00:00+00:00,1089.885,1095.582,1088.286,1092.716,106144,0.0,102725.0,0.3880208333333175
2015-11-10 00:00:00+00:00,1092.721,1094.49,1085.158,1090.052,78931,0.0,-27213.0,0.28600514359194873
2015-11-11 00:00:00+00:00,1090.043,1093.416,1084.037,1086.69,98444,0.0,19513.0,0.3575007996587986
2015-11-12 00:00:00+00:00,1086.693,1089.27,1074.039,1083.863,104653,0.0,6209.0,0.18580526557677948
2015-11-13 00:00:00+00:00,1083.861,1088.289,1079.625,1081.866,92668,0.0,-11985.0,0.23026315789475083
2015-11-15 00:00:00+00:00,1089.638,1090.104,1085.786,1089.098,4332,0.0,-88336.0,0.12505789717460994
2015-11-16 00:00:00+00:00,1089.127,1097.928,1081.262,1083.547,63618,0.0,59286.0,0.3348133925356937
2015-11-17 00:00:00+00:00,1083.52,1084.747,1065.387,1069.195,66647,0.0,3029.0,0.7399276859504107
2015-11-18 00:00:00+00:00,1069.206,1075.044,1064.144,1071.601,64939,0.0,-1708.0,0.21972477064221918
2015-11-19 00:00:00+00:00,1071.639,1087.261,1069.251,1081.954,121786,0.0,56847.0,0.5727373681288206
2015-11-20 00:00:00+00:00,1081.912,1087.853,1075.765,1077.067,60218,0.0,-61568.0,0.4008107213765752
2015-11-22 00:00:00+00:00,1077.02,1077.023,1073.364,1075.732,3001,0.0,-57217.0,0.3520087455589106
2015-11-23 00:00:00+00:00,1075.722,1076.577,1066.399,1069.906,107526,0.0,104525.0,0.5714285714285683
2015-11-24 00:00:00+00:00,1069.935,1080.944,1068.982,1075.262,106861,0.0,-665.0,0.445326868416653
2015-11-25 00:00:00+00:00,1075.257,1080.679,1067.824,1070.703,57261,0.0,-49600.0,0.3542590431738686
2015-11-26 00:00:00+00:00,1070.675,1074.657,1069.576,1071.782,36174,0.0,-21087.0,0.21787049793347607
2015-11-27 00:00:00+00:00,1071.778,1073.649,1052.597,1057.395,102409,0.0,66235.0,0.6832129963898965
2015-11-29 00:00:00+00:00,1056.825,1058.654,1056.825,1057.076,2858,0.0,-99551.0,0.13723346090759053
2015-11-30 00:00:00+00:00,1057.082,1069.614,1053.122,1064.134,55232,0.0,52374.0,0.4276012612175554
2015-12-01 00:00:00+00:00,1064.137,1074.523,1063.163,1069.819,106592,0.0,51360.0,0.500176056338034
2015-12-02 00:00:00+00:00,1069.834,1070.488,1050.575,1054.043,116264,0.0,9672.0,0.7929995480339557
2015-12-03 00:00:00+00:00,1054.023,1065.34,1046.247,1063.126,163845,0.0,47581.0,0.47677159168282296
2015-12-04 00:00:00+00:00,1063.168,1088.69,1058.079,1086.763,138720,0.0,-25125.0,0.770801345921399
2015-12-06 00:00:00+00:00,1086.192,1086.192,1082.615,1083.073,3746,0.0,-134974.0,0.8719597428012066
2015-12-07 00:00:00+00:00,1083.071,1086.491,1066.262,1070.962,65264,0.0,61518.0,0.59859607494191
2015-12-08 00:00:00+00:00,1070.968,1078.874,1067.627,1075.934,71338,0.0,6074.0,0.44153996621320024
2015-12-09 00:00:00+00:00,1075.921,1085.163,1069.444,1072.205,123021,0.0,51683.0,0.23640180673071504
2015-12-10 00:00:00+00:00,1072.207,1076.28,1069.352,1071.922,60308,0.0,-62713.0,0.041137413394931675
2015-12-11 00:00:00+00:00,1071.905,1079.502,1062.323,1077.054,126107,0.0,65799.0,0.2997264101519388
2015-12-13 00:00:00+00:00,1075.026,1075.026,1072.031,1072.088,2778,0.0,-123329.0,0.980968280467441
2015-12-14 00:00:00+00:00,1072.09,1077.291,1058.546,1061.437,69907,0.0,67129.0,0.5683115497466035
2015-12-15 00:00:00+00:00,1061.443,1068.452,1058.561,1061.171,67849,0.0,-2058.0,0.027499747244963343
2015-12-16 00:00:00+00:00,1061.169,1078.206,1061.164,1069.382,113903,0.0,46054.0,0.4819270038727852
2015-12-17 00:00:00+00:00,1069.377,1072.797,1047.593,1052.861,121923,0.0,8020.0,0.6552928106649691
2015-12-18 00:00:00+00:00,1052.877,1071.387,1051.152,1066.103,116448,0.0,-5475.0,0.6536199654064827
2015-12-20 00:00:00+00:00,1065.888,1066.303,1064.224,1065.131,2295,0.0,-114153.0,0.36411736411725326
2015-12-21 00:00:00+00:00,1065.152,1081.589,1063.783,1077.318,112031,0.0,109736.0,0.6832528361226504
2015-12-22 00:00:00+00:00,1077.323,1080.63,1071.72,1073.479,95588,0.0,-16443.0,0.43142536475869986
2015-12-23 00:00:00+00:00,1073.475,1075.383,1068.155,1071.513,88715,0.0,-6873.0,0.27144438295517037
2015-12-24 00:00:00+00:00,1071.511,1076.845,1071.061,1076.181,36546,0.0,-52169.0,0.8073997233748249
2015-12-27 00:00:00+00:00,1075.916,1076.856,1075.573,1075.764,2282,0.0,-34264.0,0.11847233047549126
2015-12-28 00:00:00+00:00,1075.759,1076.242,1066.374,1068.204,45596,0.0,43314.0,0.7656059991893099
2015-12-29 00:00:00+00:00,1068.207,1075.116,1067.402,1068.951,46672,0.0,1076.0,0.0964480165931968
2015-12-30 00:00:00+00:00,1068.942,1072.056,1059.335,1061.715,41760,0.0,-4912.0,0.5681157141734209
2015-12-31 00:00:00+00:00,1061.716,1063.424,1057.879,1060.965,85764,0.0,44004.0,0.13543733092875862
2016-01-03 00:00:00+00:00,1061.955,1066.046,1061.692,1062.978,3904,0.0,-81860.0,0.23495636196603775
2016-01-04 00:00:00+00:00,1062.991,1083.337,1062.205,1072.941,114707,0.0,110803.0,0.4708498958924861
2016-01-05 00:00:00+00:00,1072.945,1081.904,1072.678,1077.56,60928,0.0,-53779.0,0.5002167786689862
2016-01-06 00:00:00+00:00,1077.569,1095.073,1074.896,1092.521,73208,0.0,12280.0,0.7410417802448281
2016-01-07 00:00:00+00:00,1092.52,1109.959,1091.319,1109.154,152617,0.0,79409.0,0.8923819742489231
2016-01-08 00:00:00+00:00,1109.146,1112.866,1091.77,1103.908,144809,0.0,-7808.0,0.24829351535836441
2016-01-10 00:00:00+00:00,1103.761,1108.128,1103.566,1106.635,2444,0.0,-142365.0,0.6299868478737588
2016-01-11 00:00:00+00:00,1106.639,1108.3,1093.44,1095.702,133246,0.0,130802.0,0.7360026917900385
2016-01-12 00:00:00+00:00,1095.7,1098.996,1083.355,1086.403,128084,0.0,-5162.0,0.594399335080876
2016-01-13 00:00:00+00:00,1086.417,1095.296,1079.707,1094.857,130933,0.0,2849.0,0.5414074026557243
2016-01-14 00:00:00+00:00,1094.861,1095.103,1071.34,1076.815,70068,0.0,-60865.0,0.7594158986659907
2016-01-15 00:00:00+00:00,1076.811,1097.166,1076.15,1087.933,110060,0.0,39992.0,0.5292158355538709
2016-01-17 00:00:00+00:00,1089.391,1090.594,1089.121,1090.302,2710,0.0,-107350.0,0.6184657162252939
2016-01-18 00:00:00+00:00,1090.264,1093.079,1087.419,1088.499,45641,0.0,42931.0,0.3118374558303742
2016-01-19 00:00:00+00:00,1088.475,1094.389,1082.486,1087.707,130478,0.0,84837.0,0.06452154918926448
2016-01-20 00:00:00+00:00,1087.707,1109.512,1087.702,1099.351,162316,0.0,31838.0,0.5338835396607077
2016-01-21 00:00:00+00:00,1099.279,1104.441,1092.318,1100.613,164527,0.0,2211.0,0.1100387692815355
2016-01-22 00:00:00+00:00,1100.6,1102.667,1093.974,1097.546,120327,0.0,-44200.0,0.3513171517312626
2016-01-24 00:00:00+00:00,1097.285,1098.007,1097.135,1097.817,2128,0.0,-118199.0,0.610091743119131
2016-01-25 00:00:00+00:00,1097.767,1108.954,1097.556,1108.68,111347,0.0,109219.0,0.9574486752061849
2016-01-26 00:00:00+00:00,1108.678,1122.788,1107.394,1119.378,63946,0.0,-47401.0,0.6950760036377689
2016-01-27 00:00:00+00:00,1119.393,1127.933,1114.827,1124.663,126151,0.0,62205.0,0.40210590569204824
2016-01-28 00:00:00+00:00,1124.664,1124.802,1111.418,1114.148,127534,0.0,1383.0,0.7857142857142906
2016-01-29 00:00:00+00:00,1114.137,1118.226,1108.423,1117.593,63572,0.0,-63962.0,0.3525451392430982
2016-01-31 00:00:00+00:00,1117.575,1117.97,1115.272,1117.547,3033,0.0,-60539.0,0.010378057820614918
2016-02-01 00:00:00+00:00,1117.516,1129.589,1116.858,1128.261,83866,0.0,80833.0,0.8440028277432955
2016-02-02 00:00:00+00:00,1128.22,1130.879,1122.223,1127.27,116450,0.0,32584.0,0.10975046210721477
2016-02-03 00:00:00+00:00,1127.261,1145.346,1124.299,1141.798,97369,0.0,-19081.0,0.6906922601795988
2016-02-04 00:00:00+00:00,1141.817,1157.215,1139.44,1155.372,76579,0.0,-20790.0,0.7625879043600657
2016-02-05 00:00:00+00:00,1155.367,1174.362,1145.175,1174.009,75811,0.0,-768.0,0.6387090142871817
2016-02-07 00:00:00+00:00,1173.366,1173.366,1164.651,1164.757,6179,0.0,-69632.0,0.9878370625358582
2016-02-08 00:00:00+00:00,1164.785,1200.721,1164.179,1190.973,80156,0.0,73977.0,0.7166548081659443
2016-02-09 00:00:00+00:00,1190.942,1198.74,1185.572,1189.105,84695,0.0,4539.0,0.1395048602673126
2016-02-10 00:00:00+00:00,1189.087,1198.487,1181.391,1198.478,151284,0.0,66589.0,0.5493097800655168
2016-02-11 00:00:00+00:00,1198.47,1263.254,1198.141,1240.302,119847,0.0,-31437.0,0.6424523520648717
2016-02-12 00:00:00+00:00,1240.26,1245.879,1232.369,1237.77,85111,0.0,-34736.0,0.1843079200592162
2016-02-14 00:00:00+00:00,1231.077,1234.24,1230.788,1233.331,4383,0.0,-80728.0,0.652954808806462
2016-02-15 00:00:00+00:00,1233.305,1234.688,1201.992,1207.651,60345,0.0,55962.0,0.7846219721066763
2016-02-16 00:00:00+00:00,1207.678,1216.783,1190.745,1202.46,90560,0.0,30215.0,0.20039941623780907
2016-02-17 00:00:00+00:00,1202.461,1213.537,1195.633,1206.909,132659,0.0,42099.0,0.24843610366399094
2016-02-18 00:00:00+00:00,1206.935,1239.627,1200.66,1230.892,81753,0.0,-50906.0,0.6148022685862444
2016-02-19 00:00:00+00:00,1230.929,1234.365,1219.853,1228.843,167975,0.0,86222.0,0.14374310915104885
2016-02-21 00:00:00+00:00,1225.047,1226.479,1223.419,1225.389,5626,0.0,-162349.0,0.11176470588231273
2016-02-22 00:00:00+00:00,1225.383,1226.068,1201.853,1208.709,158567,0.0,152941.0,0.6885814577741084
2016-02-23 00:00:00+00:00,1208.708,1232.458,1207.129,1230.271,159151,0.0,584.0,0.8513166725887213
2016-02-24 00:00:00+00:00,1230.267,1252.99,1221.039,1224.351,98135,0.0,-61016.0,0.18515852398985747
2016-02-25 00:00:00+00:00,1224.347,1242.609,1223.897,1233.587,96851,0.0,-1284.0,0.49380076955964164
2016-02-26 00:00:00+00:00,1233.581,1240.141,1211.355,1224.221,128023,0.0,31172.0,0.3251580629472619
2016-02-28 00:00:00+00:00,1223.222,1223.222,1215.496,1221.193,5448,0.0,-122575.0,0.26261972560186725
2016-02-29 00:00:00+00:00,1221.231,1241.73,1219.881,1240.237,161393,0.0,155945.0,0.8698796283582838
2016-03-01 00:00:00+00:00,1240.244,1248.358,1227.133,1232.011,88648,0.0,-72745.0,0.3878916372202583
2016-03-02 00:00:00+00:00,1232.024,1243.895,1224.627,1240.834,145670,0.0,57022.0,0.45723479343990864
2016-03-03 00:00:00+00:00,1240.842,1268.122,1237.311,1259.885,153063,0.0,7393.0,0.6180584856057837
2016-03-04 00:00:00+00:00,1259.887,1279.607,1249.99,1260.74,152186,0.0,-877.0,0.028801026437521242
2016-03-06 00:00:00+00:00,1260.226,1263.824,1258.155,1263.611,5050,0.0,-147136.0,0.597107073557935
2016-03-07 00:00:00+00:00,1263.606,1273.059,1256.553,1267.723,159378,0.0,154328.0,0.24942445171452787
2016-03-08 00:00:00+00:00,1267.726,1277.841,1260.153,1263.061,85751,0.0,-73627.0,0.26373812754411036
2016-03-09 00:00:00+00:00,1263.056,1264.791,1242.83,1253.455,79021,0.0,-6730.0,0.43718409908474604
2016-03-10 00:00:00+00:00,1253.44,1273.194,1236.989,1270.929,140300,0.0,61279.0,0.4830548266813995
2016-03-11 00:00:00+00:00,1270.924,1283.454,1248.4,1249.174,144057,0.0,3757.0,0.6204712728932529
2016-03-13 00:00:00+00:00,1250.808,1253.335,1250.536,1252.723,3395,0.0,-140662.0,0.6841729188995993
2016-03-14 00:00:00+00:00,1252.741,1260.95,1229.225,1236.109,135157,0.0,131762.0,0.5242553191489359
2016-03-15 00:00:00+00:00,1236.115,1237.906,1225.529,1232.753,72358,0.0,-62799.0,0.27163286741537473
2016-03-16 00:00:00+00:00,1232.752,1263.784,1226.645,1258.797,95385,0.0,23027.0,0.701284364145507
2016-03-17 00:00:00+00:00,1258.8,1270.768,1254.323,1258.885,158485,0.0,63100.0,0.005168744299181314
2016-03-18 00:00:00+00:00,1258.91,1266.72,1247.75,1254.899,71415,0.0,-87070.0,0.21143911439115387
2016-03-20 00:00:00+00:00,1255.077,1255.507,1252.568,1253.096,3301,0.0,-68114.0,0.6740387887036209
2016-03-21 00:00:00+00:00,1253.087,1255.131,1240.497,1243.349,108768,0.0,105467.0,0.6654366543665469
2016-03-22 00:00:00+00:00,1243.427,1259.614,1243.02,1248.266,85428,0.0,-23340.0,0.2916114258165695
2016-03-23 00:00:00+00:00,1248.24,1249.244,1215.29,1221.885,115290,0.0,29862.0,0.7761972079872785
2016-03-24 00:00:00+00:00,1221.882,1223.564,1212.121,1216.804,100425,0.0,-14865.0,0.4437647470069022
2016-03-25 00:00:00+00:00,1216.819,1216.826,1216.819,1216.826,2,0.0,-100423.0,1.0
2016-03-27 00:00:00+00:00,1214.006,1214.5,1213.258,1213.595,545,0.0,543.0,0.3309178743961923
2016-03-28 00:00:00+00:00,1213.58,1222.895,1205.978,1222.522,81194,0.0,80649.0,0.5285807176213307
2016-03-29 00:00:00+00:00,1222.489,1242.731,1215.227,1238.92,132912,0.0,51718.0,0.5974040139616091
2016-03-30 00:00:00+00:00,1238.907,1243.854,1223.121,1226.63,120384,0.0,-12528.0,0.5921477837264191
2016-03-30 04:00:00+00:00,1241.4000244140625,1245.0,1223.4000244140625,1226.9000244140625,48248,0.0,-72136.0,0.6712970550503823
2016-03-31 00:00:00+00:00,1226.656,1240.181,1223.689,1231.578,114624,0.0,66376.0,0.29844773223381255
2016-03-31 04:00:00+00:00,1225.5999755859375,1239.5999755859375,1224.5,1234.199951171875,3377,0.0,-111247.0,0.5695357278555202
2016-04-01 00:00:00+00:00,1231.606,1235.093,1208.898,1221.495,120143,0.0,116766.0,0.3859896926894461
2016-04-01 04:00:00+00:00,1232.300048828125,1235.199951171875,1209.199951171875,1222.199951171875,1602,0.0,-118541.0,0.38846529447115385
2016-04-03 00:00:00+00:00,1219.937,1220.725,1218.375,1220.277,1674,0.0,72.0,0.1446808510638973
2016-04-04 00:00:00+00:00,1220.283,1222.434,1214.476,1215.07,106630,0.0,104956.0,0.6550640864538904
2016-04-04 04:00:00+00:00,1221.699951171875,1222.300048828125,1215.0,1218.0,2038,0.0,-104592.0,0.5068392361459483
2016-04-05 00:00:00+00:00,1215.073,1236.577,1214.829,1230.741,122230,0.0,120192.0,0.7204340629023294
2016-04-05 04:00:00+00:00,1215.4000244140625,1236.699951171875,1215.4000244140625,1228.4000244140625,477,0.0,-121753.0,0.6103307371811404
2016-04-06 00:00:00+00:00,1230.745,1231.971,1216.313,1225.074,115370,0.0,114893.0,0.36217907778770325
2016-04-06 04:00:00+00:00,1230.4000244140625,1230.4000244140625,1217.5999755859375,1222.5,248,0.0,-115122.0,0.6171870529668695
2016-04-07 00:00:00+00:00,1225.068,1243.072,1223.501,1238.464,117292,0.0,117044.0,0.684482141944715
2016-04-07 04:00:00+00:00,1224.800048828125,1242.9000244140625,1224.5999755859375,1236.199951171875,375,0.0,-116917.0,0.6229438211241112
2016-04-08 00:00:00+00:00,1238.467,1242.529,1229.52,1238.997,102738,0.0,102363.0,0.040741025443921296
2016-04-08 04:00:00+00:00,1241.0,1242.800048828125,1232.0,1242.5,409,0.0,-102329.0,0.13888826095802156
2016-04-10 00:00:00+00:00,1244.914,1245.862,1243.897,1244.57,3826,0.0,3417.0,0.1750636132315651
2016-04-11 00:00:00+00:00,1244.567,1259.746,1243.935,1257.088,88794,0.0,84968.0,0.7919170197963342
2016-04-11 04:00:00+00:00,1241.5,1258.699951171875,1241.5,1256.699951171875,437,0.0,-88357.0,0.883720600133426
2016-04-12 00:00:00+00:00,1257.09,1262.434,1251.132,1254.053,104707,0.0,104270.0,0.2687135020350232
2016-04-12 04:00:00+00:00,1260.0,1261.699951171875,1253.699951171875,1259.4000244140625,185,0.0,-104522.0,0.0749969482421875
2016-04-13 00:00:00+00:00,1254.051,1256.558,1239.685,1240.896,106984,0.0,106799.0,0.7796479582765327
2016-04-13 04:00:00+00:00,1256.5,1256.9000244140625,1241.300048828125,1246.800048828125,203,0.0,-106781.0,0.6217927148949489
2016-04-14 00:00:00+00:00,1240.885,1243.906,1223.759,1229.264,121936,0.0,121733.0,0.5768104432421767
2016-04-14 04:00:00+00:00,1231.4000244140625,1243.699951171875,1224.5,1225.0,264,0.0,-121672.0,0.33333545261498165
2016-04-15 00:00:00+00:00,1229.252,1235.685,1225.16,1233.383,97254,0.0,96990.0,0.39249406175773294
2016-04-15 04:00:00+00:00,1225.699951171875,1235.0,1225.699951171875,1233.0999755859375,97,0.0,-97157.0,0.795697372220618
2016-04-17 00:00:00+00:00,1235.775,1237.883,1235.068,1237.014,1542,0.0,1445.0,0.4401420959146648
2016-04-18 00:00:00+00:00,1237.0,1241.476,1227.767,1229.215,99314,0.0,97772.0,0.5678751185352723
2016-04-18 04:00:00+00:00,1238.699951171875,1241.0999755859375,1232.199951171875,1233.5999755859375,304,0.0,-99010.0,0.5730293928047292
2016-04-19 00:00:00+00:00,1229.219,1256.455,1227.583,1249.535,118981,0.0,118677.0,0.7036575228595228
2016-04-19 04:00:00+00:00,1231.5999755859375,1256.199951171875,1228.800048828125,1253.0,386,0.0,-118595.0,0.7810255724850753
2016-04-20 00:00:00+00:00,1249.542,1257.783,1242.329,1245.201,115521,0.0,115135.0,0.2808981493464416
2016-04-20 04:00:00+00:00,1256.0999755859375,1256.0999755859375,1243.0,1253.199951171875,180,0.0,-115341.0,0.22137632204258492
2016-04-21 00:00:00+00:00,1245.199,1270.053,1243.241,1249.128,129180,0.0,129000.0,0.14653886319557816
2016-04-21 04:00:00+00:00,1247.699951171875,1270.5999755859375,1247.5999755859375,1249.0,124,0.0,-129056.0,0.056523862092391304
2016-04-22 00:00:00+00:00,1249.104,1252.415,1227.339,1231.716,111452,0.0,111328.0,0.693412027436598
2016-04-22 04:00:00+00:00,1248.5,1248.5,1228.0,1228.699951171875,188,0.0,-111264.0,0.9658560403963414
2016-04-24 00:00:00+00:00,1231.514,1232.786,1230.81,1232.663,3497,0.0,3309.0,0.5814777327935471
2016-04-25 00:00:00+00:00,1232.639,1242.022,1229.936,1237.918,99222,0.0,95725.0,0.43678636438854795
2016-04-25 04:00:00+00:00,1231.5999755859375,1240.9000244140625,1231.5999755859375,1238.9000244140625,442,0.0,-98780.0,0.7849473656577324
2016-04-26 00:00:00+00:00,1237.914,1244.658,1231.245,1242.602,107033,0.0,106591.0,0.34951166778499204
2016-04-26 04:00:00+00:00,1239.800048828125,1244.199951171875,1233.0,1242.199951171875,97,0.0,-106936.0,0.21427792915531335
2016-04-27 00:00:00+00:00,1242.613,1252.606,1239.293,1245.379,114105,0.0,114008.0,0.20776684443775467
2016-04-27 04:00:00+00:00,1248.5999755859375,1249.5,1248.5999755859375,1249.199951171875,547,0.0,-113558.0,0.6666214566662145
2016-04-28 00:00:00+00:00,1245.377,1269.444,1237.647,1265.417,127689,0.0,127142.0,0.6302481366166603
2016-04-28 04:00:00+00:00,1245.9000244140625,1270.0999755859375,1238.5,1265.5,887,0.0,-126802.0,0.620252871165502
2016-04-29 00:00:00+00:00,1265.437,1296.518,1264.871,1292.678,117427,0.0,116540.0,0.8607766928934897
2016-04-29 04:00:00+00:00,1267.300048828125,1295.5,1267.199951171875,1289.199951171875,464,0.0,-116963.0,0.7738468041788521
2016-05-01 00:00:00+00:00,1292.365,1295.853,1291.838,1294.922,2233,0.0,1769.0,0.6368617683686059
2016-05-02 00:00:00+00:00,1294.907,1303.586,1287.578,1289.662,112628,0.0,110395.0,0.3276486756621613
2016-05-02 04:00:00+00:00,1292.0999755859375,1304.4000244140625,1290.4000244140625,1294.699951171875,192,0.0,-112436.0,0.18571254185267858
2016-05-03 00:00:00+00:00,1289.667,1301.626,1282.149,1286.781,114329,0.0,114137.0,0.14817477024182132
2016-05-03 04:00:00+00:00,1292.699951171875,1301.5,1284.5,1290.699951171875,151,0.0,-114178.0,0.11764705882352941
2016-05-04 00:00:00+00:00,1286.785,1289.565,1271.748,1282.559,112412,0.0,112261.0,0.23718920132458388
2016-05-04 04:00:00+00:00,1286.9000244140625,1290.0,1273.0,1273.300048828125,109,0.0,-112303.0,0.7999985638786765
2016-05-05 00:00:00+00:00,1282.566,1286.278,1268.751,1277.337,109301,0.0,109192.0,0.29833970445598385
2016-05-05 04:00:00+00:00,1282.9000244140625,1286.0,1270.800048828125,1271.4000244140625,330,0.0,-108971.0,0.7565813777927689
2016-05-06 00:00:00+00:00,1277.314,1295.323,1274.311,1286.968,113454,0.0,113124.0,0.45945174186178933
2016-05-06 04:00:00+00:00,1278.5999755859375,1295.5999755859375,1276.9000244140625,1292.9000244140625,305,0.0,-113149.0,0.7647104902408773
2016-05-08 00:00:00+00:00,1286.769,1287.23,1284.706,1285.52,3038,0.0,2733.0,0.494849445324868
2016-05-09 00:00:00+00:00,1285.522,1287.405,1261.201,1262.336,110478,0.0,107440.0,0.884826744008547
2016-05-09 04:00:00+00:00,1286.5,1286.5,1262.300048828125,1265.5999755859375,341,0.0,-110137.0,0.8636391150388911
2016-05-10 00:00:00+00:00,1262.353,1269.386,1256.786,1264.838,102252,0.0,101911.0,0.1972222222222157
2016-05-10 04:00:00+00:00,1265.0999755859375,1267.4000244140625,1258.699951171875,1263.9000244140625,23,0.0,-102229.0,0.13792426091958862
2016-05-11 00:00:00+00:00,1264.837,1278.909,1264.773,1277.488,101603,0.0,101580.0,0.8949490662139143
2016-05-11 04:00:00+00:00,1266.9000244140625,1279.199951171875,1266.9000244140625,1274.5999755859375,50,0.0,-101553.0,0.626016018102242
2016-05-12 00:00:00+00:00,1277.474,1280.725,1261.408,1266.619,109891,0.0,109841.0,0.5619402598747225
2016-05-12 04:00:00+00:00,1267.0,1281.199951171875,1264.0,1270.300048828125,101,0.0,-109790.0,0.1918638486323828
2016-05-13 00:00:00+00:00,1266.631,1276.206,1262.86,1273.064,64235,0.0,64134.0,0.4820170837704174
2016-05-13 04:00:00+00:00,1271.4000244140625,1275.699951171875,1264.5999755859375,1271.9000244140625,66,0.0,-64169.0,0.045045144120267014
2016-05-15 00:00:00+00:00,1272.58,1275.085,1272.295,1273.728,3330,0.0,3264.0,0.4114695340502341
2016-05-16 00:00:00+00:00,1273.731,1288.529,1270.644,1275.12,103171,0.0,99841.0,0.07766284596029617
2016-05-16 04:00:00+00:00,1272.800048828125,1287.800048828125,1272.800048828125,1273.4000244140625,44,0.0,-103127.0,0.039998372395833336
2016-05-17 00:00:00+00:00,1275.076,1281.994,1268.922,1279.326,89498,0.0,89454.0,0.3251223990208106
2016-05-17 04:00:00+00:00,1272.5,1281.5999755859375,1270.800048828125,1276.199951171875,16,0.0,-89482.0,0.342590394809716
2016-05-18 00:00:00+00:00,1279.312,1280.227,1254.966,1260.368,117335,0.0,117319.0,0.7499307232492701
2016-05-18 04:00:00+00:00,1276.4000244140625,1276.4000244140625,1256.800048828125,1273.699951171875,17,0.0,-117318.0,0.13775901048186692
2016-05-19 00:00:00+00:00,1260.378,1261.082,1243.766,1256.65,118562,0.0,118545.0,0.21529221529220555
2016-05-19 04:00:00+00:00,1248.0,1255.5,1247.5,1254.199951171875,69,0.0,-118493.0,0.774993896484375
2016-05-20 00:00:00+00:00,1256.676,1260.045,1248.763,1251.574,89023,0.0,88954.0,0.45222478283990364
2016-05-20 04:00:00+00:00,1256.5999755859375,1256.5999755859375,1252.4000244140625,1252.4000244140625,44,0.0,-88979.0,1.0
2016-05-22 00:00:00+00:00,1251.68,1252.393,1250.915,1252.084,1049,0.0,1005.0,0.2733423545331383
2016-05-23 00:00:00+00:00,1252.059,1255.886,1243.086,1249.402,102247,0.0,101198.0,0.20757812499999492
2016-05-23 04:00:00+00:00,1251.5999755859375,1251.5999755859375,1247.5,1251.0999755859375,56,0.0,-102191.0,0.12195194569327418
2016-05-24 00:00:00+00:00,1249.399,1252.026,1223.227,1225.232,106635,0.0,106579.0,0.839161081982011
2016-05-24 04:00:00+00:00,1240.0,1240.0,1228.199951171875,1228.9000244140625,20,0.0,-106615.0,0.9406720046345147
2016-05-25 00:00:00+00:00,1225.238,1230.054,1217.678,1224.911,113900,0.0,113880.0,0.02642210730446015
2016-05-25 04:00:00+00:00,1219.300048828125,1223.5,1218.5999755859375,1223.5,5,0.0,-113895.0,0.8571286216088289
2016-05-26 00:00:00+00:00,1224.907,1234.109,1218.268,1222.048,107932,0.0,107927.0,0.1804810302379864
2016-05-26 04:00:00+00:00,1232.5999755859375,1232.5999755859375,1220.0999755859375,1220.0999755859375,199778,0.0,91846.0,1.0
2016-05-27 00:00:00+00:00,1222.024,1223.368,1206.706,1212.266,105504,0.0,-94274.0,0.5856439803144755
2016-05-27 04:00:00+00:00,1220.300048828125,1223.199951171875,1206.4000244140625,1213.800048828125,63739,0.0,-41765.0,0.38690644868301544
2016-05-29 00:00:00+00:00,1208.972,1209.113,1205.68,1207.584,3932,0.0,-59807.0,0.4043110981648479
2016-05-30 00:00:00+00:00,1207.562,1210.742,1199.566,1209.783,64776,0.0,60844.0,0.19872942018611464
2016-05-31 00:00:00+00:00,1209.784,1218.083,1208.335,1216.62,98683,0.0,33907.0,0.7012720558062938
2016-05-31 04:00:00+00:00,1212.5,1217.5999755859375,1199.0,1214.800048828125,6432,0.0,-92251.0,0.12365870145893904
2016-06-01 00:00:00+00:00,1216.635,1220.265,1205.903,1213.398,94200,0.0,87768.0,0.22538643642947095
2016-06-01 04:00:00+00:00,1215.699951171875,1219.800048828125,1205.4000244140625,1211.9000244140625,2717,0.0,-91483.0,0.2638833552324842
2016-06-02 00:00:00+00:00,1213.379,1217.479,1206.854,1207.894,88782,0.0,86065.0,0.5162352941176377
2016-06-02 04:00:00+00:00,1212.4000244140625,1217.0,1209.5999755859375,1209.800048828125,1627,0.0,-87155.0,0.35134689299087773
2016-06-03 00:00:00+00:00,1207.875,1244.591,1207.469,1243.73,102708,0.0,101081.0,0.9658692958353583
2016-06-03 04:00:00+00:00,1209.0999755859375,1244.5,1206.4000244140625,1240.0999755859375,1622,0.0,-101086.0,0.8136488153404995
2016-06-05 00:00:00+00:00,1244.45,1248.002,1244.45,1248.002,2114,0.0,492.0,1.0
2016-06-06 00:00:00+00:00,1248.009,1248.537,1239.748,1244.731,92455,0.0,90341.0,0.37296620775970246
2016-06-06 04:00:00+00:00,1244.4000244140625,1247.300048828125,1240.0,1244.5999755859375,1135,0.0,-91320.0,0.027390388281328382
2016-06-07 00:00:00+00:00,1244.741,1246.408,1234.727,1243.824,83905,0.0,82770.0,0.07850355277800967
2016-06-07 04:00:00+00:00,1244.0,1244.9000244140625,1236.5,1244.4000244140625,281,0.0,-83624.0,0.04762181564529958
2016-06-08 00:00:00+00:00,1243.82,1266.185,1242.994,1264.735,97723,0.0,97442.0,0.9018584795825939
2016-06-08 04:00:00+00:00,1247.5999755859375,1264.0,1247.300048828125,1259.800048828125,406,0.0,-97317.0,0.7305454439132787
2016-06-09 00:00:00+00:00,1264.736,1271.541,1256.682,1265.618,87270,0.0,86864.0,0.05935796486976506
2016-06-09 04:00:00+00:00,1262.5,1271.4000244140625,1258.0999755859375,1270.199951171875,381,0.0,-86889.0,0.578941571672449
2016-06-10 00:00:00+00:00,1265.623,1278.027,1264.458,1273.736,52514,0.0,52133.0,0.5979069938831219
2016-06-10 04:00:00+00:00,1267.5999755859375,1278.0,1265.300048828125,1273.4000244140625,397,0.0,-52117.0,0.45669851400449835
2016-06-12 00:00:00+00:00,1276.55,1278.079,1276.167,1277.558,1583,0.0,1186.0,0.5271966527196758
2016-06-13 00:00:00+00:00,1277.525,1287.04,1272.35,1282.431,95586,0.0,94003.0,0.33396868618107084
2016-06-13 04:00:00+00:00,1276.199951171875,1287.300048828125,1273.0,1284.4000244140625,328,0.0,-95258.0,0.5734297372509518
2016-06-14 00:00:00+00:00,1282.429,1289.654,1276.082,1284.333,89311,0.0,88983.0,0.14028882994400324
2016-06-14 04:00:00+00:00,1281.800048828125,1289.699951171875,1277.800048828125,1285.5999755859375,554,0.0,-88757.0,0.31932419679126833
2016-06-15 00:00:00+00:00,1284.34,1296.689,1278.343,1293.564,80861,0.0,80307.0,0.5027798975253548
2016-06-15 04:00:00+00:00,1284.5999755859375,1296.199951171875,1278.800048828125,1285.800048828125,162,0.0,-80699.0,0.06897011365230812
2016-06-16 00:00:00+00:00,1293.57,1315.429,1276.766,1281.885,99973,0.0,99811.0,0.3022269353128299
2016-06-16 04:00:00+00:00,1296.300048828125,1316.4000244140625,1281.0999755859375,1296.0999755859375,251,0.0,-99722.0,0.005667789389234313
2016-06-17 00:00:00+00:00,1281.883,1299.515,1276.386,1298.037,62355,0.0,62104.0,0.6984305417441266
2016-06-17 04:00:00+00:00,1280.300048828125,1300.0999755859375,1280.300048828125,1292.5,129,0.0,-62226.0,0.6161614293376736
2016-06-19 00:00:00+00:00,1293.845,1293.845,1288.485,1289.354,2377,0.0,2248.0,0.8378731343283355
2016-06-20 00:00:00+00:00,1289.293,1291.044,1277.88,1287.808,75184,0.0,72807.0,0.11280765724702989
2016-06-20 04:00:00+00:00,1288.9000244140625,1291.199951171875,1280.300048828125,1290.0,153,0.0,-75031.0,0.10091609550687632
2016-06-21 00:00:00+00:00,1287.816,1294.013,1264.484,1268.897,69537,0.0,69384.0,0.6406922008872667
2016-06-21 04:00:00+00:00,1293.9000244140625,1293.9000244140625,1266.300048828125,1270.5,134,0.0,-69403.0,0.8478277214848363
2016-06-22 00:00:00+00:00,1268.896,1270.435,1259.386,1262.573,83370,0.0,83236.0,0.5722689836184159
2016-06-22 04:00:00+00:00,1267.0,1269.199951171875,1264.9000244140625,1268.0,53,0.0,-83317.0,0.23256210078069553
2016-06-23 00:00:00+00:00,1262.573,1271.598,1250.359,1267.183,109438,0.0,109385.0,0.21705353359385532
2016-06-23 04:00:00+00:00,1263.4000244140625,1270.5,1255.199951171875,1261.199951171875,218,0.0,-109220.0,0.14379517783912302
2016-06-24 00:00:00+00:00,1267.192,1358.069,1264.129,1315.407,238587,0.0,238369.0,0.5132531403023195
2016-06-24 04:00:00+00:00,1253.699951171875,1355.5999755859375,1253.699951171875,1320.0,694,0.0,-237893.0,0.6506382035662731
2016-06-26 00:00:00+00:00,1322.688,1335.191,1322.688,1332.747,6623,0.0,5929.0,0.8045269135407523
2016-06-27 00:00:00+00:00,1332.71,1333.455,1317.602,1324.485,139986,0.0,133363.0,0.5188292436762897
2016-06-27 04:00:00+00:00,1330.0,1331.699951171875,1320.0,1322.5,92,0.0,-139894.0,0.6410283162573295
2016-06-28 00:00:00+00:00,1324.508,1325.746,1305.332,1313.861,75006,0.0,74914.0,0.5215538356030146
2016-06-28 04:00:00+00:00,1314.800048828125,1315.5999755859375,1314.0999755859375,1315.300048828125,1072,0.0,-73934.0,0.3333333333333333
2016-06-29 00:00:00+00:00,1313.868,1327.657,1313.272,1315.857,100057,0.0,98985.0,0.13826903023983553
2016-06-29 04:00:00+00:00,1311.5999755859375,1327.4000244140625,1311.5999755859375,1323.9000244140625,414,0.0,-99643.0,0.7784816972356567
2016-06-30 00:00:00+00:00,1315.886,1326.493,1312.729,1321.697,68296,0.0,67882.0,0.42218831734960516
2016-06-30 04:00:00+00:00,1315.800048828125,1323.5,1314.5,1318.4000244140625,560,0.0,-67736.0,0.2888861762152778
2016-07-01 00:00:00+00:00,1321.709,1344.314,1320.499,1340.675,82983,0.0,82423.0,0.7963888305689629
2016-07-01 04:00:00+00:00,1324.5,1344.199951171875,1321.9000244140625,1336.699951171875,137,0.0,-82846.0,0.5470848090387068
2016-07-03 00:00:00+00:00,1341.568,1344.826,1341.006,1342.788,3123,0.0,2986.0,0.31937172774870354
2016-07-04 00:00:00+00:00,1342.781,1357.313,1340.384,1349.445,74831,0.0,71708.0,0.393644042766847
2016-07-05 00:00:00+00:00,1349.439,1364.478,1337.954,1362.489,274538,0.0,199707.0,0.4920072387271866
2016-07-05 04:00:00+00:00,1342.199951171875,1356.800048828125,1339.699951171875,1356.4000244140625,90,0.0,-274448.0,0.8304088975186317
2016-07-06 00:00:00+00:00,1362.451,1374.993,1359.512,1366.227,142143,0.0,142053.0,0.24391189199664548
2016-07-06 04:00:00+00:00,1359.0,1374.9000244140625,1359.0,1364.9000244140625,130,0.0,-142013.0,0.371070148096397
2016-07-07 00:00:00+00:00,1366.226,1370.537,1350.754,1360.712,86489,0.0,86359.0,0.2787241571045892
2016-07-07 04:00:00+00:00,1366.800048828125,1368.5999755859375,1350.5,1360.0999755859375,207,0.0,-86282.0,0.37017029168774235
2016-07-08 00:00:00+00:00,1360.816,1370.221,1335.366,1365.92,100748,0.0,100541.0,0.14643523167407946
2016-07-08 04:00:00+00:00,1361.300048828125,1365.800048828125,1335.0,1356.5999755859375,249,0.0,-100499.0,0.15259953867006984
2016-07-10 00:00:00+00:00,1372.62,1372.76,1369.367,1369.787,1533,0.0,1284.0,0.8349543177128889
2016-07-11 00:00:00+00:00,1369.665,1371.061,1350.809,1354.18,101463,0.0,99930.0,0.7646158404108204
2016-07-11 04:00:00+00:00,1371.699951171875,1371.800048828125,1353.0,1355.0,26,0.0,-101437.0,0.8882929679890916
2016-07-12 00:00:00+00:00,1354.192,1357.537,1330.266,1333.72,98869,0.0,98843.0,0.7506875435444249
2016-07-12 04:00:00+00:00,1353.5999755859375,1356.0,1330.300048828125,1334.0999755859375,252,0.0,-98617.0,0.7587563053948531
2016-07-13 00:00:00+00:00,1333.716,1346.503,1327.439,1345.405,94866,0.0,94614.0,0.6131451951321952
2016-07-13 04:00:00+00:00,1341.5,1342.4000244140625,1336.699951171875,1342.4000244140625,7,0.0,-94859.0,0.15789699111253883
2016-07-14 00:00:00+00:00,1345.413,1346.865,1320.116,1335.204,102953,0.0,102946.0,0.38165912744401853
2016-07-14 04:00:00+00:00,1341.4000244140625,1341.4000244140625,1322.699951171875,1331.300048828125,20,0.0,-102933.0,0.5401035308862793
2016-07-15 00:00:00+00:00,1335.212,1338.535,1322.428,1336.795,88447,0.0,88427.0,0.09828025082262908
2016-07-15 04:00:00+00:00,1333.699951171875,1333.699951171875,1322.9000244140625,1326.5,52,0.0,-88395.0,0.6666666666666666
2016-07-17 00:00:00+00:00,1330.51,1333.504,1330.085,1332.49,2464,0.0,2412.0,0.5791167007897321
2016-07-18 00:00:00+00:00,1332.524,1335.313,1323.377,1328.562,77443,0.0,74979.0,0.3319369973190298
2016-07-18 04:00:00+00:00,1327.5,1335.0,1326.199951171875,1328.4000244140625,54,0.0,-77389.0,0.1022749341101401
2016-07-19 00:00:00+00:00,1328.546,1334.748,1325.324,1332.566,60020,0.0,59966.0,0.42657045840407376
2016-07-19 04:00:00+00:00,1328.5,1333.199951171875,1326.4000244140625,1331.5,322,0.0,-59698.0,0.4411812225114442
2016-07-20 00:00:00+00:00,1332.557,1337.034,1312.329,1312.582,72156,0.0,71834.0,0.8085407812183681
2016-07-20 04:00:00+00:00,1331.0,1337.5,1315.5,1318.800048828125,751,0.0,-71405.0,0.5545432350852273
2016-07-21 00:00:00+00:00,1312.537,1333.693,1310.551,1332.13,81036,0.0,80285.0,0.8466424682395657
2016-07-21 04:00:00+00:00,1312.800048828125,1330.5,1312.800048828125,1330.5,318,0.0,-80718.0,1.0
2016-07-22 00:00:00+00:00,1332.117,1333.244,1319.606,1321.794,73585,0.0,73267.0,0.7569291684997747
2016-07-22 04:00:00+00:00,1330.699951171875,1330.699951171875,1320.4000244140625,1323.0999755859375,55,0.0,-73530.0,0.7378669542647878
2016-07-24 00:00:00+00:00,1321.038,1323.059,1320.133,1323.054,2707,0.0,2652.0,0.6889952153110471
2016-07-25 00:00:00+00:00,1323.103,1323.527,1311.947,1315.912,69157,0.0,66450.0,0.6209844559585436
2016-07-25 04:00:00+00:00,1315.699951171875,1319.300048828125,1313.800048828125,1319.300048828125,548,0.0,-68609.0,0.6545632102272727
2016-07-26 00:00:00+00:00,1315.884,1324.338,1313.647,1318.87,66923,0.0,66375.0,0.2793003460854801
2016-07-26 04:00:00+00:00,1315.199951171875,1320.699951171875,1315.199951171875,1320.699951171875,63,0.0,-66860.0,1.0
2016-07-27 00:00:00+00:00,1318.854,1342.098,1315.663,1339.454,72678,0.0,72615.0,0.7792699073198393
2016-07-27 04:00:00+00:00,1326.0,1326.5999755859375,1326.0,1326.5999755859375,215388,0.0,142710.0,1.0
2016-07-28 00:00:00+00:00,1339.473,1345.408,1332.397,1335.85,76396,0.0,-138992.0,0.2784566904926644
2016-07-28 04:00:00+00:00,1339.5,1344.300048828125,1330.0999755859375,1332.300048828125,56908,0.0,-19488.0,0.5070361996784926
2016-07-29 00:00:00+00:00,1335.885,1354.815,1328.376,1350.72,40679,0.0,-16229.0,0.5611029161466013
2016-07-29 04:00:00+00:00,1333.199951171875,1353.300048828125,1325.800048828125,1349.0,6076,0.0,-34603.0,0.5745472301136364
2016-07-31 00:00:00+00:00,1350.739,1350.834,1348.055,1348.872,3231,0.0,-2845.0,0.6718243972651905
2016-08-01 00:00:00+00:00,1348.839,1354.733,1346.073,1352.541,66572,0.0,63341.0,0.4274826789838407
2016-08-01 04:00:00+00:00,1348.800048828125,1353.5,1345.5999755859375,1351.4000244140625,1257,0.0,-65315.0,0.3291098165860593
2016-08-02 00:00:00+00:00,1352.551,1367.07,1346.93,1362.831,69877,0.0,68620.0,0.5104270109235371
2016-08-02 04:00:00+00:00,1352.0999755859375,1366.0,1346.5999755859375,1364.4000244140625,2941,0.0,-66936.0,0.6340223375806198
2016-08-03 00:00:00+00:00,1362.737,1366.332,1354.033,1355.971,67118,0.0,64177.0,0.550126026506217
2016-08-03 04:00:00+00:00,1362.4000244140625,1364.699951171875,1353.300048828125,1356.0999755859375,715,0.0,-66403.0,0.5526405962222127
2016-08-04 00:00:00+00:00,1355.968,1364.821,1349.025,1360.036,76249,0.0,75534.0,0.25753355279817863
2016-08-04 04:00:00+00:00,1354.4000244140625,1361.5999755859375,1347.0,1358.800048828125,381,0.0,-75868.0,0.30137203916289723
2016-08-05 00:00:00+00:00,1360.038,1364.514,1334.558,1335.196,77935,0.0,77554.0,0.8292829483242148
2016-08-05 04:00:00+00:00,1357.5999755859375,1360.800048828125,1333.699951171875,1336.4000244140625,1107,0.0,-76828.0,0.7822832021044666
2016-08-07 00:00:00+00:00,1332.928,1334.067,1331.252,1333.367,4062,0.0,2955.0,0.15595026642978413
2016-08-08 00:00:00+00:00,1333.376,1338.1,1329.774,1335.829,68750,0.0,64688.0,0.29461926495315494
2016-08-08 04:00:00+00:00,1330.0,1335.4000244140625,1327.800048828125,1333.4000244140625,587,0.0,-68163.0,0.4473730705600797
2016-08-09 00:00:00+00:00,1335.807,1342.728,1330.464,1341.674,65499,0.0,64912.0,0.4783920417481982
2016-08-09 04:00:00+00:00,1331.800048828125,1339.4000244140625,1328.5,1339.0,620,0.0,-64879.0,0.6605444995688352
2016-08-10 00:00:00+00:00,1341.662,1357.048,1340.666,1347.414,76894,0.0,76274.0,0.3511170797216415
2016-08-10 04:00:00+00:00,1344.800048828125,1354.199951171875,1344.300048828125,1344.300048828125,110,0.0,-76784.0,0.0505055487053021
2016-08-11 00:00:00+00:00,1347.374,1353.17,1335.698,1339.247,72013,0.0,71903.0,0.4651442307692286
2016-08-11 04:00:00+00:00,1341.5999755859375,1350.4000244140625,1334.800048828125,1342.5,666,0.0,-71347.0,0.057693962987597325
2016-08-12 00:00:00+00:00,1339.155,1356.118,1332.711,1335.298,81262,0.0,80596.0,0.16477976673644565
2016-08-12 04:00:00+00:00,1336.800048828125,1351.800048828125,1333.199951171875,1335.800048828125,113,0.0,-81149.0,0.0537631585855669
2016-08-14 00:00:00+00:00,1337.168,1339.193,1336.573,1338.906,3370,0.0,3257.0,0.6633587786260033
2016-08-15 00:00:00+00:00,1338.897,1343.642,1335.654,1340.935,66107,0.0,62737.0,0.25513269904857244
2016-08-15 04:00:00+00:00,1336.5,1340.5999755859375,1333.5999755859375,1340.300048828125,62,0.0,-66045.0,0.5428641183035714
2016-08-16 00:00:00+00:00,1340.939,1357.892,1340.465,1347.694,82665,0.0,82603.0,0.3876169162793269
2016-08-16 04:00:00+00:00,1342.199951171875,1355.0,1341.0,1350.5,338,0.0,-82327.0,0.5928606305803571
2016-08-17 00:00:00+00:00,1347.653,1352.807,1335.857,1352.129,79456,0.0,79118.0,0.2640707964601695
2016-08-17 04:00:00+00:00,1345.5,1347.300048828125,1338.5999755859375,1342.699951171875,135,0.0,-79321.0,0.3218419834154144
2016-08-18 00:00:00+00:00,1352.136,1355.938,1345.986,1350.016,82622,0.0,82487.0,0.21302250803857428
2016-08-18 04:00:00+00:00,1351.300048828125,1354.4000244140625,1348.199951171875,1351.199951171875,140,0.0,-82482.0,0.01614459254592349
2016-08-19 00:00:00+00:00,1349.999,1350.939,1337.687,1340.98,75121,0.0,74981.0,0.6805765167521796
2016-08-19 04:00:00+00:00,1350.0999755859375,1350.0999755859375,1338.5999755859375,1340.4000244140625,197,0.0,-74924.0,0.8434740149456522
2016-08-21 00:00:00+00:00,1338.539,1339.635,1334.903,1337.196,3629,0.0,3432.0,0.2838123415046667
2016-08-22 00:00:00+00:00,1337.206,1339.821,1331.65,1337.539,82799,0.0,79170.0,0.04075388569331672
2016-08-22 04:00:00+00:00,1334.4000244140625,1337.699951171875,1333.300048828125,1337.699951171875,117,0.0,-82682.0,0.75
2016-08-23 00:00:00+00:00,1337.5,1344.486,1335.065,1337.751,75273,0.0,75156.0,0.026642606941935574
2016-08-23 04:00:00+00:00,1337.0,1341.199951171875,1334.300048828125,1340.5999755859375,551,0.0,-74722.0,0.5217429764347887
2016-08-24 00:00:00+00:00,1337.742,1339.838,1323.157,1325.839,62197,0.0,61646.0,0.7135663329536593
2016-08-24 04:00:00+00:00,1337.199951171875,1337.199951171875,1322.9000244140625,1324.4000244140625,262,0.0,-61935.0,0.8951043578471125
2016-08-25 00:00:00+00:00,1325.832,1326.869,1317.952,1321.96,44785,0.0,44523.0,0.4342267578782222
2016-08-25 04:00:00+00:00,1321.4000244140625,1324.0,1317.0,1320.0999755859375,58,0.0,-44727.0,0.18572126116071427
2016-08-26 00:00:00+00:00,1321.978,1342.157,1318.277,1320.627,78285,0.0,78227.0,0.05657453936348909
2016-08-26 04:00:00+00:00,1323.800048828125,1340.5,1320.0999755859375,1321.5,141,0.0,-78144.0,0.11274735664235236
2016-08-28 00:00:00+00:00,1319.637,1321.256,1318.413,1320.533,2684,0.0,2543.0,0.31516004220891125
2016-08-29 00:00:00+00:00,1320.515,1324.885,1314.727,1323.653,75534,0.0,72850.0,0.30891907855876655
2016-08-29 04:00:00+00:00,1315.0,1323.0,1315.0,1322.9000244140625,437,0.0,-75097.0,0.9875030517578125
2016-08-30 00:00:00+00:00,1323.637,1325.237,1309.139,1312.049,75422,0.0,74985.0,0.7198409740340311
2016-08-30 04:00:00+00:00,1322.0,1322.0999755859375,1308.0,1311.699951171875,705,0.0,-74717.0,0.7305011817465609
2016-08-31 00:00:00+00:00,1312.104,1315.936,1304.28,1309.511,69695,0.0,68990.0,0.22246053534660998
2016-08-31 04:00:00+00:00,1310.300048828125,1313.699951171875,1306.300048828125,1306.9000244140625,214,0.0,-69481.0,0.4594688221709007
2016-09-01 00:00:00+00:00,1309.577,1314.902,1302.388,1314.249,72243,0.0,72029.0,0.37334185712002393
2016-09-01 04:00:00+00:00,1305.300048828125,1313.0999755859375,1301.5,1312.199951171875,225,0.0,-72018.0,0.5948204194597325
2016-09-02 00:00:00+00:00,1314.236,1329.778,1304.837,1324.674,95312,0.0,95087.0,0.4185076781203585
2016-09-02 04:00:00+00:00,1309.5999755859375,1326.699951171875,1309.199951171875,1322.0999755859375,55,0.0,-95257.0,0.7142857142857143
2016-09-04 00:00:00+00:00,1324.728,1324.941,1322.396,1322.459,2698,0.0,2643.0,0.891552062868346
2016-09-05 00:00:00+00:00,1322.479,1328.369,1321.696,1327.141,50378,0.0,47680.0,0.6986362955192617
2016-09-06 00:00:00+00:00,1327.139,1352.352,1324.64,1348.956,79009,0.0,28631.0,0.7872762702078527
2016-09-06 04:00:00+00:00,1323.300048828125,1349.4000244140625,1323.199951171875,1349.4000244140625,46,0.0,-78963.0,0.996179489449334
2016-09-07 00:00:00+00:00,1348.958,1352.408,1341.558,1344.149,74935,0.0,74889.0,0.44322580645163473
2016-09-07 04:00:00+00:00,1348.4000244140625,1350.5,1343.9000244140625,1344.300048828125,14,0.0,-74921.0,0.6212107200325522
2016-09-08 00:00:00+00:00,1344.238,1349.144,1335.367,1337.13,79966,0.0,79952.0,0.5159323510198102
2016-09-08 04:00:00+00:00,1344.800048828125,1345.4000244140625,1335.699951171875,1336.800048828125,30,0.0,-79936.0,0.8247360406730176
2016-09-09 00:00:00+00:00,1337.121,1339.405,1327.255,1327.497,72710,0.0,72680.0,0.7920987654321096
2016-09-09 04:00:00+00:00,1338.5,1338.5,1328.0,1330.0999755859375,35,0.0,-72675.0,0.8000023251488095
2016-09-11 00:00:00+00:00,1328.609,1329.733,1327.267,1329.329,4107,0.0,4072.0,0.2919708029197316
2016-09-12 00:00:00+00:00,1329.319,1330.161,1320.266,1329.704,84315,0.0,80208.0,0.038908539666497384
2016-09-12 04:00:00+00:00,1327.0,1329.300048828125,1319.9000244140625,1321.0,177,0.0,-84138.0,0.638296214531524
2016-09-13 00:00:00+00:00,1329.693,1331.842,1313.198,1320.888,88204,0.0,88027.0,0.47226989916327294
2016-09-13 04:00:00+00:00,1324.5999755859375,1324.5999755859375,1315.0,1319.0,79,0.0,-88125.0,0.5833322736925092
2016-09-14 00:00:00+00:00,1320.832,1325.862,1315.985,1322.765,77106,0.0,77027.0,0.19570719854206312
2016-09-14 04:00:00+00:00,1319.199951171875,1322.300048828125,1319.199951171875,1321.5,73,0.0,-77033.0,0.7419278626555363
2016-09-15 00:00:00+00:00,1322.739,1327.816,1309.239,1316.771,81479,0.0,81406.0,0.32125746891317625
2016-09-15 04:00:00+00:00,1320.699951171875,1320.699951171875,1310.800048828125,1313.5,37,0.0,-81442.0,0.7272749691738595
2016-09-16 00:00:00+00:00,1316.771,1317.874,1306.158,1309.835,68853,0.0,68816.0,0.5920109252304413
2016-09-16 04:00:00+00:00,1312.199951171875,1312.5999755859375,1305.800048828125,1305.800048828125,4,0.0,-68849.0,0.941172246656494
2016-09-18 00:00:00+00:00,1309.789,1312.399,1309.555,1310.862,3842,0.0,3838.0,0.3772855133615188
2016-09-19 00:00:00+00:00,1310.835,1318.125,1309.329,1313.81,66390,0.0,62548.0,0.33822191905410326
2016-09-19 04:00:00+00:00,1313.5,1313.5,1313.5,1313.5,20,0.0,-66370.0,0.0
2016-09-20 00:00:00+00:00,1313.793,1317.669,1311.883,1315.713,58937,0.0,58917.0,0.33183546491532206
2016-09-20 04:00:00+00:00,1313.699951171875,1313.699951171875,1313.699951171875,1313.699951171875,97,0.0,-58840.0,0.0
2016-09-21 00:00:00+00:00,1315.768,1336.581,1307.516,1333.157,59716,0.0,59619.0,0.5982797178737312
2016-09-21 04:00:00+00:00,1326.300048828125,1326.9000244140625,1324.0,1326.9000244140625,76,0.0,-59640.0,0.20688639137938292
2016-09-22 00:00:00+00:00,1333.147,1343.494,1331.117,1337.006,75814,0.0,75738.0,0.31178799385959166
2016-09-22 04:00:00+00:00,1338.5999755859375,1340.4000244140625,1338.199951171875,1340.4000244140625,23,0.0,-75791.0,0.8181767741219553
2016-09-23 00:00:00+00:00,1337.009,1340.439,1333.674,1337.129,63982,0.0,63959.0,0.01773835920175744
2016-09-23 04:00:00+00:00,1337.199951171875,1337.199951171875,1337.199951171875,1337.199951171875,40,0.0,-63942.0,0.0
2016-09-25 00:00:00+00:00,1336.639,1338.67,1336.612,1338.237,1681,0.0,1641.0,0.7764820213800726
2016-09-26 00:00:00+00:00,1338.196,1341.928,1332.614,1337.267,69894,0.0,68213.0,0.09974232338413701
2016-09-26 04:00:00+00:00,1335.199951171875,1341.800048828125,1335.199951171875,1339.699951171875,24,0.0,-69870.0,0.681808093511874
2016-09-27 00:00:00+00:00,1337.232,1339.362,1324.541,1326.393,74819,0.0,74795.0,0.7313271709061359
2016-09-27 04:00:00+00:00,1328.0,1328.699951171875,1325.9000244140625,1325.9000244140625,48,0.0,-74771.0,0.7500108994201509
2016-09-28 00:00:00+00:00,1326.383,1326.965,1317.895,1323.377,70863,0.0,70815.0,0.3314222712238265
2016-09-28 04:00:00+00:00,1319.4000244140625,1319.4000244140625,1319.4000244140625,1319.4000244140625,10551,0.0,-60312.0,0.0
2016-09-29 00:00:00+00:00,1323.347,1325.597,1315.975,1321.953,71256,0.0,60705.0,0.14487632508833873
2016-09-29 04:00:00+00:00,1321.199951171875,1325.0,1314.699951171875,1321.699951171875,6108,0.0,-65148.0,0.0485434591955249
2016-09-30 00:00:00+00:00,1321.962,1327.907,1313.092,1315.103,75700,0.0,69592.0,0.4629767127910904
2016-09-30 04:00:00+00:00,1320.5999755859375,1327.699951171875,1312.9000244140625,1313.300048828125,868,0.0,-74832.0,0.4932407353947922
2016-10-02 00:00:00+00:00,1317.16,1317.16,1315.041,1315.602,2648,0.0,1780.0,0.7352524775837133
2016-10-03 00:00:00+00:00,1315.578,1319.453,1309.262,1311.717,67727,0.0,65079.0,0.37886370326757574
2016-10-03 04:00:00+00:00,1313.5,1316.800048828125,1308.199951171875,1309.0,299,0.0,-67428.0,0.5232498722534492
2016-10-04 00:00:00+00:00,1311.72,1311.976,1266.371,1267.979,90917,0.0,90618.0,0.9591272886744867
2016-10-04 04:00:00+00:00,1307.5999755859375,1310.199951171875,1266.300048828125,1266.300048828125,1893,0.0,-89024.0,0.9407749118533596
2016-10-05 00:00:00+00:00,1268.034,1276.94,1262.056,1269.089,74596,0.0,72703.0,0.07088148347217382
2016-10-05 04:00:00+00:00,1272.0999755859375,1274.0,1261.300048828125,1265.199951171875,246,0.0,-74350.0,0.5433110978680866
2016-10-06 00:00:00+00:00,1269.049,1269.1,1249.712,1255.783,72133,0.0,71887.0,0.6842376727872979
2016-10-06 04:00:00+00:00,1265.300048828125,1265.300048828125,1249.800048828125,1249.800048828125,114,0.0,-72019.0,1.0
2016-10-07 00:00:00+00:00,1255.764,1265.12,1241.32,1255.954,79062,0.0,78948.0,0.007983193277313233
2016-10-07 04:00:00+00:00,1253.9000244140625,1263.5999755859375,1248.9000244140625,1248.9000244140625,169,0.0,-78893.0,0.3401371842354387
2016-10-09 00:00:00+00:00,1257.379,1261.49,1257.271,1259.865,3195,0.0,3026.0,0.5892391561981687
2016-10-10 00:00:00+00:00,1259.816,1264.785,1256.501,1258.394,56437,0.0,53242.0,0.1716562047320144
2016-10-11 00:00:00+00:00,1258.391,1261.976,1251.081,1254.394,70967,0.0,14530.0,0.36686553464892097
2016-10-11 04:00:00+00:00,1258.9000244140625,1258.9000244140625,1253.0,1253.0,26,0.0,-70941.0,1.0
2016-10-12 00:00:00+00:00,1254.379,1258.626,1249.642,1253.855,66684,0.0,66658.0,0.05832591273373683
2016-10-12 04:00:00+00:00,1251.699951171875,1254.0,1251.0999755859375,1251.0999755859375,127,0.0,-66557.0,0.20688639137938292
2016-10-13 00:00:00+00:00,1253.859,1262.071,1253.078,1256.949,68437,0.0,68310.0,0.3436005782275288
2016-10-13 04:00:00+00:00,1258.699951171875,1259.0,1255.0,1255.0,315,0.0,-68122.0,0.92498779296875
2016-10-14 00:00:00+00:00,1256.861,1259.333,1246.075,1250.476,67649,0.0,67334.0,0.48159601749886655
2016-10-14 04:00:00+00:00,1253.9000244140625,1253.9000244140625,1250.5999755859375,1253.0999755859375,311,0.0,-67338.0,0.2424354516534734
2016-10-16 00:00:00+00:00,1251.249,1252.974,1250.092,1252.905,1659,0.0,1348.0,0.5746009715475517
2016-10-17 00:00:00+00:00,1252.901,1256.972,1250.419,1255.671,60792,0.0,59133.0,0.4227071570273205
2016-10-17 04:00:00+00:00,1249.9000244140625,1255.0,1249.9000244140625,1254.4000244140625,41,0.0,-60751.0,0.8823571650829364
2016-10-18 00:00:00+00:00,1255.685,1264.547,1255.521,1263.52,61019,0.0,60978.0,0.8680478617327696
2016-10-18 04:00:00+00:00,1260.9000244140625,1261.699951171875,1260.800048828125,1260.800048828125,11,0.0,-61008.0,0.11109603906673901
2016-10-19 00:00:00+00:00,1263.515,1273.164,1260.174,1269.902,61862,0.0,61851.0,0.49168591224018005
2016-10-19 04:00:00+00:00,1262.9000244140625,1271.5,1262.9000244140625,1267.9000244140625,219,0.0,-61643.0,0.5813969993328697
2016-10-20 00:00:00+00:00,1269.882,1274.199,1264.719,1264.898,56475,0.0,56256.0,0.5257383966244875
2016-10-20 04:00:00+00:00,1270.0,1270.5,1265.5,1265.5999755859375,415,0.0,-56060.0,0.8800048828125
2016-10-21 00:00:00+00:00,1264.854,1267.822,1261.016,1265.909,48559,0.0,48144.0,0.1550102850426231
2016-10-21 04:00:00+00:00,1265.9000244140625,1265.9000244140625,1265.9000244140625,1265.9000244140625,224,0.0,-48335.0,0.0
2016-10-23 00:00:00+00:00,1265.952,1266.455,1265.355,1266.066,1881,0.0,1657.0,0.10363636363640197
2016-10-24 00:00:00+00:00,1266.062,1271.707,1260.118,1263.317,59024,0.0,57143.0,0.23686254206573912
2016-10-24 04:00:00+00:00,1269.199951171875,1269.199951171875,1261.800048828125,1262.0,42,0.0,-58982.0,0.9729792147806005
2016-10-25 00:00:00+00:00,1263.321,1276.516,1262.008,1274.25,61740,0.0,61698.0,0.7533085194375557
2016-10-25 04:00:00+00:00,1264.0999755859375,1274.0999755859375,1264.0999755859375,1271.9000244140625,61,0.0,-61679.0,0.7800048828125
2016-10-26 00:00:00+00:00,1274.284,1276.317,1264.603,1266.385,61466,0.0,61405.0,0.6743213249103768
2016-10-26 04:00:00+00:00,1274.0,1274.0,1264.800048828125,1264.800048828125,279,0.0,-61187.0,1.0
2016-10-27 00:00:00+00:00,1266.353,1272.528,1264.964,1269.419,63191,0.0,62912.0,0.40534108937070323
2016-10-27 04:00:00+00:00,1269.4000244140625,1269.4000244140625,1267.9000244140625,1267.9000244140625,338,0.0,-62853.0,1.0
2016-10-28 00:00:00+00:00,1269.414,1283.973,1261.375,1274.656,68341,0.0,68003.0,0.23196743074608248
2016-10-28 04:00:00+00:00,1270.300048828125,1281.5,1262.0,1275.5,560,0.0,-67781.0,0.2666641626602564
2016-10-30 00:00:00+00:00,1277.969,1279.092,1276.202,1278.598,1792,0.0,1232.0,0.21764705882348914
2016-10-31 00:00:00+00:00,1278.618,1279.309,1271.143,1275.998,50260,0.0,48468.0,0.32084251775654055
2016-10-31 04:00:00+00:00,1276.5999755859375,1276.5999755859375,1271.5,1271.5,58,0.0,-50202.0,1.0
2016-11-01 00:00:00+00:00,1275.995,1291.674,1275.534,1287.612,74894,0.0,74836.0,0.71976456009915
2016-11-01 04:00:00+00:00,1279.300048828125,1290.699951171875,1279.0,1286.4000244140625,49,0.0,-74845.0,0.6068380527095549
2016-11-02 00:00:00+00:00,1287.588,1307.811,1287.242,1298.321,82039,0.0,81990.0,0.521804657494286
2016-11-02 04:00:00+00:00,1288.300048828125,1307.0,1288.300048828125,1306.800048828125,30,0.0,-82009.0,0.9893073960441282
2016-11-03 00:00:00+00:00,1298.321,1306.37,1285.549,1301.882,85247,0.0,85217.0,0.1710292493156027
2016-11-03 04:00:00+00:00,1296.4000244140625,1303.0999755859375,1287.300048828125,1302.0999755859375,73,0.0,-85174.0,0.36075807560668455
2016-11-04 00:00:00+00:00,1301.886,1306.942,1294.622,1303.78,71793,0.0,71720.0,0.15373376623376747
2016-11-04 04:00:00+00:00,1300.0,1303.300048828125,1296.699951171875,1303.300048828125,11,0.0,-71782.0,0.5
2016-11-06 00:00:00+00:00,1292.768,1293.964,1287.673,1289.135,5207,0.0,5196.0,0.5774916547448852
2016-11-07 00:00:00+00:00,1289.143,1295.7,1278.097,1282.34,76558,0.0,71351.0,0.3864682156450654
2016-11-07 05:00:00+00:00,1292.0,1294.5,1278.300048828125,1278.300048828125,34,0.0,-76524.0,0.8456785472081984
2016-11-08 00:00:00+00:00,1282.327,1290.429,1267.793,1273.142,79132,0.0,79098.0,0.40576957059550567
2016-11-08 05:00:00+00:00,1284.0999755859375,1289.4000244140625,1273.199951171875,1273.4000244140625,50,0.0,-79082.0,0.6604878269322061
2016-11-09 00:00:00+00:00,1273.163,1337.126,1268.796,1276.119,184826,0.0,184776.0,0.043260646860821116
2016-11-09 05:00:00+00:00,1272.199951171875,1318.5999755859375,1270.0,1272.5999755859375,108,0.0,-184718.0,0.008230959156659492
2016-11-10 00:00:00+00:00,1276.07,1292.034,1252.176,1260.654,115541,0.0,115433.0,0.3867730443072877
2016-11-10 05:00:00+00:00,1274.4000244140625,1287.5,1253.300048828125,1265.5,63,0.0,-115478.0,0.26023500353361934
2016-11-11 00:00:00+00:00,1260.691,1265.202,1218.888,1227.492,118487,0.0,118424.0,0.7168242863928836
2016-11-13 00:00:00+00:00,1227.984,1231.134,1226.91,1229.581,4346,0.0,-114141.0,0.3780776515151528
2016-11-14 00:00:00+00:00,1229.554,1230.045,1211.39,1223.511,120471,0.0,116125.0,0.32393460198338936
2016-11-14 05:00:00+00:00,1227.800048828125,1229.5,1210.4000244140625,1221.199951171875,216,0.0,-120255.0,0.3455552928093464
2016-11-15 00:00:00+00:00,1223.491,1231.31,1218.779,1226.864,93438,0.0,93222.0,0.2691724523182556
2016-11-15 05:00:00+00:00,1224.300048828125,1226.0,1222.5,1224.0,20,0.0,-93418.0,0.08572823660714286
2016-11-16 00:00:00+00:00,1226.835,1232.852,1221.405,1226.562,84912,0.0,84892.0,0.02384904341750113
2016-11-16 05:00:00+00:00,1229.300048828125,1229.300048828125,1223.0,1223.4000244140625,66,0.0,-84846.0,0.9365045533811277
2016-11-17 00:00:00+00:00,1226.586,1231.167,1210.934,1214.637,90202,0.0,90136.0,0.5905698611179805
2016-11-17 05:00:00+00:00,1224.5999755859375,1225.0,1211.0,1216.5,1139,0.0,-89063.0,0.5785696847098214
2016-11-18 00:00:00+00:00,1214.624,1215.921,1202.785,1207.958,88384,0.0,87245.0,0.5074604141291076
2016-11-18 05:00:00+00:00,1211.9000244140625,1211.9000244140625,1207.199951171875,1208.5,607,0.0,-87777.0,0.7233981767654468
2016-11-20 00:00:00+00:00,1207.419,1208.011,1205.456,1206.096,1884,0.0,1277.0,0.5178082191781056
2016-11-21 00:00:00+00:00,1206.106,1217.416,1206.106,1215.986,78409,0.0,76525.0,0.8735632183908184
2016-11-21 05:00:00+00:00,1209.5999755859375,1209.5999755859375,1209.5999755859375,1209.5999755859375,19,0.0,-78390.0,0.0
2016-11-22 00:00:00+00:00,1215.96,1220.851,1206.036,1212.688,78898,0.0,78879.0,0.2208572392845037
2016-11-22 05:00:00+00:00,1210.4000244140625,1211.0999755859375,1207.5999755859375,1211.0,19,0.0,-78879.0,0.17142159598214285
2016-11-23 00:00:00+00:00,1212.673,1214.743,1181.658,1189.404,77203,0.0,77184.0,0.703309656944234
2016-11-23 05:00:00+00:00,1212.800048828125,1213.800048828125,1186.800048828125,1189.0999755859375,309,0.0,-76894.0,0.8777804904513888
2016-11-24 00:00:00+00:00,1189.38,1190.613,1180.194,1185.935,59245,0.0,58936.0,0.3306459353105031
2016-11-25 00:00:00+00:00,1185.914,1193.088,1170.713,1183.811,77909,0.0,18664.0,0.09398882681564538
2016-11-25 05:00:00+00:00,1177.0,1189.300048828125,1177.0,1178.199951171875,14,0.0,-77895.0,0.09755661856652309
2016-11-27 00:00:00+00:00,1183.589,1186.836,1182.502,1186.69,2110,0.0,2096.0,0.7155053068758813
2016-11-28 00:00:00+00:00,1186.638,1197.418,1182.917,1194.532,88240,0.0,86130.0,0.5443762499138003
2016-11-28 05:00:00+00:00,1188.0,1190.5999755859375,1188.0,1190.5999755859375,189914,0.0,101674.0,1.0
2016-11-29 00:00:00+00:00,1194.527,1194.787,1180.951,1188.742,82797,0.0,-107117.0,0.4181121711477361
2016-11-29 05:00:00+00:00,1193.199951171875,1194.800048828125,1179.4000244140625,1187.9000244140625,42124,0.0,-40673.0,0.34415054257789895
2016-11-30 00:00:00+00:00,1188.76,1194.782,1170.218,1172.232,89772,0.0,47648.0,0.672854583943988
2016-11-30 05:00:00+00:00,1187.0999755859375,1193.300048828125,1167.9000244140625,1170.800048828125,7158,0.0,-82614.0,0.6417287830947197
2016-12-01 00:00:00+00:00,1172.235,1176.519,1160.603,1173.33,91861,0.0,84703.0,0.06879869313898161
2016-12-01 05:00:00+00:00,1172.699951171875,1174.5999755859375,1160.0,1166.9000244140625,1588,0.0,-90273.0,0.3972559216742055
2016-12-02 00:00:00+00:00,1173.289,1177.858,1166.647,1176.504,78468,0.0,76880.0,0.28677192043527916
2016-12-02 05:00:00+00:00,1172.300048828125,1177.300048828125,1166.4000244140625,1175.0999755859375,1521,0.0,-76947.0,0.2568734391273672
2016-12-04 00:00:00+00:00,1176.164,1187.832,1176.164,1180.103,4102,0.0,2581.0,0.33758998971546433
2016-12-05 00:00:00+00:00,1180.112,1181.233,1157.021,1169.987,94353,0.0,90251.0,0.41818106723938564
2016-12-05 05:00:00+00:00,1181.800048828125,1186.699951171875,1157.0,1174.0,358,0.0,-93995.0,0.2626283384435804
2016-12-06 00:00:00+00:00,1170.0,1175.107,1166.588,1169.218,74090,0.0,73732.0,0.09179481159759655
2016-12-06 05:00:00+00:00,1170.9000244140625,1174.5,1167.0999755859375,1167.5999755859375,652,0.0,-73438.0,0.4459510730604906
2016-12-07 00:00:00+00:00,1169.221,1180.034,1165.423,1174.768,70387,0.0,69735.0,0.3796454725891442
2016-12-07 05:00:00+00:00,1167.699951171875,1178.5,1166.4000244140625,1175.0,182,0.0,-70205.0,0.6033110378015193
2016-12-08 00:00:00+00:00,1174.769,1178.389,1169.101,1170.448,74782,0.0,74600.0,0.4652239448751091
2016-12-08 05:00:00+00:00,1173.800048828125,1177.800048828125,1169.0999755859375,1169.800048828125,322,0.0,-74460.0,0.459766244335003
2016-12-09 00:00:00+00:00,1170.449,1171.842,1156.187,1159.06,72541,0.0,72219.0,0.7274992015330551
2016-12-09 05:00:00+00:00,1166.5999755859375,1168.800048828125,1156.0,1159.4000244140625,365,0.0,-72176.0,0.5624940395582597
2016-12-11 00:00:00+00:00,1158.439,1159.822,1156.577,1158.375,1505,0.0,1140.0,0.019722650231149573
2016-12-12 00:00:00+00:00,1158.347,1165.511,1151.058,1162.923,78786,0.0,77281.0,0.3166124679997253
2016-12-12 05:00:00+00:00,1158.300048828125,1163.9000244140625,1153.0,1163.5,331,0.0,-78455.0,0.4770586720123638
2016-12-13 00:00:00+00:00,1162.912,1164.803,1154.498,1158.445,71200,0.0,70869.0,0.4334788937409093
2016-12-13 05:00:00+00:00,1163.5,1164.0,1155.4000244140625,1156.699951171875,637,0.0,-70563.0,0.7907055967977743
2016-12-14 00:00:00+00:00,1158.465,1165.082,1138.751,1142.731,82342,0.0,81705.0,0.5975466180547585
2016-12-14 05:00:00+00:00,1159.800048828125,1164.0,1142.0,1161.300048828125,487,0.0,-81855.0,0.06818181818181818
2016-12-15 00:00:00+00:00,1142.722,1144.239,1122.548,1127.958,94574,0.0,94087.0,0.6806509612281534
2016-12-15 05:00:00+00:00,1139.800048828125,1143.300048828125,1123.9000244140625,1127.800048828125,244,0.0,-94330.0,0.6185559226050024
2016-12-16 00:00:00+00:00,1127.948,1141.079,1126.557,1134.153,75998,0.0,75754.0,0.42728274342376776
2016-12-16 05:00:00+00:00,1126.9000244140625,1140.9000244140625,1126.9000244140625,1135.300048828125,146,0.0,-75852.0,0.6000017438616071
2016-12-18 00:00:00+00:00,1133.819,1136.629,1132.941,1135.576,1442,0.0,1296.0,0.47640997830805903
2016-12-19 00:00:00+00:00,1135.637,1142.137,1135.445,1138.469,71906,0.0,70464.0,0.42319187089063126
2016-12-19 05:00:00+00:00,1139.4000244140625,1140.699951171875,1137.9000244140625,1140.5,249,0.0,-71657.0,0.39285869991716443
2016-12-20 00:00:00+00:00,1138.472,1139.528,1125.657,1131.833,76949,0.0,76700.0,0.47862446831517924
2016-12-20 05:00:00+00:00,1133.5,1133.5,1126.5,1131.5,46,0.0,-76903.0,0.2857142857142857
2016-12-21 00:00:00+00:00,1131.863,1136.922,1129.236,1130.794,65725,0.0,65679.0,0.1390840489201107
2016-12-21 05:00:00+00:00,1136.0999755859375,1136.0999755859375,1130.0,1131.0999755859375,50,0.0,-65675.0,0.8196754117388085
2016-12-22 00:00:00+00:00,1130.79,1133.883,1127.584,1128.653,61083,0.0,61033.0,0.3392602000317433
2016-12-22 05:00:00+00:00,1131.199951171875,1132.800048828125,1128.300048828125,1128.800048828125,104,0.0,-60979.0,0.5333116319444444
2016-12-23 00:00:00+00:00,1128.643,1135.501,1128.2,1132.497,28754,0.0,28650.0,0.5278728941241033
2016-12-23 05:00:00+00:00,1130.9000244140625,1132.800048828125,1130.300048828125,1131.9000244140625,70,0.0,-28684.0,0.4
2016-12-27 00:00:00+00:00,1133.199,1150.547,1131.563,1139.1,44419,0.0,44349.0,0.31084070796459456
2016-12-27 05:00:00+00:00,1134.300048828125,1142.199951171875,1134.300048828125,1137.300048828125,84,0.0,-44335.0,0.37975152976080107
2016-12-28 00:00:00+00:00,1139.138,1144.322,1136.387,1142.195,50342,0.0,50258.0,0.3852551984877174
2016-12-28 05:00:00+00:00,1141.199951171875,1141.199951171875,1138.0,1139.4000244140625,1570,0.0,-48772.0,0.5624856946669718
2016-12-29 00:00:00+00:00,1142.225,1161.72,1142.225,1160.08,57921,0.0,56351.0,0.9158758656065612
2016-12-29 05:00:00+00:00,1143.800048828125,1158.800048828125,1143.5999755859375,1156.4000244140625,950,0.0,-56971.0,0.8289417679229676
2016-12-30 00:00:00+00:00,1160.072,1162.98,1149.569,1150.787,51696,0.0,50746.0,0.6923421072253981
2016-12-30 05:00:00+00:00,1162.0,1162.0,1150.0,1150.0,16,0.0,-51680.0,1.0
2017-01-03 00:00:00+00:00,1150.029,1163.937,1145.948,1157.095,69241,0.0,69225.0,0.3927955973094729
2017-01-03 05:00:00+00:00,1155.199951171875,1160.800048828125,1146.5,1160.4000244140625,52,0.0,-69189.0,0.3636402437983371
2017-01-04 00:00:00+00:00,1157.058,1167.71,1156.119,1165.657,73390,0.0,73338.0,0.7418686912259376
2017-01-04 05:00:00+00:00,1156.300048828125,1165.0,1156.300048828125,1163.800048828125,36,0.0,-73354.0,0.8620738038445349
2017-01-05 00:00:00+00:00,1165.695,1184.776,1165.695,1180.779,82687,0.0,82651.0,0.7905246056286336
2017-01-05 05:00:00+00:00,1172.0,1183.300048828125,1171.5,1179.699951171875,500,0.0,-82187.0,0.6525355347278257
2017-01-06 00:00:00+00:00,1180.749,1182.473,1170.825,1172.189,71963,0.0,71463.0,0.7348901098901108
2017-01-06 05:00:00+00:00,1176.5,1176.5,1171.9000244140625,1171.9000244140625,16,0.0,-71947.0,1.0
2017-01-08 00:00:00+00:00,1172.949,1173.873,1171.646,1173.652,1755,0.0,1739.0,0.3156713066905911
2017-01-09 00:00:00+00:00,1173.679,1185.936,1172.596,1182.416,62516,0.0,60761.0,0.6549475262368746
2017-01-09 05:00:00+00:00,1173.9000244140625,1183.5999755859375,1173.0,1183.5,62,0.0,-62454.0,0.905660160073703
2017-01-10 00:00:00+00:00,1182.389,1190.359,1180.067,1185.966,73092,0.0,73030.0,0.34755149630781457
2017-01-10 05:00:00+00:00,1184.300048828125,1188.9000244140625,1182.300048828125,1184.199951171875,8,0.0,-73084.0,0.01516636765494664
2017-01-11 00:00:00+00:00,1185.97,1198.015,1177.13,1193.33,76120,0.0,76112.0,0.35240603303806095
2017-01-11 05:00:00+00:00,1187.5,1197.0,1176.5,1195.5999755859375,20,0.0,-76100.0,0.39512076028963417
2017-01-12 00:00:00+00:00,1193.345,1206.807,1192.697,1196.205,76066,0.0,76046.0,0.20269312544293935
2017-01-12 05:00:00+00:00,1192.699951171875,1204.300048828125,1192.300048828125,1198.9000244140625,110,0.0,-75956.0,0.5166727701822916
2017-01-13 00:00:00+00:00,1196.121,1200.559,1187.77,1196.785,69923,0.0,69813.0,0.05191961842208053
2017-01-13 05:00:00+00:00,1195.699951171875,1196.0,1187.699951171875,1195.300048828125,65,0.0,-69858.0,0.048180721828396625
2017-01-15 00:00:00+00:00,1196.709,1204.604,1196.709,1203.285,1951,0.0,1886.0,0.8329322355921516
2017-01-16 00:00:00+00:00,1203.289,1208.368,1200.129,1202.982,50723,0.0,48772.0,0.03726180361694564
2017-01-17 00:00:00+00:00,1202.999,1218.65,1202.999,1215.053,67328,0.0,16605.0,0.7701744297489
2017-01-17 05:00:00+00:00,1205.5,1214.5999755859375,1200.800048828125,1212.0,79,0.0,-67249.0,0.47101699263151375
2017-01-18 00:00:00+00:00,1215.028,1217.343,1201.748,1202.89,75109,0.0,75030.0,0.7783263866623853
2017-01-18 05:00:00+00:00,1213.5999755859375,1214.699951171875,1203.0999755859375,1211.300048828125,114,0.0,-74995.0,0.19826996537826092
2017-01-19 00:00:00+00:00,1202.902,1206.317,1195.713,1203.451,81986,0.0,81872.0,0.05177291588079744
2017-01-19 05:00:00+00:00,1200.5,1204.0,1195.800048828125,1200.9000244140625,26,0.0,-81960.0,0.048783755619733825
2017-01-20 00:00:00+00:00,1203.455,1214.666,1198.49,1209.318,77119,0.0,77093.0,0.36245054401583093
2017-01-20 05:00:00+00:00,1202.800048828125,1212.0999755859375,1202.800048828125,1204.300048828125,38,0.0,-77081.0,0.16129159283323488
2017-01-22 00:00:00+00:00,1209.389,1215.477,1209.239,1215.345,2567,0.0,2529.0,0.9547932029496757
2017-01-23 00:00:00+00:00,1215.342,1219.775,1209.121,1217.264,78257,0.0,75690.0,0.18040172705085403
2017-01-23 05:00:00+00:00,1212.0,1215.0,1210.0,1215.0,16,0.0,-78241.0,0.6
2017-01-24 00:00:00+00:00,1217.277,1218.425,1206.493,1209.013,67478,0.0,67462.0,0.6925913509889468
2017-01-24 05:00:00+00:00,1219.0,1219.0,1207.699951171875,1210.300048828125,24,0.0,-67454.0,0.769903856540996
2017-01-25 00:00:00+00:00,1209.059,1209.588,1193.159,1200.753,72159,0.0,72135.0,0.5055694199281825
2017-01-25 05:00:00+00:00,1202.0,1202.800048828125,1194.9000244140625,1197.300048828125,403,0.0,-71756.0,0.5949286895251634
2017-01-26 00:00:00+00:00,1200.771,1202.416,1184.33,1188.183,71168,0.0,70765.0,0.6960079619595243
2017-01-26 05:00:00+00:00,1199.699951171875,1199.699951171875,1185.5999755859375,1189.5,19,0.0,-71149.0,0.7234020448977119
2017-01-27 00:00:00+00:00,1188.184,1191.372,1180.36,1190.228,66632,0.0,66613.0,0.18561569197239963
2017-01-27 05:00:00+00:00,1187.9000244140625,1188.300048828125,1187.9000244140625,1188.0999755859375,234352,0.0,167720.0,0.49984742142203237
2017-01-29 00:00:00+00:00,1190.079,1194.402,1190.079,1194.028,2313,0.0,-232039.0,0.9134860050890549
2017-01-30 00:00:00+00:00,1194.016,1199.173,1188.12,1196.477,67880,0.0,65567.0,0.22265448294580548
2017-01-30 05:00:00+00:00,1191.699951171875,1198.5,1187.0999755859375,1193.199951171875,50503,0.0,-17377.0,0.13157866558159956
2017-01-31 00:00:00+00:00,1196.524,1215.142,1195.993,1211.525,78606,0.0,28103.0,0.7833829442790806
2017-01-31 05:00:00+00:00,1194.9000244140625,1214.699951171875,1193.5,1208.5999755859375,3212,0.0,-75394.0,0.6462256002763862
2017-02-01 00:00:00+00:00,1211.475,1212.157,1198.08,1209.758,79440,0.0,76228.0,0.1219720110818975
2017-02-01 05:00:00+00:00,1211.9000244140625,1211.9000244140625,1197.9000244140625,1205.5999755859375,1145,0.0,-78295.0,0.4500034877232143
2017-02-02 00:00:00+00:00,1209.673,1225.079,1209.601,1214.5,81190,0.0,80045.0,0.31186199767412126
2017-02-02 05:00:00+00:00,1209.699951171875,1224.199951171875,1208.9000244140625,1216.699951171875,1512,0.0,-79678.0,0.4575185300430041
2017-02-03 00:00:00+00:00,1214.545,1221.133,1206.642,1219.586,73432,0.0,71920.0,0.3478710924021769
2017-02-03 05:00:00+00:00,1214.9000244140625,1220.5999755859375,1206.199951171875,1218.5,865,0.0,-72567.0,0.24999788072733437
2017-02-05 00:00:00+00:00,1218.23,1222.961,1218.23,1220.752,2442,0.0,1577.0,0.5330796871697183
2017-02-06 00:00:00+00:00,1220.754,1235.385,1220.005,1233.224,76600,0.0,74158.0,0.8107932379713995
2017-02-06 05:00:00+00:00,1221.9000244140625,1235.4000244140625,1218.5,1230.0,908,0.0,-75692.0,0.47928780382101194
2017-02-07 00:00:00+00:00,1233.212,1235.535,1227.635,1231.843,79777,0.0,78869.0,0.17329113924049352
2017-02-07 05:00:00+00:00,1234.199951171875,1236.199951171875,1228.5,1234.199951171875,1177,0.0,-78600.0,0.0
2017-02-08 00:00:00+00:00,1231.852,1244.544,1229.981,1239.765,82023,0.0,80846.0,0.5433633179976622
2017-02-08 05:00:00+00:00,1232.0999755859375,1243.9000244140625,1231.0,1237.5999755859375,288,0.0,-81735.0,0.4263557822421151
2017-02-09 00:00:00+00:00,1239.744,1244.341,1225.044,1226.333,82065,0.0,81777.0,0.6949784940664337
2017-02-09 05:00:00+00:00,1239.4000244140625,1243.5,1226.9000244140625,1235.0999755859375,885,0.0,-81180.0,0.2590394670078758
2017-02-10 00:00:00+00:00,1226.309,1236.847,1221.548,1233.013,80284,0.0,79399.0,0.43819857507026344
2017-02-10 05:00:00+00:00,1227.5999755859375,1234.4000244140625,1221.5,1234.4000244140625,391,0.0,-79893.0,0.5271345704363296
2017-02-12 00:00:00+00:00,1232.629,1232.719,1228.626,1230.119,1873,0.0,1482.0,0.6132421206938542
2017-02-13 00:00:00+00:00,1230.138,1232.175,1219.231,1226.096,73119,0.0,71246.0,0.3122682323856558
2017-02-13 05:00:00+00:00,1230.5,1231.0999755859375,1219.0,1224.4000244140625,398,0.0,-72721.0,0.5041312308949487
2017-02-14 00:00:00+00:00,1226.099,1234.383,1221.874,1228.342,81074,0.0,80676.0,0.1793108961547816
2017-02-14 05:00:00+00:00,1225.9000244140625,1233.5,1222.0999755859375,1223.9000244140625,159,0.0,-80915.0,0.17543822077546606
2017-02-15 00:00:00+00:00,1228.349,1233.894,1216.646,1232.928,78345,0.0,78186.0,0.2654800556586367
2017-02-15 05:00:00+00:00,1225.5,1231.699951171875,1217.300048828125,1231.699951171875,175,0.0,-78170.0,0.43055508460208197
2017-02-16 00:00:00+00:00,1232.932,1242.243,1232.099,1238.452,85505,0.0,85330.0,0.5441640378548875
2017-02-16 05:00:00+00:00,1234.5,1240.699951171875,1233.199951171875,1240.0,87,0.0,-85418.0,0.7333333333333333
2017-02-17 00:00:00+00:00,1238.444,1243.695,1233.67,1233.95,71580,0.0,71493.0,0.44827930174563346
2017-02-17 05:00:00+00:00,1240.699951171875,1241.199951171875,1234.800048828125,1237.5999755859375,301,0.0,-71279.0,0.48437857633325704
2017-02-19 00:00:00+00:00,1234.49,1238.059,1234.097,1236.173,1685,0.0,1384.0,0.4247854618879347
2017-02-20 00:00:00+00:00,1236.173,1238.908,1232.362,1236.993,46120,0.0,44435.0,0.12526733883286872
2017-02-21 00:00:00+00:00,1236.997,1238.793,1226.008,1234.8,77684,0.0,31564.0,0.17184200234651087
2017-02-21 05:00:00+00:00,1237.300048828125,1237.5,1228.0999755859375,1237.5,119,0.0,-77565.0,0.021271346016492436
2017-02-22 00:00:00+00:00,1234.828,1240.324,1230.626,1236.805,92182,0.0,92063.0,0.20385646525057438
2017-02-22 05:00:00+00:00,1236.0999755859375,1238.5999755859375,1231.800048828125,1232.0,36,0.0,-92146.0,0.6029440804236603
2017-02-23 00:00:00+00:00,1236.783,1251.066,1235.727,1249.263,85988,0.0,85952.0,0.8136123606493295
2017-02-23 05:00:00+00:00,1236.0999755859375,1250.300048828125,1236.0999755859375,1250.199951171875,112,0.0,-85876.0,0.9929509056366965
2017-02-24 00:00:00+00:00,1249.264,1260.086,1247.915,1256.607,86393,0.0,86281.0,0.6033193657053689
2017-02-24 05:00:00+00:00,1250.0,1258.800048828125,1250.0,1256.9000244140625,1264,0.0,-85129.0,0.7840893327784714
2017-02-26 00:00:00+00:00,1257.67,1257.7,1254.929,1255.817,1595,0.0,331.0,0.6687116564417516
2017-02-27 00:00:00+00:00,1255.821,1263.771,1250.907,1252.053,148784,0.0,147189.0,0.29291044776117786
2017-02-27 05:00:00+00:00,1254.699951171875,1263.0999755859375,1250.4000244140625,1257.4000244140625,544,0.0,-148240.0,0.21260500970799132
2017-02-28 00:00:00+00:00,1252.227,1258.284,1247.56,1247.56,91964,0.0,91420.0,0.4351920925028044
2017-02-28 05:00:00+00:00,1253.5999755859375,1257.300048828125,1247.199951171875,1252.5999755859375,721,0.0,-91243.0,0.09900894367899445
2017-03-01 00:00:00+00:00,1247.65,1250.561,1236.866,1248.821,106842,0.0,106121.0,0.08550565899962229
2017-03-01 05:00:00+00:00,1247.800048828125,1248.9000244140625,1236.9000244140625,1248.9000244140625,138,0.0,-106704.0,0.09166463216145833
2017-03-02 00:00:00+00:00,1249.014,1249.751,1230.804,1233.19,92879,0.0,92741.0,0.8351717950071217
2017-03-02 05:00:00+00:00,1247.199951171875,1247.5999755859375,1230.699951171875,1231.9000244140625,79,0.0,-92800.0,0.9053198020874715
2017-03-03 00:00:00+00:00,1233.663,1236.081,1222.909,1234.245,93839,0.0,93760.0,0.04418463407226608
2017-03-03 05:00:00+00:00,1231.699951171875,1235.199951171875,1222.9000244140625,1225.5,121,0.0,-93718.0,0.5040640724089678
2017-03-05 00:00:00+00:00,1233.045,1233.045,1232.464,1232.923,136,0.0,15.0,0.20998278829611608
2017-03-06 00:00:00+00:00,1232.938,1236.735,1224.324,1224.454,75009,0.0,74873.0,0.6835871404399538
2017-03-06 05:00:00+00:00,1235.199951171875,1235.199951171875,1224.5,1224.5,29,0.0,-74980.0,1.0
2017-03-07 00:00:00+00:00,1224.873,1227.1,1214.094,1215.137,79306,0.0,79277.0,0.7485775795786721
2017-03-07 05:00:00+00:00,1224.300048828125,1225.4000244140625,1213.699951171875,1215.0999755859375,53,0.0,-79253.0,0.7863261239266748
2017-03-08 00:00:00+00:00,1215.239,1218.492,1206.675,1207.546,85416,0.0,85363.0,0.6510112549716492
2017-03-08 05:00:00+00:00,1212.199951171875,1212.199951171875,1206.699951171875,1208.5,24,0.0,-85392.0,0.6727183948863636
2017-03-09 00:00:00+00:00,1207.711,1208.943,1199.011,1200.599,86837,0.0,86813.0,0.7160692710430999
2017-03-09 05:00:00+00:00,1204.5,1205.5999755859375,1202.300048828125,1202.4000244140625,37,0.0,-86800.0,0.6363703621499649
2017-03-10 00:00:00+00:00,1200.602,1206.263,1194.976,1204.032,86063,0.0,86026.0,0.3038894303180557
2017-03-10 05:00:00+00:00,1196.199951171875,1203.300048828125,1196.199951171875,1200.699951171875,3,0.0,-86060.0,0.6337940994429544
2017-03-12 00:00:00+00:00,1204.385,1206.934,1204.385,1205.916,939,0.0,936.0,0.600627697136117
2017-03-13 00:00:00+00:00,1205.899,1211.109,1201.387,1201.95,77266,0.0,76327.0,0.4061921415346482
2017-03-13 04:00:00+00:00,1206.199951171875,1210.0,1202.300048828125,1202.4000244140625,35,0.0,-77231.0,0.4935001109737151
2017-03-14 00:00:00+00:00,1201.951,1207.52,1197.332,1198.895,78598,0.0,78563.0,0.29996073812328994
2017-03-14 04:00:00+00:00,1203.0999755859375,1205.9000244140625,1196.800048828125,1201.9000244140625,22,0.0,-78576.0,0.13186311991092867
2017-03-15 00:00:00+00:00,1198.86,1221.866,1197.39,1219.157,88136,0.0,88114.0,0.8292613172086991
2017-03-15 04:00:00+00:00,1198.199951171875,1221.199951171875,1197.699951171875,1200.0999755859375,36,0.0,-88100.0,0.08085210272606383
2017-03-16 00:00:00+00:00,1219.159,1233.506,1218.601,1226.298,88495,0.0,88459.0,0.4789667896678906
2017-03-16 04:00:00+00:00,1222.199951171875,1231.4000244140625,1222.199951171875,1226.5,47,0.0,-88448.0,0.4673928907877453
2017-03-17 00:00:00+00:00,1226.301,1231.597,1224.482,1228.7,70753,0.0,70706.0,0.33717498243149846
2017-03-17 04:00:00+00:00,1227.0999755859375,1230.9000244140625,1227.0999755859375,1229.800048828125,26,0.0,-70727.0,0.7105364600064247
2017-03-19 00:00:00+00:00,1229.045,1230.893,1228.974,1230.461,778,0.0,752.0,0.7378843147471958
2017-03-20 00:00:00+00:00,1230.472,1235.425,1229.379,1234.36,67067,0.0,66289.0,0.6430697982136765
2017-03-20 04:00:00+00:00,1229.300048828125,1234.4000244140625,1229.300048828125,1233.5999755859375,23,0.0,-67044.0,0.8431269297972666
2017-03-21 00:00:00+00:00,1234.385,1247.479,1226.864,1245.661,84348,0.0,84325.0,0.5469803541110871
2017-03-21 04:00:00+00:00,1226.4000244140625,1246.0999755859375,1226.4000244140625,1246.0999755859375,11,0.0,-84337.0,1.0
2017-03-22 00:00:00+00:00,1245.665,1251.204,1243.985,1247.116,85222,0.0,85211.0,0.20099736805651913
2017-03-22 04:00:00+00:00,1247.9000244140625,1249.5,1247.699951171875,1249.300048828125,3,0.0,-85219.0,0.7777702427777025
2017-03-23 00:00:00+00:00,1247.109,1253.118,1242.771,1244.663,83093,0.0,83090.0,0.2363970232917674
2017-03-23 04:00:00+00:00,1246.4000244140625,1247.5,1244.800048828125,1246.9000244140625,16,0.0,-83077.0,0.18518853422551768
2017-03-24 00:00:00+00:00,1244.662,1251.782,1240.948,1242.324,77057,0.0,77041.0,0.21580210448587794
2017-03-24 04:00:00+00:00,1248.0,1248.300048828125,1247.5999755859375,1248.199951171875,3,0.0,-77054.0,0.28561464690496946
2017-03-26 00:00:00+00:00,1245.45,1254.158,1245.45,1252.394,2265,0.0,2262.0,0.7974276527331275
2017-03-27 00:00:00+00:00,1252.414,1260.968,1251.506,1253.953,77900,0.0,75635.0,0.16265060240963738
2017-03-27 04:00:00+00:00,1255.800048828125,1257.699951171875,1253.800048828125,1255.4000244140625,72,0.0,-77828.0,0.10257293101289595
2017-03-28 00:00:00+00:00,1253.963,1258.304,1247.623,1250.859,74420,0.0,74348.0,0.29060949349312143
2017-03-28 04:00:00+00:00,1255.9000244140625,1255.9000244140625,1255.300048828125,1255.300048828125,19,0.0,-74401.0,1.0
2017-03-29 00:00:00+00:00,1250.863,1254.601,1247.267,1253.022,74862,0.0,74843.0,0.29438232887917376
2017-03-29 04:00:00+00:00,1252.199951171875,1253.4000244140625,1252.0999755859375,1253.4000244140625,190678,0.0,115816.0,0.9230985915492957
2017-03-30 00:00:00+00:00,1253.028,1253.679,1241.933,1243.478,72247,0.0,-118431.0,0.8130427379533354
2017-03-30 04:00:00+00:00,1253.0999755859375,1253.5999755859375,1241.0999755859375,1245.0,51328,0.0,-20919.0,0.647998046875
2017-03-31 00:00:00+00:00,1243.479,1250.54,1239.627,1248.434,75087,0.0,23759.0,0.4540456336479357
2017-03-31 04:00:00+00:00,1242.0999755859375,1248.800048828125,1238.699951171875,1247.300048828125,8223,0.0,-66864.0,0.5148537587623883
2017-04-02 00:00:00+00:00,1249.381,1249.776,1247.451,1249.206,1126,0.0,-7097.0,0.07526881720437784
2017-04-03 00:00:00+00:00,1249.215,1255.742,1244.458,1254.437,68622,0.0,67496.0,0.4627791563275466
2017-04-03 04:00:00+00:00,1247.5,1252.4000244140625,1243.5999755859375,1250.800048828125,1160,0.0,-67462.0,0.375003467887363
2017-04-04 00:00:00+00:00,1254.436,1261.138,1253.985,1255.534,73567,0.0,72407.0,0.15350202712151273
2017-04-04 04:00:00+00:00,1253.0999755859375,1260.300048828125,1253.0,1255.0,724,0.0,-72843.0,0.26027557606769003
2017-04-05 00:00:00+00:00,1255.535,1257.27,1243.716,1256.054,79030,0.0,78306.0,0.03829127932713606
2017-04-05 04:00:00+00:00,1255.4000244140625,1255.4000244140625,1243.0,1245.4000244140625,907,0.0,-78123.0,0.8064500251031197
2017-04-06 00:00:00+00:00,1256.077,1258.844,1249.742,1251.495,80688,0.0,79781.0,0.5034058448692663
2017-04-06 04:00:00+00:00,1256.0999755859375,1257.5,1249.0,1250.300048828125,169,0.0,-80519.0,0.6823443244485294
2017-04-07 00:00:00+00:00,1251.501,1270.404,1250.572,1253.894,94512,0.0,94343.0,0.12066357402178379
2017-04-07 04:00:00+00:00,1249.5,1269.0999755859375,1249.5,1254.300048828125,445,0.0,-94067.0,0.24490075546670154
2017-04-09 00:00:00+00:00,1253.95,1255.173,1253.423,1254.452,1577,0.0,1132.0,0.28685714285711583
2017-04-10 00:00:00+00:00,1254.458,1257.007,1246.897,1255.689,77218,0.0,75641.0,0.12176063303659536
2017-04-10 04:00:00+00:00,1252.699951171875,1255.199951171875,1246.800048828125,1251.0999755859375,182,0.0,-77036.0,0.190475498459571
2017-04-11 00:00:00+00:00,1255.709,1275.111,1253.117,1274.533,82581,0.0,82399.0,0.8558697826679876
2017-04-11 04:00:00+00:00,1254.5,1273.5,1254.5,1271.199951171875,401,0.0,-82180.0,0.8789447985197368
2017-04-12 00:00:00+00:00,1274.526,1286.673,1271.891,1286.48,88832,0.0,88431.0,0.8086862400216487
2017-04-12 04:00:00+00:00,1275.0,1285.0999755859375,1272.0,1275.300048828125,492,0.0,-88340.0,0.022904533383031264
2017-04-13 00:00:00+00:00,1286.48,1288.551,1281.852,1286.623,88109,0.0,87617.0,0.02134646962233654
2017-04-13 04:00:00+00:00,1285.300048828125,1287.5999755859375,1282.0,1285.9000244140625,915,0.0,-87194.0,0.10713896457765668
2017-04-14 00:00:00+00:00,1287.0,1287.183,1287.0,1287.183,2,0.0,-913.0,1.0
2017-04-16 00:00:00+00:00,1290.281,1294.379,1289.934,1293.355,3076,0.0,3074.0,0.691563554555706
2017-04-17 00:00:00+00:00,1293.359,1295.426,1281.326,1284.056,75105,0.0,72029.0,0.6597872340425492
2017-04-17 04:00:00+00:00,1291.800048828125,1294.800048828125,1284.300048828125,1289.4000244140625,73,0.0,-75032.0,0.22857375372023808
2017-04-18 00:00:00+00:00,1284.057,1292.218,1278.83,1288.895,89651,0.0,89578.0,0.3613683896026227
2017-04-18 04:00:00+00:00,1283.9000244140625,1291.699951171875,1278.5999755859375,1291.699951171875,394,0.0,-89257.0,0.595415365978661
2017-04-19 00:00:00+00:00,1288.894,1289.845,1273.723,1278.521,86627,0.0,86233.0,0.643406525245007
2017-04-19 04:00:00+00:00,1288.0,1288.0,1274.0,1281.4000244140625,194,0.0,-86433.0,0.4714268275669643
2017-04-20 00:00:00+00:00,1278.523,1283.275,1276.564,1281.25,85568,0.0,85374.0,0.4063477872150326
2017-04-20 04:00:00+00:00,1279.699951171875,1281.9000244140625,1276.199951171875,1281.9000244140625,127,0.0,-85441.0,0.3859728022272192
2017-04-21 00:00:00+00:00,1281.249,1288.155,1278.474,1284.454,82526,0.0,82399.0,0.3310608408222202
2017-04-21 04:00:00+00:00,1279.800048828125,1287.4000244140625,1279.199951171875,1287.4000244140625,474,0.0,-82052.0,0.9268180126535169
2017-04-23 00:00:00+00:00,1275.735,1275.783,1265.419,1269.188,5281,0.0,4807.0,0.6317059050559554
2017-04-24 00:00:00+00:00,1269.193,1277.317,1266.668,1275.838,90957,0.0,85676.0,0.6240022537327364
2017-04-24 04:00:00+00:00,1275.0,1276.4000244140625,1265.0,1275.800048828125,605,0.0,-90352.0,0.07017957146987333
2017-04-25 00:00:00+00:00,1275.84,1278.085,1261.537,1263.504,85203,0.0,84598.0,0.7454677302393046
2017-04-25 04:00:00+00:00,1275.5999755859375,1276.9000244140625,1262.0999755859375,1265.5999755859375,356,0.0,-84847.0,0.6756734464954389
2017-04-26 00:00:00+00:00,1263.505,1270.517,1259.681,1268.254,89075,0.0,88719.0,0.4382613510520294
2017-04-26 04:00:00+00:00,1266.0,1266.0,1262.0999755859375,1262.0999755859375,1156,0.0,-87919.0,1.0
2017-04-27 00:00:00+00:00,1268.253,1268.453,1261.017,1264.137,82431,0.0,81275.0,0.5535233996772497
2017-04-27 04:00:00+00:00,1266.699951171875,1267.199951171875,1262.199951171875,1263.699951171875,206,0.0,-82225.0,0.6
2017-04-28 00:00:00+00:00,1264.139,1268.433,1263.275,1267.334,74156,0.0,73950.0,0.6194261341605709
2017-04-28 04:00:00+00:00,1265.9000244140625,1267.199951171875,1264.699951171875,1266.0999755859375,85,0.0,-74071.0,0.07998046875
2017-04-30 00:00:00+00:00,1268.15,1271.036,1268.035,1270.646,1304,0.0,1219.0,0.8317227590802688
2017-05-01 00:00:00+00:00,1270.649,1271.08,1254.152,1256.338,63272,0.0,61968.0,0.8454040642722129
2017-05-01 04:00:00+00:00,1268.699951171875,1269.300048828125,1253.300048828125,1253.300048828125,34,0.0,-63238.0,0.962493896484375
2017-05-02 00:00:00+00:00,1256.34,1257.685,1251.922,1256.385,74304,0.0,74270.0,0.0078084331077691105
2017-05-02 04:00:00+00:00,1256.199951171875,1256.199951171875,1251.199951171875,1255.0999755859375,90,0.0,-74214.0,0.2199951171875
2017-05-03 00:00:00+00:00,1256.387,1256.901,1235.807,1238.093,72112,0.0,72022.0,0.8672608324641995
2017-05-03 04:00:00+00:00,1255.0999755859375,1255.800048828125,1238.699951171875,1246.4000244140625,195,0.0,-71917.0,0.5087661688701065
2017-05-04 00:00:00+00:00,1238.097,1241.224,1225.586,1228.021,81173,0.0,80978.0,0.6443279191712542
2017-05-04 04:00:00+00:00,1239.800048828125,1239.800048828125,1224.199951171875,1226.5,72,0.0,-81101.0,0.8525618955209866
2017-05-05 00:00:00+00:00,1228.023,1235.543,1226.048,1226.986,80192,0.0,80120.0,0.10921537651393566
2017-05-05 04:00:00+00:00,1227.0,1233.699951171875,1224.800048828125,1224.800048828125,16,0.0,-80176.0,0.24718823723048225
2017-05-08 00:00:00+00:00,1234.592,1236.475,1225.452,1227.712,72172,0.0,72156.0,0.6241495055792583
2017-05-08 04:00:00+00:00,1224.0,1234.0,1224.0,1225.300048828125,43,0.0,-72129.0,0.1300048828125
2017-05-09 00:00:00+00:00,1227.723,1228.531,1214.228,1223.378,81836,0.0,81793.0,0.30378242326785027
2017-05-09 04:00:00+00:00,1226.0999755859375,1226.199951171875,1214.0,1214.300048828125,55,0.0,-81781.0,0.9672109823697744
2017-05-10 00:00:00+00:00,1223.389,1225.599,1217.575,1217.71,76495,0.0,76440.0,0.7077517447656954
2017-05-10 04:00:00+00:00,1219.800048828125,1220.199951171875,1217.300048828125,1217.300048828125,23,0.0,-76472.0,0.8620979962956726
2017-05-11 00:00:00+00:00,1217.705,1227.37,1216.76,1224.963,75280,0.0,75257.0,0.6840716305372391
2017-05-11 04:00:00+00:00,1218.5,1222.699951171875,1218.300048828125,1222.699951171875,13,0.0,-75267.0,0.9545555432249473
2017-05-12 00:00:00+00:00,1224.905,1231.665,1224.429,1227.673,69785,0.0,69772.0,0.3825317855168707
2017-05-12 04:00:00+00:00,1228.0,1229.5,1226.0999755859375,1226.199951171875,29,0.0,-69756.0,0.5294223243456719
2017-05-15 00:00:00+00:00,1229.691,1237.235,1226.984,1231.414,73855,0.0,73826.0,0.1680811628133802
2017-05-15 04:00:00+00:00,1227.5,1232.699951171875,1227.5,1228.5999755859375,13,0.0,-73842.0,0.21153575285224657
2017-05-16 00:00:00+00:00,1231.417,1244.338,1230.407,1243.339,76185,0.0,76172.0,0.855789247003086
2017-05-16 04:00:00+00:00,1230.4000244140625,1237.300048828125,1230.4000244140625,1235.0,20,0.0,-76165.0,0.6666607695709863
2017-05-17 00:00:00+00:00,1243.355,1262.993,1240.947,1260.173,94838,0.0,94818.0,0.7628594756418373
2017-05-17 04:00:00+00:00,1241.0,1259.199951171875,1240.699951171875,1257.5,26,0.0,-94812.0,0.8918918918918919
2017-05-18 00:00:00+00:00,1260.216,1264.947,1245.966,1248.552,102413,0.0,102387.0,0.614509246088193
2017-05-18 04:00:00+00:00,1254.800048828125,1260.0,1245.800048828125,1251.699951171875,43,0.0,-102370.0,0.21831748706222168
2017-05-19 00:00:00+00:00,1248.524,1256.396,1247.252,1255.172,80518,0.0,80475.0,0.7270341207349228
2017-05-19 04:00:00+00:00,1252.699951171875,1252.699951171875,1252.699951171875,1252.699951171875,14,0.0,-80504.0,0.0
2017-05-22 00:00:00+00:00,1256.945,1263.454,1251.766,1263.064,77863,0.0,77849.0,0.5235284052019342
2017-05-22 04:00:00+00:00,1251.699951171875,1260.699951171875,1251.699951171875,1260.699951171875,14,0.0,-77849.0,1.0
2017-05-23 00:00:00+00:00,1263.069,1263.726,1250.45,1250.978,81801,0.0,81787.0,0.910741187104537
2017-05-23 04:00:00+00:00,1261.5,1261.5999755859375,1250.5999755859375,1254.800048828125,20,0.0,-81781.0,0.6090864701704546
2017-05-24 00:00:00+00:00,1251.034,1258.839,1247.888,1257.805,79712,0.0,79692.0,0.6182996986576518
2017-05-24 04:00:00+00:00,1251.9000244140625,1257.800048828125,1249.699951171875,1252.4000244140625,14,0.0,-79698.0,0.061727650852974866
2017-05-25 00:00:00+00:00,1257.805,1259.638,1253.022,1255.197,76408,0.0,76394.0,0.39419588875456174
2017-05-25 04:00:00+00:00,1257.0999755859375,1258.300048828125,1255.800048828125,1255.800048828125,11,0.0,-76397.0,0.519970703125
2017-05-26 00:00:00+00:00,1255.147,1269.423,1254.112,1266.578,74032,0.0,74021.0,0.7465874208085754
2017-05-26 04:00:00+00:00,1267.5999755859375,1267.5999755859375,1267.5999755859375,1267.5999755859375,271457,0.0,197425.0,0.0
2017-05-29 00:00:00+00:00,1268.008,1268.628,1265.031,1266.83,37152,0.0,-234305.0,0.32749513483461706
2017-05-30 00:00:00+00:00,1266.769,1270.42,1259.329,1262.332,69461,0.0,32309.0,0.40005409791721663
2017-05-30 04:00:00+00:00,1267.4000244140625,1270.0,1258.4000244140625,1262.0999755859375,129819,0.0,60358.0,0.45690172266829426
2017-05-31 00:00:00+00:00,1262.331,1274.031,1259.513,1268.664,73060,0.0,-56759.0,0.43621710979474243
2017-05-31 04:00:00+00:00,1262.4000244140625,1273.199951171875,1258.5,1272.0,2712,0.0,-70348.0,0.6530617329059474
2017-06-01 00:00:00+00:00,1268.663,1270.26,1261.496,1264.656,72018,0.0,69306.0,0.45721131903241774
2017-06-01 04:00:00+00:00,1268.0,1269.199951171875,1260.800048828125,1267.0,825,0.0,-71193.0,0.11904900308085799
2017-06-02 00:00:00+00:00,1264.653,1279.389,1258.986,1278.497,69708,0.0,68883.0,0.6785276674998869
2017-06-02 04:00:00+00:00,1265.199951171875,1279.0,1259.0,1276.800048828125,1732,0.0,-67976.0,0.5800048828125
2017-06-05 00:00:00+00:00,1279.761,1283.38,1277.725,1280.443,65377,0.0,63645.0,0.12060123784261578
2017-06-05 04:00:00+00:00,1279.199951171875,1282.0,1277.0,1279.300048828125,433,0.0,-64944.0,0.02001953125
2017-06-06 00:00:00+00:00,1280.443,1295.975,1279.639,1293.675,80098,0.0,79665.0,0.8099902056807028
2017-06-06 04:00:00+00:00,1279.4000244140625,1295.199951171875,1279.4000244140625,1294.4000244140625,942,0.0,-79156.0,0.9493714894964963
2017-06-07 00:00:00+00:00,1293.675,1294.244,1282.571,1284.567,79058,0.0,78116.0,0.7802621434078597
2017-06-07 04:00:00+00:00,1291.5999755859375,1293.0999755859375,1284.300048828125,1290.0999755859375,641,0.0,-78417.0,0.170455964155419
2017-06-08 00:00:00+00:00,1284.569,1288.877,1271.254,1279.878,83431,0.0,82790.0,0.2661862338988832
2017-06-08 04:00:00+00:00,1285.4000244140625,1287.5999755859375,1268.0999755859375,1276.300048828125,319,0.0,-83112.0,0.46666541466346156
2017-06-09 00:00:00+00:00,1279.88,1280.086,1264.52,1266.313,81690,0.0,81371.0,0.8715790826159566
2017-06-09 04:00:00+00:00,1277.9000244140625,1277.9000244140625,1264.5999755859375,1268.5,467,0.0,-81223.0,0.7067661581952016
2017-06-12 00:00:00+00:00,1267.647,1270.273,1263.57,1265.205,78579,0.0,78112.0,0.3643144860510244
2017-06-12 04:00:00+00:00,1266.4000244140625,1269.300048828125,1263.199951171875,1266.0999755859375,255,0.0,-78324.0,0.04918754502521412
2017-06-13 00:00:00+00:00,1265.178,1268.848,1258.719,1267.12,72410,0.0,72155.0,0.19172672524432796
2017-06-13 04:00:00+00:00,1264.0999755859375,1266.9000244140625,1259.699951171875,1265.800048828125,150,0.0,-72260.0,0.23611888171167963
2017-06-14 00:00:00+00:00,1267.119,1280.408,1257.107,1263.36,86857,0.0,86707.0,0.16132354834556567
2017-06-14 04:00:00+00:00,1269.4000244140625,1278.0,1256.800048828125,1272.800048828125,336,0.0,-86521.0,0.160378879484079
2017-06-15 00:00:00+00:00,1263.347,1266.535,1251.403,1253.871,83295,0.0,82959.0,0.6262225746761728
2017-06-15 04:00:00+00:00,1263.199951171875,1264.199951171875,1250.300048828125,1252.199951171875,743,0.0,-82552.0,0.7913724663645625
2017-06-16 00:00:00+00:00,1253.84,1257.073,1251.821,1253.344,68719,0.0,67976.0,0.09444021325206592
2017-06-16 04:00:00+00:00,1252.800048828125,1255.300048828125,1251.300048828125,1254.0,34,0.0,-68685.0,0.29998779296875
2017-06-19 00:00:00+00:00,1254.641,1255.215,1242.822,1243.775,77060,0.0,77026.0,0.8767852820140369
2017-06-19 04:00:00+00:00,1252.0999755859375,1252.199951171875,1241.9000244140625,1244.199951171875,108,0.0,-76952.0,0.7669981156002228
2017-06-20 00:00:00+00:00,1243.775,1248.041,1241.269,1244.838,77099,0.0,76991.0,0.1569698759598176
2017-06-20 04:00:00+00:00,1242.199951171875,1245.5,1240.5,1241.0,75,0.0,-77024.0,0.239990234375
2017-06-21 00:00:00+00:00,1244.864,1249.729,1240.876,1248.941,80862,0.0,80787.0,0.4605218569976243
2017-06-21 04:00:00+00:00,1244.0999755859375,1245.0,1240.0,1243.4000244140625,205,0.0,-80657.0,0.139990234375
2017-06-22 00:00:00+00:00,1248.933,1254.651,1246.583,1251.441,76784,0.0,76579.0,0.3108577094695145
2017-06-22 04:00:00+00:00,1251.0,1252.699951171875,1246.300048828125,1247.5999755859375,156,0.0,-76628.0,0.5312619211108568
2017-06-23 00:00:00+00:00,1251.439,1258.769,1249.816,1256.265,66724,0.0,66568.0,0.5390371942365727
2017-06-23 04:00:00+00:00,1250.0,1273.5999755859375,1249.800048828125,1256.199951171875,269,0.0,-66455.0,0.26050295175130406
2017-06-26 00:00:00+00:00,1257.289,1257.389,1234.913,1243.106,76063,0.0,75794.0,0.631028652785196
2017-06-26 04:00:00+00:00,1260.199951171875,1260.199951171875,1241.5999755859375,1246.300048828125,194,0.0,-75869.0,0.7473075585249161
2017-06-27 00:00:00+00:00,1243.11,1253.067,1241.334,1249.172,83549,0.0,83355.0,0.5166624051819784
2017-06-27 04:00:00+00:00,1251.5999755859375,1251.800048828125,1245.9000244140625,1246.4000244140625,111,0.0,-83438.0,0.8813440092690294
2017-06-28 00:00:00+00:00,1249.189,1254.763,1247.863,1249.659,83381,0.0,83270.0,0.06811594202899081
2017-06-28 04:00:00+00:00,1248.5,1248.5,1248.0,1248.0,370,0.0,-83011.0,1.0
2017-06-29 00:00:00+00:00,1249.673,1253.151,1239.739,1246.444,87736,0.0,87366.0,0.24075454816582414
2017-06-29 04:00:00+00:00,1248.199951171875,1250.699951171875,1238.0999755859375,1244.199951171875,540,0.0,-87196.0,0.317460932580242
2017-06-30 00:00:00+00:00,1246.405,1248.231,1239.066,1240.66,79791,0.0,79251.0,0.626841243862511
2017-06-30 04:00:00+00:00,1243.699951171875,1243.699951171875,1239.0999755859375,1240.699951171875,43,0.0,-79748.0,0.6521773744128652
2017-07-03 00:00:00+00:00,1241.61,1241.99,1218.483,1223.394,80115,0.0,80072.0,0.7749181094992915
2017-07-03 04:00:00+00:00,1236.0,1236.0,1217.9000244140625,1217.9000244140625,33,0.0,-80082.0,1.0
2017-07-04 00:00:00+00:00,1223.389,1227.257,1220.586,1226.66,57632,0.0,57599.0,0.490331284664992
2017-07-05 00:00:00+00:00,1226.66,1229.024,1217.238,1226.533,85556,0.0,27924.0,0.010775496351619031
2017-07-05 04:00:00+00:00,1222.5,1225.0,1217.0999755859375,1220.4000244140625,40,0.0,-85516.0,0.2658188729391041
2017-07-06 00:00:00+00:00,1226.529,1227.884,1218.804,1222.764,80103,0.0,80063.0,0.41464757709252537
2017-07-06 04:00:00+00:00,1225.0999755859375,1225.0999755859375,1222.199951171875,1222.199951171875,5,0.0,-80098.0,1.0
2017-07-07 00:00:00+00:00,1222.759,1227.758,1207.289,1212.436,73520,0.0,73515.0,0.5043236113146743
2017-07-07 04:00:00+00:00,1219.0999755859375,1220.4000244140625,1208.5999755859375,1208.5999755859375,116,0.0,-73404.0,0.8898268263919061
2017-07-10 00:00:00+00:00,1213.129,1215.431,1204.698,1213.603,72928,0.0,72812.0,0.044162862200704596
2017-07-10 04:00:00+00:00,1211.4000244140625,1212.0999755859375,1209.5999755859375,1212.0999755859375,28,0.0,-72900.0,0.27998046875
2017-07-11 00:00:00+00:00,1213.623,1218.026,1208.169,1217.778,76172,0.0,76144.0,0.421527848229683
2017-07-11 04:00:00+00:00,1208.699951171875,1214.9000244140625,1208.699951171875,1213.5999755859375,12,0.0,-76160.0,0.7903171821779449
2017-07-12 00:00:00+00:00,1217.781,1225.66,1213.552,1219.021,78814,0.0,78802.0,0.1024116286752553
2017-07-12 04:00:00+00:00,1218.300048828125,1219.4000244140625,1217.9000244140625,1218.0999755859375,7,0.0,-78807.0,0.13338216145833334
2017-07-13 00:00:00+00:00,1219.025,1224.357,1216.387,1217.551,75473,0.0,75466.0,0.18494353826852636
2017-07-13 04:00:00+00:00,1221.4000244140625,1221.4000244140625,1216.300048828125,1216.300048828125,7,0.0,-75466.0,1.0
2017-07-14 00:00:00+00:00,1217.554,1232.736,1214.577,1228.535,71874,0.0,71867.0,0.6047139159645317
2017-07-14 04:00:00+00:00,1214.9000244140625,1227.5,1214.800048828125,1226.5999755859375,23,0.0,-71851.0,0.9212595397835406
2017-07-17 00:00:00+00:00,1230.737,1235.886,1229.333,1232.835,68413,0.0,68390.0,0.32015870593621143
2017-07-17 04:00:00+00:00,1229.9000244140625,1233.4000244140625,1229.9000244140625,1232.800048828125,7,0.0,-68406.0,0.8285784040178571
2017-07-18 00:00:00+00:00,1232.834,1244.497,1232.766,1242.68,81172,0.0,81165.0,0.8393146364333823
2017-07-18 04:00:00+00:00,1236.199951171875,1241.199951171875,1236.199951171875,1241.0999755859375,29,0.0,-81143.0,0.9800048828125
2017-07-19 00:00:00+00:00,1242.681,1243.977,1235.724,1241.313,72614,0.0,72585.0,0.16575790621591086
2017-07-19 04:00:00+00:00,1240.4000244140625,1241.199951171875,1240.0999755859375,1241.199951171875,3,0.0,-72611.0,0.7272222838752636
2017-07-20 00:00:00+00:00,1241.321,1247.52,1235.185,1243.907,80168,0.0,80165.0,0.20964734495338508
2017-07-20 04:00:00+00:00,1236.5999755859375,1244.800048828125,1236.5999755859375,1244.800048828125,5,0.0,-80163.0,1.0
2017-07-21 00:00:00+00:00,1243.907,1255.652,1243.402,1254.783,73984,0.0,73979.0,0.8878367346938756
2017-07-21 04:00:00+00:00,1250.699951171875,1254.300048828125,1250.5,1254.300048828125,16,0.0,-73968.0,0.9473819466752329
2017-07-24 00:00:00+00:00,1256.156,1258.746,1251.886,1253.663,77383,0.0,77367.0,0.3634110787171854
2017-07-24 04:00:00+00:00,1256.0,1256.0,1253.9000244140625,1253.9000244140625,8,0.0,-77375.0,1.0
2017-07-25 00:00:00+00:00,1253.666,1257.666,1246.577,1246.709,80324,0.0,80316.0,0.6273784831815237
2017-07-25 04:00:00+00:00,1252.699951171875,1253.5999755859375,1249.199951171875,1251.699951171875,18,0.0,-80306.0,0.22727146622277708
2017-07-26 00:00:00+00:00,1246.722,1263.376,1243.71,1260.223,84132,0.0,84114.0,0.6865147971117674
2017-07-26 04:00:00+00:00,1244.800048828125,1249.0,1244.800048828125,1249.0,7,0.0,-84125.0,1.0
2017-07-27 00:00:00+00:00,1260.22,1265.241,1254.538,1260.065,91981,0.0,91974.0,0.014481920956738586
2017-07-27 04:00:00+00:00,1259.5999755859375,1259.5999755859375,1259.5999755859375,1259.5999755859375,220309,0.0,128328.0,0.0
2017-07-28 00:00:00+00:00,1260.064,1270.793,1257.361,1268.97,77495,0.0,-142814.0,0.6630434782608762
2017-07-28 04:00:00+00:00,1258.4000244140625,1270.0,1256.9000244140625,1268.4000244140625,64180,0.0,-13315.0,0.7633602012766155
2017-07-31 00:00:00+00:00,1270.192,1270.422,1265.746,1267.473,77400,0.0,13220.0,0.5814798973481803
2017-07-31 04:00:00+00:00,1268.9000244140625,1270.800048828125,1265.800048828125,1266.5999755859375,7780,0.0,-69620.0,0.460009765625
2017-08-01 00:00:00+00:00,1267.478,1274.058,1262.407,1267.55,83248,0.0,75468.0,0.0061797270620452
2017-08-01 04:00:00+00:00,1268.4000244140625,1273.300048828125,1262.0,1272.5999755859375,1061,0.0,-82187.0,0.3716754888192719
2017-08-02 00:00:00+00:00,1267.564,1272.735,1256.304,1263.048,81900,0.0,80839.0,0.2748463270647026
2017-08-02 04:00:00+00:00,1268.5,1272.0999755859375,1262.9000244140625,1271.800048828125,393,0.0,-81507.0,0.35870286336013585
2017-08-03 00:00:00+00:00,1263.048,1270.775,1259.817,1269.155,80969,0.0,80576.0,0.5573097280525574
2017-08-03 04:00:00+00:00,1265.9000244140625,1269.800048828125,1256.5999755859375,1267.800048828125,878,0.0,-80091.0,0.14394044481435242
2017-08-04 00:00:00+00:00,1269.147,1270.098,1254.153,1258.206,72749,0.0,71871.0,0.686171213546571
2017-08-04 04:00:00+00:00,1269.0,1269.5999755859375,1253.9000244140625,1258.300048828125,521,0.0,-72228.0,0.6815276719486214
2017-08-07 00:00:00+00:00,1257.325,1259.857,1255.745,1257.633,67885,0.0,67364.0,0.07490272373540534
2017-08-07 04:00:00+00:00,1258.699951171875,1259.0999755859375,1255.300048828125,1258.199951171875,260,0.0,-67625.0,0.131581483504128
2017-08-08 00:00:00+00:00,1257.634,1265.135,1251.407,1261.886,78215,0.0,77955.0,0.30973193473192984
2017-08-08 04:00:00+00:00,1256.9000244140625,1264.0999755859375,1251.4000244140625,1256.4000244140625,555,0.0,-77660.0,0.03937023010822969
2017-08-09 00:00:00+00:00,1261.88,1278.585,1261.296,1275.814,88850,0.0,88295.0,0.8059459772109422
2017-08-09 04:00:00+00:00,1260.199951171875,1277.800048828125,1260.199951171875,1273.0,574,0.0,-88276.0,0.727271466222777
2017-08-10 00:00:00+00:00,1275.812,1287.762,1274.617,1286.559,86447,0.0,85873.0,0.8175732217573287
2017-08-10 04:00:00+00:00,1276.5999755859375,1287.4000244140625,1274.9000244140625,1283.699951171875,608,0.0,-85839.0,0.567998046875
2017-08-11 00:00:00+00:00,1286.577,1291.876,1280.904,1288.449,81186,0.0,80578.0,0.17061611374408261
2017-08-11 04:00:00+00:00,1286.300048828125,1291.0999755859375,1282.0,1287.699951171875,139,0.0,-81047.0,0.1538358351107355
2017-08-14 00:00:00+00:00,1288.817,1289.466,1278.599,1279.136,81499,0.0,81360.0,0.8908622434894703
2017-08-14 04:00:00+00:00,1288.4000244140625,1288.4000244140625,1278.800048828125,1284.199951171875,338,0.0,-81161.0,0.4375087420367992
2017-08-15 00:00:00+00:00,1279.134,1279.536,1267.167,1272.879,79742,0.0,79404.0,0.5056997332039808
2017-08-15 04:00:00+00:00,1280.5,1280.5,1267.4000244140625,1273.699951171875,188,0.0,-79554.0,0.5190886642128314
2017-08-16 00:00:00+00:00,1272.875,1284.18,1267.665,1282.966,80318,0.0,80130.0,0.6110202845897568
2017-08-16 04:00:00+00:00,1271.300048828125,1282.5999755859375,1269.4000244140625,1276.9000244140625,110,0.0,-80208.0,0.42424214400651045
2017-08-17 00:00:00+00:00,1282.944,1290.074,1281.114,1288.488,91535,0.0,91425.0,0.6187500000000082
2017-08-17 04:00:00+00:00,1283.800048828125,1288.5,1283.199951171875,1286.4000244140625,43,0.0,-91492.0,0.4905569118798655
2017-08-18 00:00:00+00:00,1288.487,1300.739,1283.374,1283.76,86514,0.0,86471.0,0.2722142240138259
2017-08-18 04:00:00+00:00,1288.5999755859375,1300.699951171875,1284.300048828125,1285.699951171875,358,0.0,-86156.0,0.17683180992645964
2017-08-21 00:00:00+00:00,1283.366,1293.628,1281.761,1291.616,80636,0.0,80278.0,0.6952051908654273
2017-08-21 04:00:00+00:00,1285.199951171875,1290.800048828125,1284.699951171875,1290.800048828125,18,0.0,-80618.0,0.9180340990954935
2017-08-22 00:00:00+00:00,1291.636,1291.636,1281.982,1283.218,79476,0.0,79458.0,0.8719701678060799
2017-08-22 04:00:00+00:00,1287.199951171875,1288.4000244140625,1283.199951171875,1285.0999755859375,100,0.0,-79376.0,0.40383577079274163
2017-08-23 00:00:00+00:00,1283.223,1291.339,1282.745,1290.493,79083,0.0,78983.0,0.8459390272282917
2017-08-23 04:00:00+00:00,1289.4000244140625,1289.4000244140625,1286.9000244140625,1288.9000244140625,250,0.0,-78833.0,0.2
2017-08-24 00:00:00+00:00,1290.5,1290.716,1284.343,1286.512,80539,0.0,80289.0,0.6257649458653961
2017-08-24 04:00:00+00:00,1288.699951171875,1288.699951171875,1284.0,1286.5,550,0.0,-79989.0,0.46807958028154384
2017-08-25 00:00:00+00:00,1286.543,1294.539,1276.587,1290.708,77696,0.0,77146.0,0.23200757575758643
2017-08-25 04:00:00+00:00,1285.4000244140625,1292.699951171875,1280.300048828125,1292.5,280,0.0,-77416.0,0.5725831856664698
2017-08-28 00:00:00+00:00,1292.44,1324.474,1291.817,1317.503,81262,0.0,80982.0,0.7674617999203825
2017-08-28 04:00:00+00:00,1293.5,1311.300048828125,1293.5,1309.699951171875,145,0.0,-81117.0,0.910107119834314
2017-08-29 00:00:00+00:00,1317.486,1325.918,1305.057,1308.895,97732,0.0,97587.0,0.4118211015771139
2017-08-29 04:00:00+00:00,1318.800048828125,1323.800048828125,1313.0999755859375,1313.0999755859375,1178,0.0,-96554.0,0.5327134789800924
2017-08-30 00:00:00+00:00,1308.859,1313.599,1304.535,1307.157,85520,0.0,84342.0,0.187775816416596
2017-08-30 04:00:00+00:00,1308.199951171875,1312.5,1304.9000244140625,1308.0999755859375,1178,0.0,-84342.0,0.0131547246181275
2017-08-31 00:00:00+00:00,1307.166,1323.581,1298.604,1321.203,89461,0.0,88283.0,0.5619970372742968
2017-08-31 04:00:00+00:00,1306.5999755859375,1322.300048828125,1301.699951171875,1316.199951171875,373,0.0,-89088.0,0.46601602313399226
2017-09-01 00:00:00+00:00,1321.204,1328.737,1316.27,1323.917,78392,0.0,78019.0,0.21761450228603066
2017-09-01 04:00:00+00:00,1320.199951171875,1327.699951171875,1316.9000244140625,1324.5,313,0.0,-78079.0,0.3981553694347428
2017-09-04 00:00:00+00:00,1336.129,1339.659,1331.766,1332.843,62999,0.0,62686.0,0.416318256683114
2017-09-05 00:00:00+00:00,1332.848,1344.271,1325.956,1341.582,93416,0.0,30417.0,0.4768768768768837
2017-09-05 04:00:00+00:00,1335.199951171875,1339.199951171875,1328.5999755859375,1339.199951171875,39,0.0,-93377.0,0.377359359705188
2017-09-06 00:00:00+00:00,1341.556,1342.427,1331.568,1333.42,89307,0.0,89268.0,0.7492402615342135
2017-09-06 04:00:00+00:00,1340.0,1340.300048828125,1332.5999755859375,1333.9000244140625,20,0.0,-89287.0,0.7921970861935034
2017-09-07 00:00:00+00:00,1333.421,1349.797,1332.606,1348.838,90986,0.0,90966.0,0.8968064685009534
2017-09-07 04:00:00+00:00,1336.4000244140625,1349.0,1336.4000244140625,1345.0999755859375,26,0.0,-90960.0,0.6904736531065017
2017-09-08 00:00:00+00:00,1348.856,1357.412,1342.6,1346.19,90404,0.0,90378.0,0.17998919794760446
2017-09-08 04:00:00+00:00,1351.0,1355.800048828125,1345.5999755859375,1346.0,37,0.0,-90367.0,0.49019255855144267
2017-09-11 00:00:00+00:00,1337.527,1338.966,1326.361,1327.101,83773,0.0,83736.0,0.8271320904403097
2017-09-11 04:00:00+00:00,1331.0,1331.0,1327.300048828125,1331.0,9,0.0,-83764.0,0.0
2017-09-12 00:00:00+00:00,1327.125,1334.524,1322.573,1330.884,87974,0.0,87965.0,0.3145343485900828
2017-09-12 04:00:00+00:00,1327.0,1328.0,1325.199951171875,1328.0,15,0.0,-87959.0,0.35713662917429595
2017-09-13 00:00:00+00:00,1330.876,1334.566,1320.702,1322.224,83555,0.0,83540.0,0.6240623196768627
2017-09-13 04:00:00+00:00,1323.4000244140625,1323.4000244140625,1323.4000244140625,1323.4000244140625,16,0.0,-83539.0,0.0
2017-09-14 00:00:00+00:00,1322.23,1334.247,1315.328,1333.875,85459,0.0,85443.0,0.6155187906337504
2017-09-14 04:00:00+00:00,1319.5999755859375,1329.300048828125,1319.5999755859375,1324.699951171875,316,0.0,-85143.0,0.5257667090343934
2017-09-15 00:00:00+00:00,1333.893,1334.027,1319.518,1319.839,80921,0.0,80605.0,0.9686401543869373
2017-09-15 04:00:00+00:00,1320.5999755859375,1321.199951171875,1319.800048828125,1320.4000244140625,15,0.0,-80906.0,0.14283222881060342
2017-09-18 00:00:00+00:00,1316.163,1319.583,1304.579,1308.837,79269,0.0,79254.0,0.48826979472140475
2017-09-18 04:00:00+00:00,1309.800048828125,1310.4000244140625,1306.0,1306.300048828125,129,0.0,-79140.0,0.7954501317797198
2017-09-19 00:00:00+00:00,1308.842,1311.604,1304.991,1310.785,81564,0.0,81435.0,0.29381521246030046
2017-09-19 04:00:00+00:00,1307.9000244140625,1310.300048828125,1305.0999755859375,1306.199951171875,20,0.0,-81544.0,0.3269325571022794
2017-09-20 00:00:00+00:00,1310.785,1315.953,1296.026,1298.917,84469,0.0,84449.0,0.5955738445325549
2017-09-20 04:00:00+00:00,1312.0,1312.0,1298.699951171875,1312.0,12,0.0,-84457.0,0.0
2017-09-21 00:00:00+00:00,1298.89,1300.794,1288.045,1291.913,85102,0.0,85090.0,0.5472586085183211
2017-09-21 04:00:00+00:00,1299.0999755859375,1304.0999755859375,1290.300048828125,1290.5999755859375,336,0.0,-84766.0,0.6159452980565949
2017-09-22 00:00:00+00:00,1291.913,1298.602,1291.244,1297.117,78801,0.0,78465.0,0.7072574069040266
2017-09-22 04:00:00+00:00,1295.0,1295.699951171875,1293.300048828125,1293.300048828125,209,0.0,-78592.0,0.7083418107833164
2017-09-25 00:00:00+00:00,1291.867,1311.938,1290.692,1308.253,86983,0.0,86774.0,0.77125105902287
2017-09-25 04:00:00+00:00,1293.0999755859375,1309.199951171875,1291.0,1306.800048828125,51,0.0,-86932.0,0.7527532965779977
2017-09-26 00:00:00+00:00,1308.254,1313.511,1292.024,1293.211,88519,0.0,88468.0,0.7000977335132795
2017-09-26 04:00:00+00:00,1304.5,1305.5999755859375,1297.0,1297.0,39,0.0,-88480.0,0.8720954989993045
2017-09-27 00:00:00+00:00,1293.21,1296.059,1281.362,1283.409,88490,0.0,88451.0,0.6668707899571344
2017-09-27 04:00:00+00:00,1283.4000244140625,1283.4000244140625,1283.4000244140625,1283.4000244140625,19488,0.0,-69002.0,0.0
2017-09-28 00:00:00+00:00,1283.418,1288.692,1277.711,1286.926,86215,0.0,66727.0,0.3194608869866169
2017-09-28 04:00:00+00:00,1283.0999755859375,1288.0,1277.0,1285.5,5226,0.0,-80989.0,0.21818403764204544
2017-09-29 00:00:00+00:00,1286.932,1290.19,1275.27,1279.153,78867,0.0,73641.0,0.5213806970509356
2017-09-29 04:00:00+00:00,1284.199951171875,1289.4000244140625,1281.5,1281.5,492,0.0,-78375.0,0.34176491493734257
2017-10-02 00:00:00+00:00,1277.757,1277.757,1269.228,1271.111,80984,0.0,80492.0,0.7792238245984243
2017-10-02 04:00:00+00:00,1275.0,1276.0999755859375,1270.4000244140625,1272.699951171875,136,0.0,-80848.0,0.4035207949629503
2017-10-03 00:00:00+00:00,1271.114,1274.647,1268.298,1272.45,78615,0.0,78479.0,0.2104268388722676
2017-10-03 04:00:00+00:00,1269.699951171875,1273.300048828125,1268.5999755859375,1271.5,192,0.0,-78423.0,0.3829831441705841
2017-10-04 00:00:00+00:00,1272.453,1282.176,1270.585,1273.98,79041,0.0,78849.0,0.13174014321456798
2017-10-04 04:00:00+00:00,1273.800048828125,1280.800048828125,1270.0,1273.699951171875,218,0.0,-78823.0,0.009268259601690892
2017-10-05 00:00:00+00:00,1273.977,1278.964,1265.942,1269.061,78118,0.0,77900.0,0.3775149746582854
2017-10-05 04:00:00+00:00,1277.800048828125,1277.800048828125,1267.5999755859375,1269.9000244140625,36,0.0,-78082.0,0.7745066360296318
2017-10-06 00:00:00+00:00,1269.064,1276.445,1260.595,1276.258,79145,0.0,79109.0,0.45388012618296536
2017-10-06 04:00:00+00:00,1267.5999755859375,1272.0,1260.5,1271.5999755859375,46,0.0,-79099.0,0.34782608695652173
2017-10-09 00:00:00+00:00,1276.473,1285.343,1275.247,1283.163,74480,0.0,74434.0,0.6626386687797199
2017-10-09 04:00:00+00:00,1280.5999755859375,1284.0,1279.0,1281.800048828125,19,0.0,-74461.0,0.2400146484375
2017-10-10 00:00:00+00:00,1283.127,1294.177,1282.108,1289.588,86759,0.0,86740.0,0.5353384704615158
2017-10-10 04:00:00+00:00,1282.5999755859375,1293.0,1281.699951171875,1290.5999755859375,18,0.0,-86741.0,0.7079615426163984
2017-10-11 00:00:00+00:00,1289.577,1293.476,1284.391,1292.374,86604,0.0,86586.0,0.3078701155751254
2017-10-11 04:00:00+00:00,1287.300048828125,1292.0,1284.9000244140625,1285.800048828125,21,0.0,-86583.0,0.21126833210116397
2017-10-12 00:00:00+00:00,1292.384,1297.379,1289.617,1293.934,80856,0.0,80835.0,0.19969080133985645
2017-10-12 04:00:00+00:00,1291.5,1294.5,1289.300048828125,1293.300048828125,14,0.0,-80842.0,0.34616648668951594
2017-10-13 00:00:00+00:00,1293.932,1303.739,1290.76,1303.521,79926,0.0,79912.0,0.7388088450573935
2017-10-13 04:00:00+00:00,1293.300048828125,1301.699951171875,1291.699951171875,1301.5,74,0.0,-79852.0,0.8199951171875
2017-10-16 00:00:00+00:00,1304.124,1305.994,1290.381,1294.995,83215,0.0,83141.0,0.5847050534810884
2017-10-16 04:00:00+00:00,1302.0,1303.800048828125,1291.9000244140625,1299.9000244140625,173,0.0,-83042.0,0.1764681745909627
2017-10-17 00:00:00+00:00,1294.961,1295.203,1281.216,1285.949,85704,0.0,85531.0,0.6443125759633869
2017-10-17 04:00:00+00:00,1295.0999755859375,1295.0999755859375,1283.0,1283.0,571,0.0,-85133.0,1.0
2017-10-18 00:00:00+00:00,1285.945,1288.825,1276.96,1280.294,81634,0.0,81063.0,0.476274757690673
2017-10-18 04:00:00+00:00,1279.9000244140625,1279.9000244140625,1279.9000244140625,1279.9000244140625,163,0.0,-81471.0,0.0
2017-10-19 00:00:00+00:00,1280.273,1291.032,1276.306,1290.024,92591,0.0,92428.0,0.6621621621621657
2017-10-19 04:00:00+00:00,1286.4000244140625,1286.9000244140625,1285.0999755859375,1286.9000244140625,134,0.0,-92457.0,0.2777702427777024
2017-10-20 00:00:00+00:00,1290.019,1290.581,1277.95,1279.944,85929,0.0,85795.0,0.7976407251999176
2017-10-20 04:00:00+00:00,1279.5999755859375,1279.5999755859375,1277.4000244140625,1277.4000244140625,304,0.0,-85625.0,1.0
2017-10-23 00:00:00+00:00,1274.778,1283.205,1272.505,1282.618,83509,0.0,83205.0,0.7327102803738366
2017-10-23 04:00:00+00:00,1274.699951171875,1280.800048828125,1271.5,1277.699951171875,115,0.0,-83394.0,0.32257895151340144
2017-10-24 00:00:00+00:00,1282.619,1283.602,1273.63,1275.71,85596,0.0,85481.0,0.6928399518652117
2017-10-24 04:00:00+00:00,1275.5,1275.5,1273.699951171875,1275.0,111,0.0,-85485.0,0.2777702427777024
2017-10-25 00:00:00+00:00,1275.683,1279.928,1270.867,1279.266,91967,0.0,91856.0,0.3954309678843422
2017-10-25 04:00:00+00:00,1269.9000244140625,1275.4000244140625,1269.9000244140625,1275.4000244140625,105,0.0,-91862.0,1.0
2017-10-26 00:00:00+00:00,1279.199,1282.372,1265.622,1267.2,90268,0.0,90163.0,0.7163582089552253
2017-10-26 04:00:00+00:00,1273.5,1273.5,1264.699951171875,1266.300048828125,39,0.0,-90229.0,0.8181717297822166
2017-10-27 00:00:00+00:00,1267.162,1273.982,1263.36,1273.811,86000,0.0,85961.0,0.6259649783468125
2017-10-27 04:00:00+00:00,1268.4000244140625,1268.5,1267.0999755859375,1268.5,567,0.0,-85433.0,0.07140988752288778
2017-10-30 00:00:00+00:00,1272.554,1278.782,1268.905,1277.147,81462,0.0,80895.0,0.4650197428368805
2017-10-30 04:00:00+00:00,1270.0,1274.0999755859375,1267.9000244140625,1274.0999755859375,222,0.0,-81240.0,0.6612915928332349
2017-10-31 00:00:00+00:00,1277.144,1278.055,1267.68,1269.92,80048,0.0,79826.0,0.6962891566264995
2017-10-31 04:00:00+00:00,1273.0999755859375,1274.5999755859375,1266.0999755859375,1267.0,235,0.0,-79813.0,0.7176441865808824
2017-11-01 00:00:00+00:00,1269.935,1280.804,1267.944,1275.349,90134,0.0,89899.0,0.4209953343701348
2017-11-01 04:00:00+00:00,1272.199951171875,1274.800048828125,1270.300048828125,1274.0999755859375,78,0.0,-90056.0,0.4222276475694444
2017-11-02 00:00:00+00:00,1275.36,1284.039,1273.124,1277.669,90443,0.0,90365.0,0.21154374713698618
2017-11-02 04:00:00+00:00,1274.9000244140625,1274.9000244140625,1274.9000244140625,1274.9000244140625,70,0.0,-90373.0,0.0
2017-11-03 00:00:00+00:00,1277.636,1280.199,1265.391,1269.712,73984,0.0,73914.0,0.5351161534305768
2017-11-03 04:00:00+00:00,1265.300048828125,1267.9000244140625,1265.300048828125,1266.5,75,0.0,-73909.0,0.4615240152119818
2017-11-06 00:00:00+00:00,1270.501,1282.858,1266.031,1279.999,87585,0.0,87510.0,0.5644499910857579
2017-11-06 05:00:00+00:00,1269.0,1280.5,1269.0,1279.4000244140625,128,0.0,-87457.0,0.9043499490489131
2017-11-07 00:00:00+00:00,1280.007,1280.688,1271.79,1277.566,88706,0.0,88578.0,0.27433131040683223
2017-11-07 05:00:00+00:00,1276.800048828125,1276.800048828125,1270.4000244140625,1273.699951171875,11,0.0,-88695.0,0.4843884109939156
2017-11-08 00:00:00+00:00,1277.565,1287.138,1275.91,1281.876,87614,0.0,87603.0,0.38395083719273104
2017-11-08 05:00:00+00:00,1275.9000244140625,1284.9000244140625,1274.699951171875,1281.5999755859375,15,0.0,-87599.0,0.55881472971194
2017-11-09 00:00:00+00:00,1281.865,1288.439,1279.927,1285.994,96808,0.0,96793.0,0.48507988721802425
2017-11-09 05:00:00+00:00,1279.699951171875,1286.9000244140625,1279.699951171875,1285.5999755859375,18,0.0,-96790.0,0.8194394995168099
2017-11-10 00:00:00+00:00,1286.006,1287.037,1273.374,1275.15,86007,0.0,85989.0,0.7945546366098211
2017-11-10 05:00:00+00:00,1283.5,1283.5,1272.4000244140625,1272.4000244140625,10,0.0,-85997.0,1.0
2017-11-13 00:00:00+00:00,1275.223,1279.712,1274.833,1277.805,79482,0.0,79472.0,0.529206804673121
2017-11-13 05:00:00+00:00,1277.300048828125,1277.300048828125,1277.0,1277.300048828125,3,0.0,-79479.0,0.0
2017-11-14 00:00:00+00:00,1277.805,1283.538,1269.824,1280.881,85980,0.0,85977.0,0.22429633950707561
2017-11-14 05:00:00+00:00,1276.9000244140625,1281.5,1276.9000244140625,1281.5,4,0.0,-85976.0,1.0
2017-11-15 00:00:00+00:00,1280.882,1289.445,1276.612,1279.368,93520,0.0,93516.0,0.11797709031404509
2017-11-15 05:00:00+00:00,1281.4000244140625,1284.699951171875,1275.9000244140625,1276.5,13,0.0,-93507.0,0.5568255905894103
2017-11-16 00:00:00+00:00,1279.379,1281.726,1275.115,1279.246,85604,0.0,85591.0,0.020117985176192517
2017-11-16 05:00:00+00:00,1277.5,1277.5,1277.4000244140625,1277.4000244140625,43,0.0,-85561.0,1.0
2017-11-17 00:00:00+00:00,1279.223,1296.83,1278.894,1293.84,88772,0.0,88729.0,0.8149531668153449
2017-11-17 05:00:00+00:00,1288.300048828125,1295.800048828125,1288.300048828125,1295.800048828125,1,0.0,-88771.0,1.0
2017-11-20 00:00:00+00:00,1293.464,1294.122,1274.297,1279.293,88985,0.0,88984.0,0.7148045397225733
2017-11-20 05:00:00+00:00,1274.5999755859375,1275.9000244140625,1274.5999755859375,1274.5999755859375,1,0.0,-88984.0,0.0
2017-11-21 00:00:00+00:00,1279.294,1284.664,1276.275,1281.906,85376,0.0,85375.0,0.31136011443555667
2017-11-21 05:00:00+00:00,1281.0999755859375,1281.0999755859375,1281.0999755859375,1281.0999755859375,4,0.0,-85372.0,0.0
2017-11-22 00:00:00+00:00,1281.911,1294.621,1279.024,1290.869,87843,0.0,87839.0,0.574341219465265
2017-11-22 05:00:00+00:00,1284.699951171875,1291.5999755859375,1282.9000244140625,1291.5999755859375,4,0.0,-87839.0,0.7931107057668023
2017-11-23 00:00:00+00:00,1290.875,1293.487,1286.959,1291.325,57663,0.0,57659.0,0.06893382352941851
2017-11-24 00:00:00+00:00,1291.284,1293.159,1285.476,1288.371,67508,0.0,9845.0,0.37914877001171593
2017-11-24 05:00:00+00:00,1286.699951171875,1286.699951171875,1286.699951171875,1286.699951171875,0,0.0,-67508.0,0.0
2017-11-27 00:00:00+00:00,1287.427,1299.133,1286.73,1294.441,82978,0.0,82978.0,0.5655083447553102
2017-11-27 05:00:00+00:00,1293.800048828125,1293.800048828125,1293.800048828125,1293.800048828125,1,0.0,-82977.0,0.0
2017-11-28 00:00:00+00:00,1294.452,1297.364,1290.544,1293.944,89571,0.0,89570.0,0.07448680351906788
2017-11-28 05:00:00+00:00,1294.699951171875,1294.699951171875,1294.699951171875,1294.699951171875,275442,0.0,185871.0,0.0
2017-11-29 00:00:00+00:00,1293.945,1296.615,1282.053,1284.061,92339,0.0,-183103.0,0.6787529185551493
2017-11-29 05:00:00+00:00,1293.4000244140625,1296.199951171875,1281.0999755859375,1282.0999755859375,47244,0.0,-45095.0,0.7483488144609092
2017-11-30 00:00:00+00:00,1284.064,1285.236,1270.367,1274.904,95875,0.0,48631.0,0.6160468087968253
2017-11-30 05:00:00+00:00,1283.0999755859375,1284.5,1269.699951171875,1273.199951171875,3049,0.0,-92826.0,0.6689183616238598
2017-12-01 00:00:00+00:00,1274.908,1289.139,1271.57,1279.889,97562,0.0,94513.0,0.28351072912516395
2017-12-01 05:00:00+00:00,1274.0999755859375,1288.5999755859375,1271.0,1278.800048828125,823,0.0,-96739.0,0.2670499864751455
2017-12-04 00:00:00+00:00,1273.83,1277.067,1270.759,1276.511,89664,0.0,88841.0,0.42501585288523197
2017-12-04 05:00:00+00:00,1272.5,1276.0999755859375,1270.300048828125,1274.300048828125,850,0.0,-88814.0,0.3103571654073622
2017-12-05 00:00:00+00:00,1276.495,1276.916,1260.856,1266.154,90477,0.0,89627.0,0.6438978829389744
2017-12-05 05:00:00+00:00,1275.4000244140625,1275.800048828125,1260.0,1261.5999755859375,1499,0.0,-88978.0,0.8734181127060896
2017-12-06 00:00:00+00:00,1266.161,1269.17,1262.51,1264.009,94003,0.0,92504.0,0.3231231231231257
2017-12-06 05:00:00+00:00,1264.9000244140625,1267.800048828125,1261.5999755859375,1262.800048828125,373,0.0,-93630.0,0.3387017384969778
2017-12-07 00:00:00+00:00,1263.942,1264.06,1243.78,1247.041,94278,0.0,93905.0,0.8333826429980321
2017-12-07 05:00:00+00:00,1262.300048828125,1262.4000244140625,1243.9000244140625,1249.800048828125,358,0.0,-93920.0,0.6756756756756757
2017-12-08 00:00:00+00:00,1247.057,1252.314,1243.205,1248.137,84608,0.0,84250.0,0.11856405752551426
2017-12-08 05:00:00+00:00,1246.300048828125,1249.300048828125,1241.5,1245.199951171875,157,0.0,-84451.0,0.1410372781620708
2017-12-11 00:00:00+00:00,1248.601,1251.481,1240.627,1242.79,81994,0.0,81837.0,0.5353786622443456
2017-12-11 05:00:00+00:00,1248.4000244140625,1249.199951171875,1239.9000244140625,1243.699951171875,146,0.0,-81848.0,0.505388199776859
2017-12-12 00:00:00+00:00,1242.786,1246.183,1236.445,1243.359,82487,0.0,82341.0,0.05884165126307887
2017-12-12 05:00:00+00:00,1241.300048828125,1244.4000244140625,1236.5,1238.5,692,0.0,-81795.0,0.3544354651791647
2017-12-13 00:00:00+00:00,1243.353,1256.949,1240.252,1253.965,89274,0.0,88582.0,0.6355632748397784
2017-12-13 05:00:00+00:00,1241.9000244140625,1254.5,1239.800048828125,1245.4000244140625,349,0.0,-88925.0,0.23809602896480708
2017-12-14 00:00:00+00:00,1253.933,1259.009,1250.485,1253.479,92308,0.0,91959.0,0.05326137963396818
2017-12-14 05:00:00+00:00,1252.9000244140625,1257.699951171875,1250.300048828125,1253.800048828125,139,0.0,-92169.0,0.12162652589904321
2017-12-15 00:00:00+00:00,1253.483,1261.769,1253.07,1254.982,87613,0.0,87474.0,0.17231865731693433
2017-12-15 05:00:00+00:00,1253.0999755859375,1260.300048828125,1253.0999755859375,1254.300048828125,578,0.0,-87035.0,0.1666751436854687
2017-12-18 00:00:00+00:00,1253.823,1263.917,1252.727,1261.397,80995,0.0,80417.0,0.6768543342269847
2017-12-18 05:00:00+00:00,1256.199951171875,1262.4000244140625,1255.699951171875,1262.199951171875,45,0.0,-80950.0,0.8955125986116931
2017-12-19 00:00:00+00:00,1261.413,1265.171,1259.22,1261.705,77540,0.0,77495.0,0.04906738363298862
2017-12-19 05:00:00+00:00,1261.0999755859375,1264.300048828125,1259.5,1260.699951171875,329,0.0,-77211.0,0.08333757184273435
2017-12-20 00:00:00+00:00,1261.699,1267.752,1261.366,1266.407,76525,0.0,76196.0,0.737237707485105
2017-12-20 05:00:00+00:00,1261.300048828125,1266.5999755859375,1261.300048828125,1266.0999755859375,63,0.0,-76462.0,0.9056590736347514
2017-12-21 00:00:00+00:00,1266.402,1268.882,1262.705,1266.952,73675,0.0,73612.0,0.08903998704871985
2017-12-21 05:00:00+00:00,1266.4000244140625,1267.4000244140625,1264.300048828125,1267.300048828125,226,0.0,-73449.0,0.2903327426658791
2017-12-22 00:00:00+00:00,1266.954,1276.087,1264.908,1274.762,68392,0.0,68166.0,0.6984524554969077
2017-12-22 05:00:00+00:00,1266.300048828125,1276.300048828125,1266.300048828125,1275.4000244140625,119,0.0,-68273.0,0.90999755859375
2017-12-26 00:00:00+00:00,1278.706,1283.692,1277.026,1282.067,43284,0.0,43165.0,0.5042004200420243
2017-12-26 05:00:00+00:00,1282.4000244140625,1284.0999755859375,1281.800048828125,1284.0999755859375,84,0.0,-43200.0,0.7391327424234383
2017-12-27 00:00:00+00:00,1282.069,1288.909,1281.327,1287.624,74066,0.0,73982.0,0.732656291216036
2017-12-27 05:00:00+00:00,1284.0,1287.0,1284.0,1287.0,456,0.0,-73610.0,1.0
2017-12-28 00:00:00+00:00,1287.634,1295.161,1287.157,1294.062,76858,0.0,76402.0,0.8030984507745849
2017-12-28 05:00:00+00:00,1288.199951171875,1294.0999755859375,1288.199951171875,1294.0999755859375,245,0.0,-76613.0,1.0
2017-12-29 00:00:00+00:00,1294.062,1307.502,1293.964,1302.632,72074,0.0,71829.0,0.6330329443049311
2017-12-29 05:00:00+00:00,1294.199951171875,1306.300048828125,1294.0,1306.300048828125,65,0.0,-72009.0,0.9837438716976638
2018-01-02 00:00:00+00:00,1307.421,1321.326,1307.393,1320.187,67312,0.0,67247.0,0.9162420153592088
2018-01-02 05:00:00+00:00,1302.300048828125,1317.5999755859375,1302.300048828125,1313.699951171875,68,0.0,-67244.0,0.7450952232780425
2018-01-03 00:00:00+00:00,1320.185,1321.208,1307.448,1311.119,86585,0.0,86517.0,0.6588662790697701
2018-01-03 05:00:00+00:00,1320.0,1320.0999755859375,1312.0999755859375,1316.199951171875,42,0.0,-86543.0,0.475006103515625
2018-01-04 00:00:00+00:00,1311.108,1325.917,1305.757,1320.912,87571,0.0,87529.0,0.48630952380953163
2018-01-04 05:00:00+00:00,1319.4000244140625,1322.0,1319.4000244140625,1319.4000244140625,2,0.0,-87569.0,0.0
2018-01-05 00:00:00+00:00,1320.844,1323.349,1313.663,1319.231,78554,0.0,78552.0,0.16652901094363715
2018-01-05 05:00:00+00:00,1320.300048828125,1320.300048828125,1320.300048828125,1320.300048828125,1,0.0,-78553.0,0.0
2018-01-08 00:00:00+00:00,1319.525,1322.096,1314.762,1317.997,74120,0.0,74119.0,0.20834469593673405
2018-01-08 05:00:00+00:00,1319.9000244140625,1319.9000244140625,1314.5999755859375,1318.5999755859375,41,0.0,-74079.0,0.24528997190105487
2018-01-09 00:00:00+00:00,1318.007,1320.129,1308.841,1310.342,85390,0.0,85349.0,0.6790396881644185
2018-01-09 05:00:00+00:00,1309.5999755859375,1311.699951171875,1309.5999755859375,1311.699951171875,16,0.0,-85374.0,1.0
2018-01-10 00:00:00+00:00,1310.341,1327.657,1308.08,1317.744,90455,0.0,90439.0,0.37814782653113455
2018-01-10 05:00:00+00:00,1320.300048828125,1320.699951171875,1315.300048828125,1317.4000244140625,70,0.0,-90385.0,0.5370512704584501
2018-01-11 00:00:00+00:00,1317.743,1323.885,1315.675,1322.757,86706,0.0,86636.0,0.6107186358100002
2018-01-11 05:00:00+00:00,1317.0999755859375,1320.5999755859375,1316.300048828125,1320.5999755859375,9,0.0,-86697.0,0.8139673527324344
2018-01-12 00:00:00+00:00,1322.754,1339.288,1322.754,1337.542,90568,0.0,90559.0,0.8943994193782459
2018-01-12 05:00:00+00:00,1327.800048828125,1338.199951171875,1327.800048828125,1333.4000244140625,14,0.0,-90554.0,0.5384642471477534
2018-01-15 00:00:00+00:00,1336.878,1344.658,1336.475,1341.511,69258,0.0,69244.0,0.5661737748991864
2018-01-16 00:00:00+00:00,1341.523,1341.929,1331.857,1340.697,94604,0.0,25346.0,0.08200953137410766
2018-01-16 05:00:00+00:00,1331.0999755859375,1335.4000244140625,1331.0,1335.4000244140625,13,0.0,-94591.0,0.9772784019975032
2018-01-17 00:00:00+00:00,1340.7,1343.89,1325.858,1328.515,100209,0.0,100196.0,0.6757431233362823
2018-01-17 05:00:00+00:00,1334.4000244140625,1338.0,1326.800048828125,1338.0,27,0.0,-100182.0,0.32142779291553136
2018-01-18 00:00:00+00:00,1328.543,1333.027,1324.145,1327.924,95900,0.0,95873.0,0.06969151092095363
2018-01-18 05:00:00+00:00,1328.9000244140625,1328.9000244140625,1326.0,1326.0,211,0.0,-95689.0,1.0
2018-01-19 00:00:00+00:00,1327.92,1337.98,1326.78,1331.642,88612,0.0,88401.0,0.33232142857142544
2018-01-19 05:00:00+00:00,1330.0999755859375,1333.0,1330.0999755859375,1331.9000244140625,50,0.0,-88562.0,0.620701266994991
2018-01-21 00:00:00+00:00,1333.8,1335.53,1331.81,1334.72,3264,0.0,3214.0,0.24731182795700699
2018-01-22 00:00:00+00:00,1334.733,1335.535,1328.35,1333.15,83251,0.0,79987.0,0.22032011134305055
2018-01-22 05:00:00+00:00,1328.4000244140625,1330.9000244140625,1328.4000244140625,1330.9000244140625,162,0.0,-83089.0,1.0
2018-01-23 00:00:00+00:00,1333.152,1342.243,1331.322,1341.828,87525,0.0,87363.0,0.7944327442541793
2018-01-23 05:00:00+00:00,1335.800048828125,1335.9000244140625,1335.699951171875,1335.699951171875,47,0.0,-87478.0,0.5003050640634533
2018-01-24 00:00:00+00:00,1341.769,1361.966,1339.483,1356.106,96771,0.0,96724.0,0.6376818040297123
2018-01-24 05:00:00+00:00,1355.9000244140625,1357.199951171875,1355.9000244140625,1355.9000244140625,18,0.0,-96753.0,0.0
2018-01-25 00:00:00+00:00,1356.115,1366.009,1342.33,1346.749,109233,0.0,109215.0,0.3955403522108176
2018-01-25 05:00:00+00:00,1356.300048828125,1362.4000244140625,1346.699951171875,1362.4000244140625,4,0.0,-109229.0,0.38853166426933095
2018-01-26 00:00:00+00:00,1346.738,1357.063,1345.841,1349.819,96764,0.0,96760.0,0.2745499910889188
2018-01-26 05:00:00+00:00,1351.5999755859375,1352.0,1350.9000244140625,1351.5999755859375,280546,0.0,183782.0,0.0
2018-01-28 00:00:00+00:00,1349.64,1351.135,1348.912,1351.135,2750,0.0,-277796.0,0.6725146198830051
2018-01-29 00:00:00+00:00,1351.108,1352.35,1337.606,1341.228,93098,0.0,90348.0,0.670103092783501
2018-01-30 00:00:00+00:00,1341.228,1348.806,1334.424,1338.505,100557,0.0,7459.0,0.18933388958419864
2018-01-30 05:00:00+00:00,1338.699951171875,1347.800048828125,1332.800048828125,1335.4000244140625,52100,0.0,-48457.0,0.2199951171875
2018-01-31 00:00:00+00:00,1338.471,1345.093,1336.353,1343.184,57638,0.0,5538.0,0.5392448512585767
2018-01-31 05:00:00+00:00,1337.5,1346.9000244140625,1331.800048828125,1339.0,4881,0.0,-52757.0,0.0993379089564184
2018-02-01 05:00:00+00:00,1343.800048828125,1350.5999755859375,1336.800048828125,1344.300048828125,1680,0.0,-3201.0,0.03623207635627029
2018-02-02 00:00:00+00:00,1344.94,1346.945,1327.434,1332.879,51638,0.0,49958.0,0.6181641125519025
2018-02-02 05:00:00+00:00,1348.5,1352.0999755859375,1327.699951171875,1333.699951171875,2841,0.0,-48797.0,0.6065587712934938
2018-02-04 00:00:00+00:00,1331.76,1333.857,1329.492,1332.563,3725,0.0,884.0,0.1839633447881121
2018-02-05 00:00:00+00:00,1332.49,1341.507,1328.966,1340.392,104604,0.0,100879.0,0.6300932939956891
2018-02-05 05:00:00+00:00,1331.0999755859375,1340.199951171875,1329.0,1333.0,641,0.0,-103963.0,0.1696457765667575
2018-02-06 00:00:00+00:00,1340.325,1345.996,1320.126,1325.316,121144,0.0,120503.0,0.5801700811751042
2018-02-06 05:00:00+00:00,1338.199951171875,1343.699951171875,1319.5,1326.0999755859375,529,0.0,-120615.0,0.5
2018-02-07 00:00:00+00:00,1325.317,1332.247,1311.333,1319.033,103190,0.0,102661.0,0.30046858563642104
2018-02-07 05:00:00+00:00,1325.4000244140625,1331.0999755859375,1310.5,1311.5999755859375,491,0.0,-102699.0,0.669906076856982
2018-02-08 00:00:00+00:00,1319.057,1322.607,1307.04,1322.016,107198,0.0,106707.0,0.1900815828354891
2018-02-08 05:00:00+00:00,1317.0999755859375,1321.0999755859375,1307.0,1316.9000244140625,459,0.0,-106739.0,0.014180958729773954
2018-02-09 00:00:00+00:00,1322.016,1322.016,1311.135,1315.932,102816,0.0,102357.0,0.5591397849462377
2018-02-09 05:00:00+00:00,1320.9000244140625,1322.0,1311.9000244140625,1313.0999755859375,451,0.0,-102365.0,0.772283928981496
2018-02-11 00:00:00+00:00,1314.95,1316.772,1314.145,1316.27,2652,0.0,2201.0,0.5024743052911915
2018-02-12 00:00:00+00:00,1316.294,1326.39,1315.968,1322.499,87782,0.0,85130.0,0.5953751679140196
2018-02-12 05:00:00+00:00,1323.800048828125,1325.5,1318.0,1324.199951171875,140,0.0,-87642.0,0.0533203125
2018-02-13 00:00:00+00:00,1322.531,1332.951,1321.583,1331.757,90896,0.0,90756.0,0.8115763546798173
2018-02-13 05:00:00+00:00,1324.5,1329.5999755859375,1323.4000244140625,1328.0999755859375,71,0.0,-90825.0,0.5806457964166174
2018-02-14 00:00:00+00:00,1331.793,1355.458,1316.938,1353.812,104291,0.0,104220.0,0.5716251298027003
2018-02-14 05:00:00+00:00,1332.800048828125,1355.5,1324.0,1355.5,400,0.0,-103891.0,0.7206333705357143
2018-02-15 00:00:00+00:00,1353.797,1357.052,1348.525,1353.854,93729,0.0,93329.0,0.00668464876275567
2018-02-15 05:00:00+00:00,1352.0,1355.9000244140625,1349.699951171875,1352.0999755859375,111,0.0,-93618.0,0.016124904018428463
2018-02-16 00:00:00+00:00,1353.847,1361.69,1344.787,1347.061,89971,0.0,89860.0,0.40146719517245755
2018-02-16 05:00:00+00:00,1354.0,1361.4000244140625,1344.9000244140625,1353.199951171875,110,0.0,-89861.0,0.04848780776515151
2018-02-18 00:00:00+00:00,1347.25,1349.824,1347.25,1348.028,2806,0.0,2696.0,0.30225330225330194
2018-02-19 00:00:00+00:00,1348.028,1351.31,1343.102,1345.314,61269,0.0,58463.0,0.3306530214424938
2018-02-20 00:00:00+00:00,1345.314,1346.513,1328.452,1329.9,91075,0.0,29806.0,0.8534411162172667
2018-02-20 05:00:00+00:00,1348.4000244140625,1350.199951171875,1328.5,1328.800048828125,283,0.0,-90792.0,0.9032267137697872
2018-02-21 00:00:00+00:00,1329.914,1336.146,1322.348,1326.758,93504,0.0,93221.0,0.22872880127554346
2018-02-21 05:00:00+00:00,1326.800048828125,1331.5,1324.4000244140625,1330.0,119,0.0,-93385.0,0.45069889792479756
2018-02-22 00:00:00+00:00,1326.762,1332.115,1320.924,1330.5,90003,0.0,89884.0,0.33401840764900775
2018-02-22 05:00:00+00:00,1322.0,1331.4000244140625,1322.0,1330.5999755859375,70,0.0,-89933.0,0.9148886435945718
2018-02-23 00:00:00+00:00,1330.492,1331.579,1325.777,1328.601,80135,0.0,80065.0,0.32592209582900367
2018-02-23 05:00:00+00:00,1328.0,1332.0999755859375,1327.699951171875,1328.199951171875,427,0.0,-79708.0,0.04544319600499376
2018-02-25 00:00:00+00:00,1328.2,1329.9,1326.626,1327.032,3194,0.0,2767.0,0.3567501527184115
2018-02-26 00:00:00+00:00,1327.034,1340.98,1327.034,1332.173,87840,0.0,84646.0,0.36849275778000345
2018-02-26 05:00:00+00:00,1335.0,1340.5,1330.699951171875,1330.699951171875,652,0.0,-87188.0,0.43877830646969435
2018-02-27 00:00:00+00:00,1332.157,1336.67,1313.4,1317.453,93264,0.0,92612.0,0.6318865492049833
2018-02-27 05:00:00+00:00,1331.699951171875,1332.5999755859375,1312.699951171875,1315.5,710,0.0,-92554.0,0.8140668993565247
2018-02-28 00:00:00+00:00,1317.468,1322.429,1315.597,1317.365,90725,0.0,90015.0,0.015076112412187334
2018-02-28 05:00:00+00:00,1315.4000244140625,1321.0,1315.4000244140625,1315.5,58,0.0,-90667.0,0.017852861035422343
2018-03-01 00:00:00+00:00,1317.33,1321.008,1302.773,1316.997,101376,0.0,101318.0,0.018261584864263998
2018-03-01 05:00:00+00:00,1310.4000244140625,1318.0999755859375,1301.800048828125,1302.9000244140625,43,0.0,-101333.0,0.46012476690456755
2018-03-02 00:00:00+00:00,1317.002,1325.392,1315.179,1322.358,94228,0.0,94185.0,0.5244296484872234
2018-03-02 05:00:00+00:00,1314.300048828125,1323.199951171875,1314.300048828125,1321.0999755859375,155,0.0,-94073.0,0.7640450979316399
2018-03-04 00:00:00+00:00,1323.682,1324.22,1319.715,1323.064,3078,0.0,2923.0,0.13718091009987196
2018-03-05 00:00:00+00:00,1323.075,1327.742,1317.504,1320.915,101364,0.0,98286.0,0.21097870677867453
2018-03-05 05:00:00+00:00,1323.5,1325.9000244140625,1318.0999755859375,1318.0999755859375,18,0.0,-101346.0,0.6923064884659926
2018-03-06 00:00:00+00:00,1320.904,1340.406,1320.48,1339.06,103608,0.0,103590.0,0.9111713339355622
2018-03-06 05:00:00+00:00,1321.5999755859375,1333.5999755859375,1321.4000244140625,1333.5999755859375,18,0.0,-103590.0,0.9836104940865702
2018-03-07 00:00:00+00:00,1339.045,1340.349,1322.043,1324.498,104499,0.0,104481.0,0.7946574893477545
2018-03-07 05:00:00+00:00,1338.0999755859375,1338.0999755859375,1326.0,1326.0,27,0.0,-104472.0,1.0
2018-03-08 00:00:00+00:00,1324.486,1328.971,1319.01,1320.904,96090,0.0,96063.0,0.35960244955326803
2018-03-08 05:00:00+00:00,1324.800048828125,1326.800048828125,1319.300048828125,1319.9000244140625,62,0.0,-96028.0,0.6533365885416667
2018-03-09 00:00:00+00:00,1320.926,1325.084,1312.78,1323.245,86259,0.0,86197.0,0.18847529258777174
2018-03-09 05:00:00+00:00,1316.800048828125,1322.4000244140625,1313.0,1322.4000244140625,88,0.0,-86171.0,0.5957405363288099
2018-03-11 00:00:00+00:00,1322.7,1323.363,1322.49,1323.083,804,0.0,716.0,0.43871706758306694
2018-03-12 00:00:00+00:00,1323.123,1325.644,1315.071,1325.0,75918,0.0,75114.0,0.17752766480657678
2018-03-12 04:00:00+00:00,1319.4000244140625,1319.4000244140625,1319.4000244140625,1319.4000244140625,0,0.0,-75918.0,0.0
2018-03-13 00:00:00+00:00,1324.95,1328.22,1313.751,1326.338,88498,0.0,88498.0,0.09592922800469383
2018-03-13 04:00:00+00:00,1325.9000244140625,1325.9000244140625,1325.300048828125,1325.9000244140625,13,0.0,-88485.0,0.0
2018-03-14 00:00:00+00:00,1326.262,1329.987,1321.495,1325.201,80814,0.0,80801.0,0.12494112105509869
2018-03-14 04:00:00+00:00,1322.199951171875,1324.4000244140625,1322.199951171875,1324.4000244140625,19,0.0,-80795.0,1.0
2018-03-15 00:00:00+00:00,1325.202,1327.898,1314.924,1315.818,72101,0.0,72082.0,0.7232927393248083
2018-03-15 04:00:00+00:00,1316.800048828125,1316.800048828125,1316.800048828125,1316.800048828125,0,0.0,-72101.0,0.0
2018-03-16 00:00:00+00:00,1315.814,1321.667,1309.655,1313.712,67268,0.0,67268.0,0.17499167499168322
2018-03-16 04:00:00+00:00,1310.0999755859375,1311.300048828125,1310.0999755859375,1311.300048828125,34,0.0,-67234.0,1.0
2018-03-18 00:00:00+00:00,1313.13,1313.747,1312.77,1313.147,1205,0.0,1171.0,0.017400204708110364
2018-03-19 00:00:00+00:00,1313.157,1319.566,1307.776,1317.024,74208,0.0,73003.0,0.32798982188294945
2018-03-19 04:00:00+00:00,1309.4000244140625,1316.9000244140625,1307.300048828125,1316.800048828125,6,0.0,-74202.0,0.7708378368068359
2018-03-20 00:00:00+00:00,1317.033,1317.375,1307.165,1310.014,70137,0.0,70131.0,0.6874632713026425
2018-03-20 04:00:00+00:00,1311.0999755859375,1311.0999755859375,1311.0999755859375,1311.0999755859375,4,0.0,-70133.0,0.0
2018-03-21 00:00:00+00:00,1309.987,1336.555,1309.812,1332.021,81166,0.0,81162.0,0.8239165389073679
2018-03-21 04:00:00+00:00,1312.4000244140625,1328.800048828125,1312.4000244140625,1320.699951171875,34,0.0,-81132.0,0.5060923415879538
2018-03-22 00:00:00+00:00,1332.021,1334.824,1324.755,1332.686,88125,0.0,88091.0,0.06604429436885155
2018-03-22 04:00:00+00:00,1326.5999755859375,1326.5999755859375,1326.5999755859375,1326.5999755859375,0,0.0,-88125.0,0.0
2018-03-23 00:00:00+00:00,1332.665,1350.166,1331.726,1346.981,85546,0.0,85546.0,0.7763557483731109
2018-03-23 04:00:00+00:00,1343.199951171875,1349.300048828125,1343.199951171875,1349.300048828125,8,0.0,-85538.0,1.0
2018-03-25 00:00:00+00:00,1350.1,1350.298,1348.188,1348.232,2520,0.0,2512.0,0.8853080568720506
2018-03-26 00:00:00+00:00,1348.289,1355.871,1343.444,1352.894,78128,0.0,75608.0,0.37056409431077236
2018-03-26 04:00:00+00:00,1348.5,1354.4000244140625,1345.0999755859375,1354.4000244140625,10,0.0,-78118.0,0.6344078964639173
2018-03-27 00:00:00+00:00,1352.849,1356.789,1339.845,1345.432,82168,0.0,82158.0,0.4377360717658129
2018-03-27 04:00:00+00:00,1341.0,1341.300048828125,1341.0,1341.300048828125,290889,0.0,208721.0,1.0
2018-03-28 00:00:00+00:00,1345.431,1346.98,1323.475,1326.499,94305,0.0,-196584.0,0.8054456498617285
2018-03-28 04:00:00+00:00,1345.0,1346.4000244140625,1322.4000244140625,1324.199951171875,59284,0.0,-35021.0,0.866668701171875
2018-03-29 00:00:00+00:00,1326.49,1328.3,1321.22,1325.183,74266,0.0,14982.0,0.1846045197740155
2018-03-29 04:00:00+00:00,1324.0,1327.0999755859375,1321.699951171875,1322.800048828125,5585,0.0,-68681.0,0.22221217532834506
2018-03-30 00:00:00+00:00,1325.1,1325.1,1325.1,1325.1,1,0.0,-5584.0,0.0
2018-04-01 00:00:00+00:00,1326.21,1327.482,1326.061,1326.61,2153,0.0,2152.0,0.28149190710756494
2018-04-02 00:00:00+00:00,1326.612,1344.774,1325.768,1341.545,74551,0.0,72398.0,0.785699252867521
2018-04-02 04:00:00+00:00,1327.0,1344.199951171875,1324.699951171875,1342.0999755859375,649,0.0,-73902.0,0.7743577223557693
2018-04-03 00:00:00+00:00,1341.538,1342.438,1328.898,1333.149,82653,0.0,82004.0,0.619571639586411
2018-04-03 04:00:00+00:00,1340.4000244140625,1341.5,1328.5,1332.800048828125,702,0.0,-81951.0,0.5846135066105769
2018-04-04 00:00:00+00:00,1333.151,1348.148,1331.47,1333.42,86378,0.0,85676.0,0.016129032258064956
2018-04-04 04:00:00+00:00,1331.800048828125,1347.300048828125,1331.5999755859375,1335.800048828125,718,0.0,-85660.0,0.2547758815068227
2018-04-05 00:00:00+00:00,1333.437,1333.778,1322.693,1330.9,80531,0.0,79813.0,0.22886783942262506
2018-04-05 04:00:00+00:00,1333.5,1333.699951171875,1322.5999755859375,1324.300048828125,258,0.0,-80273.0,0.8288262528730576
2018-04-06 00:00:00+00:00,1330.894,1335.331,1319.548,1333.108,84779,0.0,84521.0,0.14027751378064726
2018-04-06 04:00:00+00:00,1326.5,1333.0,1319.0,1331.9000244140625,348,0.0,-84431.0,0.38571602957589285
2018-04-08 00:00:00+00:00,1333.65,1334.057,1331.754,1332.479,2628,0.0,2280.0,0.5084672166739004
2018-04-09 00:00:00+00:00,1332.487,1337.914,1326.836,1336.446,81309,0.0,78681.0,0.35737497743273533
2018-04-09 04:00:00+00:00,1333.0,1337.5,1327.0,1336.300048828125,290,0.0,-81019.0,0.3142903645833333
2018-04-10 00:00:00+00:00,1336.451,1342.539,1331.01,1341.741,83230,0.0,82940.0,0.4588429178593083
2018-04-10 04:00:00+00:00,1335.199951171875,1342.0,1333.0,1342.0,105,0.0,-83125.0,0.7555609809027778
2018-04-11 00:00:00+00:00,1341.742,1365.089,1339.756,1352.897,88687,0.0,88582.0,0.4403347412465968
2018-04-11 04:00:00+00:00,1340.0999755859375,1365.4000244140625,1340.0999755859375,1356.5,118,0.0,-88569.0,0.6482210578120025
2018-04-12 00:00:00+00:00,1352.87,1353.133,1333.776,1337.782,86207,0.0,86089.0,0.7794596270083168
2018-04-12 04:00:00+00:00,1351.199951171875,1351.5,1334.5999755859375,1338.4000244140625,34,0.0,-86173.0,0.7573910217053703
2018-04-13 00:00:00+00:00,1337.741,1347.094,1333.022,1345.245,76397,0.0,76363.0,0.5332575326890168
2018-04-13 04:00:00+00:00,1335.9000244140625,1346.0,1335.9000244140625,1344.800048828125,67,0.0,-76330.0,0.8811926660945866
2018-04-15 00:00:00+00:00,1342.258,1345.655,1342.106,1343.811,3054,0.0,2987.0,0.43758805297263825
2018-04-16 00:00:00+00:00,1343.839,1350.447,1341.167,1348.056,77428,0.0,74374.0,0.45441810344828776
2018-04-16 04:00:00+00:00,1341.0,1348.800048828125,1341.0,1347.5,60,0.0,-77368.0,0.8333281166859683
2018-04-17 00:00:00+00:00,1348.046,1349.332,1337.648,1346.234,75168,0.0,75108.0,0.1550838753851502
2018-04-17 04:00:00+00:00,1348.0,1348.0999755859375,1339.0,1347.199951171875,409,0.0,-74759.0,0.08791768951131501
2018-04-18 00:00:00+00:00,1346.232,1355.631,1342.247,1350.559,78654,0.0,78245.0,0.3232964734010754
2018-04-18 04:00:00+00:00,1343.5,1354.199951171875,1343.5,1351.199951171875,45,0.0,-78609.0,0.7196248887671983
2018-04-19 00:00:00+00:00,1350.604,1354.661,1340.923,1344.409,82436,0.0,82391.0,0.4509390013102279
2018-04-19 04:00:00+00:00,1348.5999755859375,1355.199951171875,1341.5999755859375,1346.800048828125,387,0.0,-82049.0,0.13234779330586746
2018-04-20 00:00:00+00:00,1344.405,1345.681,1334.954,1335.145,70657,0.0,70270.0,0.863242285820818
2018-04-20 04:00:00+00:00,1342.5,1343.4000244140625,1335.300048828125,1336.699951171875,310,0.0,-70347.0,0.7160575691357094
2018-04-22 00:00:00+00:00,1332.97,1334.586,1332.484,1332.891,2247,0.0,1937.0,0.03758325404374288
2018-04-23 00:00:00+00:00,1332.891,1335.374,1322.102,1324.506,76392,0.0,74145.0,0.6317811934900567
2018-04-23 04:00:00+00:00,1334.0,1334.4000244140625,1322.5,1322.5,68,0.0,-76324.0,0.9663845719854337
2018-04-24 00:00:00+00:00,1324.537,1332.586,1321.946,1331.625,74809,0.0,74741.0,0.6661654135338251
2018-04-24 04:00:00+00:00,1326.4000244140625,1331.699951171875,1326.199951171875,1331.4000244140625,28,0.0,-74781.0,0.9090909090909091
2018-04-25 00:00:00+00:00,1331.624,1331.641,1318.784,1322.635,72129,0.0,72101.0,0.6991522128023686
2018-04-25 04:00:00+00:00,1324.0,1325.0,1320.0,1321.199951171875,278,0.0,-71851.0,0.560009765625
2018-04-26 00:00:00+00:00,1322.634,1326.506,1315.229,1317.947,71478,0.0,71200.0,0.41562472288730223
2018-04-26 04:00:00+00:00,1315.699951171875,1316.300048828125,1315.699951171875,1316.300048828125,569,0.0,-70909.0,1.0
2018-04-27 00:00:00+00:00,1317.951,1325.174,1315.323,1323.296,66375,0.0,65806.0,0.5425845091868937
2018-04-27 04:00:00+00:00,1315.300048828125,1321.699951171875,1312.800048828125,1320.300048828125,622,0.0,-65753.0,0.561803917265595
2018-04-29 00:00:00+00:00,1322.9,1323.751,1322.741,1323.321,1058,0.0,436.0,0.41683168316814406
2018-04-30 00:00:00+00:00,1323.297,1324.868,1310.252,1315.127,66510,0.0,65452.0,0.5589764641488835
2018-04-30 04:00:00+00:00,1309.5999755859375,1316.199951171875,1309.5999755859375,1316.199951171875,49,0.0,-66461.0,1.0
2018-05-01 00:00:00+00:00,1315.09,1315.229,1301.765,1305.515,66745,0.0,66696.0,0.7111556743909581
2018-05-01 04:00:00+00:00,1313.199951171875,1313.800048828125,1303.4000244140625,1303.800048828125,28,0.0,-66717.0,0.9038346420648614
2018-05-02 00:00:00+00:00,1305.516,1313.354,1303.887,1305.838,79455,0.0,79427.0,0.034012886870168554
2018-05-02 04:00:00+00:00,1309.0,1309.300048828125,1302.5999755859375,1302.5999755859375,23,0.0,-79432.0,0.9552170823692313
2018-05-03 00:00:00+00:00,1305.836,1318.012,1305.442,1312.777,76367,0.0,76344.0,0.5521877486078016
2018-05-03 04:00:00+00:00,1310.699951171875,1310.699951171875,1310.699951171875,1310.699951171875,4,0.0,-76363.0,0.0
2018-05-04 00:00:00+00:00,1312.792,1315.276,1307.936,1314.821,66596,0.0,66592.0,0.27643051771116567
2018-05-04 04:00:00+00:00,1312.699951171875,1312.699951171875,1312.699951171875,1312.699951171875,0,0.0,-66596.0,0.0
2018-05-06 00:00:00+00:00,1314.96,1315.334,1314.234,1314.686,1365,0.0,1365.0,0.2490909090909824
2018-05-07 00:00:00+00:00,1314.686,1318.832,1310.197,1315.78,66844,0.0,65479.0,0.12669368847713067
2018-05-07 04:00:00+00:00,1310.5999755859375,1312.5,1310.199951171875,1312.199951171875,4,0.0,-66840.0,0.695626791211124
2018-05-08 00:00:00+00:00,1315.782,1317.713,1306.04,1316.337,78235,0.0,78231.0,0.047545618093040656
2018-05-08 04:00:00+00:00,1310.0999755859375,1312.0,1308.5,1312.0,337,0.0,-77898.0,0.5428641183035714
2018-05-09 00:00:00+00:00,1316.388,1317.308,1304.095,1312.42,78426,0.0,78089.0,0.30031030046165574
2018-05-09 04:00:00+00:00,1311.300048828125,1311.300048828125,1311.300048828125,1311.300048828125,70,0.0,-78356.0,0.0
2018-05-10 00:00:00+00:00,1312.42,1322.778,1310.753,1321.131,75844,0.0,75774.0,0.72440748440748
2018-05-10 04:00:00+00:00,1312.199951171875,1320.800048828125,1312.199951171875,1320.800048828125,8,0.0,-75836.0,1.0
2018-05-11 00:00:00+00:00,1321.079,1325.873,1317.075,1318.125,64855,0.0,64847.0,0.335758126847005
2018-05-11 04:00:00+00:00,1319.0,1319.0,1319.0,1319.0,3,0.0,-64852.0,0.0
2018-05-13 00:00:00+00:00,1318.81,1320.16,1318.703,1320.063,1804,0.0,1801.0,0.8599862731640797
2018-05-14 00:00:00+00:00,1320.003,1322.273,1312.916,1313.718,64436,0.0,62632.0,0.6716896441166906
2018-05-14 04:00:00+00:00,1319.9000244140625,1319.9000244140625,1316.5,1316.5,4,0.0,-64432.0,1.0
2018-05-15 00:00:00+00:00,1313.706,1314.808,1288.662,1292.756,77800,0.0,77796.0,0.801269792702511
2018-05-15 04:00:00+00:00,1304.5999755859375,1304.699951171875,1288.9000244140625,1288.9000244140625,8,0.0,-77792.0,0.993672401937682
2018-05-16 00:00:00+00:00,1292.777,1296.834,1286.368,1291.74,75217,0.0,75209.0,0.0990827441238317
2018-05-16 04:00:00+00:00,1290.9000244140625,1294.0,1285.4000244140625,1290.199951171875,26,0.0,-75191.0,0.08140409646420917
2018-05-17 00:00:00+00:00,1291.74,1294.337,1284.745,1289.474,71335,0.0,71309.0,0.2362385321100973
2018-05-17 04:00:00+00:00,1291.300048828125,1291.300048828125,1288.199951171875,1288.199951171875,2,0.0,-71333.0,1.0
2018-05-18 00:00:00+00:00,1289.479,1294.142,1286.064,1292.962,63909,0.0,63907.0,0.4311710819509728
2018-05-18 04:00:00+00:00,1285.199951171875,1290.199951171875,1285.199951171875,1290.199951171875,2,0.0,-63907.0,1.0
2018-05-20 00:00:00+00:00,1290.56,1291.76,1290.306,1291.152,1586,0.0,1584.0,0.40715268225592727
2018-05-21 00:00:00+00:00,1291.142,1293.379,1282.056,1292.457,68971,0.0,67385.0,0.11613529983220615
2018-05-21 04:00:00+00:00,1287.4000244140625,1292.0999755859375,1287.4000244140625,1290.199951171875,52,0.0,-68919.0,0.5957352864786245
2018-05-22 00:00:00+00:00,1292.486,1296.054,1287.905,1293.461,70082,0.0,70030.0,0.11964658240273596
2018-05-22 04:00:00+00:00,1291.699951171875,1291.699951171875,1291.699951171875,1291.699951171875,50,0.0,-70032.0,0.0
2018-05-23 00:00:00+00:00,1293.457,1298.268,1287.036,1294.923,85056,0.0,85006.0,0.13051994301993397
2018-05-23 04:00:00+00:00,1289.300048828125,1289.300048828125,1289.300048828125,1289.300048828125,10,0.0,-85046.0,0.0
2018-05-24 00:00:00+00:00,1294.922,1306.571,1292.709,1304.361,76686,0.0,76676.0,0.680926273265054
2018-05-24 04:00:00+00:00,1303.699951171875,1303.699951171875,1303.699951171875,1303.699951171875,0,0.0,-76686.0,0.0
2018-05-25 00:00:00+00:00,1304.331,1307.716,1299.84,1301.264,72311,0.0,72311.0,0.38941086846114986
2018-05-25 04:00:00+00:00,1303.300048828125,1303.300048828125,1303.300048828125,1303.300048828125,1,0.0,-72310.0,0.0
2018-05-27 00:00:00+00:00,1297.48,1299.39,1296.824,1298.759,1570,0.0,1569.0,0.49844115354636825
2018-05-28 00:00:00+00:00,1298.765,1300.253,1295.472,1298.025,51921,0.0,50351.0,0.15477933486718615
2018-05-29 00:00:00+00:00,1298.024,1306.474,1291.871,1302.115,92861,0.0,40940.0,0.2801479148120364
2018-05-29 04:00:00+00:00,1298.699951171875,1298.699951171875,1298.699951171875,1298.699951171875,386334,0.0,293473.0,0.0
2018-05-30 00:00:00+00:00,1302.092,1304.208,1295.848,1302.516,85388,0.0,-300946.0,0.050717703349278914
2018-05-30 04:00:00+00:00,1298.0,1303.699951171875,1295.199951171875,1301.5,50845,0.0,-34543.0,0.4117647058823529
2018-05-31 00:00:00+00:00,1302.48,1306.399,1296.941,1299.39,82221,0.0,31376.0,0.3267075491647246
2018-05-31 04:00:00+00:00,1301.0,1306.800048828125,1296.5999755859375,1300.0999755859375,4082,0.0,-78139.0,0.08823705405761198
2018-06-01 00:00:00+00:00,1299.377,1300.539,1289.318,1292.928,72628,0.0,68546.0,0.5747259602530825
2018-06-01 04:00:00+00:00,1298.5999755859375,1299.5,1288.9000244140625,1294.800048828125,663,0.0,-71965.0,0.358484482063684
2018-06-03 00:00:00+00:00,1293.33,1294.461,1292.448,1292.71,1748,0.0,1085.0,0.3079980129160037
2018-06-04 00:00:00+00:00,1292.67,1297.981,1290.13,1291.514,69570,0.0,67822.0,0.14724238950454635
2018-06-04 04:00:00+00:00,1293.9000244140625,1297.0999755859375,1290.0,1293.0999755859375,144,0.0,-69426.0,0.1126833210116397
2018-06-05 00:00:00+00:00,1291.503,1300.466,1289.85,1296.876,68476,0.0,68332.0,0.506122833458935
2018-06-05 04:00:00+00:00,1292.0999755859375,1299.800048828125,1289.9000244140625,1297.5,357,0.0,-68119.0,0.5454556663912898
2018-06-06 00:00:00+00:00,1296.886,1301.728,1293.756,1297.281,69115,0.0,68758.0,0.049548419468136325
2018-06-06 04:00:00+00:00,1296.0999755859375,1300.4000244140625,1294.0999755859375,1297.0999755859375,373,0.0,-68742.0,0.15872892850222825
2018-06-07 00:00:00+00:00,1297.275,1303.054,1294.868,1297.222,73063,0.0,72690.0,0.006474468604948692
2018-06-07 04:00:00+00:00,1298.4000244140625,1302.800048828125,1296.199951171875,1298.699951171875,79,0.0,-72984.0,0.04544277576385292
2018-06-08 00:00:00+00:00,1297.188,1300.48,1291.59,1298.456,67573,0.0,67494.0,0.14263217097860376
2018-06-08 04:00:00+00:00,1295.300048828125,1299.4000244140625,1294.800048828125,1298.0999755859375,650,0.0,-66923.0,0.6086829604861609
2018-06-10 00:00:00+00:00,1298.637,1299.717,1298.619,1299.122,1431,0.0,781.0,0.441712204007328
2018-06-11 00:00:00+00:00,1299.062,1302.118,1294.092,1298.146,64452,0.0,63021.0,0.11412908048840746
2018-06-11 04:00:00+00:00,1299.300048828125,1302.0,1295.199951171875,1298.9000244140625,71,0.0,-64381.0,0.058826697303701575
2018-06-12 00:00:00+00:00,1298.113,1299.736,1292.314,1295.435,71494,0.0,71423.0,0.3608191862031934
2018-06-12 04:00:00+00:00,1297.800048828125,1298.0999755859375,1292.699951171875,1295.0999755859375,153,0.0,-71341.0,0.5000113027556118
2018-06-13 00:00:00+00:00,1295.426,1301.124,1291.572,1299.33,66863,0.0,66710.0,0.40871021775543775
2018-06-13 04:00:00+00:00,1294.0,1299.4000244140625,1290.9000244140625,1296.9000244140625,135,0.0,-66728.0,0.34117934283088236
2018-06-14 00:00:00+00:00,1299.358,1309.231,1297.507,1302.365,76056,0.0,75921.0,0.2564824292050562
2018-06-14 04:00:00+00:00,1297.199951171875,1307.699951171875,1297.199951171875,1304.0,42,0.0,-76014.0,0.6476236979166666
2018-06-15 00:00:00+00:00,1302.352,1302.979,1275.39,1279.602,81746,0.0,81704.0,0.8246040088441062
2018-06-15 04:00:00+00:00,1297.199951171875,1307.699951171875,1274.0,1274.5999755859375,589,0.0,-81157.0,0.6706233926178143
2018-06-17 00:00:00+00:00,1279.739,1281.192,1279.299,1280.925,1919,0.0,1330.0,0.6265187533015867
2018-06-18 00:00:00+00:00,1280.93,1282.351,1277.006,1281.281,66262,0.0,64343.0,0.06566884939193332
2018-06-18 04:00:00+00:00,1280.699951171875,1280.699951171875,1276.199951171875,1276.199951171875,35,0.0,-66227.0,1.0
2018-06-19 00:00:00+00:00,1281.261,1284.015,1270.4,1274.982,78698,0.0,78663.0,0.4611825192802051
2018-06-19 04:00:00+00:00,1278.699951171875,1281.800048828125,1269.9000244140625,1275.5999755859375,34,0.0,-78664.0,0.2605016156331743
2018-06-20 00:00:00+00:00,1274.979,1276.32,1267.44,1269.389,76001,0.0,75967.0,0.6295045045045293
2018-06-20 04:00:00+00:00,1274.4000244140625,1274.4000244140625,1271.199951171875,1271.199951171875,7,0.0,-75994.0,1.0
2018-06-21 00:00:00+00:00,1269.399,1270.059,1261.332,1267.292,76540,0.0,76533.0,0.241434628165464
2018-06-21 04:00:00+00:00,1262.699951171875,1268.9000244140625,1260.0,1267.199951171875,46,0.0,-76494.0,0.5056165905443772
2018-06-22 00:00:00+00:00,1267.296,1271.008,1266.718,1269.088,65202,0.0,65156.0,0.41771561771560173
2018-06-22 04:00:00+00:00,1268.0999755859375,1270.199951171875,1267.0,1267.4000244140625,74,0.0,-65128.0,0.2187380788891432
2018-06-24 00:00:00+00:00,1271.095,1271.624,1270.871,1270.932,1414,0.0,1340.0,0.21646746347945056
2018-06-25 00:00:00+00:00,1270.932,1272.531,1264.363,1265.978,75762,0.0,74348.0,0.60651322233105
2018-06-25 04:00:00+00:00,1270.5999755859375,1271.199951171875,1265.5999755859375,1265.5999755859375,37,0.0,-75725.0,0.8928610354223433
2018-06-26 00:00:00+00:00,1265.962,1267.653,1254.748,1258.143,77825,0.0,77788.0,0.6058891902363407
2018-06-26 04:00:00+00:00,1267.199951171875,1267.199951171875,1256.5999755859375,1256.5999755859375,89,0.0,-77736.0,1.0
2018-06-27 00:00:00+00:00,1258.141,1259.989,1250.746,1252.881,84669,0.0,84580.0,0.5690793032565212
2018-06-27 04:00:00+00:00,1255.5,1255.5,1252.300048828125,1252.800048828125,1162,0.0,-83507.0,0.8437476157778286
2018-06-28 00:00:00+00:00,1252.884,1254.229,1245.91,1248.581,81313,0.0,80151.0,0.5172496694314379
2018-06-28 04:00:00+00:00,1251.699951171875,1251.699951171875,1244.800048828125,1247.800048828125,378,0.0,-80935.0,0.565211237704338
2018-06-29 00:00:00+00:00,1248.551,1255.573,1245.978,1252.533,79160,0.0,78782.0,0.41500781657112656
2018-06-29 04:00:00+00:00,1250.300048828125,1253.300048828125,1249.0999755859375,1251.300048828125,48,0.0,-79112.0,0.23809108611619728
2018-07-01 00:00:00+00:00,1253.02,1254.149,1252.785,1253.365,2202,0.0,2154.0,0.2529325513197042
2018-07-02 00:00:00+00:00,1253.329,1253.576,1239.648,1242.103,75367,0.0,73165.0,0.8060022975301404
2018-07-02 04:00:00+00:00,1249.9000244140625,1249.9000244140625,1239.800048828125,1239.800048828125,29,0.0,-75338.0,1.0
2018-07-03 00:00:00+00:00,1242.105,1256.819,1237.914,1254.923,76943,0.0,76914.0,0.67802168738429
2018-07-03 04:00:00+00:00,1238.0999755859375,1254.0999755859375,1237.0,1251.5999755859375,36,0.0,-76907.0,0.7894748113618355
2018-07-04 00:00:00+00:00,1254.923,1261.034,1253.985,1256.914,59939,0.0,59903.0,0.28245141154772696
2018-07-05 00:00:00+00:00,1256.908,1259.69,1251.262,1257.276,79228,0.0,19289.0,0.04366397721881356
2018-07-05 04:00:00+00:00,1255.5,1257.300048828125,1253.5999755859375,1257.300048828125,9,0.0,-79219.0,0.4864900531160305
2018-07-06 00:00:00+00:00,1257.317,1258.7,1252.776,1254.736,70201,0.0,70192.0,0.43568534773800016
2018-07-06 04:00:00+00:00,1255.5,1255.5,1254.300048828125,1254.300048828125,7,0.0,-70194.0,1.0
2018-07-08 00:00:00+00:00,1255.83,1256.555,1255.637,1256.397,1155,0.0,1148.0,0.6176470588234566
2018-07-09 00:00:00+00:00,1256.377,1265.847,1255.423,1258.36,69082,0.0,67927.0,0.19023407521104677
2018-07-09 04:00:00+00:00,1258.199951171875,1262.300048828125,1257.699951171875,1258.0999755859375,37,0.0,-69045.0,0.02173336163889184
2018-07-10 00:00:00+00:00,1258.35,1260.294,1247.33,1255.913,75041,0.0,75004.0,0.18798210428878945
2018-07-10 04:00:00+00:00,1256.199951171875,1256.9000244140625,1249.300048828125,1253.800048828125,65,0.0,-74976.0,0.31577763857434266
2018-07-11 00:00:00+00:00,1255.912,1256.024,1241.507,1242.673,82708,0.0,82643.0,0.9119652820830882
2018-07-11 04:00:00+00:00,1253.199951171875,1253.199951171875,1242.800048828125,1242.800048828125,30,0.0,-82678.0,1.0
2018-07-12 00:00:00+00:00,1242.671,1248.51,1241.29,1245.993,72577,0.0,72547.0,0.4601108033240826
2018-07-12 04:00:00+00:00,1240.9000244140625,1246.699951171875,1240.9000244140625,1245.0,7,0.0,-72570.0,0.7069012691263443
2018-07-13 00:00:00+00:00,1245.942,1248.029,1236.388,1241.512,71700,0.0,71693.0,0.3805514990121153
2018-07-13 04:00:00+00:00,1244.699951171875,1247.0,1239.5999755859375,1239.5999755859375,2,0.0,-71698.0,0.6891836162385971
2018-07-15 00:00:00+00:00,1241.63,1242.103,1241.064,1241.118,1275,0.0,1273.0,0.4927815206931446
2018-07-16 00:00:00+00:00,1241.118,1245.518,1238.302,1240.685,63113,0.0,61838.0,0.060005543237248535
2018-07-16 04:00:00+00:00,1242.699951171875,1243.800048828125,1238.0999755859375,1238.0999755859375,2,0.0,-63111.0,0.807002891101831
2018-07-17 00:00:00+00:00,1240.688,1244.927,1226.064,1227.119,74918,0.0,74916.0,0.7193447489795001
2018-07-17 04:00:00+00:00,1225.699951171875,1225.699951171875,1225.699951171875,1225.699951171875,0,0.0,-74918.0,0.0
2018-07-18 00:00:00+00:00,1227.168,1229.081,1221.047,1227.335,71135,0.0,71135.0,0.020786656709005008
2018-07-18 04:00:00+00:00,1226.699951171875,1226.699951171875,1222.199951171875,1226.300048828125,67,0.0,-71068.0,0.0888671875
2018-07-19 00:00:00+00:00,1227.334,1228.95,1211.435,1223.425,83248,0.0,83181.0,0.2231801313160196
2018-07-19 04:00:00+00:00,1227.199951171875,1228.0,1211.699951171875,1222.4000244140625,33,0.0,-83215.0,0.29447315210065156
2018-07-20 00:00:00+00:00,1223.439,1232.205,1215.673,1231.498,82784,0.0,82751.0,0.4874788289378179
2018-07-20 04:00:00+00:00,1229.5,1229.5,1229.5,1229.5,0,0.0,-82784.0,0.0
2018-07-22 00:00:00+00:00,1231.819,1233.267,1231.5,1232.849,2694,0.0,2694.0,0.582908885115983
2018-07-23 00:00:00+00:00,1232.845,1235.039,1222.211,1224.211,75551,0.0,72857.0,0.6730589335827901
2018-07-23 04:00:00+00:00,1222.0,1224.0,1222.0,1224.0,1,0.0,-75550.0,1.0
2018-07-24 00:00:00+00:00,1224.211,1229.421,1218.045,1225.12,76108,0.0,76107.0,0.07990506329112869
2018-07-24 04:00:00+00:00,1223.9000244140625,1223.9000244140625,1223.9000244140625,1223.9000244140625,0,0.0,-76108.0,0.0
2018-07-25 00:00:00+00:00,1225.151,1234.107,1223.213,1233.042,79080,0.0,79080.0,0.7243436754176469
2018-07-25 04:00:00+00:00,1231.4000244140625,1231.4000244140625,1231.4000244140625,1231.4000244140625,0,0.0,-79080.0,0.0
2018-07-26 00:00:00+00:00,1233.06,1235.133,1222.31,1224.085,78515,0.0,78515.0,0.6999142166419593
2018-07-26 04:00:00+00:00,1227.800048828125,1227.800048828125,1225.300048828125,1225.300048828125,1,0.0,-78514.0,1.0
2018-07-27 00:00:00+00:00,1224.066,1227.256,1217.538,1222.619,68370,0.0,68369.0,0.14889895040132797
2018-07-27 04:00:00+00:00,1222.5999755859375,1222.5999755859375,1222.5999755859375,1222.5999755859375,254428,0.0,186058.0,0.0
2018-07-29 00:00:00+00:00,1223.091,1223.572,1222.006,1222.439,1316,0.0,-253112.0,0.41634738186455816
2018-07-30 00:00:00+00:00,1222.455,1225.028,1219.0,1222.479,59635,0.0,58319.0,0.003981420039833198
2018-07-30 04:00:00+00:00,1222.5,1223.9000244140625,1218.0999755859375,1221.300048828125,62239,0.0,2604.0,0.20688639137938292
2018-07-31 00:00:00+00:00,1222.503,1228.45,1214.003,1223.896,74550,0.0,12311.0,0.09642140236727471
2018-07-31 04:00:00+00:00,1220.4000244140625,1228.0999755859375,1213.0,1223.699951171875,2722,0.0,-71828.0,0.21853854922028473
2018-08-01 00:00:00+00:00,1223.9,1224.683,1215.741,1217.771,70944,0.0,68222.0,0.685417132632535
2018-08-01 04:00:00+00:00,1222.9000244140625,1223.699951171875,1214.4000244140625,1217.9000244140625,1026,0.0,-69918.0,0.5376386427774497
2018-08-02 00:00:00+00:00,1217.796,1221.032,1207.015,1208.352,73887,0.0,72861.0,0.6737532995648197
2018-08-02 04:00:00+00:00,1214.699951171875,1219.300048828125,1205.800048828125,1210.5999755859375,411,0.0,-73476.0,0.30370189525462965
2018-08-03 00:00:00+00:00,1208.351,1219.955,1204.451,1213.262,67725,0.0,67314.0,0.31675696594426345
2018-08-03 04:00:00+00:00,1206.5,1218.5999755859375,1205.0999755859375,1214.199951171875,784,0.0,-66941.0,0.5703667534722222
2018-08-05 00:00:00+00:00,1213.69,1215.044,1213.516,1214.79,1515,0.0,731.0,0.7198952879580462
2018-08-06 00:00:00+00:00,1214.789,1217.817,1205.895,1208.687,67281,0.0,65766.0,0.5118268746854618
2018-08-06 04:00:00+00:00,1214.4000244140625,1214.4000244140625,1206.5999755859375,1208.5999755859375,297,0.0,-66984.0,0.7435913487120097
2018-08-07 00:00:00+00:00,1208.691,1216.098,1207.771,1212.388,63870,0.0,63573.0,0.4439774228413462
2018-08-07 04:00:00+00:00,1207.800048828125,1214.800048828125,1207.800048828125,1209.5999755859375,715,0.0,-63155.0,0.2571323939732143
2018-08-08 00:00:00+00:00,1212.391,1215.755,1206.202,1213.255,65621,0.0,64906.0,0.09044279283994794
2018-08-08 04:00:00+00:00,1212.0,1215.199951171875,1205.9000244140625,1212.5999755859375,209,0.0,-65412.0,0.06451401194460851
2018-08-09 00:00:00+00:00,1213.266,1217.244,1210.744,1212.093,66880,0.0,66671.0,0.18046153846153873
2018-08-09 04:00:00+00:00,1214.5,1215.300048828125,1211.5999755859375,1211.9000244140625,44,0.0,-66836.0,0.7026821945828248
2018-08-10 00:00:00+00:00,1212.077,1217.055,1205.726,1211.004,78903,0.0,78859.0,0.09471268426163805
2018-08-10 04:00:00+00:00,1212.5,1216.4000244140625,1205.5999755859375,1211.0999755859375,75,0.0,-78828.0,0.12963130411194249
2018-08-12 00:00:00+00:00,1212.46,1213.801,1211.927,1212.318,2123,0.0,2048.0,0.07577374599789272
2018-08-13 00:00:00+00:00,1212.291,1212.562,1191.497,1192.799,85309,0.0,83186.0,0.9253263707571859
2018-08-13 04:00:00+00:00,1207.0,1207.4000244140625,1191.300048828125,1191.300048828125,78,0.0,-85231.0,0.9751537254247826
2018-08-14 00:00:00+00:00,1192.767,1198.65,1192.057,1193.887,71931,0.0,71853.0,0.16987714242376434
2018-08-14 04:00:00+00:00,1193.0999755859375,1197.5,1192.800048828125,1193.0,92,0.0,-71839.0,0.021271622253389435
2018-08-15 00:00:00+00:00,1193.888,1194.128,1173.089,1173.75,83753,0.0,83661.0,0.9571747706640017
2018-08-15 04:00:00+00:00,1187.800048828125,1188.0999755859375,1174.5999755859375,1177.5,71,0.0,-83682.0,0.7629665798611112
2018-08-16 00:00:00+00:00,1173.75,1181.96,1160.182,1175.328,85975,0.0,85904.0,0.07245844430158753
2018-08-16 04:00:00+00:00,1173.199951171875,1180.199951171875,1161.4000244140625,1176.199951171875,123,0.0,-85852.0,0.1595750897674811
2018-08-17 00:00:00+00:00,1175.324,1184.952,1171.9,1184.73,75507,0.0,75384.0,0.7206558381857199
2018-08-17 04:00:00+00:00,1174.699951171875,1181.199951171875,1174.699951171875,1176.5,66,0.0,-75441.0,0.2769305889423077
2018-08-19 00:00:00+00:00,1183.23,1183.792,1182.915,1183.535,1629,0.0,1563.0,0.34777651083247446
2018-08-20 00:00:00+00:00,1183.519,1191.251,1182.868,1191.173,68372,0.0,66743.0,0.9130382917809807
2018-08-20 04:00:00+00:00,1184.800048828125,1190.0,1184.4000244140625,1186.800048828125,68,0.0,-68304.0,0.35714441416893733
2018-08-21 00:00:00+00:00,1191.174,1196.942,1187.643,1195.951,75486,0.0,75418.0,0.5137111517367517
2018-08-21 04:00:00+00:00,1189.800048828125,1192.5999755859375,1189.800048828125,1192.5999755859375,22,0.0,-75464.0,1.0
2018-08-22 00:00:00+00:00,1195.993,1201.544,1192.58,1195.066,71897,0.0,71875.0,0.1034136546184616
2018-08-22 04:00:00+00:00,1194.699951171875,1196.300048828125,1194.699951171875,1196.300048828125,17,0.0,-71880.0,1.0
2018-08-23 00:00:00+00:00,1195.049,1195.44,1183.861,1184.487,75375,0.0,75358.0,0.9121685810518994
2018-08-23 04:00:00+00:00,1189.300048828125,1190.300048828125,1184.9000244140625,1187.0,95,0.0,-75280.0,0.4259330424757556
2018-08-24 00:00:00+00:00,1184.489,1208.517,1183.097,1205.638,72855,0.0,72760.0,0.831982690794643
2018-08-24 04:00:00+00:00,1185.300048828125,1208.0,1185.300048828125,1206.300048828125,12,0.0,-72843.0,0.9251121220920853
2018-08-26 00:00:00+00:00,1206.47,1207.867,1206.054,1207.786,2220,0.0,2208.0,0.7258687258687931
2018-08-27 00:00:00+00:00,1207.746,1212.319,1203.205,1211.015,55572,0.0,53352.0,0.3586789554531483
2018-08-27 04:00:00+00:00,1210.300048828125,1211.4000244140625,1205.199951171875,1209.0,154,0.0,-55418.0,0.20968281782205508
2018-08-28 00:00:00+00:00,1211.007,1214.24,1199.616,1202.634,74779,0.0,74625.0,0.572551969365429
2018-08-28 04:00:00+00:00,1209.699951171875,1217.0,1202.300048828125,1207.4000244140625,136,0.0,-74643.0,0.1564581222700171
2018-08-29 00:00:00+00:00,1202.634,1207.793,1201.376,1207.132,72380,0.0,72244.0,0.7009505999688493
2018-08-29 04:00:00+00:00,1205.199951171875,1205.199951171875,1202.4000244140625,1204.5,817,0.0,-71563.0,0.24998910057984916
2018-08-30 00:00:00+00:00,1207.153,1207.216,1196.244,1199.87,75936,0.0,75119.0,0.6637805322639576
2018-08-30 04:00:00+00:00,1205.4000244140625,1205.5999755859375,1196.0,1197.699951171875,493,0.0,-75443.0,0.8020930025558537
2018-08-31 00:00:00+00:00,1199.865,1208.789,1198.273,1200.848,77393,0.0,76900.0,0.09347660707492773
2018-08-31 04:00:00+00:00,1207.0999755859375,1208.199951171875,1199.0999755859375,1200.300048828125,191,0.0,-77202.0,0.7472467034220023
2018-09-02 00:00:00+00:00,1199.64,1200.007,1198.719,1199.095,1607,0.0,1416.0,0.42313664596278583
2018-09-03 00:00:00+00:00,1199.094,1203.818,1195.522,1200.751,47175,0.0,45568.0,0.19973481195755974
2018-09-04 00:00:00+00:00,1200.745,1201.964,1189.626,1191.991,76939,0.0,29764.0,0.7095153185281188
2018-09-04 04:00:00+00:00,1193.800048828125,1193.800048828125,1189.9000244140625,1192.699951171875,26,0.0,-76913.0,0.2820745563241416
2018-09-05 00:00:00+00:00,1191.99,1198.332,1190.904,1197.074,70719,0.0,70693.0,0.6844372644049521
2018-09-05 04:00:00+00:00,1192.5,1196.0,1192.5,1194.9000244140625,21,0.0,-70698.0,0.6857212611607143
2018-09-06 00:00:00+00:00,1197.082,1206.918,1195.68,1201.112,76268,0.0,76247.0,0.35860473393842623
2018-09-06 04:00:00+00:00,1202.0,1202.0,1197.9000244140625,1197.9000244140625,7,0.0,-76261.0,1.0
2018-09-07 00:00:00+00:00,1201.116,1203.478,1193.405,1195.623,76285,0.0,76278.0,0.5453191700585612
2018-09-07 04:00:00+00:00,1198.300048828125,1198.300048828125,1193.0999755859375,1193.5999755859375,29,0.0,-76256.0,0.9038475081574685
2018-09-09 00:00:00+00:00,1195.01,1196.234,1194.902,1196.117,1593,0.0,1564.0,0.8310810810811341
2018-09-10 00:00:00+00:00,1196.089,1198.421,1191.524,1195.008,67383,0.0,65790.0,0.15673481223718694
2018-09-10 04:00:00+00:00,1193.0,1193.0,1193.0,1193.0,11,0.0,-67372.0,0.0
2018-09-11 00:00:00+00:00,1195.011,1199.343,1187.715,1197.004,67654,0.0,67643.0,0.17139662882696177
2018-09-11 04:00:00+00:00,1190.4000244140625,1196.300048828125,1190.4000244140625,1195.4000244140625,21,0.0,-67633.0,0.847454120373244
2018-09-12 00:00:00+00:00,1197.005,1208.441,1192.586,1206.205,75577,0.0,75556.0,0.5802585935036145
2018-09-12 04:00:00+00:00,1205.0,1205.0,1204.699951171875,1204.699951171875,37,0.0,-75540.0,1.0
2018-09-13 00:00:00+00:00,1206.2,1212.615,1200.116,1202.073,75522,0.0,75485.0,0.3301864149131886
2018-09-13 04:00:00+00:00,1203.4000244140625,1203.4000244140625,1200.0,1202.0,22,0.0,-75500.0,0.4117689297382688
2018-09-14 00:00:00+00:00,1202.074,1208.504,1192.897,1193.235,69848,0.0,69826.0,0.5663484333952833
2018-09-14 04:00:00+00:00,1195.0,1195.0,1195.0,1195.0,1,0.0,-69847.0,0.0
2018-09-16 00:00:00+00:00,1194.16,1194.368,1193.014,1193.366,1616,0.0,1615.0,0.5864106351551491
2018-09-17 00:00:00+00:00,1193.364,1204.765,1192.773,1198.369,72802,0.0,71186.0,0.4173615743829055
2018-09-17 04:00:00+00:00,1199.699951171875,1199.699951171875,1199.699951171875,1199.699951171875,0,0.0,-72802.0,0.0
2018-09-18 00:00:00+00:00,1198.371,1203.473,1195.844,1199.503,75974,0.0,75974.0,0.1483811770874097
2018-09-18 04:00:00+00:00,1198.699951171875,1198.699951171875,1196.800048828125,1196.800048828125,2,0.0,-75972.0,1.0
2018-09-19 00:00:00+00:00,1199.496,1206.147,1198.211,1203.945,71491,0.0,71489.0,0.5606098790322437
2018-09-19 04:00:00+00:00,1202.199951171875,1202.199951171875,1202.199951171875,1202.199951171875,0,0.0,-71491.0,0.0
2018-09-20 00:00:00+00:00,1203.942,1208.365,1201.037,1207.354,73370,0.0,73370.0,0.46561135371179674
2018-09-20 04:00:00+00:00,1206.199951171875,1206.199951171875,1206.199951171875,1206.199951171875,0,0.0,-73370.0,0.0
2018-09-21 00:00:00+00:00,1207.365,1211.006,1191.846,1199.512,75198,0.0,75198.0,0.40986430062630647
2018-09-21 04:00:00+00:00,1196.199951171875,1196.199951171875,1196.199951171875,1196.199951171875,0,0.0,-75198.0,0.0
2018-09-23 00:00:00+00:00,1197.695,1198.44,1197.033,1197.935,1442,0.0,1442.0,0.17057569296374062
2018-09-24 00:00:00+00:00,1197.932,1204.111,1194.391,1199.281,66963,0.0,65521.0,0.13878600823044537
2018-09-24 04:00:00+00:00,1199.300048828125,1199.300048828125,1199.300048828125,1199.300048828125,0,0.0,-66963.0,0.0
2018-09-25 00:00:00+00:00,1199.307,1203.269,1197.039,1201.191,66699,0.0,66699.0,0.30240770465489714
2018-09-25 04:00:00+00:00,1202.0999755859375,1202.800048828125,1200.0,1200.0,21,0.0,-66678.0,0.7499782021100357
2018-09-26 00:00:00+00:00,1201.194,1202.393,1190.49,1196.461,74076,0.0,74055.0,0.39763084936570103
2018-09-26 04:00:00+00:00,1194.0,1194.0,1194.0,1194.0,17857,0.0,-56219.0,0.0
2018-09-27 00:00:00+00:00,1196.408,1198.555,1181.877,1183.541,76433,0.0,58576.0,0.7714953831394578
2018-09-27 04:00:00+00:00,1194.5999755859375,1197.300048828125,1180.5,1182.300048828125,4947,0.0,-71486.0,0.7321363695813291
2018-09-28 00:00:00+00:00,1183.53,1193.699,1180.744,1191.768,72587,0.0,67640.0,0.6358934774218417
2018-09-28 04:00:00+00:00,1181.699951171875,1191.9000244140625,1180.0,1191.5,404,0.0,-72183.0,0.8235318254090372
2018-09-30 00:00:00+00:00,1191.41,1192.131,1190.673,1190.872,1854,0.0,1450.0,0.36899862825787383
2018-10-01 00:00:00+00:00,1190.877,1192.04,1184.552,1188.994,71690,0.0,69836.0,0.2514690170940203
2018-10-01 04:00:00+00:00,1191.5999755859375,1191.5999755859375,1185.800048828125,1187.0999755859375,180,0.0,-71510.0,0.7758718666470229
2018-10-02 00:00:00+00:00,1189.013,1208.16,1188.721,1205.487,80538,0.0,80358.0,0.8474715777560622
2018-10-02 04:00:00+00:00,1193.0,1206.0,1190.300048828125,1202.4000244140625,451,0.0,-80087.0,0.598729531777256
2018-10-03 00:00:00+00:00,1205.491,1208.216,1196.457,1197.928,79670,0.0,79219.0,0.6431669359639435
2018-10-03 04:00:00+00:00,1202.5999755859375,1202.5999755859375,1196.5999755859375,1198.300048828125,76,0.0,-79594.0,0.7166544596354166
2018-10-04 00:00:00+00:00,1197.93,1206.649,1195.979,1199.055,80859,0.0,80783.0,0.1054358013120915
2018-10-04 04:00:00+00:00,1199.300048828125,1204.5999755859375,1197.199951171875,1197.199951171875,496,0.0,-80363.0,0.2837960442750862
2018-10-05 00:00:00+00:00,1199.048,1205.713,1197.22,1202.678,72844,0.0,72348.0,0.4274108089014642
2018-10-05 04:00:00+00:00,1197.0999755859375,1205.300048828125,1196.9000244140625,1201.199951171875,34,0.0,-72810.0,0.4880909130542194
2018-10-07 00:00:00+00:00,1203.12,1203.97,1202.859,1203.755,1546,0.0,1512.0,0.5715571557157146
2018-10-08 00:00:00+00:00,1203.753,1204.04,1182.418,1190.65,74773,0.0,73227.0,0.606003144944954
2018-10-08 04:00:00+00:00,1201.0,1201.0,1183.699951171875,1184.4000244140625,250,0.0,-74523.0,0.9595334528160765
2018-10-09 00:00:00+00:00,1190.672,1191.805,1183.311,1189.84,76690,0.0,76440.0,0.09795149517307433
2018-10-09 04:00:00+00:00,1185.5999755859375,1189.0999755859375,1185.5999755859375,1187.199951171875,9,0.0,-76681.0,0.45713588169642855
2018-10-10 00:00:00+00:00,1189.827,1194.775,1185.282,1193.88,78062,0.0,78053.0,0.4269461708627452
2018-10-10 04:00:00+00:00,1189.300048828125,1192.0,1189.300048828125,1189.300048828125,1078,0.0,-76984.0,0.0
2018-10-11 00:00:00+00:00,1193.905,1226.272,1191.24,1221.251,96895,0.0,95817.0,0.7806005937428654
2018-10-11 04:00:00+00:00,1198.0999755859375,1224.5999755859375,1196.300048828125,1223.5,126,0.0,-96769.0,0.8975296873180263
2018-10-12 00:00:00+00:00,1221.266,1223.444,1215.814,1217.801,56398,0.0,56272.0,0.45412844036699856
2018-10-12 04:00:00+00:00,1221.5999755859375,1221.5999755859375,1216.0,1218.0999755859375,122,0.0,-56276.0,0.6250027247956403
2018-10-14 00:00:00+00:00,1218.857,1220.249,1218.857,1219.204,1319,0.0,1197.0,0.24928160919537848
2018-10-15 00:00:00+00:00,1219.203,1233.204,1219.203,1226.768,55290,0.0,53971.0,0.5403185486750994
2018-10-15 04:00:00+00:00,1222.4000244140625,1232.300048828125,1222.4000244140625,1226.4000244140625,136,0.0,-55154.0,0.40403940765218677
2018-10-16 00:00:00+00:00,1226.77,1232.331,1223.343,1224.911,53841,0.0,53705.0,0.2068313306631018
2018-10-16 04:00:00+00:00,1227.0999755859375,1230.5,1227.0999755859375,1227.300048828125,426,0.0,-53415.0,0.05884464869134384
2018-10-17 00:00:00+00:00,1224.911,1229.433,1220.597,1222.194,57936,0.0,57510.0,0.30749207786329724
2018-10-17 04:00:00+00:00,1225.9000244140625,1225.9000244140625,1223.699951171875,1223.699951171875,1,0.0,-57935.0,1.0
2018-10-18 00:00:00+00:00,1222.195,1230.053,1218.669,1225.835,59274,0.0,59273.0,0.31974701335208144
2018-10-18 04:00:00+00:00,1226.5,1226.5,1226.5,1226.5,165,0.0,-59109.0,0.0
2018-10-19 00:00:00+00:00,1225.834,1230.727,1223.113,1226.292,54756,0.0,54591.0,0.06015235093247365
2018-10-19 04:00:00+00:00,1225.300048828125,1225.300048828125,1225.300048828125,1225.300048828125,55,0.0,-54701.0,0.0
2018-10-21 00:00:00+00:00,1228.066,1228.122,1226.754,1227.274,2225,0.0,2170.0,0.5789473684210876
2018-10-22 00:00:00+00:00,1227.297,1229.485,1220.088,1222.323,51754,0.0,49529.0,0.5293178674044873
2018-10-22 04:00:00+00:00,1224.5,1224.5,1219.5999755859375,1221.199951171875,18,0.0,-51736.0,0.6734759971101866
2018-10-23 00:00:00+00:00,1222.321,1239.675,1221.89,1230.884,57730,0.0,57712.0,0.4814731515321997
2018-10-23 04:00:00+00:00,1224.800048828125,1237.800048828125,1224.800048828125,1233.4000244140625,33,0.0,-57697.0,0.6615365835336539
2018-10-24 00:00:00+00:00,1230.866,1235.205,1225.607,1235.166,59119,0.0,59086.0,0.44801000208376474
2018-10-24 04:00:00+00:00,1231.5999755859375,1231.5999755859375,1227.800048828125,1227.800048828125,36,0.0,-59083.0,1.0
2018-10-25 00:00:00+00:00,1235.207,1239.116,1228.072,1231.772,60178,0.0,60142.0,0.31102861282145444
2018-10-25 04:00:00+00:00,1238.5999755859375,1238.5999755859375,1229.0999755859375,1229.0999755859375,7,0.0,-60171.0,1.0
2018-10-26 00:00:00+00:00,1231.742,1243.354,1230.045,1233.594,66020,0.0,66013.0,0.13915395596965163
2018-10-26 04:00:00+00:00,1234.300048828125,1234.800048828125,1232.5,1232.5,20,0.0,-66000.0,0.7826133106888865
2018-10-28 00:00:00+00:00,1233.097,1233.928,1232.671,1232.738,2118,0.0,2098.0,0.2856006364358838
2018-10-29 00:00:00+00:00,1232.757,1235.328,1224.317,1230.052,71621,0.0,69503.0,0.24566342748162406
2018-10-29 04:00:00+00:00,1224.5,1224.5,1224.5,1224.5,214,0.0,-71407.0,0.0
2018-10-30 00:00:00+00:00,1230.065,1230.548,1219.892,1222.556,62889,0.0,62675.0,0.7046734234234282
2018-10-30 04:00:00+00:00,1227.699951171875,1227.699951171875,1219.800048828125,1222.5999755859375,72,0.0,-62817.0,0.6455745101675011
2018-10-31 00:00:00+00:00,1222.56,1222.812,1211.958,1216.016,60780,0.0,60708.0,0.6029113690805216
2018-10-31 04:00:00+00:00,1216.0,1216.5999755859375,1212.0,1212.300048828125,121,0.0,-60659.0,0.8043414802430804
2018-11-01 00:00:00+00:00,1216.016,1237.33,1215.883,1232.947,64135,0.0,64014.0,0.7894344197323588
2018-11-01 04:00:00+00:00,1215.4000244140625,1236.0,1215.4000244140625,1236.0,14,0.0,-64121.0,1.0
2018-11-02 00:00:00+00:00,1232.959,1236.396,1229.748,1232.876,65481,0.0,65467.0,0.012484957882082549
2018-11-02 04:00:00+00:00,1233.300048828125,1233.300048828125,1230.9000244140625,1230.9000244140625,18,0.0,-65463.0,1.0
2018-11-04 00:00:00+00:00,1233.117,1234.183,1233.117,1234.042,1462,0.0,1444.0,0.8677298311443975
2018-11-05 00:00:00+00:00,1234.076,1235.088,1226.875,1231.021,56561,0.0,55099.0,0.3719712650675851
2018-11-05 05:00:00+00:00,1230.5999755859375,1231.5,1226.699951171875,1229.800048828125,15,0.0,-56546.0,0.1666497126290626
2018-11-06 00:00:00+00:00,1231.026,1235.855,1223.466,1227.877,55311,0.0,55296.0,0.254177092582136
2018-11-06 05:00:00+00:00,1230.699951171875,1233.800048828125,1223.800048828125,1223.800048828125,4,0.0,-55307.0,0.689990234375
2018-11-07 00:00:00+00:00,1227.878,1236.346,1222.912,1226.04,66695,0.0,66691.0,0.13681703141283086
2018-11-07 05:00:00+00:00,1228.5999755859375,1228.5999755859375,1226.199951171875,1226.199951171875,1,0.0,-66694.0,1.0
2018-11-08 00:00:00+00:00,1226.03,1226.861,1220.112,1223.048,60967,0.0,60966.0,0.4418432360349623
2018-11-08 05:00:00+00:00,1222.9000244140625,1222.9000244140625,1222.9000244140625,1222.9000244140625,2,0.0,-60965.0,0.0
2018-11-09 00:00:00+00:00,1223.047,1223.248,1206.739,1209.584,59529,0.0,59527.0,0.8154945787146377
2018-11-09 05:00:00+00:00,1207.9000244140625,1207.9000244140625,1206.4000244140625,1206.4000244140625,14,0.0,-59515.0,1.0
2018-11-11 00:00:00+00:00,1209.544,1210.727,1209.217,1210.726,1424,0.0,1410.0,0.782781456953658
2018-11-12 00:00:00+00:00,1210.723,1211.388,1200.085,1202.29,54901,0.0,53477.0,0.7460851101477555
2018-11-12 05:00:00+00:00,1201.5999755859375,1201.5999755859375,1201.300048828125,1201.300048828125,1,0.0,-54900.0,1.0
2018-11-13 00:00:00+00:00,1202.296,1205.123,1196.294,1203.024,60926,0.0,60925.0,0.08245554422922666
2018-11-13 05:00:00+00:00,1196.300048828125,1201.300048828125,1196.300048828125,1199.199951171875,5,0.0,-60921.0,0.57998046875
2018-11-14 00:00:00+00:00,1203.022,1216.282,1197.669,1210.97,65356,0.0,65351.0,0.4270133777467451
2018-11-14 05:00:00+00:00,1207.9000244140625,1207.9000244140625,1207.9000244140625,1207.9000244140625,0,0.0,-65356.0,0.0
2018-11-15 00:00:00+00:00,1210.959,1216.339,1207.648,1213.946,65255,0.0,65255.0,0.34368887354732963
2018-11-15 05:00:00+00:00,1212.800048828125,1212.800048828125,1212.800048828125,1212.800048828125,0,0.0,-65255.0,0.0
2018-11-16 00:00:00+00:00,1213.961,1225.238,1213.826,1221.559,58274,0.0,58274.0,0.6657903960743019
2018-11-16 05:00:00+00:00,1216.699951171875,1223.800048828125,1216.699951171875,1220.800048828125,5,0.0,-58269.0,0.5774706003713638
2018-11-18 00:00:00+00:00,1221.955,1222.686,1221.555,1222.522,1336,0.0,1331.0,0.501326259947019
2018-11-19 00:00:00+00:00,1222.523,1225.16,1218.009,1224.101,56687,0.0,55351.0,0.22066843798072816
2018-11-19 05:00:00+00:00,1223.0999755859375,1223.0999755859375,1223.0999755859375,1223.0999755859375,0,0.0,-56687.0,0.0
2018-11-20 00:00:00+00:00,1224.1,1228.706,1219.922,1221.625,60471,0.0,60471.0,0.28176229508196077
2018-11-20 05:00:00+00:00,1225.300048828125,1228.800048828125,1219.0,1219.0,12,0.0,-60459.0,0.6428589222988964
2018-11-21 00:00:00+00:00,1221.627,1230.015,1219.783,1225.745,54353,0.0,54341.0,0.40246286161061945
2018-11-21 05:00:00+00:00,1225.800048828125,1225.800048828125,1225.800048828125,1225.800048828125,0,0.0,-54353.0,0.0
2018-11-22 00:00:00+00:00,1225.748,1229.014,1224.873,1227.373,36160,0.0,36160.0,0.39241729050955304
2018-11-23 00:00:00+00:00,1227.372,1228.48,1220.299,1222.983,41975,0.0,5815.0,0.536486982031549
2018-11-23 05:00:00+00:00,1224.800048828125,1224.800048828125,1221.0,1221.0,1,0.0,-41974.0,1.0
2018-11-25 00:00:00+00:00,1223.581,1224.339,1223.283,1224.3,1429,0.0,1428.0,0.6808712121212346
2018-11-26 00:00:00+00:00,1224.301,1227.983,1221.685,1222.612,50919,0.0,49490.0,0.26818037472211026
2018-11-26 05:00:00+00:00,1220.199951171875,1222.0,1220.199951171875,1220.199951171875,2,0.0,-50917.0,0.0
2018-11-27 00:00:00+00:00,1222.626,1225.205,1211.898,1214.449,53272,0.0,53270.0,0.6144886150146462
2018-11-27 05:00:00+00:00,1221.9000244140625,1222.0,1211.199951171875,1211.199951171875,5,0.0,-53267.0,0.9907430431539209
2018-11-28 00:00:00+00:00,1214.449,1226.609,1211.169,1221.009,55028,0.0,55023.0,0.42487046632124476
2018-11-28 05:00:00+00:00,1211.5,1221.4000244140625,1211.5,1221.4000244140625,247168,0.0,192140.0,1.0
2018-11-29 00:00:00+00:00,1221.008,1228.931,1220.668,1224.258,57062,0.0,-190106.0,0.39331961757230327
2018-11-29 05:00:00+00:00,1221.0,1228.699951171875,1220.5,1224.0999755859375,55478,0.0,-1584.0,0.37804805430672583
2018-11-30 00:00:00+00:00,1224.262,1225.493,1216.663,1222.016,50161,0.0,-5317.0,0.2543601359003268
2018-11-30 05:00:00+00:00,1224.0999755859375,1225.0,1216.0999755859375,1220.199951171875,2060,0.0,-48101.0,0.4382037882840253
2018-12-02 00:00:00+00:00,1223.023,1223.174,1221.97,1222.05,1600,0.0,-460.0,0.8081395348837176
2018-12-03 00:00:00+00:00,1222.058,1234.883,1221.28,1231.169,58330,0.0,56730.0,0.6697787252811924
2018-12-03 05:00:00+00:00,1222.5,1234.0999755859375,1221.300048828125,1233.9000244140625,751,0.0,-57579.0,0.8906320035858359
2018-12-04 00:00:00+00:00,1231.176,1241.896,1230.498,1238.768,61145,0.0,60394.0,0.6660817687313701
2018-12-04 05:00:00+00:00,1231.0,1241.4000244140625,1230.4000244140625,1241.0999755859375,474,0.0,-60671.0,0.9181795987215909
2018-12-05 00:00:00+00:00,1238.722,1238.987,1233.326,1238.256,44104,0.0,43630.0,0.08231761172935695
2018-12-06 00:00:00+00:00,1238.251,1244.259,1234.732,1237.38,63674,0.0,19570.0,0.09142437283508588
2018-12-06 05:00:00+00:00,1237.5,1244.4000244140625,1234.800048828125,1238.0999755859375,434,0.0,-63240.0,0.06249761580814567
2018-12-07 00:00:00+00:00,1237.366,1249.978,1237.29,1248.211,57352,0.0,56918.0,0.8547446406052917
2018-12-07 05:00:00+00:00,1238.300048828125,1249.800048828125,1237.5999755859375,1246.800048828125,211,0.0,-57141.0,0.6967171287633951
2018-12-09 00:00:00+00:00,1250.188,1250.477,1248.844,1248.988,1765,0.0,1554.0,0.734843845682803
2018-12-10 00:00:00+00:00,1248.988,1250.265,1241.6,1244.106,58091,0.0,56326.0,0.563416041546446
2018-12-10 05:00:00+00:00,1249.5999755859375,1249.5999755859375,1241.699951171875,1243.699951171875,131,0.0,-57960.0,0.7468362254121792
2018-12-11 00:00:00+00:00,1244.11,1249.461,1241.008,1243.09,56509,0.0,56378.0,0.12066721873890747
2018-12-11 05:00:00+00:00,1245.800048828125,1248.699951171875,1241.5,1241.9000244140625,117,0.0,-56392.0,0.5416737309687701
2018-12-12 00:00:00+00:00,1243.089,1247.163,1241.987,1246.085,55675,0.0,55558.0,0.5788253477589131
2018-12-12 05:00:00+00:00,1245.300048828125,1245.5999755859375,1244.0999755859375,1244.4000244140625,84,0.0,-55591.0,0.6000162760416666
2018-12-13 00:00:00+00:00,1246.086,1246.679,1240.099,1242.442,54043,0.0,53959.0,0.5537993920972523
2018-12-13 05:00:00+00:00,1243.5,1243.5,1241.0,1242.699951171875,194,0.0,-53849.0,0.32001953125
2018-12-14 00:00:00+00:00,1242.445,1242.975,1232.889,1238.244,52015,0.0,51821.0,0.4165179456672632
2018-12-14 05:00:00+00:00,1241.699951171875,1241.699951171875,1234.0999755859375,1237.0,33,0.0,-51982.0,0.6184166144653785
2018-12-16 00:00:00+00:00,1237.299,1237.913,1236.962,1237.071,1175,0.0,1142.0,0.23974763406946398
2018-12-17 00:00:00+00:00,1237.075,1248.032,1235.793,1245.848,51607,0.0,50432.0,0.7168069286706338
2018-12-17 05:00:00+00:00,1239.300048828125,1247.4000244140625,1239.300048828125,1247.4000244140625,10,0.0,-51597.0,1.0
2018-12-18 00:00:00+00:00,1245.848,1250.309,1245.033,1249.468,53870,0.0,53860.0,0.6861258529188916
2018-12-18 05:00:00+00:00,1248.199951171875,1249.199951171875,1245.5999755859375,1249.199951171875,31,0.0,-53839.0,0.27777966159167206
2018-12-19 00:00:00+00:00,1249.474,1257.967,1241.503,1244.137,62019,0.0,61988.0,0.32416180758017094
2018-12-19 05:00:00+00:00,1255.800048828125,1255.800048828125,1252.0999755859375,1252.0999755859375,268,0.0,-61751.0,1.0
2018-12-20 00:00:00+00:00,1244.113,1266.419,1242.739,1261.947,68973,0.0,68705.0,0.7531249999999909
2018-12-20 05:00:00+00:00,1243.199951171875,1263.5999755859375,1243.199951171875,1263.5999755859375,49,0.0,-68924.0,1.0
2018-12-21 00:00:00+00:00,1261.961,1262.697,1253.951,1255.655,59029,0.0,58980.0,0.721015321289748
2018-12-21 05:00:00+00:00,1260.300048828125,1261.300048828125,1253.800048828125,1253.800048828125,96,0.0,-58933.0,0.8666666666666667
2018-12-23 00:00:00+00:00,1258.6,1259.027,1257.98,1258.858,1537,0.0,1441.0,0.246418338108913
2018-12-24 00:00:00+00:00,1258.847,1269.488,1258.768,1268.232,46075,0.0,44538.0,0.8754664179104447
2018-12-24 05:00:00+00:00,1260.300048828125,1268.5,1260.300048828125,1267.5,27,0.0,-46048.0,0.8780480543067258
2018-12-26 00:00:00+00:00,1273.719,1278.99,1264.572,1269.12,61059,0.0,61032.0,0.3189762796504454
2018-12-26 05:00:00+00:00,1269.300048828125,1277.4000244140625,1269.199951171875,1269.199951171875,63,0.0,-60996.0,0.012206922218087085
2018-12-27 00:00:00+00:00,1269.123,1278.876,1266.638,1274.689,65920,0.0,65857.0,0.4548128779212294
2018-12-27 05:00:00+00:00,1276.699951171875,1277.300048828125,1276.699951171875,1277.300048828125,480,0.0,-65440.0,1.0
2018-12-28 00:00:00+00:00,1274.668,1282.053,1274.251,1280.724,59272,0.0,58792.0,0.7762112278902763
2018-12-28 05:00:00+00:00,1273.5,1280.0999755859375,1273.5,1279.9000244140625,805,0.0,-58467.0,0.9697042558307285
2018-12-30 00:00:00+00:00,1280.074,1280.074,1278.913,1279.756,1305,0.0,500.0,0.2739018087855019
2018-12-31 00:00:00+00:00,1279.756,1284.009,1277.432,1282.507,46010,0.0,44705.0,0.41827580963964983
2018-12-31 05:00:00+00:00,1278.0,1281.300048828125,1277.5999755859375,1278.300048828125,19,0.0,-45991.0,0.08109267262709907
2019-01-02 00:00:00+00:00,1281.143,1290.153,1278.603,1285.846,60195,0.0,60176.0,0.4071861471861466
2019-01-02 05:00:00+00:00,1286.0,1286.0,1277.5999755859375,1281.0,149,0.0,-60046.0,0.5952363652216878
2019-01-03 00:00:00+00:00,1285.835,1295.181,1284.588,1295.159,67129,0.0,66980.0,0.8802039082412918
2019-01-03 05:00:00+00:00,1286.800048828125,1292.0,1286.699951171875,1291.800048828125,10,0.0,-67119.0,0.9433875351236815
2019-01-04 00:00:00+00:00,1295.157,1298.467,1276.643,1284.718,65550,0.0,65540.0,0.47832661290321743
2019-01-04 05:00:00+00:00,1294.199951171875,1294.199951171875,1275.300048828125,1282.699951171875,34,0.0,-65516.0,0.6084687524220426
2019-01-06 00:00:00+00:00,1285.549,1285.938,1284.114,1284.203,1584,0.0,1550.0,0.7379385964912021
2019-01-07 00:00:00+00:00,1284.201,1295.0,1282.631,1288.844,59536,0.0,57952.0,0.3753739186676418
2019-01-07 05:00:00+00:00,1286.800048828125,1286.800048828125,1286.5999755859375,1286.800048828125,2,0.0,-59534.0,0.0
2019-01-08 00:00:00+00:00,1288.845,1290.159,1279.375,1285.131,58849,0.0,58847.0,0.3443991097922761
2019-01-08 05:00:00+00:00,1280.5,1283.199951171875,1278.199951171875,1283.199951171875,54,0.0,-58795.0,0.539990234375
2019-01-09 00:00:00+00:00,1285.13,1293.82,1280.111,1292.864,61732,0.0,61678.0,0.5641549347144225
2019-01-09 05:00:00+00:00,1279.4000244140625,1289.300048828125,1279.199951171875,1289.300048828125,102,0.0,-61630.0,0.980190959632584
2019-01-10 00:00:00+00:00,1292.873,1297.004,1286.093,1287.914,60141,0.0,60039.0,0.4544954632939361
2019-01-10 05:00:00+00:00,1284.699951171875,1284.699951171875,1284.699951171875,1284.699951171875,0,0.0,-60141.0,0.0
2019-01-11 00:00:00+00:00,1287.925,1295.105,1286.982,1287.468,55036,0.0,55036.0,0.05626000246212942
2019-01-11 05:00:00+00:00,1291.199951171875,1291.199951171875,1286.300048828125,1287.0999755859375,11,0.0,-55025.0,0.8367463876432486
2019-01-13 00:00:00+00:00,1288.078,1288.572,1287.884,1288.107,1332,0.0,1321.0,0.042151162790700074
2019-01-14 00:00:00+00:00,1288.102,1295.802,1287.934,1291.468,55337,0.0,54005.0,0.42780884595831364
2019-01-14 05:00:00+00:00,1292.4000244140625,1293.9000244140625,1289.0999755859375,1289.0999755859375,7,0.0,-55330.0,0.6875031788820508
2019-01-15 00:00:00+00:00,1291.471,1294.617,1286.724,1289.585,59561,0.0,59554.0,0.23894590143164327
2019-01-15 05:00:00+00:00,1290.0999755859375,1292.699951171875,1286.199951171875,1286.199951171875,3,0.0,-59558.0,0.6000037560096154
2019-01-16 00:00:00+00:00,1289.586,1294.911,1287.899,1292.943,55501,0.0,55498.0,0.4787507130633042
2019-01-16 05:00:00+00:00,1291.5999755859375,1291.5999755859375,1291.5999755859375,1291.5999755859375,2,0.0,-55499.0,0.0
2019-01-17 00:00:00+00:00,1292.943,1295.299,1288.779,1292.281,56047,0.0,56045.0,0.10153374233129393
2019-01-17 05:00:00+00:00,1291.5999755859375,1292.699951171875,1288.5,1291.0,10,0.0,-56037.0,0.14285299075742602
2019-01-18 00:00:00+00:00,1292.283,1292.398,1280.615,1281.482,53929,0.0,53919.0,0.9166595943308173
2019-01-18 05:00:00+00:00,1281.300048828125,1281.300048828125,1281.300048828125,1281.300048828125,3,0.0,-53926.0,0.0
2019-01-20 00:00:00+00:00,1282.538,1283.237,1282.464,1282.578,1277,0.0,1274.0,0.051746442432026474
2019-01-21 00:00:00+00:00,1282.587,1283.519,1276.77,1279.645,37332,0.0,36055.0,0.43591643206400904
2019-01-22 00:00:00+00:00,1279.649,1285.441,1277.405,1284.553,53101,0.0,15769.0,0.6102538576406407
2019-01-22 05:00:00+00:00,1282.5,1283.300048828125,1282.5,1282.5,7,0.0,-53094.0,0.0
2019-01-23 00:00:00+00:00,1284.559,1286.46,1278.67,1283.727,52297,0.0,52290.0,0.10680359435171807
2019-01-23 05:00:00+00:00,1281.699951171875,1283.9000244140625,1278.699951171875,1283.0999755859375,14,0.0,-52283.0,0.269231672104979
2019-01-24 00:00:00+00:00,1283.723,1284.749,1276.792,1281.339,54623,0.0,54609.0,0.29961040593188165
2019-01-24 05:00:00+00:00,1279.0999755859375,1279.0999755859375,1278.5,1279.0999755859375,1,0.0,-54622.0,0.0
2019-01-25 00:00:00+00:00,1281.338,1303.585,1279.946,1303.105,54425,0.0,54424.0,0.9208088328609475
2019-01-25 05:00:00+00:00,1297.4000244140625,1297.4000244140625,1297.4000244140625,1297.4000244140625,0,0.0,-54425.0,0.0
2019-01-27 00:00:00+00:00,1302.403,1302.517,1299.918,1300.004,1515,0.0,1515.0,0.9230473258945621
2019-01-28 00:00:00+00:00,1300.002,1304.369,1297.679,1303.816,52473,0.0,50958.0,0.5701046337817902
2019-01-28 05:00:00+00:00,1300.800048828125,1307.0999755859375,1298.4000244140625,1302.4000244140625,54,0.0,-52419.0,0.18390627192367054
2019-01-29 00:00:00+00:00,1303.823,1311.923,1302.677,1310.694,53551,0.0,53497.0,0.7431321652606313
2019-01-29 05:00:00+00:00,1308.199951171875,1308.199951171875,1308.199951171875,1308.199951171875,213607,0.0,160056.0,0.0
2019-01-30 00:00:00+00:00,1310.7,1323.308,1309.012,1319.211,58029,0.0,-155578.0,0.5953413542249537
2019-01-30 05:00:00+00:00,1310.4000244140625,1323.4000244140625,1308.0999755859375,1309.9000244140625,54958,0.0,-3071.0,0.032679634268936796
2019-01-31 00:00:00+00:00,1319.211,1326.176,1317.425,1321.024,57271,0.0,2313.0,0.20717632270596267
2019-01-31 05:00:00+00:00,1320.0,1325.4000244140625,1316.699951171875,1319.699951171875,1970,0.0,-55301.0,0.03448808070603752
2019-02-01 00:00:00+00:00,1321.026,1323.471,1316.102,1317.652,53919,0.0,51949.0,0.4578640249694752
2019-02-01 05:00:00+00:00,1320.300048828125,1320.699951171875,1315.4000244140625,1316.9000244140625,878,0.0,-53041.0,0.6415229057742359
2019-02-03 00:00:00+00:00,1317.638,1317.886,1316.529,1317.116,1317,0.0,439.0,0.38467207074424886
2019-02-04 00:00:00+00:00,1317.133,1317.485,1308.627,1311.736,51850,0.0,50533.0,0.6092797471212426
2019-02-04 05:00:00+00:00,1318.0999755859375,1318.0999755859375,1308.300048828125,1314.300048828125,675,0.0,-51175.0,0.38775052627645396
2019-02-05 00:00:00+00:00,1311.737,1316.817,1310.721,1314.953,50701,0.0,50026.0,0.5275590551180926
2019-02-05 05:00:00+00:00,1311.0999755859375,1315.0999755859375,1311.0,1314.199951171875,362,0.0,-50339.0,0.7560961086134517
2019-02-06 00:00:00+00:00,1314.948,1315.779,1305.718,1306.605,51436,0.0,51074.0,0.8292416260809203
2019-02-06 05:00:00+00:00,1312.5,1313.5,1305.0,1309.5,358,0.0,-51078.0,0.35294117647058826
2019-02-07 00:00:00+00:00,1306.596,1311.889,1302.797,1310.419,54701,0.0,54343.0,0.4204795424549216
2019-02-07 05:00:00+00:00,1302.9000244140625,1310.4000244140625,1302.199951171875,1309.4000244140625,203,0.0,-54498.0,0.7926758466691477
2019-02-08 00:00:00+00:00,1310.427,1315.583,1307.77,1313.957,49509,0.0,49306.0,0.4518110840906379
2019-02-08 05:00:00+00:00,1309.5,1314.0,1307.800048828125,1313.699951171875,122,0.0,-49387.0,0.6774168143335302
2019-02-10 00:00:00+00:00,1313.52,1313.932,1313.372,1313.651,1182,0.0,1060.0,0.2339285714287469
2019-02-11 00:00:00+00:00,1313.637,1314.82,1303.694,1307.749,51997,0.0,50815.0,0.5292108574510096
2019-02-11 05:00:00+00:00,1313.4000244140625,1313.4000244140625,1304.699951171875,1307.0,119,0.0,-51878.0,0.735628797126461
2019-02-12 00:00:00+00:00,1307.748,1314.713,1306.502,1310.253,52814,0.0,52695.0,0.30507855316037974
2019-02-12 05:00:00+00:00,1310.0,1312.0,1307.5999755859375,1309.199951171875,109,0.0,-52705.0,0.18182827021778333
2019-02-13 00:00:00+00:00,1310.25,1318.083,1305.036,1307.607,55255,0.0,55146.0,0.20257530466774154
2019-02-13 05:00:00+00:00,1311.5999755859375,1316.0,1308.0999755859375,1310.800048828125,143,0.0,-55112.0,0.10125623870080504
2019-02-14 00:00:00+00:00,1307.612,1314.308,1302.365,1311.89,57632,0.0,57489.0,0.3582014569203739
2019-02-14 05:00:00+00:00,1305.0,1311.800048828125,1301.5999755859375,1309.800048828125,858,0.0,-56774.0,0.4705896432460896
2019-02-15 00:00:00+00:00,1311.891,1322.507,1311.365,1321.083,51942,0.0,51084.0,0.8249865374259526
2019-02-15 05:00:00+00:00,1313.5999755859375,1318.800048828125,1313.5999755859375,1318.0999755859375,190,0.0,-51752.0,0.8653724265827837
2019-02-17 00:00:00+00:00,1320.975,1321.303,1320.583,1321.084,1460,0.0,1270.0,0.15138888888909285
2019-02-18 00:00:00+00:00,1321.101,1327.572,1320.844,1326.386,37424,0.0,35964.0,0.7855231866825181
2019-02-19 00:00:00+00:00,1326.386,1341.724,1322.82,1339.516,54530,0.0,17106.0,0.6945619974608608
2019-02-19 05:00:00+00:00,1320.9000244140625,1340.0999755859375,1320.5,1340.0999755859375,390,0.0,-54140.0,0.9795905656969538
2019-02-20 00:00:00+00:00,1339.516,1346.657,1336.863,1340.575,59232,0.0,58842.0,0.1081274249540518
2019-02-20 05:00:00+00:00,1342.199951171875,1344.0,1338.0,1343.300048828125,581,0.0,-58651.0,0.183349609375
2019-02-21 00:00:00+00:00,1340.573,1341.444,1320.91,1325.818,62332,0.0,61751.0,0.7185643323268821
2019-02-21 05:00:00+00:00,1331.300048828125,1334.9000244140625,1320.9000244140625,1323.5,414,0.0,-61918.0,0.5571463448660714
2019-02-22 00:00:00+00:00,1325.818,1333.047,1321.512,1327.794,54698,0.0,54284.0,0.17130472475076713
2019-02-22 05:00:00+00:00,1324.199951171875,1331.300048828125,1321.0,1329.199951171875,718,0.0,-53980.0,0.485434591955249
2019-02-24 00:00:00+00:00,1327.607,1328.511,1327.511,1327.71,1341,0.0,623.0,0.10300000000006548
2019-02-25 00:00:00+00:00,1327.717,1332.513,1325.132,1327.498,55306,0.0,53965.0,0.029670776317579615
2019-02-25 05:00:00+00:00,1329.199951171875,1331.5999755859375,1325.5999755859375,1325.9000244140625,185,0.0,-55121.0,0.54998779296875
2019-02-26 00:00:00+00:00,1327.502,1330.145,1323.487,1329.22,54852,0.0,54667.0,0.2580354460799189
2019-02-26 05:00:00+00:00,1323.300048828125,1325.5,1323.300048828125,1325.0999755859375,939,0.0,-53913.0,0.8181666851625791
2019-02-27 00:00:00+00:00,1329.212,1329.852,1316.911,1321.107,52795,0.0,51856.0,0.626303995054478
2019-02-27 05:00:00+00:00,1327.699951171875,1327.9000244140625,1316.5,1317.699951171875,604,0.0,-52191.0,0.8771911038773303
2019-02-28 00:00:00+00:00,1321.086,1327.241,1312.565,1314.18,57159,0.0,56555.0,0.470564186426818
2019-02-28 05:00:00+00:00,1321.0999755859375,1323.699951171875,1311.5,1312.800048828125,141,0.0,-57018.0,0.6803245882611915
2019-03-01 00:00:00+00:00,1314.18,1315.118,1290.161,1293.279,58635,0.0,58494.0,0.8374804664022185
2019-03-01 05:00:00+00:00,1312.199951171875,1312.199951171875,1288.9000244140625,1296.4000244140625,110,0.0,-58525.0,0.6781105761422517
2019-03-03 00:00:00+00:00,1295.386,1296.153,1295.016,1295.19,1688,0.0,1578.0,0.17238346525938647
2019-03-04 00:00:00+00:00,1295.206,1297.002,1282.833,1287.066,57075,0.0,55387.0,0.5744936128167089
2019-03-04 05:00:00+00:00,1285.5,1287.0,1281.9000244140625,1284.800048828125,28,0.0,-57047.0,0.13724598482491204
2019-03-05 00:00:00+00:00,1287.065,1289.509,1281.209,1287.907,55833,0.0,55805.0,0.10144578313251512
2019-03-05 05:00:00+00:00,1287.0,1287.0,1282.0,1282.0,114,0.0,-55719.0,1.0
2019-03-06 00:00:00+00:00,1287.909,1290.858,1283.601,1287.071,55293,0.0,55179.0,0.11547471406920379
2019-03-06 05:00:00+00:00,1287.0999755859375,1287.0999755859375,1282.5999755859375,1284.9000244140625,14,0.0,-55279.0,0.4888780381944444
2019-03-07 00:00:00+00:00,1287.096,1288.961,1280.832,1285.953,55667,0.0,55653.0,0.14060770082421484
2019-03-07 05:00:00+00:00,1281.0,1284.5999755859375,1281.0,1283.800048828125,11,0.0,-55656.0,0.7777966159167203
2019-03-08 00:00:00+00:00,1285.971,1300.681,1285.198,1298.274,58795,0.0,58784.0,0.7946134470063893
2019-03-08 05:00:00+00:00,1292.0999755859375,1297.4000244140625,1291.5999755859375,1297.0,10,0.0,-58785.0,0.8448246832512523
2019-03-10 00:00:00+00:00,1296.869,1297.359,1296.613,1297.21,1290,0.0,1280.0,0.4571045576409954
2019-03-11 00:00:00+00:00,1297.214,1299.054,1290.453,1292.538,48100,0.0,46810.0,0.5436577142192617
2019-03-11 04:00:00+00:00,1291.0,1291.0,1288.800048828125,1288.800048828125,9,0.0,-48091.0,1.0
2019-03-12 00:00:00+00:00,1292.576,1302.114,1292.422,1301.879,50404,0.0,50395.0,0.9598638052001524
2019-03-12 04:00:00+00:00,1294.699951171875,1296.300048828125,1294.699951171875,1296.300048828125,1,0.0,-50403.0,1.0
2019-03-13 00:00:00+00:00,1301.908,1311.195,1301.674,1309.352,49645,0.0,49644.0,0.7818506459405756
2019-03-13 04:00:00+00:00,1307.5,1307.5,1307.5,1307.5,0,0.0,-49645.0,0.0
2019-03-14 00:00:00+00:00,1309.353,1309.757,1292.842,1296.08,52470,0.0,52470.0,0.78468814661544
2019-03-14 04:00:00+00:00,1293.4000244140625,1293.4000244140625,1293.4000244140625,1293.4000244140625,1,0.0,-52469.0,0.0
2019-03-15 00:00:00+00:00,1296.081,1306.327,1293.963,1302.208,49179,0.0,49178.0,0.4955516014235008
2019-03-15 04:00:00+00:00,1300.9000244140625,1304.699951171875,1300.5,1301.800048828125,26,0.0,-49153.0,0.21429401848514795
2019-03-17 00:00:00+00:00,1302.109,1302.301,1300.568,1300.579,2298,0.0,2272.0,0.882862088863254
2019-03-18 00:00:00+00:00,1300.586,1306.64,1298.185,1303.442,47914,0.0,45616.0,0.3377882909520925
2019-03-18 04:00:00+00:00,1297.300048828125,1302.199951171875,1297.300048828125,1300.300048828125,8,0.0,-47906.0,0.6122571001494769
2019-03-19 00:00:00+00:00,1303.445,1310.827,1303.414,1306.199,48476,0.0,48468.0,0.371509510319726
2019-03-19 04:00:00+00:00,1306.9000244140625,1306.9000244140625,1304.800048828125,1305.0,20,0.0,-48456.0,0.9047840492937278
2019-03-20 00:00:00+00:00,1306.189,1316.902,1298.671,1315.391,56333,0.0,56313.0,0.5047446656793374
2019-03-20 04:00:00+00:00,1300.699951171875,1300.699951171875,1300.5,1300.5,2,0.0,-56331.0,1.0
2019-03-21 00:00:00+00:00,1315.392,1320.305,1303.262,1308.571,55424,0.0,55422.0,0.4002229654403621
2019-03-21 04:00:00+00:00,1306.0999755859375,1306.0999755859375,1306.0999755859375,1306.0999755859375,0,0.0,-55424.0,0.0
2019-03-22 00:00:00+00:00,1308.575,1314.894,1306.82,1313.223,53581,0.0,53581.0,0.5756750061927014
2019-03-22 04:00:00+00:00,1311.5999755859375,1311.5999755859375,1311.5999755859375,1311.5999755859375,0,0.0,-53581.0,0.0
2019-03-24 00:00:00+00:00,1313.47,1313.771,1311.644,1311.644,2419,0.0,2419.0,0.8584861307005465
2019-03-25 00:00:00+00:00,1311.608,1324.425,1310.994,1321.287,52107,0.0,49688.0,0.720646266100816
2019-03-25 04:00:00+00:00,1320.699951171875,1322.9000244140625,1320.699951171875,1321.9000244140625,19,0.0,-52088.0,0.5454696776341341
2019-03-26 00:00:00+00:00,1321.3,1322.142,1312.681,1316.399,53373,0.0,53354.0,0.518021350808589
2019-03-26 04:00:00+00:00,1315.5999755859375,1315.5999755859375,1314.300048828125,1314.300048828125,1,0.0,-53372.0,1.0
2019-03-27 00:00:00+00:00,1316.408,1319.235,1308.129,1309.363,56269,0.0,56268.0,0.6343417972267107
2019-03-27 04:00:00+00:00,1309.9000244140625,1309.9000244140625,1309.9000244140625,1309.9000244140625,206263,0.0,149994.0,0.0
2019-03-28 00:00:00+00:00,1309.36,1312.26,1288.539,1291.52,55807,0.0,-150456.0,0.7520762193836649
2019-03-28 04:00:00+00:00,1308.4000244140625,1311.0999755859375,1287.699951171875,1289.800048828125,87798,0.0,31991.0,0.794869922219382
2019-03-29 00:00:00+00:00,1291.526,1299.724,1286.575,1292.057,52863,0.0,-34935.0,0.04038329911019497
2019-03-29 04:00:00+00:00,1289.5999755859375,1298.5,1286.0999755859375,1293.0,1265,0.0,-51598.0,0.2741949774071923
2019-03-31 00:00:00+00:00,1292.237,1293.188,1291.446,1291.714,2637,0.0,1372.0,0.30022962112519025
2019-04-01 00:00:00+00:00,1291.725,1296.942,1286.498,1287.363,53127,0.0,50490.0,0.4176560704710714
2019-04-01 04:00:00+00:00,1291.800048828125,1295.9000244140625,1285.699951171875,1288.4000244140625,675,0.0,-52452.0,0.3333333333333333
2019-04-02 00:00:00+00:00,1287.366,1292.826,1285.247,1291.736,49161,0.0,48486.0,0.5765932181026714
2019-04-02 04:00:00+00:00,1286.300048828125,1290.9000244140625,1284.5,1290.0,525,0.0,-48636.0,0.5781151652711286
2019-04-03 00:00:00+00:00,1291.734,1294.476,1288.39,1291.814,48576,0.0,48051.0,0.013144922773604083
2019-04-03 04:00:00+00:00,1291.4000244140625,1293.0999755859375,1287.5,1289.9000244140625,172,0.0,-48404.0,0.267858310626703
2019-04-04 00:00:00+00:00,1291.813,1294.318,1280.894,1292.117,49369,0.0,49197.0,0.02264600715136028
2019-04-04 04:00:00+00:00,1290.5999755859375,1292.5999755859375,1279.5,1289.0,269,0.0,-49100.0,0.12213576853189209
2019-04-05 00:00:00+00:00,1292.125,1293.106,1284.39,1291.374,46681,0.0,46412.0,0.08616337769618924
2019-04-05 04:00:00+00:00,1292.0,1292.0,1283.5999755859375,1290.4000244140625,181,0.0,-46500.0,0.19047273044337554
2019-04-07 00:00:00+00:00,1292.246,1293.615,1291.401,1291.755,2246,0.0,2065.0,0.22177055103884297
2019-04-08 00:00:00+00:00,1291.725,1303.639,1291.659,1297.977,45640,0.0,43394.0,0.5218697829716435
2019-04-08 04:00:00+00:00,1292.199951171875,1302.0999755859375,1291.800048828125,1297.0999755859375,63,0.0,-45577.0,0.4757339085295756
2019-04-09 00:00:00+00:00,1297.973,1306.112,1296.566,1304.616,47301,0.0,47238.0,0.6958935679865907
2019-04-09 04:00:00+00:00,1298.5,1304.9000244140625,1298.5,1303.5,30,0.0,-47271.0,0.7812470197791299
2019-04-10 00:00:00+00:00,1304.609,1310.529,1300.937,1308.043,49247,0.0,49217.0,0.35800667222684884
2019-04-10 04:00:00+00:00,1304.0,1309.0999755859375,1301.5,1309.0999755859375,66,0.0,-49181.0,0.6710515748727092
2019-04-11 00:00:00+00:00,1308.044,1308.315,1289.673,1292.195,50991,0.0,50925.0,0.8501770196330928
2019-04-11 04:00:00+00:00,1307.0,1307.0999755859375,1288.5999755859375,1288.5999755859375,420,0.0,-50571.0,0.9945959142736487
2019-04-12 00:00:00+00:00,1292.165,1295.691,1290.021,1290.433,46020,0.0,45600.0,0.30546737213402975
2019-04-12 04:00:00+00:00,1293.4000244140625,1293.4000244140625,1289.199951171875,1290.5999755859375,607,0.0,-45413.0,0.6666666666666666
2019-04-14 00:00:00+00:00,1291.299,1291.907,1289.32,1289.732,2451,0.0,1844.0,0.6057209122535809
2019-04-15 00:00:00+00:00,1289.732,1290.324,1282.493,1288.357,48413,0.0,45962.0,0.1755842165751471
2019-04-15 04:00:00+00:00,1284.800048828125,1287.300048828125,1282.300048828125,1286.800048828125,523,0.0,-47890.0,0.4
2019-04-16 00:00:00+00:00,1288.355,1288.36,1272.935,1276.587,49849,0.0,49326.0,0.7629173419773136
2019-04-16 04:00:00+00:00,1285.199951171875,1285.199951171875,1272.199951171875,1272.5999755859375,643,0.0,-49206.0,0.9692288912259616
2019-04-17 00:00:00+00:00,1276.568,1279.72,1273.014,1274.169,46917,0.0,46274.0,0.3577393379063287
2019-04-17 04:00:00+00:00,1273.5,1273.5,1271.5999755859375,1272.199951171875,308,0.0,-46609.0,0.6842274333440411
2019-04-18 00:00:00+00:00,1274.169,1277.605,1271.069,1275.593,44975,0.0,44667.0,0.21787025703793841
2019-04-18 04:00:00+00:00,1270.800048828125,1273.5999755859375,1270.0999755859375,1271.9000244140625,27,0.0,-44948.0,0.3142787388392857
2019-04-22 00:00:00+00:00,1276.818,1279.736,1273.789,1274.59,36682,0.0,36655.0,0.3746426769799936
2019-04-22 04:00:00+00:00,1273.5,1273.5,1273.5,1273.5,147,0.0,-36535.0,0.0
2019-04-23 00:00:00+00:00,1274.59,1276.436,1266.285,1271.399,44013,0.0,43866.0,0.31435326568811756
2019-04-23 04:00:00+00:00,1266.4000244140625,1269.800048828125,1266.0,1269.300048828125,206,0.0,-43807.0,0.7631545133311918
2019-04-24 00:00:00+00:00,1271.414,1278.443,1268.69,1274.664,46660,0.0,46454.0,0.3332308007792498
2019-04-24 04:00:00+00:00,1268.4000244140625,1275.5,1267.800048828125,1275.5,518,0.0,-46142.0,0.9220805986239259
2019-04-25 00:00:00+00:00,1274.667,1282.534,1273.354,1278.608,46953,0.0,46435.0,0.4293028322440091
2019-04-25 04:00:00+00:00,1280.5999755859375,1280.800048828125,1275.800048828125,1275.800048828125,95,0.0,-46858.0,0.9599853515625
2019-04-26 00:00:00+00:00,1278.573,1288.629,1274.502,1285.879,47720,0.0,47625.0,0.5171657110497513
2019-04-26 04:00:00+00:00,1284.9000244140625,1284.9000244140625,1284.9000244140625,1284.9000244140625,804,0.0,-46916.0,0.0
2019-04-28 00:00:00+00:00,1285.979,1286.616,1285.712,1285.822,1862,0.0,1058.0,0.17367256637185113
2019-04-29 00:00:00+00:00,1285.823,1286.58,1278.063,1280.369,42626,0.0,40764.0,0.6403663261712211
2019-04-29 04:00:00+00:00,1284.800048828125,1284.9000244140625,1277.0999755859375,1278.5999755859375,568,0.0,-42058.0,0.7948762089580269
2019-04-30 00:00:00+00:00,1280.367,1286.142,1279.854,1283.142,46707,0.0,46139.0,0.4413167938931435
2019-04-30 04:00:00+00:00,1281.699951171875,1283.300048828125,1280.800048828125,1282.800048828125,114,0.0,-46593.0,0.4400390625
2019-05-01 00:00:00+00:00,1283.119,1287.164,1273.002,1277.049,48767,0.0,48653.0,0.4286117779974524
2019-05-01 04:00:00+00:00,1278.699951171875,1283.300048828125,1278.699951171875,1281.4000244140625,70,0.0,-48697.0,0.5869599830166649
2019-05-02 00:00:00+00:00,1277.05,1277.372,1266.24,1270.734,47793,0.0,47723.0,0.5673733381243259
2019-05-02 04:00:00+00:00,1269.199951171875,1270.800048828125,1266.5999755859375,1269.699951171875,63,0.0,-47730.0,0.11904554305809864
2019-05-03 00:00:00+00:00,1270.733,1282.498,1268.47,1278.982,43446,0.0,43383.0,0.5880382092956952
2019-05-03 04:00:00+00:00,1270.0999755859375,1279.199951171875,1270.0999755859375,1279.199951171875,15,0.0,-43431.0,1.0
2019-05-05 00:00:00+00:00,1282.584,1285.752,1281.669,1284.203,5129,0.0,5114.0,0.396522165074693
2019-05-06 00:00:00+00:00,1284.199,1285.111,1276.985,1282.85,50082,0.0,44953.0,0.16601033718928454
2019-05-06 04:00:00+00:00,1282.199951171875,1282.199951171875,1280.300048828125,1281.699951171875,12,0.0,-50070.0,0.263171421228476
2019-05-07 00:00:00+00:00,1282.852,1286.016,1278.185,1284.785,49689,0.0,49677.0,0.24683948410164225
2019-05-07 04:00:00+00:00,1280.5,1283.5,1280.5,1283.5,8,0.0,-49681.0,1.0
2019-05-08 00:00:00+00:00,1284.785,1291.395,1279.357,1281.319,50498,0.0,50490.0,0.2879215816580926
2019-05-08 04:00:00+00:00,1279.4000244140625,1279.4000244140625,1279.4000244140625,1279.4000244140625,5,0.0,-50493.0,0.0
2019-05-09 00:00:00+00:00,1281.318,1288.114,1279.337,1283.708,53765,0.0,53760.0,0.2723026090919549
2019-05-09 04:00:00+00:00,1278.9000244140625,1285.0,1278.800048828125,1283.5,38,0.0,-53727.0,0.7419373892498523
2019-05-10 00:00:00+00:00,1283.712,1289.351,1283.144,1285.684,52004,0.0,51966.0,0.3177058160141688
2019-05-10 04:00:00+00:00,1285.4000244140625,1286.5,1283.300048828125,1285.699951171875,6,0.0,-51998.0,0.09372854200045777
2019-05-12 00:00:00+00:00,1287.211,1288.026,1286.841,1287.176,2574,0.0,2568.0,0.02953586497896772
2019-05-13 00:00:00+00:00,1287.182,1301.69,1281.943,1301.69,49999,0.0,47425.0,0.7346938775510197
2019-05-13 04:00:00+00:00,1286.699951171875,1300.0999755859375,1281.800048828125,1300.0999755859375,56,0.0,-49943.0,0.7322447019271178
2019-05-14 00:00:00+00:00,1301.694,1303.24,1293.705,1297.074,46626,0.0,46570.0,0.4845306764551496
2019-05-14 04:00:00+00:00,1297.800048828125,1297.800048828125,1294.699951171875,1294.699951171875,6,0.0,-46620.0,1.0
2019-05-15 00:00:00+00:00,1297.042,1300.817,1293.005,1296.476,48430,0.0,48424.0,0.0724526369687418
2019-05-15 04:00:00+00:00,1296.9000244140625,1296.9000244140625,1296.0,1296.300048828125,55,0.0,-48375.0,0.6666214566662145
2019-05-16 00:00:00+00:00,1296.477,1298.663,1284.072,1285.838,46607,0.0,46552.0,0.729148104996233
2019-05-16 04:00:00+00:00,1285.199951171875,1285.4000244140625,1285.0,1285.0,3,0.0,-46604.0,0.49984742142203237
2019-05-17 00:00:00+00:00,1285.808,1288.879,1274.87,1277.647,45524,0.0,45521.0,0.5825540723820437
2019-05-17 04:00:00+00:00,1280.0,1280.0,1274.5,1274.5,1,0.0,-45523.0,1.0
2019-05-19 00:00:00+00:00,1278.353,1278.841,1276.969,1277.713,2226,0.0,2225.0,0.3418803418804239
2019-05-20 00:00:00+00:00,1277.709,1278.891,1273.647,1277.401,44567,0.0,42341.0,0.058733790999234245
2019-05-20 04:00:00+00:00,1276.0999755859375,1276.0999755859375,1276.0999755859375,1276.0999755859375,20,0.0,-44547.0,0.0
2019-05-21 00:00:00+00:00,1277.401,1277.41,1269.472,1274.591,42728,0.0,42708.0,0.3539934492315617
2019-05-21 04:00:00+00:00,1272.0,1272.0,1272.0,1272.0,0,0.0,-42728.0,0.0
2019-05-22 00:00:00+00:00,1274.59,1277.217,1272.455,1274.226,41408,0.0,41408.0,0.07643847123053177
2019-05-22 04:00:00+00:00,1273.5999755859375,1273.5999755859375,1273.5999755859375,1273.5999755859375,0,0.0,-41408.0,0.0
2019-05-23 00:00:00+00:00,1274.218,1287.194,1272.774,1284.127,48452,0.0,48452.0,0.6871705963938854
2019-05-23 04:00:00+00:00,1284.800048828125,1284.800048828125,1284.800048828125,1284.800048828125,0,0.0,-48452.0,0.0
2019-05-24 00:00:00+00:00,1284.094,1285.154,1280.742,1284.805,42818,0.0,42818.0,0.16115140525838784
2019-05-24 04:00:00+00:00,1283.0,1283.0,1283.0,1283.0,9,0.0,-42809.0,0.0
2019-05-26 00:00:00+00:00,1285.418,1285.576,1284.1,1284.679,2000,0.0,1991.0,0.5006775067748976
2019-05-27 00:00:00+00:00,1284.675,1287.325,1283.743,1285.687,27498,0.0,25498.0,0.28252372975988643
2019-05-28 00:00:00+00:00,1285.694,1286.519,1276.128,1279.875,47324,0.0,19826.0,0.5600038494851234
2019-05-28 04:00:00+00:00,1276.5,1276.5,1276.5,1276.5,0,0.0,-47324.0,0.0
2019-05-29 00:00:00+00:00,1279.875,1285.447,1279.065,1279.836,51163,0.0,51163.0,0.006110937010339749
2019-05-29 04:00:00+00:00,1280.5999755859375,1280.5999755859375,1280.5999755859375,1280.5999755859375,189694,0.0,138531.0,0.0
2019-05-30 00:00:00+00:00,1279.841,1290.554,1274.984,1290.435,47850,0.0,-141844.0,0.6804110468850314
2019-05-30 04:00:00+00:00,1279.4000244140625,1288.300048828125,1273.9000244140625,1287.0999755859375,55573,0.0,7723.0,0.5347179248082058
2019-05-31 00:00:00+00:00,1290.427,1306.834,1290.347,1305.484,53984,0.0,-1589.0,0.9132649966640349
2019-05-31 04:00:00+00:00,1287.699951171875,1306.4000244140625,1287.5,1305.800048828125,2814,0.0,-51170.0,0.9576758875921177
2019-06-02 00:00:00+00:00,1306.676,1309.387,1306.44,1309.259,3541,0.0,727.0,0.8764845605701327
2019-06-03 00:00:00+00:00,1309.255,1327.91,1308.503,1325.116,57396,0.0,53855.0,0.8172824238676638
2019-06-03 04:00:00+00:00,1307.0,1327.800048828125,1307.0,1322.699951171875,812,0.0,-56584.0,0.7548035728957593
2019-06-04 00:00:00+00:00,1325.116,1328.977,1319.935,1325.293,56645,0.0,55833.0,0.01957531519574258
2019-06-04 04:00:00+00:00,1324.300048828125,1328.5999755859375,1320.800048828125,1323.4000244140625,302,0.0,-56343.0,0.11538882889650531
2019-06-05 00:00:00+00:00,1325.289,1343.99,1325.289,1330.876,61616,0.0,61314.0,0.2987540773220674
2019-06-05 04:00:00+00:00,1328.9000244140625,1343.300048828125,1326.300048828125,1328.300048828125,622,0.0,-60994.0,0.035292681525735295
2019-06-06 00:00:00+00:00,1330.873,1339.718,1327.219,1333.393,56601,0.0,55979.0,0.2016161292903414
2019-06-06 04:00:00+00:00,1330.800048828125,1338.699951171875,1326.199951171875,1337.5999755859375,161,0.0,-56440.0,0.543994140625
2019-06-07 00:00:00+00:00,1333.396,1348.18,1330.178,1340.699,52114,0.0,51953.0,0.4056771469836757
2019-06-07 04:00:00+00:00,1333.0999755859375,1347.699951171875,1329.800048828125,1341.199951171875,240,0.0,-51874.0,0.45251507133309693
2019-06-09 00:00:00+00:00,1334.655,1335.765,1333.279,1334.981,3508,0.0,3268.0,0.13113435237329374
2019-06-10 00:00:00+00:00,1334.964,1337.615,1325.084,1329.238,52004,0.0,48496.0,0.4569467720054193
2019-06-10 04:00:00+00:00,1335.800048828125,1336.5,1324.0999755859375,1324.699951171875,268,0.0,-51736.0,0.8951674033529893
2019-06-11 00:00:00+00:00,1329.241,1329.791,1319.857,1327.709,50056,0.0,49788.0,0.15421783772900444
2019-06-11 04:00:00+00:00,1328.4000244140625,1328.4000244140625,1319.0999755859375,1326.4000244140625,201,0.0,-49855.0,0.2150526343422676
2019-06-12 00:00:00+00:00,1327.712,1338.259,1325.99,1333.523,54077,0.0,53876.0,0.47363273290406055
2019-06-12 04:00:00+00:00,1326.9000244140625,1334.5,1326.9000244140625,1331.9000244140625,139,0.0,-53938.0,0.6578968502545817
2019-06-13 00:00:00+00:00,1333.52,1344.552,1332.371,1344.433,53544,0.0,53405.0,0.8959034562022969
2019-06-13 04:00:00+00:00,1331.5999755859375,1341.0999755859375,1331.5999755859375,1339.199951171875,157,0.0,-53387.0,0.7999974300986842
2019-06-14 00:00:00+00:00,1344.434,1358.042,1337.781,1341.217,57375,0.0,57218.0,0.15877794778144594
2019-06-14 04:00:00+00:00,1345.4000244140625,1355.4000244140625,1339.300048828125,1340.0999755859375,914,0.0,-56461.0,0.3291960785800396
2019-06-16 00:00:00+00:00,1341.811,1341.999,1338.505,1338.532,2700,0.0,1786.0,0.9384659416142177
2019-06-17 00:00:00+00:00,1338.534,1343.424,1332.97,1339.654,54101,0.0,51401.0,0.10713602448822424
2019-06-17 04:00:00+00:00,1339.0,1340.300048828125,1335.0,1338.699951171875,76,0.0,-54025.0,0.056612464876318574
2019-06-18 00:00:00+00:00,1339.654,1354.524,1338.59,1345.447,61520,0.0,61444.0,0.3635621940504521
2019-06-18 04:00:00+00:00,1349.300048828125,1349.300048828125,1341.5999755859375,1346.5999755859375,29,0.0,-61491.0,0.35065552719605575
2019-06-19 00:00:00+00:00,1345.447,1362.504,1341.317,1357.883,66327,0.0,66298.0,0.5869637041582201
2019-06-19 04:00:00+00:00,1344.0,1344.5999755859375,1344.0,1344.5999755859375,129,0.0,-66198.0,1.0
2019-06-20 00:00:00+00:00,1357.89,1393.816,1357.89,1390.81,80147,0.0,80018.0,0.9163280075711159
2019-06-20 04:00:00+00:00,1381.5,1392.9000244140625,1379.5,1392.9000244140625,76,0.0,-80071.0,0.850746540588305
2019-06-21 00:00:00+00:00,1390.79,1411.56,1382.379,1399.452,77485,0.0,77409.0,0.29683698296837063
2019-06-21 04:00:00+00:00,1406.0,1406.0,1390.300048828125,1396.199951171875,35,0.0,-77450.0,0.6242088730620305
2019-06-23 00:00:00+00:00,1400.407,1410.164,1400.295,1406.811,6390,0.0,6355.0,0.6489005978315991
2019-06-24 00:00:00+00:00,1406.811,1425.953,1400.695,1425.209,69848,0.0,63458.0,0.7284028822551315
2019-06-24 04:00:00+00:00,1406.0,1420.5999755859375,1402.0999755859375,1414.300048828125,125,0.0,-69723.0,0.44865128800675674
2019-06-25 00:00:00+00:00,1425.223,1439.001,1411.903,1418.335,91662,0.0,91537.0,0.25418850099638096
2019-06-25 04:00:00+00:00,1418.0999755859375,1433.300048828125,1414.9000244140625,1414.9000244140625,105,0.0,-91557.0,0.17391015902290805
2019-06-26 00:00:00+00:00,1418.358,1420.489,1401.959,1410.685,77391,0.0,77286.0,0.4140852671343774
2019-06-26 04:00:00+00:00,1407.199951171875,1413.300048828125,1405.800048828125,1411.5999755859375,1333,0.0,-76058.0,0.586669921875
2019-06-27 00:00:00+00:00,1410.7,1411.999,1398.53,1411.055,66727,0.0,65394.0,0.02635681936298291
2019-06-27 04:00:00+00:00,1407.0,1410.800048828125,1399.800048828125,1408.4000244140625,437,0.0,-66290.0,0.12727494673295456
2019-06-28 00:00:00+00:00,1411.014,1424.526,1405.67,1409.677,63383,0.0,62946.0,0.07090581247348268
2019-06-28 04:00:00+00:00,1408.300048828125,1422.0,1408.300048828125,1409.699951171875,356,0.0,-63027.0,0.10218301701862247
2019-06-30 00:00:00+00:00,1392.789,1397.69,1389.255,1392.085,7788,0.0,7432.0,0.08346176644931304
2019-07-01 00:00:00+00:00,1392.04,1396.989,1381.774,1385.483,70140,0.0,62352.0,0.4309562931317748
2019-07-01 04:00:00+00:00,1386.5999755859375,1395.800048828125,1382.800048828125,1385.5999755859375,214,0.0,-69926.0,0.07692307692307693
2019-07-02 00:00:00+00:00,1385.489,1436.051,1383.866,1431.221,73120,0.0,72906.0,0.8763437769473991
2019-07-02 04:00:00+00:00,1391.0999755859375,1418.4000244140625,1390.800048828125,1404.5999755859375,38,0.0,-73082.0,0.48913086745186846
2019-07-03 00:00:00+00:00,1431.263,1437.668,1412.029,1418.383,74620,0.0,74582.0,0.5023596864152242
2019-07-03 04:00:00+00:00,1431.0,1434.0,1413.0999755859375,1417.699951171875,46,0.0,-74574.0,0.6363652292758143
2019-07-04 00:00:00+00:00,1418.394,1424.11,1410.205,1420.899,45666,0.0,45620.0,0.18015102481121084
2019-07-05 00:00:00+00:00,1420.909,1421.301,1386.529,1398.739,67080,0.0,21414.0,0.6375819624985654
2019-07-05 04:00:00+00:00,1418.300048828125,1418.300048828125,1390.199951171875,1396.699951171875,20,0.0,-67060.0,0.7686840779162105
2019-07-07 00:00:00+00:00,1399.279,1399.306,1392.706,1395.651,4869,0.0,4849.0,0.5496969696969476
2019-07-08 00:00:00+00:00,1395.637,1407.526,1391.726,1394.305,59984,0.0,55115.0,0.08430379746834707
2019-07-08 04:00:00+00:00,1395.9000244140625,1397.0,1393.5999755859375,1397.0,14,0.0,-59970.0,0.32351990808889525
2019-07-09 00:00:00+00:00,1394.281,1399.945,1385.732,1395.216,58928,0.0,58914.0,0.06578484486033545
2019-07-09 04:00:00+00:00,1394.5,1397.5,1386.199951171875,1397.5,53,0.0,-58875.0,0.2654855784811494
2019-07-10 00:00:00+00:00,1395.241,1422.438,1389.917,1421.981,67763,0.0,67710.0,0.8222379385627704
2019-07-10 04:00:00+00:00,1409.9000244140625,1410.0999755859375,1409.9000244140625,1410.0999755859375,50,0.0,-67713.0,1.0
2019-07-11 00:00:00+00:00,1421.965,1427.032,1400.823,1403.926,66695,0.0,66645.0,0.6882750200312908
2019-07-11 04:00:00+00:00,1424.0,1424.0,1404.300048828125,1404.300048828125,6,0.0,-66689.0,1.0
2019-07-12 00:00:00+00:00,1403.949,1416.79,1403.075,1415.346,56836,0.0,56830.0,0.8309879693765951
2019-07-12 04:00:00+00:00,1405.5999755859375,1410.0999755859375,1405.5999755859375,1409.9000244140625,8,0.0,-56828.0,0.95556640625
2019-07-14 00:00:00+00:00,1416.621,1419.668,1412.835,1416.199,4437,0.0,4429.0,0.061759110200502614
2019-07-15 00:00:00+00:00,1416.2,1418.197,1407.713,1415.433,55714,0.0,51277.0,0.07315909958031842
2019-07-15 04:00:00+00:00,1414.4000244140625,1415.0,1411.4000244140625,1411.4000244140625,25,0.0,-55689.0,0.8333389847750161
2019-07-16 00:00:00+00:00,1415.422,1416.205,1400.935,1405.188,58840,0.0,58815.0,0.6702030124426939
2019-07-16 04:00:00+00:00,1413.5999755859375,1413.699951171875,1405.0,1409.199951171875,13,0.0,-58827.0,0.5057527711519574
2019-07-17 00:00:00+00:00,1405.167,1428.505,1400.082,1424.592,59156,0.0,59143.0,0.6834253949266502
2019-07-17 04:00:00+00:00,1404.5999755859375,1421.300048828125,1404.5999755859375,1421.300048828125,6,0.0,-59150.0,1.0
2019-07-18 00:00:00+00:00,1424.629,1452.884,1414.55,1442.887,74477,0.0,74471.0,0.4762873689153235
2019-07-18 04:00:00+00:00,1422.300048828125,1444.199951171875,1419.5,1426.0999755859375,66,0.0,-74411.0,0.1538434927004774
2019-07-19 00:00:00+00:00,1442.892,1445.205,1420.192,1425.402,68485,0.0,68419.0,0.6992363970735244
2019-07-19 04:00:00+00:00,1440.5,1442.0,1425.0999755859375,1425.0999755859375,22,0.0,-68463.0,0.9112427317707393
2019-07-21 00:00:00+00:00,1426.629,1427.068,1423.581,1425.038,3545,0.0,3523.0,0.456266131344955
2019-07-22 00:00:00+00:00,1425.04,1429.939,1422.251,1423.655,56953,0.0,53408.0,0.1801508844953138
2019-07-22 04:00:00+00:00,1425.300048828125,1425.300048828125,1424.0,1425.300048828125,1,0.0,-56952.0,0.0
2019-07-23 00:00:00+00:00,1423.647,1429.963,1414.109,1417.011,60827,0.0,60826.0,0.4185694461965403
2019-07-23 04:00:00+00:00,1418.5999755859375,1421.300048828125,1416.300048828125,1420.0999755859375,5,0.0,-60822.0,0.3
2019-07-24 00:00:00+00:00,1417.011,1429.391,1416.505,1425.282,54050,0.0,54045.0,0.641859382275336
2019-07-24 04:00:00+00:00,1422.800048828125,1422.800048828125,1422.800048828125,1422.800048828125,20,0.0,-54030.0,0.0
2019-07-25 00:00:00+00:00,1425.248,1433.723,1411.072,1415.008,59087,0.0,59067.0,0.4520771709858275
2019-07-25 04:00:00+00:00,1413.9000244140625,1413.9000244140625,1413.9000244140625,1413.9000244140625,4,0.0,-59083.0,0.0
2019-07-26 00:00:00+00:00,1415.009,1424.753,1413.451,1418.343,48792,0.0,48788.0,0.2949920368076524
2019-07-26 04:00:00+00:00,1422.800048828125,1423.0,1418.5,1418.5,5,0.0,-48787.0,0.95556640625
2019-07-28 00:00:00+00:00,1420.739,1420.858,1419.289,1420.079,2221,0.0,2216.0,0.42065009560235733
2019-07-29 00:00:00+00:00,1420.086,1428.062,1414.68,1424.462,47932,0.0,45711.0,0.3270064265431199
2019-07-29 04:00:00+00:00,1419.5999755859375,1419.5999755859375,1419.5999755859375,1419.5999755859375,224267,0.0,176335.0,0.0
2019-07-30 00:00:00+00:00,1424.46,1433.146,1422.268,1430.766,47211,0.0,-177056.0,0.57970215113073
2019-07-30 04:00:00+00:00,1426.300048828125,1433.9000244140625,1422.0999755859375,1429.699951171875,73874,0.0,26663.0,0.2881261250077587
2019-07-31 00:00:00+00:00,1430.785,1434.227,1410.546,1412.164,64840,0.0,-9034.0,0.7863265909378854
2019-07-31 04:00:00+00:00,1431.300048828125,1435.800048828125,1411.199951171875,1426.0999755859375,3294,0.0,-61546.0,0.21138425199976182
2019-08-01 00:00:00+00:00,1412.168,1446.613,1400.49,1438.129,76038,0.0,72744.0,0.5628645144504908
2019-08-01 04:00:00+00:00,1411.300048828125,1445.199951171875,1400.9000244140625,1420.9000244140625,2431,0.0,-73607.0,0.2167040961133079
2019-08-02 00:00:00+00:00,1438.118,1447.895,1430.254,1440.772,74312,0.0,71881.0,0.15044498611189755
2019-08-02 04:00:00+00:00,1448.0,1448.0,1432.300048828125,1445.5999755859375,1873,0.0,-72439.0,0.152868272505326
2019-08-04 00:00:00+00:00,1440.304,1441.167,1436.728,1439.554,3103,0.0,1230.0,0.1689569722910622
2019-08-05 00:00:00+00:00,1439.575,1474.68,1438.704,1473.969,82939,0.0,79836.0,0.9560262397153629
2019-08-05 04:00:00+00:00,1440.4000244140625,1469.699951171875,1440.4000244140625,1464.5999755859375,1008,0.0,-81931.0,0.825938964691178
2019-08-06 00:00:00+00:00,1473.956,1477.268,1456.421,1476.792,72067,0.0,71059.0,0.13603875857437595
2019-08-06 04:00:00+00:00,1469.699951171875,1475.0,1457.699951171875,1472.4000244140625,460,0.0,-71607.0,0.1560731573079691
2019-08-07 00:00:00+00:00,1476.772,1510.312,1474.569,1501.585,90920,0.0,90460.0,0.6942058584897782
2019-08-07 04:00:00+00:00,1473.5,1509.9000244140625,1473.199951171875,1507.300048828125,824,0.0,-90096.0,0.9209804188965797
2019-08-08 00:00:00+00:00,1501.585,1509.418,1489.833,1504.156,76356,0.0,75532.0,0.13127393413326208
2019-08-08 04:00:00+00:00,1498.4000244140625,1508.5,1492.0,1497.699951171875,367,0.0,-75989.0,0.04242868134469697
2019-08-09 00:00:00+00:00,1504.153,1507.929,1494.751,1497.137,61915,0.0,61548.0,0.5324024889968142
2019-08-09 04:00:00+00:00,1506.199951171875,1507.5,1495.5999755859375,1496.5999755859375,74,0.0,-61841.0,0.8067189824075499
2019-08-11 00:00:00+00:00,1496.193,1501.473,1494.538,1500.747,3500,0.0,3426.0,0.6566690699351295
2019-08-12 00:00:00+00:00,1500.786,1519.962,1487.335,1512.067,62845,0.0,59345.0,0.34575658197198533
2019-08-12 04:00:00+00:00,1496.0,1514.9000244140625,1488.0999755859375,1505.300048828125,257,0.0,-62588.0,0.3470161150738342
2019-08-13 00:00:00+00:00,1512.061,1534.92,1479.833,1500.84,89151,0.0,88894.0,0.20369597182638383
2019-08-13 04:00:00+00:00,1510.4000244140625,1531.4000244140625,1483.699951171875,1502.199951171875,672,0.0,-88479.0,0.17190902832692273
2019-08-14 00:00:00+00:00,1500.839,1523.938,1494.162,1516.954,86568,0.0,85896.0,0.5412076840408373
2019-08-14 04:00:00+00:00,1500.0,1520.5,1497.0,1515.9000244140625,328,0.0,-86240.0,0.6765967835771277
2019-08-15 00:00:00+00:00,1516.931,1527.065,1507.809,1526.553,88177,0.0,87849.0,0.4996884088076458
2019-08-15 04:00:00+00:00,1519.800048828125,1522.699951171875,1510.5999755859375,1519.5999755859375,87,0.0,-88090.0,0.016535012055728743
2019-08-16 00:00:00+00:00,1526.535,1527.913,1503.709,1512.967,62562,0.0,62475.0,0.5605685010742031
2019-08-16 04:00:00+00:00,1524.5999755859375,1524.5999755859375,1504.699951171875,1512.5,1815,0.0,-60747.0,0.6080382282037283
2019-08-18 00:00:00+00:00,1509.674,1512.896,1509.05,1509.341,2974,0.0,1159.0,0.08658346333855521
2019-08-19 00:00:00+00:00,1509.376,1512.655,1492.957,1496.091,59154,0.0,56180.0,0.6744339526855606
2019-08-19 04:00:00+00:00,1507.199951171875,1507.5999755859375,1492.9000244140625,1500.4000244140625,205,0.0,-58949.0,0.46258158808191197
2019-08-20 00:00:00+00:00,1496.059,1508.491,1494.344,1506.127,50985,0.0,50780.0,0.7116703187955065
2019-08-20 04:00:00+00:00,1497.5,1506.0999755859375,1497.5,1504.5999755859375,486,0.0,-50499.0,0.8255809002001391
2019-08-21 00:00:00+00:00,1506.128,1507.391,1496.514,1502.554,50615,0.0,50129.0,0.3285832490576246
2019-08-21 04:00:00+00:00,1504.9000244140625,1505.0,1498.800048828125,1504.5999755859375,350,0.0,-50265.0,0.04839535341602678
2019-08-22 00:00:00+00:00,1502.559,1504.539,1492.448,1497.441,49626,0.0,49276.0,0.4232900504507471
2019-08-22 04:00:00+00:00,1495.0999755859375,1497.300048828125,1493.800048828125,1497.300048828125,686,0.0,-48940.0,0.6285923549107143
2019-08-23 00:00:00+00:00,1497.442,1530.178,1493.504,1526.632,62133,0.0,61447.0,0.7959317227463568
2019-08-23 04:00:00+00:00,1493.5,1527.5999755859375,1493.5,1526.5999755859375,983,0.0,-61150.0,0.9706744658077588
2019-08-25 00:00:00+00:00,1546.31,1554.998,1543.391,1547.301,9366,0.0,8383.0,0.08537951236322805
2019-08-26 00:00:00+00:00,1547.299,1549.096,1525.003,1528.528,77423,0.0,68057.0,0.7791059643879924
2019-08-26 04:00:00+00:00,1543.199951171875,1543.300048828125,1524.300048828125,1526.300048828125,334,0.0,-77089.0,0.8894685444078947
2019-08-27 00:00:00+00:00,1528.526,1544.548,1525.568,1543.5,57850,0.0,57516.0,0.7889357218124299
2019-08-27 04:00:00+00:00,1530.5,1542.0999755859375,1528.5,1541.0,166,0.0,-57684.0,0.7720602094945741
2019-08-28 00:00:00+00:00,1543.477,1546.76,1531.905,1538.687,60930,0.0,60764.0,0.32245035341637057
2019-08-28 04:00:00+00:00,1538.0999755859375,1538.0999755859375,1537.800048828125,1537.800048828125,2756,0.0,-58174.0,1.0
2019-08-29 00:00:00+00:00,1538.674,1550.322,1519.642,1528.719,68252,0.0,65496.0,0.3244784876140802
2019-08-29 04:00:00+00:00,1537.5,1549.300048828125,1519.5999755859375,1526.5,704,0.0,-67548.0,0.3703694570145045
2019-08-30 00:00:00+00:00,1528.664,1533.061,1517.002,1520.228,60971,0.0,60267.0,0.5253129086493517
2019-08-30 04:00:00+00:00,1524.5999755859375,1530.4000244140625,1516.699951171875,1519.0999755859375,276,0.0,-60695.0,0.4014577077634522
2019-09-01 00:00:00+00:00,1529.614,1533.446,1528.299,1529.069,3903,0.0,3627.0,0.10588692442200888
2019-09-02 00:00:00+00:00,1529.103,1531.098,1519.344,1526.219,39705,0.0,35802.0,0.24536328058533585
2019-09-03 00:00:00+00:00,1526.22,1549.833,1521.608,1549.094,64877,0.0,25172.0,0.8104162976085
2019-09-03 04:00:00+00:00,1522.9000244140625,1547.300048828125,1521.0,1545.9000244140625,139,0.0,-64738.0,0.8745230912044558
2019-09-04 00:00:00+00:00,1549.056,1556.943,1533.825,1551.234,65523,0.0,65384.0,0.0942123021022532
2019-09-04 04:00:00+00:00,1549.0,1553.199951171875,1534.800048828125,1550.300048828125,46,0.0,-65477.0,0.07065520261125706
2019-09-05 00:00:00+00:00,1551.208,1551.629,1505.819,1518.291,73932,0.0,73886.0,0.7185549006767121
2019-09-05 04:00:00+00:00,1551.0,1551.0999755859375,1511.0999755859375,1515.4000244140625,125,0.0,-73807.0,0.8899993896484375
2019-09-06 00:00:00+00:00,1518.333,1527.789,1502.426,1506.738,79783,0.0,79658.0,0.4571620076489375
2019-09-06 04:00:00+00:00,1517.300048828125,1526.0,1504.5,1506.199951171875,54,0.0,-79729.0,0.5162836119186046
2019-09-08 00:00:00+00:00,1505.025,1507.613,1503.375,1505.81,3825,0.0,3771.0,0.18522888154786316
2019-09-09 00:00:00+00:00,1505.777,1515.394,1495.433,1496.221,63348,0.0,59523.0,0.478733530384251
2019-09-09 04:00:00+00:00,1509.0,1513.0,1498.0,1502.199951171875,69,0.0,-63279.0,0.45333658854166664
2019-09-10 00:00:00+00:00,1496.172,1500.824,1484.457,1486.972,65923,0.0,65854.0,0.5621066780717338
2019-09-10 04:00:00+00:00,1498.5,1498.5,1486.9000244140625,1490.300048828125,23,0.0,-65900.0,0.706893830174582
2019-09-11 00:00:00+00:00,1486.969,1498.189,1486.846,1492.98,56015,0.0,55992.0,0.5299303535219896
2019-09-11 04:00:00+00:00,1491.699951171875,1496.5999755859375,1490.199951171875,1494.4000244140625,8,0.0,-56007.0,0.42188483472887145
2019-09-12 00:00:00+00:00,1492.984,1524.109,1489.231,1497.695,71123,0.0,71115.0,0.13507081828086537
2019-09-12 04:00:00+00:00,1499.5,1515.4000244140625,1498.699951171875,1498.699951171875,27,0.0,-71096.0,0.047906905348410536
2019-09-13 00:00:00+00:00,1497.728,1508.927,1485.772,1488.691,58489,0.0,58462.0,0.39028287626862646
2019-09-13 04:00:00+00:00,1490.9000244140625,1490.9000244140625,1486.9000244140625,1490.9000244140625,1,0.0,-58488.0,0.0
2019-09-15 00:00:00+00:00,1500.527,1507.757,1498.627,1506.059,7207,0.0,7206.0,0.6059145673603351
2019-09-16 00:00:00+00:00,1506.096,1512.025,1495.879,1497.941,64297,0.0,57090.0,0.5050786572525628
2019-09-16 04:00:00+00:00,1506.5999755859375,1506.800048828125,1496.9000244140625,1503.0999755859375,21,0.0,-64276.0,0.3535344816956634
2019-09-17 00:00:00+00:00,1497.967,1507.018,1493.178,1500.767,59505,0.0,59484.0,0.2023121387283216
2019-09-17 04:00:00+00:00,1497.9000244140625,1505.0999755859375,1497.9000244140625,1505.0999755859375,3,0.0,-59502.0,1.0
2019-09-18 00:00:00+00:00,1500.771,1511.346,1483.001,1491.123,69565,0.0,69562.0,0.3403774916210937
2019-09-18 04:00:00+00:00,1508.9000244140625,1509.4000244140625,1489.300048828125,1507.5,8,0.0,-69557.0,0.06965304052617835
2019-09-19 00:00:00+00:00,1491.122,1504.384,1488.772,1499.613,62689,0.0,62681.0,0.5438765052523663
2019-09-19 04:00:00+00:00,1496.0999755859375,1502.4000244140625,1496.0999755859375,1498.4000244140625,10,0.0,-62679.0,0.365084285991087
2019-09-20 00:00:00+00:00,1499.595,1516.923,1498.3,1516.302,56766,0.0,56756.0,0.8971164688825558
2019-09-20 04:00:00+00:00,1503.0,1507.300048828125,1503.0,1507.300048828125,2,0.0,-56764.0,1.0
2019-09-22 00:00:00+00:00,1512.952,1514.344,1511.696,1514.329,4316,0.0,4314.0,0.5200151057401362
2019-09-23 00:00:00+00:00,1514.332,1526.722,1511.437,1520.782,63807,0.0,59491.0,0.4219823356231458
2019-09-23 04:00:00+00:00,1515.5,1523.699951171875,1515.5,1523.699951171875,5,0.0,-63802.0,1.0
2019-09-24 00:00:00+00:00,1520.78,1535.578,1515.597,1531.6,69250,0.0,69245.0,0.541514438716778
2019-09-24 04:00:00+00:00,1515.0999755859375,1533.0,1515.0999755859375,1532.0999755859375,25,0.0,-69225.0,0.9497193750554089
2019-09-25 00:00:00+00:00,1531.552,1535.021,1500.255,1506.433,71547,0.0,71522.0,0.7225162515100968
2019-09-25 04:00:00+00:00,1527.5999755859375,1527.9000244140625,1504.5999755859375,1504.5999755859375,25,0.0,-71522.0,0.9871223948782967
2019-09-26 00:00:00+00:00,1506.434,1512.24,1500.368,1506.724,65074,0.0,65049.0,0.02442722371967334
2019-09-26 04:00:00+00:00,1507.5,1507.5,1507.5,1507.5,8178,0.0,-56896.0,0.0
2019-09-27 00:00:00+00:00,1506.756,1507.334,1486.852,1496.761,70092,0.0,61914.0,0.48798945415487416
2019-09-27 04:00:00+00:00,1504.199951171875,1506.0999755859375,1485.5999755859375,1499.0999755859375,7827,0.0,-62265.0,0.248779296875
2019-09-29 00:00:00+00:00,1496.467,1500.435,1496.033,1496.222,3686,0.0,-4141.0,0.05565651976377006
2019-09-30 00:00:00+00:00,1496.224,1497.156,1464.466,1473.569,70434,0.0,66748.0,0.6930253900275294
2019-09-30 04:00:00+00:00,1495.9000244140625,1495.9000244140625,1463.5,1465.699951171875,1078,0.0,-69356.0,0.9321003236367883
2019-10-01 00:00:00+00:00,1473.577,1487.141,1459.052,1481.475,77024,0.0,75946.0,0.28117768521484793
2019-10-01 04:00:00+00:00,1468.699951171875,1485.5,1458.300048828125,1482.0,219,0.0,-76805.0,0.4889732611681073
2019-10-02 00:00:00+00:00,1481.513,1504.974,1474.508,1499.975,72162,0.0,71943.0,0.6059870019037633
2019-10-02 04:00:00+00:00,1476.5999755859375,1503.699951171875,1474.0999755859375,1501.0,205,0.0,-71957.0,0.8243258290271895
2019-10-03 00:00:00+00:00,1499.983,1519.49,1495.789,1508.279,78148,0.0,77943.0,0.3500274250031662
2019-10-03 04:00:00+00:00,1497.4000244140625,1518.199951171875,1496.5999755859375,1507.0999755859375,1213,0.0,-76935.0,0.44907232109049605
2019-10-04 00:00:00+00:00,1508.246,1515.927,1495.826,1504.414,69816,0.0,68603.0,0.19063728172728367
2019-10-04 04:00:00+00:00,1505.5999755859375,1508.699951171875,1497.0999755859375,1506.199951171875,233,0.0,-69583.0,0.05172214212802677
2019-10-06 00:00:00+00:00,1508.319,1508.602,1505.394,1508.064,2559,0.0,2326.0,0.07948877805482392
2019-10-07 00:00:00+00:00,1508.069,1509.211,1488.078,1492.029,60364,0.0,57805.0,0.7590025079259894
2019-10-07 04:00:00+00:00,1504.800048828125,1505.800048828125,1489.0999755859375,1497.699951171875,121,0.0,-60243.0,0.42515368365653805
2019-10-08 00:00:00+00:00,1492.016,1509.594,1486.904,1508.699,76743,0.0,76622.0,0.7352578228294382
2019-10-08 04:00:00+00:00,1489.4000244140625,1506.300048828125,1489.300048828125,1497.199951171875,46,0.0,-76697.0,0.4588192210477941
2019-10-09 00:00:00+00:00,1508.71,1516.982,1499.793,1511.551,70155,0.0,70109.0,0.16528012100761427
2019-10-09 04:00:00+00:00,1507.699951171875,1507.699951171875,1498.4000244140625,1506.0999755859375,120,0.0,-70035.0,0.17204174050009843
2019-10-10 00:00:00+00:00,1511.568,1513.81,1491.134,1494.003,75541,0.0,75421.0,0.7746075145528359
2019-10-10 04:00:00+00:00,1511.199951171875,1511.199951171875,1490.5999755859375,1494.800048828125,78,0.0,-75463.0,0.7961127077716216
2019-10-11 00:00:00+00:00,1493.986,1503.07,1473.972,1488.118,75716,0.0,75638.0,0.20166334455976956
2019-10-11 04:00:00+00:00,1491.9000244140625,1494.9000244140625,1476.9000244140625,1482.699951171875,57,0.0,-75659.0,0.5111151801215278
2019-10-13 00:00:00+00:00,1486.82,1487.23,1482.815,1484.586,3656,0.0,3599.0,0.5060022650056494
2019-10-14 00:00:00+00:00,1484.634,1496.997,1483.727,1491.185,55798,0.0,52142.0,0.4936699321778402
2019-10-14 04:00:00+00:00,1484.4000244140625,1493.5,1481.300048828125,1491.699951171875,400,0.0,-55398.0,0.5983570470873106
2019-10-15 00:00:00+00:00,1491.218,1498.345,1477.203,1481.926,59669,0.0,59269.0,0.4395043042285555
2019-10-15 04:00:00+00:00,1488.9000244140625,1495.4000244140625,1476.5999755859375,1477.5999755859375,367,0.0,-59302.0,0.6010648659177975
2019-10-16 00:00:00+00:00,1481.926,1491.518,1477.01,1490.028,61871,0.0,61504.0,0.558450510063418
2019-10-16 04:00:00+00:00,1482.0,1488.0,1480.0,1488.0,383,0.0,-61488.0,0.75
2019-10-17 00:00:00+00:00,1490.03,1497.259,1483.406,1492.825,58480,0.0,58097.0,0.20176135133184578
2019-10-17 04:00:00+00:00,1486.199951171875,1493.199951171875,1485.800048828125,1492.300048828125,271,0.0,-58209.0,0.8243483998680303
2019-10-18 00:00:00+00:00,1492.787,1493.324,1484.85,1490.403,51434,0.0,51163.0,0.28133113051687153
2019-10-18 04:00:00+00:00,1487.300048828125,1489.0999755859375,1486.5999755859375,1488.199951171875,82,0.0,-51352.0,0.3599609375
2019-10-20 00:00:00+00:00,1491.988,1492.132,1490.489,1491.538,2774,0.0,2692.0,0.2738892270237599
2019-10-21 00:00:00+00:00,1491.541,1495.147,1481.54,1484.105,52388,0.0,49614.0,0.5464834276475298
2019-10-21 04:00:00+00:00,1489.9000244140625,1489.9000244140625,1481.5,1482.4000244140625,72,0.0,-52316.0,0.8928545478325316
2019-10-22 00:00:00+00:00,1484.107,1489.215,1480.846,1488.727,52564,0.0,52492.0,0.5520372804397378
2019-10-22 04:00:00+00:00,1483.4000244140625,1483.5,1481.699951171875,1481.699951171875,99,0.0,-52465.0,0.9444595144445952
2019-10-23 00:00:00+00:00,1488.738,1496.2,1487.687,1492.078,51932,0.0,51833.0,0.3923411253377024
2019-10-23 04:00:00+00:00,1486.4000244140625,1490.300048828125,1486.4000244140625,1489.9000244140625,67,0.0,-51865.0,0.8974302795079658
2019-10-24 00:00:00+00:00,1492.076,1503.911,1487.961,1502.668,52202,0.0,52135.0,0.6640752351097079
2019-10-24 04:00:00+00:00,1490.5,1501.199951171875,1485.9000244140625,1498.9000244140625,115,0.0,-52087.0,0.5490238317496031
2019-10-25 00:00:00+00:00,1502.68,1517.861,1500.591,1504.378,53602,0.0,53487.0,0.09832078749275303
2019-10-25 04:00:00+00:00,1501.4000244140625,1514.300048828125,1499.0,1499.5,93,0.0,-53509.0,0.12418420590722686
2019-10-27 00:00:00+00:00,1502.711,1504.1,1502.212,1503.947,2241,0.0,2148.0,0.6546610169491148
2019-10-28 00:00:00+00:00,1503.955,1508.124,1490.002,1491.688,53170,0.0,50929.0,0.6769120406136065
2019-10-28 04:00:00+00:00,1504.0999755859375,1504.0999755859375,1490.0,1490.0,37,0.0,-53133.0,1.0
2019-10-29 00:00:00+00:00,1491.688,1494.711,1483.555,1487.257,53008,0.0,52971.0,0.39718537110075836
2019-10-29 04:00:00+00:00,1485.9000244140625,1487.0,1485.9000244140625,1487.0,425,0.0,-52583.0,1.0
2019-10-30 00:00:00+00:00,1487.249,1496.499,1481.144,1495.176,59084,0.0,58659.0,0.5162487788993747
2019-10-30 04:00:00+00:00,1487.199951171875,1495.4000244140625,1481.0,1493.199951171875,320,0.0,-58764.0,0.4166659602424448
2019-10-31 00:00:00+00:00,1495.193,1514.123,1493.92,1512.171,59494,0.0,59174.0,0.8403702420432652
2019-10-31 04:00:00+00:00,1496.0999755859375,1513.0999755859375,1496.0999755859375,1511.4000244140625,210,0.0,-59284.0,0.9000028722426471
2019-11-01 00:00:00+00:00,1512.182,1515.894,1503.321,1514.124,53872,0.0,53662.0,0.15445796548158697
2019-11-01 04:00:00+00:00,1511.0,1511.5999755859375,1503.0,1508.0,235,0.0,-53637.0,0.3488381995997218
2019-11-03 00:00:00+00:00,1512.838,1513.146,1512.227,1512.852,1265,0.0,1030.0,0.0152339499457298
2019-11-04 00:00:00+00:00,1512.851,1514.707,1504.384,1506.683,51987,0.0,50722.0,0.5975007265329909
2019-11-04 05:00:00+00:00,1511.5999755859375,1511.5999755859375,1508.0,1508.0,101,0.0,-51886.0,1.0
2019-11-05 00:00:00+00:00,1506.687,1507.747,1479.308,1484.364,60664,0.0,60563.0,0.7849432117866242
2019-11-05 05:00:00+00:00,1507.0999755859375,1507.0999755859375,1480.800048828125,1480.800048828125,31,0.0,-60633.0,1.0
2019-11-06 00:00:00+00:00,1484.398,1494.115,1482.94,1490.152,55563,0.0,55532.0,0.5148993288590744
2019-11-06 05:00:00+00:00,1483.199951171875,1491.0,1483.199951171875,1490.199951171875,567,0.0,-54996.0,0.8974302795079658
2019-11-07 00:00:00+00:00,1490.175,1492.117,1460.63,1468.651,64358,0.0,63791.0,0.6835837012100228
2019-11-07 05:00:00+00:00,1489.0999755859375,1489.0999755859375,1464.199951171875,1464.199951171875,581,0.0,-63777.0,1.0
2019-11-08 00:00:00+00:00,1468.616,1472.878,1456.2,1458.48,60651,0.0,60070.0,0.6077467322220913
2019-11-08 05:00:00+00:00,1469.0999755859375,1469.0999755859375,1461.300048828125,1461.300048828125,21,0.0,-60630.0,1.0
2019-11-10 00:00:00+00:00,1460.307,1461.038,1459.98,1460.966,1448,0.0,1427.0,0.6228733459356168
2019-11-11 00:00:00+00:00,1460.973,1466.367,1448.205,1455.583,50669,0.0,49221.0,0.2967734830965677
2019-11-11 05:00:00+00:00,1461.0,1461.0,1449.300048828125,1455.5,22,0.0,-50647.0,0.4700874319220416
2019-11-12 00:00:00+00:00,1455.581,1460.348,1445.578,1458.243,62446,0.0,62424.0,0.180230196343943
2019-11-12 05:00:00+00:00,1454.9000244140625,1454.9000244140625,1447.0999755859375,1452.0999755859375,6,0.0,-62440.0,0.3589783717800244
2019-11-13 00:00:00+00:00,1458.265,1466.995,1457.204,1463.483,59300,0.0,59294.0,0.5329384128280951
2019-11-13 05:00:00+00:00,1456.800048828125,1463.300048828125,1456.800048828125,1461.699951171875,56,0.0,-59244.0,0.7538311298076923
2019-11-14 00:00:00+00:00,1463.479,1474.549,1461.113,1469.183,57436,0.0,57380.0,0.4245311104495374
2019-11-14 05:00:00+00:00,1463.800048828125,1471.800048828125,1463.699951171875,1471.800048828125,83,0.0,-57353.0,0.9876424136475979
2019-11-15 00:00:00+00:00,1469.19,1469.813,1462.402,1466.822,50463,0.0,50380.0,0.3195250303602951
2019-11-15 05:00:00+00:00,1469.0999755859375,1469.0999755859375,1467.300048828125,1467.300048828125,13,0.0,-50450.0,1.0
2019-11-17 00:00:00+00:00,1467.963,1469.539,1467.65,1469.001,1330,0.0,1317.0,0.5494970884066003
2019-11-18 00:00:00+00:00,1469.01,1473.833,1456.334,1471.683,54714,0.0,53384.0,0.15275158580490303
2019-11-18 05:00:00+00:00,1472.0,1472.0,1469.699951171875,1470.9000244140625,141,0.0,-54573.0,0.4782401019000106
2019-11-19 00:00:00+00:00,1471.666,1475.259,1464.773,1474.484,56155,0.0,56014.0,0.26873927140949416
2019-11-19 05:00:00+00:00,1467.699951171875,1474.300048828125,1467.699951171875,1473.300048828125,18,0.0,-56137.0,0.8484870903306947
2019-11-20 00:00:00+00:00,1474.477,1478.743,1465.81,1474.363,60904,0.0,60886.0,0.008814660171656444
2019-11-20 05:00:00+00:00,1472.5999755859375,1474.5,1467.300048828125,1473.300048828125,31,0.0,-60873.0,0.09723305415211421
2019-11-21 00:00:00+00:00,1474.382,1475.555,1462.357,1465.083,61029,0.0,60998.0,0.7045764509774142
2019-11-21 05:00:00+00:00,1463.0999755859375,1463.0999755859375,1463.0999755859375,1463.0999755859375,16,0.0,-61013.0,0.0
2019-11-22 00:00:00+00:00,1465.047,1473.12,1461.334,1462.093,51878,0.0,51862.0,0.2506363482097398
2019-11-22 05:00:00+00:00,1468.5999755859375,1468.5999755859375,1463.0999755859375,1463.0999755859375,19,0.0,-51859.0,1.0
2019-11-24 00:00:00+00:00,1460.59,1460.928,1459.64,1460.412,1493,0.0,1474.0,0.1381987577638836
2019-11-25 00:00:00+00:00,1460.401,1462.041,1453.615,1453.832,49585,0.0,48092.0,0.7796107286968922
2019-11-25 05:00:00+00:00,1457.0999755859375,1457.0999755859375,1455.5,1456.5999755859375,14,0.0,-49571.0,0.3125047684443427
2019-11-26 00:00:00+00:00,1453.84,1462.764,1449.895,1460.485,49717,0.0,49703.0,0.5163571373067081
2019-11-26 05:00:00+00:00,1459.800048828125,1459.800048828125,1459.800048828125,1459.800048828125,346362,0.0,296645.0,0.0
2019-11-27 00:00:00+00:00,1460.45,1461.141,1452.534,1456.845,48862,0.0,-297500.0,0.4188451260601871
2019-11-27 05:00:00+00:00,1461.0999755859375,1461.9000244140625,1452.0,1453.4000244140625,88364,0.0,39502.0,0.7777709276087841
2019-11-28 00:00:00+00:00,1456.817,1458.191,1454.194,1456.016,31322,0.0,-57042.0,0.20040030022514801
2019-11-29 00:00:00+00:00,1456.024,1466.444,1452.991,1463.914,41303,0.0,9981.0,0.5864862855868666
2019-11-29 05:00:00+00:00,1453.5999755859375,1465.5999755859375,1452.0999755859375,1465.5999755859375,7020,0.0,-34283.0,0.8888888888888888
2019-12-01 00:00:00+00:00,1462.603,1462.603,1461.559,1461.778,1604,0.0,-5416.0,0.7902298850574418
2019-12-02 00:00:00+00:00,1461.746,1465.735,1453.917,1462.598,55645,0.0,54041.0,0.07209341682178566
2019-12-02 05:00:00+00:00,1462.800048828125,1464.4000244140625,1453.300048828125,1462.300048828125,2172,0.0,-53473.0,0.045045144120267014
2019-12-03 00:00:00+00:00,1462.609,1481.689,1459.793,1476.582,60954,0.0,58782.0,0.6381530873218882
2019-12-03 05:00:00+00:00,1461.5999755859375,1480.4000244140625,1459.5,1478.199951171875,1460,0.0,-59494.0,0.7942562772686653
2019-12-04 00:00:00+00:00,1476.593,1483.956,1471.408,1475.523,61314,0.0,59854.0,0.08527255339497637
2019-12-04 05:00:00+00:00,1477.5,1483.4000244140625,1471.199951171875,1474.0,613,0.0,-60701.0,0.2868835236084568
2019-12-05 00:00:00+00:00,1475.524,1480.262,1472.87,1475.925,55198,0.0,54585.0,0.05424783549784422
2019-12-05 05:00:00+00:00,1474.699951171875,1478.0,1472.300048828125,1476.9000244140625,907,0.0,-54291.0,0.38598106823146444
2019-12-06 00:00:00+00:00,1475.942,1479.211,1458.659,1460.693,51400,0.0,50493.0,0.7419715842740411
2019-12-06 05:00:00+00:00,1475.0,1476.0,1458.199951171875,1459.0999755859375,899,0.0,-50501.0,0.8932573482011823
2019-12-08 00:00:00+00:00,1458.717,1459.945,1458.71,1459.899,1533,0.0,634.0,0.9570850202428216
2019-12-09 00:00:00+00:00,1459.893,1465.306,1459.057,1461.044,46173,0.0,44640.0,0.1841894703152605
2019-12-09 05:00:00+00:00,1458.800048828125,1464.199951171875,1458.5999755859375,1459.300048828125,1461,0.0,-44712.0,0.08928610354223433
2019-12-10 00:00:00+00:00,1461.038,1469.082,1460.008,1463.853,51412,0.0,49951.0,0.31022702226140986
2019-12-10 05:00:00+00:00,1460.699951171875,1467.199951171875,1460.699951171875,1462.5999755859375,367,0.0,-51045.0,0.2923114483173077
2019-12-11 00:00:00+00:00,1463.814,1478.822,1462.703,1474.534,52057,0.0,51690.0,0.6650536633786267
2019-12-11 05:00:00+00:00,1463.0999755859375,1475.4000244140625,1463.0999755859375,1469.4000244140625,393,0.0,-51664.0,0.5121970584148786
2019-12-12 00:00:00+00:00,1474.543,1486.641,1461.868,1465.021,62268,0.0,61875.0,0.3843700803293861
2019-12-12 05:00:00+00:00,1475.0999755859375,1483.9000244140625,1463.699951171875,1466.699951171875,955,0.0,-61313.0,0.41584128499688783
2019-12-13 00:00:00+00:00,1465.06,1477.957,1464.768,1476.442,61087,0.0,60132.0,0.8629918871787091
2019-12-13 05:00:00+00:00,1463.0999755859375,1475.9000244140625,1463.0999755859375,1475.5999755859375,468,0.0,-60619.0,0.9765587747239124
2019-12-15 00:00:00+00:00,1474.939,1474.987,1473.729,1474.073,1686,0.0,1218.0,0.6883942766295382
2019-12-16 00:00:00+00:00,1474.096,1479.786,1473.141,1475.303,48458,0.0,46772.0,0.18164033107601363
2019-12-16 05:00:00+00:00,1473.800048828125,1475.300048828125,1473.800048828125,1475.0,99,0.0,-48359.0,0.7999674479166666
2019-12-17 00:00:00+00:00,1475.307,1480.418,1474.185,1475.58,46623,0.0,46524.0,0.04379913364349642
2019-12-17 05:00:00+00:00,1474.0999755859375,1476.9000244140625,1474.0,1474.5999755859375,410,0.0,-46213.0,0.17241234162562613
2019-12-18 00:00:00+00:00,1475.577,1479.229,1470.436,1475.724,45429,0.0,45019.0,0.016717843739330433
2019-12-18 05:00:00+00:00,1472.5999755859375,1472.5999755859375,1472.5999755859375,1472.5999755859375,250,0.0,-45179.0,0.0
2019-12-19 00:00:00+00:00,1475.721,1481.614,1473.248,1478.396,45814,0.0,45564.0,0.31974659335404726
2019-12-19 05:00:00+00:00,1475.9000244140625,1478.9000244140625,1473.300048828125,1478.199951171875,319,0.0,-45495.0,0.4107029972752044
2019-12-20 00:00:00+00:00,1478.414,1480.893,1475.817,1477.567,39884,0.0,39565.0,0.16686367218281645
2019-12-20 05:00:00+00:00,1476.699951171875,1478.0999755859375,1474.699951171875,1474.699951171875,118,0.0,-39766.0,0.5882310702617313
2019-12-22 00:00:00+00:00,1477.946,1478.58,1477.448,1478.463,1329,0.0,1211.0,0.4567137809188413
2019-12-23 00:00:00+00:00,1478.461,1486.068,1478.382,1485.406,42660,0.0,41331.0,0.903590944574552
2019-12-23 05:00:00+00:00,1482.300048828125,1482.5,1479.9000244140625,1482.5,391,0.0,-42269.0,0.07690501901497723
2019-12-24 00:00:00+00:00,1485.44,1500.412,1484.343,1499.587,35692,0.0,35301.0,0.8803908146119839
2019-12-24 05:00:00+00:00,1488.699951171875,1499.0999755859375,1488.699951171875,1499.0999755859375,52,0.0,-35640.0,1.0
2019-12-26 00:00:00+00:00,1504.34,1512.501,1502.695,1511.122,35982,0.0,35930.0,0.6916173771160642
2019-12-26 05:00:00+00:00,1505.199951171875,1512.300048828125,1505.0,1509.300048828125,126,0.0,-35856.0,0.5616534564061403
2019-12-27 00:00:00+00:00,1511.118,1515.222,1507.309,1510.751,46136,0.0,46010.0,0.046379375710850664
2019-12-27 05:00:00+00:00,1513.800048828125,1513.800048828125,1513.800048828125,1513.800048828125,839,0.0,-45297.0,0.0
2019-12-29 00:00:00+00:00,1511.309,1513.889,1511.012,1513.466,1803,0.0,964.0,0.7497393117830938
2019-12-30 00:00:00+00:00,1513.459,1516.028,1510.741,1514.854,44922,0.0,43119.0,0.26385473803668863
2019-12-30 05:00:00+00:00,1512.5999755859375,1515.0999755859375,1510.0,1514.5,446,0.0,-44476.0,0.3725555901290122
2019-12-31 00:00:00+00:00,1514.854,1525.185,1514.769,1522.657,39708,0.0,39262.0,0.749135944700454
2019-12-31 05:00:00+00:00,1513.800048828125,1523.4000244140625,1513.800048828125,1519.5,301,0.0,-39407.0,0.5937464237122185
2020-01-02 00:00:00+00:00,1518.464,1531.275,1517.172,1528.743,49227,0.0,48926.0,0.7288520173012798
2020-01-02 05:00:00+00:00,1518.0999755859375,1528.699951171875,1518.0,1524.5,214,0.0,-49013.0,0.5981358523284733
2020-01-03 00:00:00+00:00,1528.725,1553.419,1528.725,1551.883,66506,0.0,66292.0,0.9377986555438549
2020-01-03 05:00:00+00:00,1530.0999755859375,1552.699951171875,1530.0999755859375,1549.199951171875,107,0.0,-66399.0,0.8451325760644705
2020-01-05 00:00:00+00:00,1577.36,1582.102,1566.855,1569.216,5727,0.0,5620.0,0.5341378631861985
2020-01-06 00:00:00+00:00,1569.151,1579.966,1560.818,1563.706,71962,0.0,66235.0,0.2843639022352303
2020-01-06 05:00:00+00:00,1580.0,1580.0,1560.4000244140625,1566.199951171875,416,0.0,-71546.0,0.7040850009030724
2020-01-07 00:00:00+00:00,1563.723,1598.344,1555.277,1595.013,74597,0.0,74181.0,0.7265423642231862
2020-01-07 05:00:00+00:00,1558.300048828125,1576.300048828125,1558.300048828125,1571.800048828125,47,0.0,-74550.0,0.75
2020-01-08 00:00:00+00:00,1594.963,1611.365,1552.222,1558.022,102199,0.0,102152.0,0.6246047714860594
2020-01-08 05:00:00+00:00,1579.699951171875,1604.199951171875,1552.300048828125,1557.4000244140625,236,0.0,-101963.0,0.4296718442765615
2020-01-09 00:00:00+00:00,1558.016,1561.257,1540.211,1552.626,69282,0.0,69046.0,0.2561056732870896
2020-01-09 05:00:00+00:00,1555.699951171875,1555.699951171875,1543.300048828125,1551.699951171875,54,0.0,-69228.0,0.32258318566646976
2020-01-10 00:00:00+00:00,1552.59,1563.049,1545.667,1561.958,59424,0.0,59370.0,0.5389483373604955
2020-01-10 05:00:00+00:00,1551.199951171875,1558.800048828125,1545.4000244140625,1557.5,16,0.0,-59408.0,0.4701520410301258
2020-01-12 00:00:00+00:00,1559.741,1560.563,1557.998,1559.187,1862,0.0,1846.0,0.21598440545811912
2020-01-13 00:00:00+00:00,1559.187,1559.957,1544.911,1545.188,56753,0.0,54891.0,0.9304133989099928
2020-01-13 05:00:00+00:00,1557.4000244140625,1558.0,1548.4000244140625,1548.4000244140625,48,0.0,-56705.0,0.9375023841918543
2020-01-14 00:00:00+00:00,1545.196,1549.935,1535.834,1549.498,62787,0.0,62739.0,0.3050847457627239
2020-01-14 05:00:00+00:00,1546.699951171875,1546.699951171875,1534.9000244140625,1542.4000244140625,32,0.0,-62755.0,0.36440283453162986
2020-01-15 00:00:00+00:00,1549.489,1558.082,1546.34,1556.252,59092,0.0,59060.0,0.5759666155680302
2020-01-15 05:00:00+00:00,1548.0,1553.9000244140625,1545.5999755859375,1552.0999755859375,11,0.0,-59081.0,0.49397005618142775
2020-01-16 00:00:00+00:00,1556.272,1558.037,1547.955,1552.144,53711,0.0,53700.0,0.40944257091845715
2020-01-16 05:00:00+00:00,1555.699951171875,1556.0999755859375,1548.5,1549.0,98,0.0,-53613.0,0.8815753545672111
2020-01-17 00:00:00+00:00,1552.147,1561.156,1549.343,1557.33,53162,0.0,53064.0,0.43875391517819756
2020-01-17 05:00:00+00:00,1554.0999755859375,1558.800048828125,1553.5999755859375,1558.800048828125,108,0.0,-53054.0,0.9038475081574685
2020-01-19 00:00:00+00:00,1558.947,1558.947,1556.292,1556.98,1808,0.0,1700.0,0.7408662900187913
2020-01-20 00:00:00+00:00,1556.975,1562.65,1556.627,1561.177,35364,0.0,33556.0,0.6976589739332395
2020-01-21 00:00:00+00:00,1561.174,1568.507,1546.314,1556.466,62737,0.0,27373.0,0.21213896273600177
2020-01-21 05:00:00+00:00,1559.300048828125,1566.199951171875,1551.0,1556.4000244140625,45,0.0,-62692.0,0.19079169276731076
2020-01-22 00:00:00+00:00,1556.421,1563.677,1550.135,1561.367,54440,0.0,54395.0,0.3652340865455578
2020-01-22 05:00:00+00:00,1549.800048828125,1557.0999755859375,1549.800048828125,1555.300048828125,42,0.0,-54398.0,0.753432216852561
2020-01-23 00:00:00+00:00,1561.378,1567.864,1551.892,1560.889,57507,0.0,57465.0,0.030616078136741384
2020-01-23 05:00:00+00:00,1553.0999755859375,1564.5999755859375,1552.199951171875,1564.5999755859375,15,0.0,-57492.0,0.9274175288685876
2020-01-24 00:00:00+00:00,1560.883,1575.728,1556.513,1571.333,54198,0.0,54183.0,0.5438459536820175
2020-01-24 05:00:00+00:00,1556.300048828125,1571.0999755859375,1556.300048828125,1571.0999755859375,43,0.0,-54155.0,1.0
2020-01-26 00:00:00+00:00,1581.234,1588.516,1581.234,1582.664,4435,0.0,4392.0,0.19637462235650008
2020-01-27 00:00:00+00:00,1582.704,1586.182,1575.831,1581.06,64194,0.0,59759.0,0.15882523427688025
2020-01-27 05:00:00+00:00,1584.300048828125,1584.5,1576.800048828125,1576.800048828125,22,0.0,-64172.0,0.9740321506705983
2020-01-28 00:00:00+00:00,1581.057,1582.959,1565.52,1568.436,58785,0.0,58763.0,0.7237226905212477
2020-01-28 05:00:00+00:00,1576.4000244140625,1576.4000244140625,1569.199951171875,1569.199951171875,3,0.0,-58782.0,1.0
2020-01-29 00:00:00+00:00,1568.45,1577.879,1563.318,1577.019,53987,0.0,53984.0,0.5884898015246209
2020-01-29 05:00:00+00:00,1569.800048828125,1569.800048828125,1569.800048828125,1569.800048828125,251274,0.0,197287.0,0.0
2020-01-30 00:00:00+00:00,1577.001,1585.868,1572.23,1575.1,66345,0.0,-184929.0,0.13938993987388756
2020-01-30 05:00:00+00:00,1576.800048828125,1585.0,1571.4000244140625,1583.5,62336,0.0,-4009.0,0.49264435289154573
2020-01-31 00:00:00+00:00,1575.101,1590.317,1570.919,1588.804,61502,0.0,-834.0,0.7064130322713701
2020-01-31 05:00:00+00:00,1573.4000244140625,1589.0,1570.0,1582.9000244140625,1095,0.0,-60407.0,0.5
2020-02-02 00:00:00+00:00,1588.544,1592.017,1587.972,1589.412,3041,0.0,1946.0,0.21458590852902906
2020-02-03 00:00:00+00:00,1589.377,1589.979,1569.346,1578.756,64774,0.0,61733.0,0.5147579120825787
2020-02-03 05:00:00+00:00,1592.9000244140625,1593.300048828125,1568.199951171875,1577.199951171875,1062,0.0,-63712.0,0.625498492364556
2020-02-04 00:00:00+00:00,1578.768,1579.535,1549.005,1554.073,60412,0.0,59350.0,0.8088765149033724
2020-02-04 05:00:00+00:00,1577.699951171875,1577.699951171875,1547.800048828125,1550.4000244140625,978,0.0,-59434.0,0.9130440107781498
2020-02-05 00:00:00+00:00,1554.056,1562.305,1547.479,1556.064,61769,0.0,60791.0,0.1354377445029027
2020-02-05 05:00:00+00:00,1553.199951171875,1560.699951171875,1547.699951171875,1557.800048828125,1305,0.0,-60464.0,0.35385366586538464
2020-02-06 00:00:00+00:00,1556.024,1568.148,1552.461,1565.753,55277,0.0,53972.0,0.6201950659782052
2020-02-06 05:00:00+00:00,1553.5999755859375,1565.5999755859375,1551.5999755859375,1565.0999755859375,110,0.0,-55167.0,0.8214285714285714
2020-02-07 00:00:00+00:00,1565.757,1573.935,1560.256,1570.145,57104,0.0,56994.0,0.3207836830177619
2020-02-07 05:00:00+00:00,1564.9000244140625,1571.9000244140625,1560.5,1568.5999755859375,431,0.0,-56673.0,0.3245564252749253
2020-02-09 00:00:00+00:00,1569.258,1576.551,1569.028,1574.764,2835,0.0,2404.0,0.7318888741193571
2020-02-10 00:00:00+00:00,1574.725,1576.918,1567.939,1571.928,51544,0.0,48709.0,0.311504621895518
2020-02-10 05:00:00+00:00,1569.300048828125,1574.699951171875,1568.5999755859375,1574.699951171875,128,0.0,-51416.0,0.8852334353925276
2020-02-11 00:00:00+00:00,1571.929,1573.923,1562.134,1567.034,51215,0.0,51087.0,0.4152175757061657
2020-02-11 05:00:00+00:00,1570.9000244140625,1571.0999755859375,1561.9000244140625,1565.5999755859375,440,0.0,-50775.0,0.5760953214977577
2020-02-12 00:00:00+00:00,1566.989,1571.314,1561.82,1569.83,49406,0.0,48966.0,0.299241626290273
2020-02-12 05:00:00+00:00,1565.199951171875,1568.699951171875,1561.0,1567.4000244140625,36,0.0,-49370.0,0.28572560956276355
2020-02-13 00:00:00+00:00,1569.767,1578.198,1569.1,1577.307,56505,0.0,56469.0,0.8287535722136526
2020-02-13 05:00:00+00:00,1570.199951171875,1575.0999755859375,1570.199951171875,1575.0999755859375,74,0.0,-56431.0,1.0
2020-02-14 00:00:00+00:00,1577.266,1584.899,1573.014,1583.991,47731,0.0,47657.0,0.5658392932267492
2020-02-14 05:00:00+00:00,1575.800048828125,1582.699951171875,1574.800048828125,1582.699951171875,68,0.0,-47663.0,0.8734161567463996
2020-02-16 00:00:00+00:00,1581.444,1583.045,1580.429,1582.913,1721,0.0,1653.0,0.5615443425076678
2020-02-17 00:00:00+00:00,1582.92,1585.381,1578.824,1584.221,29368,0.0,27647.0,0.19841390879974494
2020-02-18 00:00:00+00:00,1584.228,1605.016,1584.178,1600.794,53279,0.0,23911.0,0.7949899222574172
2020-02-18 05:00:00+00:00,1579.800048828125,1604.300048828125,1579.800048828125,1600.0,310,0.0,-52969.0,0.8244878029336735
2020-02-19 00:00:00+00:00,1600.79,1612.845,1599.466,1610.321,56964,0.0,56654.0,0.7123850810972311
2020-02-19 05:00:00+00:00,1600.5999755859375,1610.5,1599.699951171875,1607.5,542,0.0,-56422.0,0.6388882609580215
2020-02-20 00:00:00+00:00,1610.317,1623.635,1603.853,1622.098,64208,0.0,63666.0,0.595541401273885
2020-02-20 05:00:00+00:00,1606.5,1621.0,1603.0,1616.5999755859375,117,0.0,-64091.0,0.5611097547743056
2020-02-21 00:00:00+00:00,1622.072,1649.102,1618.908,1643.319,66614,0.0,66497.0,0.7036828508975272
2020-02-21 05:00:00+00:00,1619.300048828125,1645.0,1619.300048828125,1644.5999755859375,186,0.0,-66428.0,0.9844348181291382
2020-02-23 00:00:00+00:00,1659.6,1680.967,1657.703,1665.512,5111,0.0,4925.0,0.2541265474552959
2020-02-24 00:00:00+00:00,1665.489,1689.213,1650.801,1653.9,95174,0.0,90063.0,0.30170259293970453
2020-02-24 05:00:00+00:00,1657.0,1686.5999755859375,1650.0,1672.4000244140625,435,0.0,-94739.0,0.42076597504560964
2020-02-25 00:00:00+00:00,1653.86,1658.684,1624.934,1639.815,107202,0.0,106767.0,0.41614814814814355
2020-02-25 05:00:00+00:00,1645.0999755859375,1653.699951171875,1632.300048828125,1646.9000244140625,409,0.0,-106793.0,0.08411481506833687
2020-02-26 00:00:00+00:00,1639.809,1654.877,1624.966,1643.493,94220,0.0,93811.0,0.12316539065895363
2020-02-26 05:00:00+00:00,1644.0,1648.0999755859375,1636.4000244140625,1640.0,1990,0.0,-92230.0,0.34188176867057574
2020-02-27 00:00:00+00:00,1643.507,1660.254,1635.286,1645.695,98678,0.0,96688.0,0.08763216917654149
2020-02-27 05:00:00+00:00,1641.0999755859375,1658.0,1638.5,1640.0,707,0.0,-97971.0,0.05640900440705128
2020-02-28 00:00:00+00:00,1645.667,1648.052,1562.889,1586.023,130833,0.0,130126.0,0.7003510914364219
2020-02-28 05:00:00+00:00,1640.300048828125,1642.5,1564.0999755859375,1564.0999755859375,289,0.0,-130544.0,0.9719394070560978
2020-03-01 00:00:00+00:00,1582.112,1588.335,1575.451,1584.992,4753,0.0,4464.0,0.22353306426574654
2020-03-02 00:00:00+00:00,1584.922,1610.863,1581.675,1591.957,103082,0.0,98329.0,0.24102370837330606
2020-03-02 05:00:00+00:00,1583.9000244140625,1608.300048828125,1574.300048828125,1592.300048828125,537,0.0,-102545.0,0.24705954159007354
2020-03-03 00:00:00+00:00,1591.903,1652.804,1589.641,1645.697,110332,0.0,109795.0,0.8516694900495521
2020-03-03 05:00:00+00:00,1594.5,1645.300048828125,1594.0,1642.0999755859375,610,0.0,-109722.0,0.9278738845925044
2020-03-04 00:00:00+00:00,1645.687,1649.283,1631.719,1636.644,86947,0.0,86337.0,0.5148599407879737
2020-03-04 05:00:00+00:00,1645.4000244140625,1645.9000244140625,1631.300048828125,1641.0999755859375,83,0.0,-86864.0,0.29452438483984517
2020-03-05 00:00:00+00:00,1636.576,1674.86,1635.574,1674.536,79386,0.0,79303.0,0.9662475181998728
2020-03-05 05:00:00+00:00,1637.300048828125,1672.9000244140625,1637.199951171875,1666.4000244140625,154,0.0,-79232.0,0.8151236942435588
2020-03-06 00:00:00+00:00,1674.495,1691.979,1642.218,1674.32,136886,0.0,136732.0,0.003516810353488769
2020-03-06 05:00:00+00:00,1670.800048828125,1686.199951171875,1647.199951171875,1670.800048828125,175,0.0,-136711.0,0.0
2020-03-08 00:00:00+00:00,1696.28,1703.179,1679.712,1700.043,12185,0.0,12010.0,0.16035283589721328
2020-03-09 00:00:00+00:00,1700.049,1702.965,1657.45,1666.506,155214,0.0,143029.0,0.736965835438866
2020-03-09 04:00:00+00:00,1696.0999755859375,1701.5999755859375,1657.699951171875,1674.5,161,0.0,-155053.0,0.49202650509274837
2020-03-10 00:00:00+00:00,1666.535,1671.382,1641.572,1652.331,122479,0.0,122318.0,0.4764844012076517
2020-03-10 04:00:00+00:00,1671.5999755859375,1674.5999755859375,1643.0,1659.0999755859375,48,0.0,-122431.0,0.39556992586926876
2020-03-11 00:00:00+00:00,1652.318,1671.183,1633.07,1643.612,102451,0.0,102403.0,0.22842599637918534
2020-03-11 04:00:00+00:00,1656.5999755859375,1666.5,1635.0,1641.4000244140625,47,0.0,-102404.0,0.48253813244047616
2020-03-12 00:00:00+00:00,1643.655,1650.253,1560.721,1576.856,175118,0.0,175071.0,0.7460907831836665
2020-03-12 04:00:00+00:00,1637.0,1647.5,1566.4000244140625,1589.300048828125,256,0.0,-174862.0,0.5881623370074853
2020-03-13 00:00:00+00:00,1576.861,1597.735,1504.669,1529.245,186921,0.0,186665.0,0.5116369028431469
2020-03-13 04:00:00+00:00,1574.9000244140625,1589.800048828125,1513.800048828125,1515.699951171875,89,0.0,-186832.0,0.778948332134046
2020-03-15 00:00:00+00:00,1551.879,1575.37,1540.122,1557.51,20015,0.0,19926.0,0.15975374489333052
2020-03-16 00:00:00+00:00,1557.594,1560.771,1451.281,1507.227,242853,0.0,222838.0,0.46001461320668513
2020-03-16 04:00:00+00:00,1569.0999755859375,1569.0999755859375,1452.0999755859375,1485.9000244140625,193,0.0,-242660.0,0.7111106937767094
2020-03-17 00:00:00+00:00,1507.234,1553.769,1465.592,1537.77,190988,0.0,190795.0,0.3463034578177993
2020-03-17 04:00:00+00:00,1469.300048828125,1537.699951171875,1469.300048828125,1524.9000244140625,122,0.0,-190866.0,0.8128663006931605
2020-03-18 00:00:00+00:00,1537.79,1539.831,1472.753,1498.045,213582,0.0,213460.0,0.592519156802527
2020-03-18 04:00:00+00:00,1537.5,1542.0,1477.300048828125,1477.300048828125,333,0.0,-213249.0,0.9304481700759591
2020-03-19 00:00:00+00:00,1498.087,1498.644,1455.292,1471.367,166323,0.0,165990.0,0.6163498800516695
2020-03-19 04:00:00+00:00,1481.5,1491.5999755859375,1471.0,1478.5999755859375,262,0.0,-166061.0,0.1407780510207105
2020-03-20 00:00:00+00:00,1471.35,1515.982,1471.017,1498.718,130889,0.0,130627.0,0.6086511731346651
2020-03-20 04:00:00+00:00,1483.5,1484.0,1483.5,1484.0,14,0.0,-130875.0,1.0
2020-03-22 00:00:00+00:00,1503.099,1507.935,1482.773,1491.601,12440,0.0,12426.0,0.4569589062872508
2020-03-23 00:00:00+00:00,1491.591,1567.641,1485.073,1567.125,141811,0.0,129371.0,0.9148096114717581
2020-03-23 04:00:00+00:00,1505.300048828125,1567.0,1490.199951171875,1567.0,51,0.0,-141760.0,0.803384270105826
2020-03-24 00:00:00+00:00,1567.119,1636.988,1558.059,1629.148,83609,0.0,83558.0,0.7858835155646204
2020-03-24 04:00:00+00:00,1592.699951171875,1685.5,1592.699951171875,1660.199951171875,442,0.0,-83167.0,0.727370306938273
2020-03-25 00:00:00+00:00,1628.485,1631.432,1596.185,1607.418,54654,0.0,54212.0,0.5976962578375454
2020-03-25 04:00:00+00:00,1676.5,1676.5,1631.0999755859375,1632.300048828125,476,0.0,-54178.0,0.9735666828889241
2020-03-26 00:00:00+00:00,1607.758,1641.8,1593.913,1624.864,50233,0.0,49757.0,0.3572159458725753
2020-03-26 04:00:00+00:00,1660.5,1660.5,1650.0999755859375,1650.0999755859375,3,0.0,-50230.0,1.0
2020-03-27 00:00:00+00:00,1625.069,1628.856,1611.31,1622.911,46500,0.0,46497.0,0.12299099509859203
2020-03-27 04:00:00+00:00,1623.9000244140625,1623.9000244140625,1623.9000244140625,1623.9000244140625,100638,0.0,54138.0,0.0
2020-03-29 00:00:00+00:00,1625.946,1630.463,1616.408,1627.402,3820,0.0,-96818.0,0.1035930273923959
2020-03-30 00:00:00+00:00,1627.07,1628.197,1610.471,1616.282,50960,0.0,47140.0,0.6085975403362338
2020-03-30 04:00:00+00:00,1641.199951171875,1652.800048828125,1607.199951171875,1622.0,16389,0.0,-34571.0,0.4210506590711968
2020-03-31 00:00:00+00:00,1616.122,1618.266,1569.183,1578.851,60095,0.0,43706.0,0.7593464132184238
2020-03-31 04:00:00+00:00,1618.699951171875,1621.0,1576.0,1583.4000244140625,2874,0.0,-57221.0,0.7844428168402777
2020-04-01 00:00:00+00:00,1578.95,1598.554,1571.348,1590.982,57011,0.0,54137.0,0.4422553848415742
2020-04-01 04:00:00+00:00,1570.0,1600.0,1570.0,1578.199951171875,2158,0.0,-54853.0,0.27333170572916665
2020-04-02 00:00:00+00:00,1591.25,1618.812,1581.922,1612.393,64635,0.0,62477.0,0.5731363513147222
2020-04-02 04:00:00+00:00,1590.9000244140625,1631.199951171875,1586.0,1625.699951171875,1294,0.0,-63341.0,0.7699107157325037
2020-04-03 00:00:00+00:00,1612.393,1624.359,1605.667,1615.567,60102,0.0,58808.0,0.16980526428418452
2020-04-03 04:00:00+00:00,1624.5,1636.0,1619.800048828125,1633.699951171875,643,0.0,-59459.0,0.5678999321829553
2020-04-05 00:00:00+00:00,1614.34,1618.872,1607.546,1618.872,3001,0.0,2358.0,0.40014126787922866
2020-04-06 00:00:00+00:00,1618.7,1671.195,1614.971,1661.375,64215,0.0,61214.0,0.75901750142288
2020-04-06 04:00:00+00:00,1629.0999755859375,1696.699951171875,1625.9000244140625,1677.0,1063,0.0,-63152.0,0.6765547170396884
2020-04-07 00:00:00+00:00,1661.333,1666.946,1641.89,1648.142,59284,0.0,58221.0,0.5264607279693538
2020-04-07 04:00:00+00:00,1695.699951171875,1724.4000244140625,1658.0,1664.800048828125,1144,0.0,-58140.0,0.4653598039522088
2020-04-08 00:00:00+00:00,1648.153,1655.344,1641.045,1647.133,50832,0.0,49688.0,0.0713336596964811
2020-04-08 04:00:00+00:00,1669.699951171875,1677.0,1662.5,1665.4000244140625,747,0.0,-50085.0,0.2965466729525862
2020-04-09 00:00:00+00:00,1647.127,1689.431,1645.841,1682.944,71422,0.0,70675.0,0.8216792842395019
2020-04-09 04:00:00+00:00,1662.699951171875,1736.199951171875,1662.699951171875,1736.199951171875,825,0.0,-70597.0,1.0
2020-04-12 00:00:00+00:00,1684.546,1691.291,1683.195,1686.821,2905,0.0,2080.0,0.2810029644268605
2020-04-13 00:00:00+00:00,1686.627,1722.211,1679.798,1717.28,73313,0.0,70408.0,0.7227265225284704
2020-04-13 04:00:00+00:00,1722.0,1756.800048828125,1710.699951171875,1744.800048828125,696,0.0,-72617.0,0.49457701799540316
2020-04-14 00:00:00+00:00,1717.163,1746.579,1708.479,1725.543,88951,0.0,88255.0,0.21994750656167722
2020-04-14 04:00:00+00:00,1756.800048828125,1775.0,1739.5,1756.699951171875,675,0.0,-88276.0,0.0028196522887323945
2020-04-15 00:00:00+00:00,1725.542,1730.654,1707.411,1715.654,86746,0.0,86071.0,0.42541840554145105
2020-04-15 04:00:00+00:00,1739.4000244140625,1744.9000244140625,1722.699951171875,1727.199951171875,642,0.0,-86104.0,0.5495510356697074
2020-04-16 00:00:00+00:00,1715.828,1738.091,1701.989,1715.15,112909,0.0,112267.0,0.01878012298487303
2020-04-16 04:00:00+00:00,1731.0,1750.5999755859375,1715.0,1720.4000244140625,162,0.0,-112747.0,0.2977523273955458
2020-04-17 00:00:00+00:00,1715.137,1717.949,1679.135,1683.655,110070,0.0,109908.0,0.8110990879579509
2020-04-17 04:00:00+00:00,1715.699951171875,1725.0,1684.9000244140625,1689.199951171875,223,0.0,-109847.0,0.660848282643174
2020-04-19 00:00:00+00:00,1682.92,1683.235,1673.878,1675.506,4868,0.0,4645.0,0.792347974778242
2020-04-20 00:00:00+00:00,1675.538,1701.963,1671.277,1690.808,101229,0.0,96361.0,0.4976210649807737
2020-04-20 04:00:00+00:00,1686.0,1701.5999755859375,1680.0,1701.5999755859375,106,0.0,-101123.0,0.7222219082550142
2020-04-21 00:00:00+00:00,1690.812,1697.277,1660.127,1687.417,102667,0.0,102561.0,0.09138627187079336
2020-04-21 04:00:00+00:00,1697.0,1707.0999755859375,1659.9000244140625,1678.199951171875,666,0.0,-102001.0,0.3983065312857224
2020-04-22 00:00:00+00:00,1687.625,1718.218,1679.53,1711.447,115742,0.0,115076.0,0.6157464846980931
2020-04-22 04:00:00+00:00,1696.0,1728.699951171875,1684.800048828125,1728.699951171875,453,0.0,-115289.0,0.7448752599908794
2020-04-23 00:00:00+00:00,1711.452,1738.308,1705.969,1727.918,137656,0.0,137203.0,0.5091684962429242
2020-04-23 04:00:00+00:00,1734.0,1745.0999755859375,1733.300048828125,1733.300048828125,482,0.0,-137174.0,0.05931826410800186
2020-04-24 00:00:00+00:00,1727.925,1736.069,1710.08,1727.93,109819,0.0,109337.0,0.00019238908769514537
2020-04-24 04:00:00+00:00,1744.0,1744.0,1714.5,1723.5,221,0.0,-109598.0,0.6949152542372882
2020-04-26 00:00:00+00:00,1721.139,1725.615,1718.583,1724.978,4682,0.0,4461.0,0.5459328782707921
2020-04-27 00:00:00+00:00,1724.975,1726.275,1705.618,1709.572,98900,0.0,94218.0,0.7456552258314327
2020-04-27 04:00:00+00:00,1731.9000244140625,1731.9000244140625,1711.9000244140625,1711.9000244140625,169,0.0,-98731.0,1.0
2020-04-28 00:00:00+00:00,1709.351,1713.601,1691.429,1704.711,128272,0.0,128103.0,0.20927295688255884
2020-04-28 04:00:00+00:00,1716.5999755859375,1716.5999755859375,1707.0999755859375,1710.5,1255,0.0,-127017.0,0.642102693256579
2020-04-29 00:00:00+00:00,1704.444,1716.769,1697.46,1713.271,106038,0.0,104783.0,0.4571443368377447
2020-04-29 04:00:00+00:00,1710.0,1713.5,1702.0,1703.4000244140625,373,0.0,-105665.0,0.5739109205163043
2020-04-30 00:00:00+00:00,1713.13,1721.174,1680.724,1687.709,97646,0.0,97273.0,0.628454882571076
2020-04-30 04:00:00+00:00,1719.300048828125,1719.300048828125,1680.800048828125,1684.199951171875,327,0.0,-97319.0,0.9116908482142857
2020-05-01 00:00:00+00:00,1687.443,1705.106,1670.131,1700.028,129372,0.0,129045.0,0.3598284488920677
2020-05-01 04:00:00+00:00,1686.5999755859375,1701.5,1670.5,1694.5,337,0.0,-129035.0,0.25483949722782256
2020-05-03 00:00:00+00:00,1698.438,1699.649,1691.575,1699.269,5046,0.0,4709.0,0.10292296259597719
2020-05-04 00:00:00+00:00,1699.123,1711.163,1694.678,1703.549,95850,0.0,90804.0,0.2684865028814048
2020-05-04 04:00:00+00:00,1702.5999755859375,1709.0,1699.5999755859375,1706.9000244140625,320,0.0,-95530.0,0.4574508148821505
2020-05-05 00:00:00+00:00,1703.562,1711.345,1691.198,1703.8,92857,0.0,92537.0,0.011813173177150799
2020-05-05 04:00:00+00:00,1701.5,1704.4000244140625,1697.199951171875,1704.4000244140625,82,0.0,-92775.0,0.40277707135954427
2020-05-06 00:00:00+00:00,1703.838,1707.818,1681.89,1689.582,88102,0.0,88020.0,0.5498302992903394
2020-05-06 04:00:00+00:00,1704.0,1704.0,1684.199951171875,1684.199951171875,469,0.0,-87633.0,1.0
2020-05-07 00:00:00+00:00,1689.678,1721.793,1684.097,1714.229,85721,0.0,85252.0,0.6512892614601016
2020-05-07 04:00:00+00:00,1686.199951171875,1721.800048828125,1685.5999755859375,1721.800048828125,853,0.0,-84868.0,0.983426122319601
2020-05-08 00:00:00+00:00,1714.234,1722.819,1701.296,1702.329,87645,0.0,86792.0,0.5531292106119046
2020-05-08 04:00:00+00:00,1726.199951171875,1728.9000244140625,1703.800048828125,1709.9000244140625,330,0.0,-87315.0,0.6494001040759851
2020-05-10 00:00:00+00:00,1702.39,1707.454,1701.274,1706.479,5617,0.0,5287.0,0.661650485436877
2020-05-11 00:00:00+00:00,1706.472,1712.031,1686.864,1697.759,86561,0.0,80944.0,0.3462073350021852
2020-05-11 04:00:00+00:00,1702.300048828125,1704.5,1690.199951171875,1695.300048828125,749,0.0,-85812.0,0.4895088180561009
2020-05-12 00:00:00+00:00,1697.721,1710.515,1693.297,1702.424,80916,0.0,80167.0,0.273144383784409
2020-05-12 04:00:00+00:00,1699.300048828125,1713.0999755859375,1699.300048828125,1704.4000244140625,324,0.0,-80592.0,0.3695654096896036
2020-05-13 00:00:00+00:00,1702.351,1719.371,1698.868,1718.317,90958,0.0,90634.0,0.7787153099546297
2020-05-13 04:00:00+00:00,1702.0,1721.300048828125,1701.9000244140625,1713.9000244140625,431,0.0,-90527.0,0.6134025483718736
2020-05-14 00:00:00+00:00,1718.287,1736.004,1710.464,1732.716,84145,0.0,83714.0,0.5649569303053986
2020-05-14 04:00:00+00:00,1724.300048828125,1743.0999755859375,1720.5,1738.0999755859375,672,0.0,-83473.0,0.6106168878518302
2020-05-15 00:00:00+00:00,1732.708,1750.93,1728.336,1741.974,86128,0.0,85456.0,0.41010887846330124
2020-05-15 04:00:00+00:00,1739.699951171875,1753.4000244140625,1739.699951171875,1753.4000244140625,719,0.0,-85409.0,1.0
2020-05-17 00:00:00+00:00,1747.558,1759.776,1743.217,1758.137,8901,0.0,8182.0,0.6388670813454901
2020-05-18 00:00:00+00:00,1758.06,1764.715,1726.823,1734.704,89739,0.0,80838.0,0.6163834054681754
2020-05-18 04:00:00+00:00,1755.699951171875,1770.5,1731.800048828125,1731.800048828125,229,0.0,-89510.0,0.6175693152067627
2020-05-19 00:00:00+00:00,1734.711,1747.382,1725.316,1745.97,84547,0.0,84318.0,0.5102420012689205
2020-05-19 04:00:00+00:00,1744.199951171875,1749.5,1744.199951171875,1744.199951171875,167,0.0,-84380.0,0.0
2020-05-20 00:00:00+00:00,1745.978,1753.684,1742.035,1747.365,81280,0.0,81113.0,0.11906601425014654
2020-05-20 04:00:00+00:00,1751.5999755859375,1752.0999755859375,1745.5999755859375,1750.5999755859375,16,0.0,-81264.0,0.15384615384615385
2020-05-21 00:00:00+00:00,1747.47,1747.47,1716.751,1725.824,83833,0.0,83817.0,0.7046453335069476
2020-05-21 04:00:00+00:00,1746.800048828125,1746.800048828125,1720.5,1720.5,528,0.0,-83305.0,1.0
2020-05-22 00:00:00+00:00,1725.953,1739.314,1724.152,1734.06,72211,0.0,71683.0,0.5346919931407434
2020-05-22 04:00:00+00:00,1726.5999755859375,1734.5999755859375,1726.5999755859375,1734.5999755859375,6,0.0,-72205.0,1.0
2020-05-24 00:00:00+00:00,1731.241,1733.303,1729.697,1730.676,3110,0.0,3104.0,0.15668330560178031
2020-05-25 00:00:00+00:00,1730.682,1732.456,1720.967,1726.56,45997,0.0,42887.0,0.3587779615284307
2020-05-26 00:00:00+00:00,1726.542,1735.055,1708.228,1712.678,78481,0.0,32484.0,0.5167927833898612
2020-05-26 04:00:00+00:00,1726.4000244140625,1726.4000244140625,1704.800048828125,1704.800048828125,39,0.0,-78442.0,1.0
2020-05-27 00:00:00+00:00,1712.658,1715.746,1693.423,1710.852,80885,0.0,80846.0,0.08090310442144
2020-05-27 04:00:00+00:00,1685.5999755859375,1710.300048828125,1685.5999755859375,1710.300048828125,137416,0.0,56531.0,1.0
2020-05-28 00:00:00+00:00,1710.856,1727.014,1708.767,1721.686,80001,0.0,-57415.0,0.5935222228311514
2020-05-28 04:00:00+00:00,1709.300048828125,1727.800048828125,1705.0,1713.300048828125,23355,0.0,-56646.0,0.17543822077546606
2020-05-29 00:00:00+00:00,1721.66,1737.277,1712.361,1729.475,84149,0.0,60794.0,0.3136538770268039
2020-05-29 04:00:00+00:00,1718.800048828125,1738.300048828125,1715.0999755859375,1736.9000244140625,1526,0.0,-82623.0,0.7801688984767567
2020-05-31 00:00:00+00:00,1734.657,1740.011,1731.393,1739.611,5348,0.0,3822.0,0.5748433511255759
2020-06-01 00:00:00+00:00,1739.507,1744.323,1726.744,1741.504,85220,0.0,79872.0,0.11360145628305497
2020-06-01 04:00:00+00:00,1740.4000244140625,1747.0,1727.0999755859375,1737.800048828125,871,0.0,-84349.0,0.1306518792057465
2020-06-02 00:00:00+00:00,1741.58,1744.836,1721.363,1726.591,85191,0.0,84320.0,0.638563455885488
2020-06-02 04:00:00+00:00,1743.0,1745.5,1721.800048828125,1725.199951171875,741,0.0,-84450.0,0.7510584599536441
2020-06-03 00:00:00+00:00,1726.58,1729.312,1689.147,1700.516,97516,0.0,96775.0,0.648923191833683
2020-06-03 04:00:00+00:00,1726.300048828125,1726.300048828125,1684.5,1697.800048828125,2755,0.0,-94761.0,0.6818173853620928
2020-06-04 00:00:00+00:00,1700.402,1721.22,1696.548,1712.394,90855,0.0,88100.0,0.4860570687418916
2020-06-04 04:00:00+00:00,1694.5,1718.9000244140625,1694.5,1718.9000244140625,807,0.0,-90048.0,1.0
2020-06-05 00:00:00+00:00,1712.41,1715.794,1670.51,1685.512,103971,0.0,103164.0,0.5939846303330111
2020-06-05 04:00:00+00:00,1711.800048828125,1711.800048828125,1668.5999755859375,1676.199951171875,1502,0.0,-102469.0,0.8240749374814563
2020-06-07 00:00:00+00:00,1680.835,1682.98,1677.301,1681.323,4523,0.0,3021.0,0.08593062158831641
2020-06-08 00:00:00+00:00,1681.327,1700.46,1680.698,1697.243,89279,0.0,84756.0,0.805384070438214
2020-06-08 04:00:00+00:00,1679.0999755859375,1699.4000244140625,1675.9000244140625,1698.300048828125,587,0.0,-88692.0,0.8170243932845744
2020-06-09 00:00:00+00:00,1697.238,1720.669,1691.911,1713.099,87625,0.0,87038.0,0.5515334863342324
2020-06-09 04:00:00+00:00,1694.5999755859375,1720.9000244140625,1692.0,1714.699951171875,690,0.0,-86935.0,0.6955002977837288
2020-06-10 00:00:00+00:00,1713.143,1739.586,1707.819,1735.483,93023,0.0,92333.0,0.7032455063430567
2020-06-10 04:00:00+00:00,1716.0999755859375,1740.800048828125,1711.9000244140625,1713.300048828125,718,0.0,-92305.0,0.0968831969723209
2020-06-11 00:00:00+00:00,1735.522,1744.536,1721.451,1726.573,91057,0.0,90339.0,0.38765432098764685
2020-06-11 04:00:00+00:00,1737.199951171875,1744.0999755859375,1720.0,1732.0,347,0.0,-90710.0,0.21576582736910352
2020-06-12 00:00:00+00:00,1726.524,1742.82,1721.69,1730.552,81008,0.0,80661.0,0.19062943681968966
2020-06-12 04:00:00+00:00,1724.9000244140625,1743.0,1724.9000244140625,1729.300048828125,318,0.0,-80690.0,0.24309559939301972
2020-06-14 00:00:00+00:00,1730.629,1733.37,1729.536,1732.553,3962,0.0,3644.0,0.5018257694314787
2020-06-15 00:00:00+00:00,1732.499,1733.879,1703.902,1724.066,91716,0.0,87754.0,0.2813156753511036
2020-06-15 04:00:00+00:00,1730.0,1730.0,1703.300048828125,1720.300048828125,188,0.0,-91528.0,0.36329471576310085
2020-06-16 00:00:00+00:00,1724.084,1732.606,1716.455,1726.328,88241,0.0,88053.0,0.13893876540151726
2020-06-16 04:00:00+00:00,1726.300048828125,1729.5999755859375,1722.4000244140625,1729.5999755859375,22,0.0,-88219.0,0.45832626903122986
2020-06-17 00:00:00+00:00,1726.328,1730.079,1712.327,1727.483,78107,0.0,78085.0,0.06506309148264848
2020-06-17 04:00:00+00:00,1714.699951171875,1729.199951171875,1714.699951171875,1729.199951171875,51,0.0,-78056.0,1.0
2020-06-18 00:00:00+00:00,1727.536,1736.909,1717.376,1723.432,86551,0.0,86500.0,0.21010597450468513
2020-06-18 04:00:00+00:00,1730.5,1734.0999755859375,1717.300048828125,1724.800048828125,110,0.0,-86441.0,0.33928428701180746
2020-06-19 00:00:00+00:00,1723.433,1745.142,1722.353,1743.537,82390,0.0,82280.0,0.882179999122386
2020-06-19 04:00:00+00:00,1723.699951171875,1750.699951171875,1723.5,1745.9000244140625,1329,0.0,-81061.0,0.8161806284837224
2020-06-21 00:00:00+00:00,1747.082,1749.969,1743.864,1749.125,5407,0.0,4078.0,0.33464373464371605
2020-06-22 00:00:00+00:00,1749.088,1762.99,1742.326,1755.265,93388,0.0,87981.0,0.29892566782811353
2020-06-22 04:00:00+00:00,1755.199951171875,1767.5999755859375,1750.5,1756.699951171875,1356,0.0,-92032.0,0.08771942348464838
2020-06-23 00:00:00+00:00,1755.303,1770.887,1747.356,1768.606,98295,0.0,96939.0,0.5653393395945736
2020-06-23 04:00:00+00:00,1755.4000244140625,1776.300048828125,1754.199951171875,1772.0999755859375,666,0.0,-97629.0,0.7556505600848412
2020-06-24 00:00:00+00:00,1768.563,1779.247,1754.347,1762.084,99662,0.0,98996.0,0.26020080321285216
2020-06-24 04:00:00+00:00,1778.300048828125,1783.0999755859375,1764.5,1765.800048828125,961,0.0,-98701.0,0.6720438928667528
2020-06-25 00:00:00+00:00,1762.071,1768.808,1755.362,1765.644,85371,0.0,84410.0,0.2657295850067021
2020-06-25 04:00:00+00:00,1761.699951171875,1764.800048828125,1759.800048828125,1762.0999755859375,207,0.0,-85164.0,0.0800048828125
2020-06-26 00:00:00+00:00,1765.647,1771.841,1747.25,1771.28,81713,0.0,81506.0,0.22906754503680463
2020-06-26 04:00:00+00:00,1766.0,1772.5,1764.699951171875,1772.5,640,0.0,-81073.0,0.8333281166859683
2020-06-28 00:00:00+00:00,1770.599,1775.047,1769.991,1771.212,4592,0.0,3952.0,0.12124208860760513
2020-06-29 00:00:00+00:00,1771.293,1774.752,1765.607,1772.865,78704,0.0,74112.0,0.17189721159104643
2020-06-29 04:00:00+00:00,1779.800048828125,1780.199951171875,1774.300048828125,1774.800048828125,584,0.0,-78120.0,0.8474716543904659
2020-06-30 00:00:00+00:00,1772.864,1785.729,1764.12,1782.721,80823,0.0,80239.0,0.45615252903882186
2020-06-30 04:00:00+00:00,1777.300048828125,1793.199951171875,1774.4000244140625,1793.0,986,0.0,-79837.0,0.8351070391990079
2020-07-01 00:00:00+00:00,1782.729,1789.089,1759.142,1768.221,88416,0.0,87430.0,0.48445587204060814
2020-07-01 04:00:00+00:00,1793.5999755859375,1798.0,1765.800048828125,1773.199951171875,331,0.0,-88085.0,0.6335420915756192
2020-07-02 00:00:00+00:00,1768.223,1779.439,1757.464,1775.646,82321,0.0,81990.0,0.33779294653014585
2020-07-02 04:00:00+00:00,1773.4000244140625,1784.0,1768.699951171875,1784.0,215,0.0,-82106.0,0.692806650816193
2020-07-03 00:00:00+00:00,1775.599,1777.034,1772.377,1775.703,44696,0.0,44481.0,0.022331973373424612
2020-07-05 00:00:00+00:00,1773.537,1775.963,1773.263,1775.327,2819,0.0,-41877.0,0.6629629629629383
2020-07-06 00:00:00+00:00,1775.252,1786.933,1769.855,1785.747,82277,0.0,79458.0,0.6145333177187102
2020-07-06 04:00:00+00:00,1788.199951171875,1790.0999755859375,1788.199951171875,1788.5,172,0.0,-82105.0,0.15791840668165757
2020-07-07 00:00:00+00:00,1785.785,1797.243,1773.385,1794.333,81022,0.0,80850.0,0.3582865286277148
2020-07-07 04:00:00+00:00,1789.300048828125,1804.199951171875,1783.300048828125,1804.199951171875,751,0.0,-80271.0,0.7129173188795178
2020-07-08 00:00:00+00:00,1794.315,1817.833,1791.401,1809.054,78449,0.0,77698.0,0.5576195520581123
2020-07-08 04:00:00+00:00,1801.5,1817.9000244140625,1801.5,1815.5,209,0.0,-78240.0,0.8536572657779365
2020-07-09 00:00:00+00:00,1809.051,1815.792,1795.289,1803.825,85946,0.0,85737.0,0.2548895283616985
2020-07-09 04:00:00+00:00,1816.0999755859375,1819.800048828125,1799.199951171875,1799.199951171875,396,0.0,-85550.0,0.8203856455474176
2020-07-10 00:00:00+00:00,1803.829,1810.344,1794.025,1798.621,74484,0.0,74088.0,0.31913720203443036
2020-07-10 04:00:00+00:00,1805.5,1805.5,1797.699951171875,1798.199951171875,236,0.0,-74248.0,0.9358978371780025
2020-07-12 00:00:00+00:00,1799.343,1801.095,1797.908,1800.013,3404,0.0,3168.0,0.21022905553806684
2020-07-13 00:00:00+00:00,1799.994,1813.303,1799.771,1802.27,81819,0.0,78415.0,0.16819391073012427
2020-07-13 04:00:00+00:00,1805.0,1811.0,1805.0,1811.0,164,0.0,-81655.0,1.0
2020-07-14 00:00:00+00:00,1802.282,1810.786,1790.404,1809.434,89401,0.0,89237.0,0.35089785104504084
2020-07-14 04:00:00+00:00,1791.0,1811.5,1791.0,1810.5999755859375,339,0.0,-89062.0,0.9560963700457317
2020-07-15 00:00:00+00:00,1809.412,1814.553,1802.364,1813.023,74772,0.0,74433.0,0.29625071786035384
2020-07-15 04:00:00+00:00,1806.0999755859375,1813.5,1806.0999755859375,1811.4000244140625,167,0.0,-74605.0,0.7162204516586661
2020-07-16 00:00:00+00:00,1813.025,1813.223,1794.869,1798.28,73676,0.0,73509.0,0.8033671134357679
2020-07-16 04:00:00+00:00,1810.9000244140625,1810.9000244140625,1794.300048828125,1798.699951171875,146,0.0,-73530.0,0.7349452521196879
2020-07-17 00:00:00+00:00,1798.282,1811.75,1795.73,1809.765,62092,0.0,61946.0,0.7167915106117471
2020-07-17 04:00:00+00:00,1798.5,1810.0999755859375,1798.5,1808.300048828125,24,0.0,-62068.0,0.8448335736159197
2020-07-19 00:00:00+00:00,1808.109,1810.619,1807.808,1808.998,3049,0.0,3025.0,0.31625755958738827
2020-07-20 00:00:00+00:00,1808.969,1820.348,1805.658,1817.921,69566,0.0,66517.0,0.6093941456773291
2020-07-20 04:00:00+00:00,1807.0,1817.300048828125,1807.0,1815.9000244140625,89,0.0,-69477.0,0.8640759439664367
2020-07-21 00:00:00+00:00,1817.913,1847.042,1815.563,1842.981,84559,0.0,84470.0,0.796340417421142
2020-07-21 04:00:00+00:00,1822.0,1842.4000244140625,1822.0,1842.4000244140625,117,0.0,-84442.0,1.0
2020-07-22 00:00:00+00:00,1842.947,1874.261,1842.306,1869.876,113312,0.0,113195.0,0.8427163198247583
2020-07-22 04:00:00+00:00,1858.0999755859375,1867.0,1854.699951171875,1864.0999755859375,213,0.0,-113099.0,0.4878029415851214
2020-07-23 00:00:00+00:00,1869.872,1898.19,1863.526,1885.395,110417,0.0,110204.0,0.44781329333025377
2020-07-23 04:00:00+00:00,1868.699951171875,1890.300048828125,1868.5,1889.0999755859375,133,0.0,-110284.0,0.9357788404466195
2020-07-24 00:00:00+00:00,1885.396,1906.4,1880.996,1901.143,88411,0.0,88278.0,0.6198630136986331
2020-07-24 04:00:00+00:00,1884.300048828125,1897.300048828125,1884.300048828125,1897.300048828125,474,0.0,-87937.0,1.0
2020-07-26 00:00:00+00:00,1902.646,1914.58,1902.646,1913.493,7344,0.0,6870.0,0.9089157030333508
2020-07-27 00:00:00+00:00,1913.495,1966.211,1912.295,1964.98,118781,0.0,111437.0,0.954911343571485
2020-07-27 04:00:00+00:00,1901.699951171875,1938.0,1901.5,1931.0,364,0.0,-118417.0,0.8027410637842466
2020-07-28 00:00:00+00:00,1964.873,1980.652,1906.579,1956.072,145260,0.0,144896.0,0.11881522282073288
2020-07-28 04:00:00+00:00,1931.5,1944.699951171875,1928.5999755859375,1944.699951171875,825,0.0,-144435.0,0.8198739868527799
2020-07-29 00:00:00+00:00,1956.072,1980.601,1941.314,1966.483,112992,0.0,112167.0,0.26499860004581793
2020-07-29 04:00:00+00:00,1953.199951171875,1953.5,1952.5999755859375,1953.5,209835,0.0,96843.0,0.3333785433337854
2020-07-30 00:00:00+00:00,1966.487,1970.332,1938.975,1956.91,117775,0.0,-92060.0,0.3054182479191229
2020-07-30 04:00:00+00:00,1963.4000244140625,1965.0999755859375,1930.0,1942.300048828125,28853,0.0,-88922.0,0.6011393237091316
2020-07-31 00:00:00+00:00,1956.926,1982.318,1955.863,1974.958,114787,0.0,85934.0,0.6816102816102892
2020-07-31 04:00:00+00:00,1948.5999755859375,1981.0999755859375,1948.0,1962.800048828125,2914,0.0,-111873.0,0.4290055503309915
2020-08-02 00:00:00+00:00,1982.988,1984.734,1977.002,1981.738,7693,0.0,4779.0,0.16166580444904355
2020-08-03 00:00:00+00:00,1981.698,1982.133,1960.418,1975.265,90063,0.0,82370.0,0.2962468339857218
2020-08-03 04:00:00+00:00,1984.300048828125,1984.300048828125,1955.5,1966.0,683,0.0,-89380.0,0.6354172847878609
2020-08-04 00:00:00+00:00,1975.174,2030.712,1967.369,2030.712,101940,0.0,101257.0,0.8767819648579945
2020-08-04 04:00:00+00:00,1971.0,2016.199951171875,1968.800048828125,2001.199951171875,2010,0.0,-99930.0,0.6371310842132372
2020-08-05 00:00:00+00:00,2030.64,2055.403,2009.131,2036.29,128525,0.0,126515.0,0.12210408022129796
2020-08-05 04:00:00+00:00,2024.0,2050.199951171875,2011.0,2031.0999755859375,1422,0.0,-127103.0,0.18112205178029808
2020-08-06 00:00:00+00:00,2036.338,2073.682,2034.336,2069.007,124983,0.0,123561.0,0.8303004117318223
2020-08-06 04:00:00+00:00,2045.5,2063.0,2040.0,2051.5,294,0.0,-124689.0,0.2608695652173913
2020-08-07 00:00:00+00:00,2069.1,2071.992,2015.465,2034.818,153841,0.0,153547.0,0.6064712438303778
2020-08-07 04:00:00+00:00,2040.0999755859375,2055.0,2009.5999755859375,2010.0999755859375,808,0.0,-153033.0,0.6607925961975387
2020-08-09 00:00:00+00:00,2026.671,2030.778,2018.676,2027.12,7583,0.0,6775.0,0.037101305569314035
2020-08-10 00:00:00+00:00,2027.119,2049.797,2019.265,2028.128,121431,0.0,113848.0,0.033047294641687965
2020-08-10 04:00:00+00:00,2026.4000244140625,2043.800048828125,2017.5,2024.4000244140625,233,0.0,-121198.0,0.07604548619169181
2020-08-11 00:00:00+00:00,2028.129,2028.129,1901.422,1909.025,213203,0.0,212970.0,0.9399954225102001
2020-08-11 04:00:00+00:00,2012.4000244140625,2016.0,1904.0,1932.5999755859375,971,0.0,-212232.0,0.7125004359654018
2020-08-12 00:00:00+00:00,1908.997,1949.171,1863.593,1921.874,214392,0.0,213421.0,0.15047091542218743
2020-08-12 04:00:00+00:00,1923.0,1946.5999755859375,1871.5999755859375,1934.9000244140625,404,0.0,-213988.0,0.1586669921875
2020-08-13 00:00:00+00:00,1921.844,1966.192,1919.895,1957.332,157498,0.0,157094.0,0.7665291487569397
2020-08-13 04:00:00+00:00,1921.5,1957.4000244140625,1916.9000244140625,1956.699951171875,71,0.0,-157427.0,0.8691345968364198
2020-08-14 00:00:00+00:00,1957.304,1961.402,1931.973,1944.376,134341,0.0,134270.0,0.4392945733800018
2020-08-14 04:00:00+00:00,1938.699951171875,1947.4000244140625,1937.0,1937.0,201,0.0,-134140.0,0.16345645973449768
2020-08-16 00:00:00+00:00,1944.835,1951.221,1931.853,1932.534,6366,0.0,6165.0,0.6351197852127205
2020-08-17 00:00:00+00:00,1932.533,1990.594,1929.205,1983.634,125342,0.0,118976.0,0.8324129730081938
2020-08-17 04:00:00+00:00,1949.5999755859375,1985.0,1949.5999755859375,1985.0,97,0.0,-125245.0,1.0
2020-08-18 00:00:00+00:00,1983.647,2015.39,1975.958,2005.186,141901,0.0,141804.0,0.5462314871170617
2020-08-18 04:00:00+00:00,2001.0999755859375,2002.800048828125,1972.0999755859375,1999.4000244140625,92,0.0,-141809.0,0.05537287023598879
2020-08-19 00:00:00+00:00,2005.155,2005.869,1924.638,1927.748,171161,0.0,171069.0,0.9529243761618093
2020-08-19 04:00:00+00:00,1980.0,1980.0,1938.699951171875,1958.699951171875,347,0.0,-170814.0,0.5157390713208997
2020-08-20 00:00:00+00:00,1927.717,1955.078,1924.085,1952.707,160309,0.0,159962.0,0.8063111025070197
2020-08-20 04:00:00+00:00,1941.199951171875,1948.300048828125,1922.300048828125,1933.800048828125,106,0.0,-160203.0,0.2846116286057692
2020-08-21 00:00:00+00:00,1952.789,1955.744,1911.464,1940.113,141278,0.0,141172.0,0.2862691960252922
2020-08-21 04:00:00+00:00,1941.0,1945.0,1908.9000244140625,1934.5999755859375,184,0.0,-141094.0,0.17728611474617134
2020-08-23 00:00:00+00:00,1936.426,1938.261,1929.819,1935.019,5598,0.0,5414.0,0.1666666666666577
2020-08-24 00:00:00+00:00,1935.006,1961.712,1923.666,1929.749,117271,0.0,111673.0,0.13817484098197064
2020-08-24 04:00:00+00:00,1930.199951171875,1940.0,1922.199951171875,1927.699951171875,85,0.0,-117186.0,0.14044905292899368
2020-08-25 00:00:00+00:00,1929.699,1937.326,1914.211,1929.596,115242,0.0,115157.0,0.004455980964744341
2020-08-25 04:00:00+00:00,1927.5,1928.5,1911.800048828125,1911.800048828125,176,0.0,-115066.0,0.9401195853983012
2020-08-26 00:00:00+00:00,1929.564,1954.68,1902.613,1953.415,121151,0.0,120975.0,0.4580828547832578
2020-08-26 04:00:00+00:00,1909.699951171875,1950.800048828125,1909.699951171875,1940.699951171875,287,0.0,-120864.0,0.7542561153814168
2020-08-27 00:00:00+00:00,1953.414,1976.439,1909.707,1928.053,147853,0.0,147566.0,0.3800425582928713
2020-08-27 04:00:00+00:00,1948.9000244140625,1972.5,1921.5999755859375,1921.5999755859375,2303,0.0,-145550.0,0.5363464780693235
2020-08-28 00:00:00+00:00,1927.921,1973.742,1922.773,1964.591,110684,0.0,108381.0,0.7194569247974222
2020-08-28 04:00:00+00:00,1927.0999755859375,1971.300048828125,1922.5,1964.5999755859375,778,0.0,-109906.0,0.768441854066088
2020-08-30 00:00:00+00:00,1968.915,1975.843,1968.82,1973.073,6148,0.0,5370.0,0.5920546774882596
2020-08-31 00:00:00+00:00,1973.011,1976.279,1954.269,1967.705,106288,0.0,100140.0,0.24107223989096058
2020-08-31 04:00:00+00:00,1970.0,1971.300048828125,1953.300048828125,1967.5999755859375,158,0.0,-106130.0,0.1333346896701389
2020-09-01 00:00:00+00:00,1967.778,1992.297,1962.63,1972.465,134390,0.0,134232.0,0.15798698891023397
2020-09-01 04:00:00+00:00,1961.699951171875,1986.300048828125,1961.699951171875,1968.199951171875,186,0.0,-134204.0,0.26422659335860743
2020-09-02 00:00:00+00:00,1972.496,1973.171,1932.408,1944.68,142873,0.0,142687.0,0.6823835340872834
2020-09-02 04:00:00+00:00,1967.300048828125,1967.300048828125,1934.4000244140625,1934.4000244140625,71,0.0,-142802.0,1.0
2020-09-03 00:00:00+00:00,1944.693,1950.736,1921.824,1927.772,146372,0.0,146301.0,0.5852587161040409
2020-09-03 04:00:00+00:00,1937.0999755859375,1938.800048828125,1923.0,1927.5999755859375,179,0.0,-146193.0,0.6012639646460745
2020-09-04 00:00:00+00:00,1927.73,1948.158,1916.114,1933.518,142551,0.0,142372.0,0.18062663837223925
2020-09-04 04:00:00+00:00,1927.9000244140625,1939.699951171875,1917.699951171875,1923.9000244140625,607,0.0,-141944.0,0.18181818181818182
2020-09-06 00:00:00+00:00,1932.511,1937.574,1932.506,1934.348,4378,0.0,3771.0,0.36247040252565016
2020-09-07 00:00:00+00:00,1934.349,1941.118,1924.114,1930.578,69072,0.0,64694.0,0.2217713479181357
2020-09-08 00:00:00+00:00,1930.577,1940.722,1906.368,1930.233,136362,0.0,67290.0,0.010013389998254948
2020-09-08 04:00:00+00:00,1930.9000244140625,1937.9000244140625,1903.0999755859375,1933.0,271,0.0,-136091.0,0.06034404136353751
2020-09-09 00:00:00+00:00,1930.198,1950.741,1919.879,1947.264,105787,0.0,105516.0,0.5529777720173599
2020-09-09 04:00:00+00:00,1926.9000244140625,1946.199951171875,1924.5999755859375,1944.699951171875,219,0.0,-105568.0,0.824071614664278
2020-09-10 00:00:00+00:00,1947.368,1966.486,1941.211,1943.839,96009,0.0,95790.0,0.1396241345202763
2020-09-10 04:00:00+00:00,1944.0999755859375,1962.699951171875,1944.0999755859375,1954.199951171875,722,0.0,-95287.0,0.543010152850608
2020-09-11 00:00:00+00:00,1943.722,1954.698,1936.791,1939.938,75392,0.0,74670.0,0.21131401128049623
2020-09-11 04:00:00+00:00,1944.0,1949.5,1937.800048828125,1937.800048828125,73,0.0,-75319.0,0.5299125680779584
2020-09-13 00:00:00+00:00,1937.168,1943.02,1937.136,1942.747,3422,0.0,3349.0,0.9481645139361259
2020-09-14 00:00:00+00:00,1942.75,1962.387,1939.74,1957.196,67739,0.0,64317.0,0.6378769814986512
2020-09-14 04:00:00+00:00,1946.300048828125,1953.0999755859375,1943.0,1953.0999755859375,55,0.0,-67684.0,0.6732617024619587
2020-09-15 00:00:00+00:00,1957.187,1972.102,1948.096,1953.851,75606,0.0,75551.0,0.13896525868531923
2020-09-15 04:00:00+00:00,1955.800048828125,1968.5,1955.800048828125,1956.300048828125,74,0.0,-75532.0,0.03937023010822969
2020-09-16 00:00:00+00:00,1953.712,1973.421,1949.635,1959.642,89105,0.0,89031.0,0.24930631463886527
2020-09-16 04:00:00+00:00,1961.300048828125,1961.4000244140625,1956.699951171875,1960.199951171875,124,0.0,-88981.0,0.23405968366101343
2020-09-17 00:00:00+00:00,1959.75,1959.858,1932.831,1947.081,89012,0.0,88888.0,0.46875346875347157
2020-09-17 04:00:00+00:00,1939.0,1946.0,1933.699951171875,1940.0,67,0.0,-88945.0,0.0813004902641869
2020-09-18 00:00:00+00:00,1947.082,1959.913,1944.894,1950.013,70384,0.0,70317.0,0.1951528064451569
2020-09-18 04:00:00+00:00,1950.5,1952.0999755859375,1949.0,1952.0999755859375,38,0.0,-70346.0,0.5161252215002954
2020-09-20 00:00:00+00:00,1949.641,1950.829,1946.445,1948.398,3877,0.0,3839.0,0.283531021897847
2020-09-21 00:00:00+00:00,1948.398,1955.412,1882.213,1917.104,108681,0.0,104804.0,0.42751950163253377
2020-09-21 04:00:00+00:00,1946.199951171875,1946.199951171875,1883.4000244140625,1901.199951171875,52,0.0,-108629.0,0.7165613452630638
2020-09-22 00:00:00+00:00,1917.115,1919.502,1894.498,1904.223,105769,0.0,105717.0,0.5155975043993002
2020-09-22 04:00:00+00:00,1913.0999755859375,1913.0999755859375,1898.5999755859375,1898.5999755859375,331,0.0,-105438.0,1.0
2020-09-23 00:00:00+00:00,1904.211,1905.083,1853.127,1854.816,120210,0.0,119879.0,0.9507082916313776
2020-09-23 04:00:00+00:00,1875.5,1875.5,1859.9000244140625,1859.9000244140625,5,0.0,-120205.0,1.0
2020-09-24 00:00:00+00:00,1854.816,1876.977,1848.076,1867.664,116397,0.0,116392.0,0.4445520916231247
2020-09-24 04:00:00+00:00,1851.5,1868.300048828125,1851.5,1868.300048828125,365,0.0,-116032.0,1.0
2020-09-25 00:00:00+00:00,1867.544,1874.995,1851.922,1861.155,91078,0.0,90713.0,0.27690374030252507
2020-09-25 04:00:00+00:00,1856.300048828125,1857.699951171875,1856.300048828125,1857.699951171875,4,0.0,-91074.0,1.0
2020-09-27 00:00:00+00:00,1862.899,1865.865,1860.887,1862.341,3710,0.0,3706.0,0.11209321012454508
2020-09-28 00:00:00+00:00,1862.376,1883.493,1848.204,1882.594,89169,0.0,85459.0,0.5729264076624467
2020-09-28 04:00:00+00:00,1872.800048828125,1872.800048828125,1872.800048828125,1872.800048828125,10455,0.0,-78714.0,0.0
2020-09-29 00:00:00+00:00,1882.546,1899.263,1875.167,1896.775,81510,0.0,71055.0,0.5905129482071729
2020-09-29 04:00:00+00:00,1876.5,1895.4000244140625,1872.4000244140625,1894.300048828125,3283,0.0,-78227.0,0.7739151664402174
2020-09-30 00:00:00+00:00,1896.76,1902.169,1881.332,1887.634,100403,0.0,97120.0,0.4379709171185862
2020-09-30 04:00:00+00:00,1893.0,1899.699951171875,1879.800048828125,1887.5,600,0.0,-99803.0,0.27638326585695006
2020-10-01 00:00:00+00:00,1887.621,1912.109,1884.618,1903.161,95984,0.0,95384.0,0.5652759084791376
2020-10-01 04:00:00+00:00,1884.0999755859375,1909.5999755859375,1882.5,1908.4000244140625,730,0.0,-95254.0,0.896681576375094
2020-10-02 00:00:00+00:00,1903.158,1916.982,1889.744,1898.723,96361,0.0,95631.0,0.16282399588809518
2020-10-02 04:00:00+00:00,1893.9000244140625,1913.0,1893.9000244140625,1900.199951171875,530,0.0,-95831.0,0.32983951887618473
2020-10-04 00:00:00+00:00,1903.345,1904.29,1898.045,1902.902,4541,0.0,4011.0,0.07093674939951823
2020-10-05 00:00:00+00:00,1902.894,1918.623,1886.933,1912.687,76190,0.0,71649.0,0.30902492899968054
2020-10-05 04:00:00+00:00,1898.9000244140625,1915.5999755859375,1884.699951171875,1912.5,1360,0.0,-74830.0,0.4401283119940901
2020-10-06 00:00:00+00:00,1912.683,1921.032,1874.761,1880.067,96499,0.0,95139.0,0.7048907523070609
2020-10-06 04:00:00+00:00,1906.5999755859375,1918.0,1874.4000244140625,1901.0999755859375,968,0.0,-95531.0,0.12614685962746136
2020-10-07 00:00:00+00:00,1880.114,1897.899,1872.69,1886.948,88785,0.0,87817.0,0.27109365702725635
2020-10-07 04:00:00+00:00,1874.0999755859375,1889.800048828125,1873.0999755859375,1883.5999755859375,50,0.0,-88735.0,0.5688597805667839
2020-10-08 00:00:00+00:00,1886.918,1900.527,1881.839,1895.177,80524,0.0,80474.0,0.4419413527397244
2020-10-08 04:00:00+00:00,1893.0,1893.0,1882.699951171875,1888.5999755859375,348,0.0,-80176.0,0.42718481120671264
2020-10-09 00:00:00+00:00,1895.168,1930.444,1894.872,1930.147,72851,0.0,72503.0,0.9833295850669108
2020-10-09 04:00:00+00:00,1909.300048828125,1929.0999755859375,1905.0999755859375,1919.5,580,0.0,-72271.0,0.4249979654947917
2020-10-11 00:00:00+00:00,1926.646,1933.178,1926.617,1929.087,5304,0.0,4724.0,0.3720469440634012
2020-10-12 00:00:00+00:00,1929.109,1931.899,1918.214,1925.059,79342,0.0,74038.0,0.2959444647424166
2020-10-12 04:00:00+00:00,1924.0,1926.5,1921.5999755859375,1922.5,96,0.0,-79246.0,0.3061209237438031
2020-10-13 00:00:00+00:00,1925.013,1925.013,1886.399,1893.336,94912,0.0,94816.0,0.8203501320764458
2020-10-13 04:00:00+00:00,1921.9000244140625,1922.199951171875,1887.0,1888.5,191,0.0,-94721.0,0.948865646175934
2020-10-14 00:00:00+00:00,1893.287,1912.786,1882.401,1898.178,83572,0.0,83381.0,0.1609675826888293
2020-10-14 04:00:00+00:00,1889.699951171875,1910.800048828125,1882.5,1901.300048828125,33,0.0,-83539.0,0.40989673645798286
2020-10-15 00:00:00+00:00,1898.18,1908.971,1889.438,1906.36,93394,0.0,93361.0,0.41877847744841434
2020-10-15 04:00:00+00:00,1897.300048828125,1906.300048828125,1889.5999755859375,1903.199951171875,254,0.0,-93140.0,0.35328601606642934
2020-10-16 00:00:00+00:00,1906.311,1913.878,1897.747,1898.825,77680,0.0,77426.0,0.4640753828032944
2020-10-16 04:00:00+00:00,1898.5,1900.800048828125,1898.5,1900.800048828125,53,0.0,-77627.0,1.0
2020-10-18 00:00:00+00:00,1899.865,1902.928,1898.642,1900.779,3896,0.0,3843.0,0.2132524498366717
2020-10-19 00:00:00+00:00,1900.732,1918.39,1896.993,1902.952,78631,0.0,74735.0,0.10375286255082537
2020-10-19 04:00:00+00:00,1907.300048828125,1907.800048828125,1899.5,1906.4000244140625,43,0.0,-78588.0,0.108436038473983
2020-10-20 00:00:00+00:00,1902.96,1914.025,1894.593,1910.682,80998,0.0,80955.0,0.39738575545491833
2020-10-20 04:00:00+00:00,1901.300048828125,1910.4000244140625,1896.0999755859375,1910.4000244140625,329,0.0,-80669.0,0.6363597562016629
2020-10-21 00:00:00+00:00,1910.677,1931.281,1910.05,1921.292,84557,0.0,84228.0,0.49997644953134623
2020-10-21 04:00:00+00:00,1913.5999755859375,1927.300048828125,1913.5999755859375,1924.5999755859375,1202,0.0,-83355.0,0.8029154155269044
2020-10-22 00:00:00+00:00,1921.247,1922.15,1893.928,1904.989,80014,0.0,78812.0,0.5760754021685228
2020-10-22 04:00:00+00:00,1924.300048828125,1924.300048828125,1898.199951171875,1901.0999755859375,899,0.0,-79115.0,0.8888883692215591
2020-10-23 00:00:00+00:00,1904.943,1914.153,1894.332,1901.602,69601,0.0,68702.0,0.16855859946520907
2020-10-23 04:00:00+00:00,1899.9000244140625,1913.300048828125,1896.199951171875,1902.0,287,0.0,-69314.0,0.12280488849547415
2020-10-25 00:00:00+00:00,1901.513,1902.021,1891.277,1898.453,5742,0.0,5455.0,0.28481012658227567
2020-10-26 00:00:00+00:00,1898.476,1908.478,1894.839,1902.156,78848,0.0,73106.0,0.2698145025294965
2020-10-26 04:00:00+00:00,1895.5,1907.0,1893.5,1902.699951171875,242,0.0,-78606.0,0.5333297164351852
2020-10-27 00:00:00+00:00,1902.102,1911.271,1897.779,1905.187,68662,0.0,68420.0,0.22865401719536152
2020-10-27 04:00:00+00:00,1904.5999755859375,1908.800048828125,1904.4000244140625,1908.800048828125,176,0.0,-68486.0,0.9545568039950062
2020-10-28 00:00:00+00:00,1905.188,1910.77,1869.262,1879.542,92397,0.0,92221.0,0.6178567986894131
2020-10-28 04:00:00+00:00,1870.9000244140625,1876.199951171875,1870.9000244140625,1876.199951171875,277,0.0,-92120.0,1.0
2020-10-29 00:00:00+00:00,1879.547,1884.871,1859.815,1868.359,93519,0.0,93242.0,0.44651979565773003
2020-10-29 04:00:00+00:00,1876.0999755859375,1879.800048828125,1858.800048828125,1865.5999755859375,240,0.0,-93279.0,0.5
2020-10-30 00:00:00+00:00,1868.353,1889.683,1864.356,1878.858,86879,0.0,86639.0,0.41477474631815386
2020-10-30 04:00:00+00:00,1862.800048828125,1886.5999755859375,1862.800048828125,1877.4000244140625,725,0.0,-86154.0,0.6134462401715145
2020-11-01 00:00:00+00:00,1879.301,1879.301,1875.215,1877.049,2328,0.0,1603.0,0.5511502692119299
2020-11-02 00:00:00+00:00,1877.0,1896.112,1873.364,1894.658,71690,0.0,69362.0,0.776244065412338
2020-11-02 05:00:00+00:00,1872.9000244140625,1894.699951171875,1872.9000244140625,1890.4000244140625,190,0.0,-71500.0,0.8027549906207129
2020-11-03 00:00:00+00:00,1894.66,1916.211,1886.897,1914.392,74540,0.0,74350.0,0.6731254690591498
2020-11-03 05:00:00+00:00,1891.5,1908.5,1891.5,1908.5,712,0.0,-73828.0,1.0
2020-11-04 00:00:00+00:00,1914.398,1916.311,1881.432,1904.79,140467,0.0,139755.0,0.275466613148312
2020-11-04 05:00:00+00:00,1893.800048828125,1907.0,1885.300048828125,1894.5999755859375,782,0.0,-139685.0,0.03686306717820056
2020-11-05 00:00:00+00:00,1904.788,1952.651,1902.405,1946.123,97100,0.0,96318.0,0.8226525494566723
2020-11-05 05:00:00+00:00,1901.699951171875,1948.0,1901.699951171875,1945.300048828125,135,0.0,-96965.0,0.9416857813282713
2020-11-06 00:00:00+00:00,1946.169,1960.238,1935.574,1951.855,95289,0.0,95154.0,0.23053843658773615
2020-11-06 05:00:00+00:00,1940.800048828125,1958.800048828125,1940.800048828125,1950.300048828125,304,0.0,-94985.0,0.5277777777777778
2020-11-08 00:00:00+00:00,1957.117,1959.741,1955.222,1958.496,2833,0.0,2529.0,0.30515600796639325
2020-11-09 00:00:00+00:00,1958.449,1965.419,1850.423,1870.837,152485,0.0,149652.0,0.7618699780861944
2020-11-09 05:00:00+00:00,1955.5999755859375,1963.199951171875,1847.0999755859375,1853.199951171875,745,0.0,-151740.0,0.881998673102784
2020-11-10 00:00:00+00:00,1870.883,1890.315,1867.351,1876.657,99739,0.0,98994.0,0.25143703187597555
2020-11-10 05:00:00+00:00,1879.300048828125,1885.300048828125,1871.199951171875,1875.4000244140625,276,0.0,-99463.0,0.27659556048065936
2020-11-11 00:00:00+00:00,1876.62,1884.333,1856.273,1865.515,80557,0.0,80281.0,0.3957590876692702
2020-11-11 05:00:00+00:00,1878.800048828125,1878.800048828125,1855.5,1860.699951171875,222,0.0,-80335.0,0.7768265976508063
2020-11-12 00:00:00+00:00,1865.559,1883.734,1862.647,1875.74,76793,0.0,76571.0,0.48280931379523145
2020-11-12 05:00:00+00:00,1869.0,1878.5,1866.5999755859375,1872.5999755859375,220,0.0,-76573.0,0.30251833615428014
2020-11-13 00:00:00+00:00,1875.733,1896.728,1873.937,1889.358,66628,0.0,66408.0,0.597823702338638
2020-11-13 05:00:00+00:00,1877.0,1890.0999755859375,1876.800048828125,1885.699951171875,240,0.0,-66388.0,0.6541352693363194
2020-11-15 00:00:00+00:00,1887.92,1891.535,1887.778,1890.357,2041,0.0,1801.0,0.6486558424274309
2020-11-16 00:00:00+00:00,1890.413,1899.0,1865.134,1889.757,83919,0.0,81878.0,0.019370460048424656
2020-11-16 05:00:00+00:00,1874.5999755859375,1887.300048828125,1871.0,1887.300048828125,6,0.0,-83913.0,0.779143263686063
2020-11-17 00:00:00+00:00,1889.711,1893.378,1876.901,1882.577,69742,0.0,69736.0,0.4329671663531028
2020-11-17 05:00:00+00:00,1888.4000244140625,1888.4000244140625,1884.5,1884.5,59,0.0,-69683.0,1.0
2020-11-18 00:00:00+00:00,1882.527,1884.719,1863.631,1871.332,78659,0.0,78600.0,0.5308706373292846
2020-11-18 05:00:00+00:00,1873.5,1873.5,1873.5,1873.5,152,0.0,-78507.0,0.0
2020-11-19 00:00:00+00:00,1871.281,1872.743,1852.547,1863.101,83889,0.0,83737.0,0.40503069914833983
2020-11-19 05:00:00+00:00,1865.800048828125,1865.800048828125,1856.0,1861.0999755859375,59,0.0,-83830.0,0.4795969208539897
2020-11-20 00:00:00+00:00,1863.156,1879.697,1860.858,1870.923,72886,0.0,72827.0,0.4122830298848175
2020-11-20 05:00:00+00:00,1871.199951171875,1872.5999755859375,1871.199951171875,1872.5999755859375,1900,0.0,-70986.0,1.0
2020-11-22 00:00:00+00:00,1870.778,1872.086,1870.128,1872.049,1232,0.0,-668.0,0.6491317671092461
2020-11-23 00:00:00+00:00,1872.05,1875.988,1830.81,1835.567,81796,0.0,80564.0,0.8075390676878095
2020-11-23 05:00:00+00:00,1834.800048828125,1837.800048828125,1829.199951171875,1837.800048828125,843,0.0,-80953.0,0.3488332481689661
2020-11-24 00:00:00+00:00,1835.614,1836.234,1800.174,1809.11,98938,0.0,98095.0,0.7349972268441535
2020-11-24 05:00:00+00:00,1829.300048828125,1829.300048828125,1799.300048828125,1804.800048828125,1041,0.0,-97897.0,0.8166666666666667
2020-11-25 00:00:00+00:00,1809.056,1817.625,1801.594,1808.131,79555,0.0,78514.0,0.05770070488428404
2020-11-25 05:00:00+00:00,1801.4000244140625,1805.699951171875,1801.4000244140625,1805.699951171875,205754,0.0,126199.0,1.0
2020-11-26 00:00:00+00:00,1808.175,1818.211,1805.714,1809.176,49820,0.0,-155934.0,0.08009922381371294
2020-11-27 00:00:00+00:00,1809.18,1813.698,1774.248,1786.94,70143,0.0,20323.0,0.5637515842839033
2020-11-27 05:00:00+00:00,1806.0999755859375,1817.0,1770.699951171875,1781.9000244140625,71804,0.0,1661.0,0.5226765799256505
2020-11-29 00:00:00+00:00,1789.439,1789.747,1785.301,1786.606,1478,0.0,-70326.0,0.6372019793072412
2020-11-30 00:00:00+00:00,1786.561,1787.351,1764.16,1778.707,93709,0.0,92231.0,0.33866586175670754
2020-11-30 05:00:00+00:00,1785.0,1787.199951171875,1762.300048828125,1775.699951171875,3145,0.0,-90564.0,0.3734974017060496
2020-12-01 00:00:00+00:00,1778.729,1817.205,1776.74,1811.217,81546,0.0,78401.0,0.8028666749042412
2020-12-01 05:00:00+00:00,1775.0,1815.9000244140625,1774.9000244140625,1814.0999755859375,1859,0.0,-79687.0,0.9536579411204268
2020-12-02 00:00:00+00:00,1811.17,1832.344,1807.415,1830.598,80972,0.0,79113.0,0.7793333065907102
2020-12-02 05:00:00+00:00,1811.300048828125,1830.0,1807.800048828125,1825.699951171875,771,0.0,-80201.0,0.6486456763919896
2020-12-03 00:00:00+00:00,1830.597,1843.846,1823.686,1839.765,80815,0.0,80044.0,0.45476190476190886
2020-12-03 05:00:00+00:00,1829.199951171875,1842.0,1825.300048828125,1836.800048828125,1765,0.0,-79050.0,0.455096998669649
2020-12-04 00:00:00+00:00,1839.771,1847.886,1828.964,1839.01,76147,0.0,74382.0,0.04021773596871188
2020-12-04 05:00:00+00:00,1840.699951171875,1847.5999755859375,1828.199951171875,1835.9000244140625,1213,0.0,-74934.0,0.2474185936762624
2020-12-06 00:00:00+00:00,1836.609,1837.985,1832.954,1835.276,2201,0.0,988.0,0.2649572649572391
2020-12-07 00:00:00+00:00,1835.282,1868.386,1822.532,1863.919,79664,0.0,77463.0,0.6245256684258765
2020-12-07 05:00:00+00:00,1836.5,1866.9000244140625,1820.800048828125,1861.800048828125,1427,0.0,-78237.0,0.5488082912530352
2020-12-08 00:00:00+00:00,1863.919,1875.208,1860.192,1870.053,77249,0.0,75822.0,0.40849760255727113
2020-12-08 05:00:00+00:00,1863.0,1875.800048828125,1861.800048828125,1870.800048828125,121,0.0,-77128.0,0.5571463448660714
2020-12-09 00:00:00+00:00,1870.066,1870.427,1825.426,1834.328,94037,0.0,93916.0,0.7941601297748956
2020-12-09 05:00:00+00:00,1867.0999755859375,1867.0999755859375,1827.0,1834.5999755859375,215,0.0,-93822.0,0.8104743089020058
2020-12-10 00:00:00+00:00,1834.298,1849.949,1828.597,1836.638,88138,0.0,87923.0,0.10959160734357008
2020-12-10 05:00:00+00:00,1833.199951171875,1849.0999755859375,1828.0,1833.5999755859375,177,0.0,-87961.0,0.018958524972375053
2020-12-11 00:00:00+00:00,1836.639,1847.615,1823.887,1839.55,76147,0.0,75970.0,0.12268206338503246
2020-12-11 05:00:00+00:00,1838.5,1846.0,1829.0999755859375,1839.800048828125,109,0.0,-76038.0,0.07692585503268445
2020-12-13 00:00:00+00:00,1837.111,1837.993,1835.841,1837.892,1738,0.0,1629.0,0.36291821561335186
2020-12-14 00:00:00+00:00,1837.893,1838.956,1818.532,1827.373,73857,0.0,72119.0,0.515080297688993
2020-12-14 05:00:00+00:00,1835.5,1835.699951171875,1822.699951171875,1828.699951171875,258,0.0,-73599.0,0.5230806790865384
2020-12-15 00:00:00+00:00,1827.325,1855.25,1825.418,1852.296,76854,0.0,76596.0,0.8370541700187689
2020-12-15 05:00:00+00:00,1833.5,1853.5999755859375,1833.199951171875,1852.300048828125,961,0.0,-75893.0,0.9215699180813443
2020-12-16 00:00:00+00:00,1852.298,1865.631,1844.708,1864.442,91789,0.0,90828.0,0.5804138985805097
2020-12-16 05:00:00+00:00,1856.5,1864.699951171875,1850.5,1856.0999755859375,1090,0.0,-90699.0,0.028170830252909927
2020-12-17 00:00:00+00:00,1864.444,1896.101,1861.948,1883.607,88532,0.0,87442.0,0.5610927297748367
2020-12-17 05:00:00+00:00,1874.199951171875,1896.199951171875,1874.199951171875,1887.199951171875,414,0.0,-88118.0,0.5909090909090909
2020-12-18 00:00:00+00:00,1883.606,1889.58,1877.341,1881.271,80606,0.0,80192.0,0.19078356074842961
2020-12-18 05:00:00+00:00,1882.4000244140625,1889.5,1882.300048828125,1885.699951171875,276,0.0,-80330.0,0.45832626903122986
2020-12-20 00:00:00+00:00,1882.823,1884.935,1882.445,1883.035,1958,0.0,1682.0,0.08514056224899129
2020-12-21 00:00:00+00:00,1883.035,1906.667,1854.984,1879.018,130578,0.0,128620.0,0.07772381634193165
2020-12-21 05:00:00+00:00,1884.800048828125,1908.0,1869.0999755859375,1879.199951171875,136,0.0,-130442.0,0.14396128898637772
2020-12-22 00:00:00+00:00,1878.972,1884.196,1858.882,1864.211,94639,0.0,94503.0,0.5831160622580411
2020-12-22 05:00:00+00:00,1882.199951171875,1882.199951171875,1861.0,1866.5999755859375,233,0.0,-94406.0,0.7358495998157425
2020-12-23 00:00:00+00:00,1864.262,1878.493,1856.843,1872.517,87584,0.0,87351.0,0.38129330254042315
2020-12-23 05:00:00+00:00,1867.0,1878.800048828125,1864.5,1874.699951171875,82,0.0,-87502.0,0.5384562853191743
2020-12-24 00:00:00+00:00,1872.518,1880.507,1869.428,1879.016,57489,0.0,57407.0,0.5865150284321758
2020-12-24 05:00:00+00:00,1877.300048828125,1879.9000244140625,1875.699951171875,1879.9000244140625,46,0.0,-57443.0,0.6190310111314558
2020-12-27 00:00:00+00:00,1888.893,1889.77,1885.718,1888.248,2551,0.0,2505.0,0.15918065153010774
2020-12-28 00:00:00+00:00,1888.294,1900.127,1869.025,1876.696,92978,0.0,90427.0,0.3729020641759448
2020-12-28 05:00:00+00:00,1895.5,1895.800048828125,1873.699951171875,1877.199951171875,75,0.0,-92903.0,0.8280528490311747
2020-12-29 00:00:00+00:00,1876.682,1886.313,1871.64,1878.69,76961,0.0,76886.0,0.13684999659238314
2020-12-29 05:00:00+00:00,1881.300048828125,1881.300048828125,1879.699951171875,1879.699951171875,343,0.0,-76618.0,1.0
2020-12-30 00:00:00+00:00,1878.689,1895.329,1876.071,1894.947,73032,0.0,72689.0,0.844220583653535
2020-12-30 05:00:00+00:00,1879.9000244140625,1895.800048828125,1877.300048828125,1891.0,444,0.0,-72588.0,0.5999986803209459
2020-12-31 00:00:00+00:00,1894.929,1900.29,1885.389,1894.387,63342,0.0,62898.0,0.03637339775854918
2020-12-31 05:00:00+00:00,1897.0,1901.300048828125,1892.699951171875,1893.0999755859375,127,0.0,-63215.0,0.4534860614318969
2021-01-03 00:00:00+00:00,1909.308,1914.896,1907.729,1913.094,3729,0.0,3602.0,0.5282544997907217
2021-01-04 00:00:00+00:00,1913.048,1945.563,1909.942,1941.686,98678,0.0,94949.0,0.8039639538474451
2021-01-04 05:00:00+00:00,1912.199951171875,1945.0999755859375,1912.199951171875,1944.699951171875,154,0.0,-98524.0,0.9878412122426414
2021-01-05 00:00:00+00:00,1941.687,1953.14,1934.267,1950.228,94084,0.0,93930.0,0.4525512637100697
2021-01-05 05:00:00+00:00,1941.699951171875,1952.699951171875,1941.300048828125,1952.699951171875,113,0.0,-93971.0,0.9649205465370283
2021-01-06 00:00:00+00:00,1950.279,1959.29,1900.692,1923.991,128877,0.0,128764.0,0.4486159937199227
2021-01-06 05:00:00+00:00,1952.0,1959.9000244140625,1901.5,1906.9000244140625,331,0.0,-128546.0,0.7722595330812498
2021-01-07 00:00:00+00:00,1923.943,1927.597,1906.796,1916.54,101216,0.0,100885.0,0.3558963511369667
2021-01-07 05:00:00+00:00,1922.5999755859375,1926.699951171875,1912.0,1912.300048828125,122,0.0,-101094.0,0.700677617046719
2021-01-08 00:00:00+00:00,1916.548,1916.605,1828.156,1849.37,140412,0.0,140290.0,0.7595111307080923
2021-01-08 05:00:00+00:00,1908.0,1908.0,1834.0999755859375,1834.0999755859375,60,0.0,-140352.0,1.0
2021-01-10 00:00:00+00:00,1855.038,1855.537,1841.553,1844.71,4881,0.0,4821.0,0.7385583524027483
2021-01-11 00:00:00+00:00,1844.68,1855.472,1816.935,1847.233,126204,0.0,121323.0,0.06624802138204534
2021-01-11 05:00:00+00:00,1826.5,1849.5999755859375,1826.5,1849.5999755859375,20,0.0,-126184.0,1.0
2021-01-12 00:00:00+00:00,1847.186,1863.726,1836.532,1858.743,102711,0.0,102691.0,0.4249834522321077
2021-01-12 05:00:00+00:00,1849.0,1859.699951171875,1839.4000244140625,1842.9000244140625,176,0.0,-102535.0,0.30049249234802794
2021-01-13 00:00:00+00:00,1858.696,1862.935,1841.859,1848.318,86519,0.0,86343.0,0.4924084266464186
2021-01-13 05:00:00+00:00,1858.0,1858.5999755859375,1853.5999755859375,1853.5999755859375,189,0.0,-86330.0,0.8800048828125
2021-01-14 00:00:00+00:00,1848.315,1857.455,1830.157,1846.836,97634,0.0,97445.0,0.05417979339145878
2021-01-14 05:00:00+00:00,1836.699951171875,1850.699951171875,1836.699951171875,1850.300048828125,149,0.0,-97485.0,0.971435546875
2021-01-15 00:00:00+00:00,1846.783,1856.935,1823.284,1826.975,89949,0.0,89800.0,0.5886303527384056
2021-01-15 05:00:00+00:00,1829.4000244140625,1829.4000244140625,1825.0,1829.300048828125,31,0.0,-89918.0,0.02272159800249688
2021-01-17 00:00:00+00:00,1827.947,1829.232,1802.438,1810.604,6814,0.0,6783.0,0.6472717772635639
2021-01-18 00:00:00+00:00,1810.655,1840.697,1810.429,1837.213,70698,0.0,63884.0,0.8774283071230398
2021-01-19 00:00:00+00:00,1837.216,1845.426,1832.998,1840.911,73953,0.0,3255.0,0.2973125201158833
2021-01-19 05:00:00+00:00,1802.0,1842.9000244140625,1802.0,1839.5,13,0.0,-73940.0,0.9168698683491866
2021-01-20 00:00:00+00:00,1840.913,1872.313,1832.342,1869.862,90425,0.0,90412.0,0.7242500813089506
2021-01-20 05:00:00+00:00,1847.800048828125,1866.5999755859375,1844.4000244140625,1865.9000244140625,16,0.0,-90409.0,0.815316008841869
2021-01-21 00:00:00+00:00,1869.91,1874.996,1858.279,1869.551,83962,0.0,83946.0,0.021475145061921927
2021-01-21 05:00:00+00:00,1865.300048828125,1868.0,1865.300048828125,1865.300048828125,6,0.0,-83956.0,0.0
2021-01-22 00:00:00+00:00,1869.551,1869.85,1837.298,1855.732,91720,0.0,91714.0,0.4245207667731629
2021-01-22 05:00:00+00:00,1854.9000244140625,1855.699951171875,1852.699951171875,1855.699951171875,8,0.0,-91712.0,0.2666422526041667
2021-01-24 00:00:00+00:00,1858.206,1859.405,1856.571,1856.851,2045,0.0,2037.0,0.47812279463647217
2021-01-25 00:00:00+00:00,1856.871,1867.825,1847.064,1855.39,89210,0.0,87165.0,0.07133567747218326
2021-01-25 05:00:00+00:00,1864.699951171875,1864.699951171875,1851.800048828125,1854.9000244140625,26,0.0,-89184.0,0.7596899958363299
2021-01-26 00:00:00+00:00,1855.387,1861.62,1848.222,1851.233,75824,0.0,75798.0,0.3100462755635187
2021-01-26 05:00:00+00:00,1855.800048828125,1855.800048828125,1850.699951171875,1850.699951171875,59,0.0,-75765.0,1.0
2021-01-27 00:00:00+00:00,1851.252,1853.036,1831.211,1839.889,89644,0.0,89585.0,0.5206414662084781
2021-01-27 05:00:00+00:00,1844.9000244140625,1844.9000244140625,1844.9000244140625,1844.9000244140625,195540,0.0,105896.0,0.0
2021-01-28 00:00:00+00:00,1839.936,1864.035,1833.967,1843.81,110566,0.0,-84974.0,0.12884129306904435
2021-01-28 05:00:00+00:00,1843.4000244140625,1862.9000244140625,1831.5,1837.9000244140625,27283,0.0,-83283.0,0.17515909947945216
2021-01-29 00:00:00+00:00,1843.855,1875.519,1839.535,1847.839,119763,0.0,92480.0,0.11071587372165217
2021-01-29 05:00:00+00:00,1842.0,1876.0,1838.699951171875,1847.300048828125,1634,0.0,-118129.0,0.1420922758719998
2021-01-31 00:00:00+00:00,1855.282,1859.901,1851.596,1855.826,7055,0.0,5421.0,0.06550270921132959
2021-02-01 00:00:00+00:00,1855.772,1871.716,1849.044,1857.582,129006,0.0,121951.0,0.07983415666902739
2021-02-01 05:00:00+00:00,1866.5999755859375,1871.9000244140625,1850.0,1860.800048828125,1494,0.0,-127512.0,0.2648365430171957
2021-02-02 00:00:00+00:00,1857.627,1864.005,1829.457,1836.362,111120,0.0,109626.0,0.6155204353363399
2021-02-02 05:00:00+00:00,1859.5999755859375,1861.300048828125,1827.5999755859375,1830.5,1293,0.0,-109827.0,0.8634988825338409
2021-02-03 00:00:00+00:00,1836.376,1844.825,1829.505,1834.236,82823,0.0,81530.0,0.1396866840730993
2021-02-03 05:00:00+00:00,1834.800048828125,1842.4000244140625,1829.800048828125,1832.199951171875,1195,0.0,-81628.0,0.20635735668820662
2021-02-04 00:00:00+00:00,1834.218,1834.601,1784.866,1795.793,101139,0.0,99944.0,0.7725947521865906
2021-02-04 05:00:00+00:00,1832.199951171875,1832.199951171875,1782.800048828125,1788.9000244140625,2375,0.0,-98764.0,0.8765184687311581
2021-02-05 00:00:00+00:00,1795.84,1815.038,1792.013,1814.135,87277,0.0,84902.0,0.79457111834962
2021-02-05 05:00:00+00:00,1794.300048828125,1813.5,1790.9000244140625,1810.9000244140625,1278,0.0,-85999.0,0.7345129875390922
2021-02-07 00:00:00+00:00,1817.259,1818.709,1815.763,1817.97,2414,0.0,1136.0,0.2413441955193411
2021-02-08 00:00:00+00:00,1817.923,1839.044,1807.705,1830.481,83430,0.0,81016.0,0.4007147643511256
2021-02-08 05:00:00+00:00,1816.300048828125,1836.699951171875,1809.0,1831.9000244140625,254,0.0,-83176.0,0.5631770066720136
2021-02-09 00:00:00+00:00,1830.478,1848.472,1829.92,1836.087,82578,0.0,82324.0,0.30233937041828113
2021-02-09 05:00:00+00:00,1841.9000244140625,1843.300048828125,1830.699951171875,1835.300048828125,184,0.0,-82394.0,0.5238035264483627
2021-02-10 00:00:00+00:00,1836.085,1855.299,1833.996,1841.956,85371,0.0,85187.0,0.27559498662159787
2021-02-10 05:00:00+00:00,1842.5999755859375,1851.0999755859375,1837.0,1840.5999755859375,543,0.0,-84828.0,0.1418442172335876
2021-02-11 00:00:00+00:00,1841.956,1847.46,1820.983,1826.652,77491,0.0,76948.0,0.5780111039770295
2021-02-11 05:00:00+00:00,1840.5,1845.0,1820.9000244140625,1824.9000244140625,602,0.0,-76889.0,0.6473025472706367
2021-02-12 00:00:00+00:00,1826.655,1830.614,1810.436,1824.229,73507,0.0,72905.0,0.12022995341460588
2021-02-12 05:00:00+00:00,1825.0,1827.5,1809.199951171875,1821.5999755859375,259,0.0,-73248.0,0.1857931880945075
2021-02-14 00:00:00+00:00,1824.898,1825.77,1820.1,1820.939,2485,0.0,2226.0,0.6982363315696264
2021-02-15 00:00:00+00:00,1820.988,1826.927,1816.013,1818.654,53780,0.0,51295.0,0.21385376580539334
2021-02-16 00:00:00+00:00,1818.651,1826.391,1786.855,1788.348,101680,0.0,47900.0,0.7664660056657241
2021-02-16 05:00:00+00:00,1820.9000244140625,1823.4000244140625,1787.300048828125,1797.199951171875,1141,0.0,-100539.0,0.6565121681528145
2021-02-17 00:00:00+00:00,1788.298,1795.091,1769.408,1778.143,103046,0.0,101905.0,0.39539773390958904
2021-02-17 05:00:00+00:00,1785.800048828125,1789.699951171875,1768.800048828125,1771.0999755859375,614,0.0,-102432.0,0.7033560731724412
2021-02-18 00:00:00+00:00,1778.142,1789.559,1768.345,1771.659,90336,0.0,89722.0,0.30560007542188955
2021-02-18 05:00:00+00:00,1776.0999755859375,1784.5999755859375,1766.0,1773.4000244140625,587,0.0,-89749.0,0.1451588556877621
2021-02-19 00:00:00+00:00,1771.609,1791.504,1760.626,1784.049,105152,0.0,104565.0,0.4028758339270705
2021-02-19 05:00:00+00:00,1764.300048828125,1787.5999755859375,1764.300048828125,1775.800048828125,118,0.0,-105034.0,0.49356378324854744
2021-02-21 00:00:00+00:00,1786.332,1788.083,1781.291,1783.358,3526,0.0,3408.0,0.43786808009424283
2021-02-22 00:00:00+00:00,1783.408,1812.551,1780.648,1810.406,99780,0.0,96254.0,0.846252703507508
2021-02-22 05:00:00+00:00,1784.0,1807.800048828125,1784.0,1806.699951171875,165,0.0,-99615.0,0.9537775042314203
2021-02-23 00:00:00+00:00,1810.41,1815.906,1795.606,1805.766,92453,0.0,92288.0,0.22876847290640473
2021-02-23 05:00:00+00:00,1809.5999755859375,1811.300048828125,1796.4000244140625,1804.4000244140625,569,0.0,-91884.0,0.3489894397063763
2021-02-24 00:00:00+00:00,1805.795,1813.717,1783.473,1802.995,101152,0.0,100583.0,0.09258034651501683
2021-02-24 05:00:00+00:00,1805.800048828125,1805.800048828125,1796.4000244140625,1796.4000244140625,1500,0.0,-99652.0,1.0
2021-02-25 00:00:00+00:00,1803.002,1804.143,1765.136,1769.86,143930,0.0,142430.0,0.8496423718819699
2021-02-25 05:00:00+00:00,1801.5,1802.0,1766.699951171875,1774.4000244140625,1049,0.0,-142881.0,0.7677036289067634
2021-02-26 00:00:00+00:00,1769.909,1775.714,1717.03,1734.649,192934,0.0,191885.0,0.6008452048258509
2021-02-26 05:00:00+00:00,1768.0999755859375,1768.199951171875,1718.800048828125,1728.0999755859375,1593,0.0,-191341.0,0.8097181998794121
2021-02-28 00:00:00+00:00,1737.962,1739.94,1735.286,1739.239,4222,0.0,2629.0,0.2743876235496443
2021-03-01 00:00:00+00:00,1739.206,1759.715,1719.641,1724.988,131738,0.0,127516.0,0.3547936317812024
2021-03-01 05:00:00+00:00,1737.0999755859375,1747.0,1720.300048828125,1722.5,407,0.0,-131331.0,0.546816565017419
2021-03-02 00:00:00+00:00,1724.957,1740.464,1707.075,1736.558,138708,0.0,138301.0,0.34744975890263025
2021-03-02 05:00:00+00:00,1709.4000244140625,1733.0999755859375,1708.699951171875,1733.0999755859375,867,0.0,-137841.0,0.9713085023888736
2021-03-03 00:00:00+00:00,1736.547,1737.475,1701.643,1710.468,141364,0.0,140497.0,0.7278131279303427
2021-03-03 05:00:00+00:00,1730.0,1732.4000244140625,1703.5,1715.300048828125,501,0.0,-140863.0,0.5086483997820477
2021-03-04 00:00:00+00:00,1710.464,1723.1,1690.443,1694.31,178829,0.0,178328.0,0.49465658204979124
2021-03-04 05:00:00+00:00,1706.5,1717.4000244140625,1700.199951171875,1700.199951171875,521,0.0,-178308.0,0.3662803488925005
2021-03-05 00:00:00+00:00,1694.277,1707.631,1687.18,1700.836,153020,0.0,152499.0,0.32071781330986077
2021-03-05 05:00:00+00:00,1690.5999755859375,1701.0,1685.0,1698.0,302,0.0,-152718.0,0.46250152587890625
2021-03-07 00:00:00+00:00,1706.301,1713.915,1706.268,1707.726,4833,0.0,4531.0,0.18634758728915837
2021-03-08 00:00:00+00:00,1707.706,1714.253,1676.627,1684.653,129341,0.0,124508.0,0.6126880348695024
2021-03-08 05:00:00+00:00,1704.699951171875,1705.4000244140625,1673.699951171875,1677.699951171875,1290,0.0,-128051.0,0.851733047861464
2021-03-09 00:00:00+00:00,1684.62,1720.566,1680.179,1715.881,125382,0.0,124092.0,0.7740361997672578
2021-03-09 05:00:00+00:00,1686.199951171875,1717.5,1685.199951171875,1716.5999755859375,335,0.0,-125047.0,0.9411758036598363
2021-03-10 00:00:00+00:00,1715.864,1727.104,1708.131,1726.691,120228,0.0,119893.0,0.5706530332577886
2021-03-10 05:00:00+00:00,1713.5999755859375,1722.9000244140625,1711.0,1721.5,412,0.0,-119816.0,0.6638662358311536
2021-03-11 00:00:00+00:00,1726.699,1739.804,1719.025,1722.645,114313,0.0,113901.0,0.19510082294624803
2021-03-11 05:00:00+00:00,1725.5999755859375,1737.5,1720.199951171875,1722.300048828125,18,0.0,-114295.0,0.19074667306416787
2021-03-12 00:00:00+00:00,1722.676,1729.171,1699.094,1726.749,122214,0.0,122196.0,0.13541909099977037
2021-03-12 05:00:00+00:00,1715.9000244140625,1722.5,1699.0,1719.5,80,0.0,-122134.0,0.15319045046542554
2021-03-14 00:00:00+00:00,1728.251,1728.348,1724.244,1725.335,5279,0.0,5199.0,0.7105263157894518
2021-03-15 00:00:00+00:00,1725.33,1734.524,1721.616,1730.698,105659,0.0,100380.0,0.4158661295320891
2021-03-15 04:00:00+00:00,1729.5,1731.9000244140625,1722.800048828125,1728.9000244140625,147,0.0,-105512.0,0.06593155995546433
2021-03-16 00:00:00+00:00,1730.665,1741.077,1725.967,1731.595,101510,0.0,101363.0,0.06154864328259893
2021-03-16 04:00:00+00:00,1732.300048828125,1733.9000244140625,1726.0,1730.5999755859375,729,0.0,-100781.0,0.21519847953397098
2021-03-17 00:00:00+00:00,1731.546,1751.549,1723.856,1748.464,116961,0.0,116232.0,0.6109125049651501
2021-03-17 04:00:00+00:00,1735.300048828125,1750.0999755859375,1725.5999755859375,1726.800048828125,488,0.0,-116473.0,0.3469387755102041
2021-03-18 00:00:00+00:00,1748.43,1755.478,1719.08,1735.193,140575,0.0,140087.0,0.36367382823232125
2021-03-18 04:00:00+00:00,1745.800048828125,1750.300048828125,1721.800048828125,1732.199951171875,138,0.0,-140437.0,0.47719640899122806
2021-03-19 00:00:00+00:00,1735.188,1746.644,1728.484,1745.127,116356,0.0,116218.0,0.5473017621145267
2021-03-19 04:00:00+00:00,1742.199951171875,1742.199951171875,1733.5999755859375,1741.4000244140625,13,0.0,-116343.0,0.09301500333565173
2021-03-21 00:00:00+00:00,1743.714,1744.315,1737.981,1738.214,5931,0.0,5918.0,0.8683296495105696
2021-03-22 00:00:00+00:00,1738.182,1743.047,1727.168,1739.306,103404,0.0,97473.0,0.07078531393664678
2021-03-22 04:00:00+00:00,1737.800048828125,1737.800048828125,1737.800048828125,1737.800048828125,51,0.0,-103353.0,0.0
2021-03-23 00:00:00+00:00,1739.3,1742.509,1724.663,1727.082,104755,0.0,104704.0,0.6846352123725118
2021-03-23 04:00:00+00:00,1724.699951171875,1724.699951171875,1724.699951171875,1724.699951171875,6,0.0,-104749.0,0.0
2021-03-24 00:00:00+00:00,1727.097,1738.364,1723.746,1734.483,93602,0.0,93596.0,0.5052674784512244
2021-03-24 04:00:00+00:00,1727.5,1732.9000244140625,1727.5,1732.9000244140625,26,0.0,-93576.0,1.0
2021-03-25 00:00:00+00:00,1734.492,1745.401,1721.498,1727.293,109104,0.0,109078.0,0.3011755846546485
2021-03-25 04:00:00+00:00,1732.699951171875,1733.199951171875,1724.5,1724.9000244140625,15,0.0,-109089.0,0.8965483373088255
2021-03-26 00:00:00+00:00,1727.316,1736.683,1721.448,1732.329,86048,0.0,86033.0,0.32904496225795554
2021-03-26 04:00:00+00:00,1721.300048828125,1732.199951171875,1721.300048828125,1732.199951171875,33,0.0,-86015.0,1.0
2021-03-28 00:00:00+00:00,1731.377,1732.549,1730.611,1730.999,3566,0.0,3533.0,0.195046439628459
2021-03-29 00:00:00+00:00,1731.014,1732.835,1705.736,1711.932,92522,0.0,88956.0,0.7041588250488922
2021-03-29 04:00:00+00:00,1712.0999755859375,1712.0999755859375,1712.0999755859375,1712.0999755859375,135457,0.0,42935.0,0.0
2021-03-30 00:00:00+00:00,1711.938,1714.342,1678.392,1685.489,115355,0.0,-20102.0,0.7357162726008355
2021-03-30 04:00:00+00:00,1711.0,1712.5999755859375,1676.5,1683.9000244140625,25316,0.0,-90039.0,0.750692352171399
2021-03-31 00:00:00+00:00,1685.488,1715.214,1677.835,1707.403,107491,0.0,82175.0,0.5862917681050862
2021-03-31 04:00:00+00:00,1683.699951171875,1713.800048828125,1676.5,1713.800048828125,762,0.0,-106729.0,0.8069720711344998
2021-04-01 00:00:00+00:00,1707.405,1730.545,1705.761,1729.75,103807,0.0,103045.0,0.9015897353131025
2021-04-01 04:00:00+00:00,1706.800048828125,1728.800048828125,1706.4000244140625,1726.5,720,0.0,-103087.0,0.8794611473506956
2021-04-04 00:00:00+00:00,1728.462,1729.917,1726.908,1728.011,4923,0.0,4203.0,0.14988368228648044
2021-04-05 00:00:00+00:00,1727.974,1733.491,1721.285,1729.367,92757,0.0,87834.0,0.11412420121252172
2021-04-05 04:00:00+00:00,1727.9000244140625,1729.699951171875,1721.9000244140625,1727.0,275,0.0,-92482.0,0.11538882889650531
2021-04-06 00:00:00+00:00,1729.367,1745.434,1727.537,1743.252,104251,0.0,103976.0,0.7758283511203018
2021-04-06 04:00:00+00:00,1726.9000244140625,1744.800048828125,1726.9000244140625,1741.5,890,0.0,-103361.0,0.8156399817235759
2021-04-07 00:00:00+00:00,1743.217,1743.332,1730.607,1736.836,93801,0.0,92911.0,0.5014538310412587
2021-04-07 04:00:00+00:00,1742.699951171875,1742.699951171875,1733.699951171875,1740.0999755859375,557,0.0,-93244.0,0.2888861762152778
2021-04-08 00:00:00+00:00,1736.806,1758.645,1733.133,1754.148,94114,0.0,93557.0,0.6797585449984286
2021-04-08 04:00:00+00:00,1736.0,1758.0,1734.5999755859375,1756.800048828125,1298,0.0,-92816.0,0.8888900481499064
2021-04-09 00:00:00+00:00,1754.178,1757.281,1731.102,1743.842,102623,0.0,101325.0,0.3948202757935776
2021-04-09 04:00:00+00:00,1750.800048828125,1750.800048828125,1733.300048828125,1743.300048828125,484,0.0,-102139.0,0.42857142857142855
2021-04-11 00:00:00+00:00,1742.481,1743.475,1740.49,1741.591,3770,0.0,3286.0,0.2981574539363919
2021-04-12 00:00:00+00:00,1741.557,1744.932,1727.324,1731.898,97925,0.0,94155.0,0.5485574738755188
2021-04-12 04:00:00+00:00,1740.800048828125,1740.800048828125,1726.699951171875,1731.199951171875,40,0.0,-97885.0,0.6808532742320879
2021-04-13 00:00:00+00:00,1731.902,1748.878,1723.591,1746.581,114852,0.0,114812.0,0.580495906987774
2021-04-13 04:00:00+00:00,1733.800048828125,1746.9000244140625,1722.0999755859375,1746.199951171875,367,0.0,-114485.0,0.499995077819671
2021-04-14 00:00:00+00:00,1746.575,1749.367,1732.473,1736.625,102918,0.0,102551.0,0.5889664969811792
2021-04-14 04:00:00+00:00,1741.300048828125,1745.9000244140625,1732.699951171875,1734.9000244140625,1037,0.0,-101881.0,0.48484764414851805
2021-04-15 00:00:00+00:00,1736.595,1769.581,1734.297,1763.901,113858,0.0,112821.0,0.7738918489967161
2021-04-15 04:00:00+00:00,1740.0999755859375,1767.9000244140625,1740.0999755859375,1765.4000244140625,368,0.0,-113490.0,0.9100721003960691
2021-04-16 00:00:00+00:00,1763.87,1783.789,1759.729,1776.523,101027,0.0,100659.0,0.5258935993349979
2021-04-16 04:00:00+00:00,1770.4000244140625,1779.5,1770.0999755859375,1779.0,625,0.0,-100402.0,0.9148886435945718
2021-04-18 00:00:00+00:00,1775.64,1778.053,1774.762,1776.723,3640,0.0,3015.0,0.3290793072013981
2021-04-19 00:00:00+00:00,1776.692,1789.987,1766.526,1772.112,106718,0.0,103078.0,0.19521759515791845
2021-04-19 04:00:00+00:00,1782.0999755859375,1788.5,1769.4000244140625,1769.4000244140625,144,0.0,-106574.0,0.6649197594380923
2021-04-20 00:00:00+00:00,1772.115,1780.365,1763.547,1776.737,114265,0.0,114121.0,0.27482459269830395
2021-04-20 04:00:00+00:00,1769.300048828125,1777.300048828125,1765.5,1777.300048828125,1464,0.0,-112801.0,0.6779632962985952
2021-04-21 00:00:00+00:00,1776.742,1797.549,1776.454,1793.57,96314,0.0,94850.0,0.7977245792841883
2021-04-21 04:00:00+00:00,1783.0,1794.0999755859375,1777.699951171875,1792.300048828125,250,0.0,-96064.0,0.5670753038727493
2021-04-22 00:00:00+00:00,1793.619,1797.756,1777.332,1783.136,103007,0.0,102757.0,0.5132687034860928
2021-04-22 04:00:00+00:00,1794.199951171875,1794.199951171875,1779.5,1781.199951171875,159,0.0,-102848.0,0.8843566790121407
2021-04-23 00:00:00+00:00,1783.126,1795.879,1769.799,1777.023,95562,0.0,95403.0,0.23401073619632218
2021-04-23 04:00:00+00:00,1786.0999755859375,1794.5,1772.0,1777.0,332,0.0,-95230.0,0.404443359375
2021-04-25 00:00:00+00:00,1775.596,1775.98,1773.86,1774.789,2881,0.0,2549.0,0.3806603773584771
2021-04-26 00:00:00+00:00,1774.803,1783.439,1768.492,1780.04,96235,0.0,93354.0,0.3503713119689444
2021-04-26 04:00:00+00:00,1778.0,1779.699951171875,1770.800048828125,1779.199951171875,549,0.0,-95686.0,0.13482745377736324
2021-04-27 00:00:00+00:00,1780.046,1785.514,1773.692,1775.436,93497,0.0,92948.0,0.3899509389274379
2021-04-27 04:00:00+00:00,1780.0,1782.0,1777.699951171875,1778.0,117,0.0,-93380.0,0.46511099755862145
2021-04-28 00:00:00+00:00,1775.43,1783.905,1762.458,1783.818,111822,0.0,111705.0,0.39110365086025844
2021-04-28 04:00:00+00:00,1768.199951171875,1774.0,1764.5999755859375,1773.199951171875,756,0.0,-111066.0,0.5319135121096032
2021-04-29 00:00:00+00:00,1783.782,1789.896,1755.874,1773.221,110845,0.0,110089.0,0.31041678913643944
2021-04-29 04:00:00+00:00,1781.0,1789.0,1758.5999755859375,1768.0999755859375,196,0.0,-110649.0,0.4243425675702807
2021-04-30 00:00:00+00:00,1773.22,1773.22,1764.164,1768.776,102937,0.0,102741.0,0.49072438162543514
2021-04-30 04:00:00+00:00,1771.800048828125,1771.800048828125,1763.9000244140625,1767.300048828125,18,0.0,-102919.0,0.5696184928225968
2021-05-02 00:00:00+00:00,1767.058,1769.024,1766.046,1769.017,3263,0.0,3245.0,0.657824042981923
2021-05-03 00:00:00+00:00,1768.98,1797.826,1767.314,1792.472,87056,0.0,83793.0,0.7699265862611433
2021-05-03 04:00:00+00:00,1788.5,1793.0,1788.5,1791.4000244140625,18,0.0,-87038.0,0.6444498697916666
2021-05-04 00:00:00+00:00,1792.425,1798.951,1770.571,1778.627,106680,0.0,106662.0,0.486187455954896
2021-05-04 04:00:00+00:00,1788.199951171875,1788.5,1774.800048828125,1775.800048828125,182,0.0,-106498.0,0.905105586741513
2021-05-05 00:00:00+00:00,1778.595,1787.898,1770.306,1785.219,96110,0.0,95928.0,0.3765347885402497
2021-05-05 04:00:00+00:00,1781.5,1784.0999755859375,1779.199951171875,1784.0999755859375,57,0.0,-96053.0,0.5306046187190154
2021-05-06 00:00:00+00:00,1785.22,1817.973,1781.934,1814.725,90296,0.0,90239.0,0.8186964122200919
2021-05-06 04:00:00+00:00,1788.9000244140625,1815.5,1787.5999755859375,1815.5,13,0.0,-90283.0,0.9534033085838544
2021-05-07 00:00:00+00:00,1814.715,1843.262,1812.845,1830.979,117922,0.0,117909.0,0.5347009895782019
2021-05-07 04:00:00+00:00,1842.9000244140625,1842.9000244140625,1831.0999755859375,1831.0999755859375,2,0.0,-117920.0,1.0
2021-05-09 00:00:00+00:00,1832.896,1836.787,1831.996,1836.162,4195,0.0,4193.0,0.6816948445001288
2021-05-10 00:00:00+00:00,1836.184,1845.322,1829.947,1836.043,94443,0.0,90248.0,0.009170731707322043
2021-05-10 04:00:00+00:00,1835.5999755859375,1845.5999755859375,1835.4000244140625,1837.5,13,0.0,-94430.0,0.1862777950645061
2021-05-11 00:00:00+00:00,1836.045,1841.709,1817.796,1835.433,98039,0.0,98026.0,0.02559277380504662
2021-05-11 04:00:00+00:00,1837.199951171875,1838.0999755859375,1831.5999755859375,1835.9000244140625,420,0.0,-97619.0,0.19998873197115385
2021-05-12 00:00:00+00:00,1835.438,1843.462,1813.23,1817.489,116402,0.0,115982.0,0.593708653082829
2021-05-12 04:00:00+00:00,1825.199951171875,1825.199951171875,1821.699951171875,1822.5999755859375,3,0.0,-116399.0,0.7428501674107143
2021-05-13 00:00:00+00:00,1817.443,1828.609,1808.675,1825.024,97584,0.0,97581.0,0.3803050065215168
2021-05-13 04:00:00+00:00,1814.699951171875,1826.800048828125,1814.0999755859375,1823.800048828125,100,0.0,-97484.0,0.7165389901863725
2021-05-14 00:00:00+00:00,1825.026,1845.923,1819.661,1843.486,85544,0.0,85444.0,0.7029167618612473
2021-05-14 04:00:00+00:00,1824.5,1842.9000244140625,1824.5,1837.9000244140625,41,0.0,-85503.0,0.7282612301221365
2021-05-16 00:00:00+00:00,1843.784,1847.964,1843.784,1847.074,3884,0.0,3843.0,0.7870813397129408
2021-05-17 00:00:00+00:00,1847.049,1868.974,1843.54,1868.913,83374,0.0,79490.0,0.8596367067704671
2021-05-17 04:00:00+00:00,1849.9000244140625,1867.5,1847.199951171875,1867.5,13,0.0,-83361.0,0.8669917858302565
2021-05-18 00:00:00+00:00,1868.871,1874.875,1863.164,1870.086,83173,0.0,83160.0,0.10374861241567046
2021-05-18 04:00:00+00:00,1870.5,1870.5,1867.800048828125,1867.800048828125,3,0.0,-83170.0,1.0
2021-05-19 00:00:00+00:00,1870.085,1889.786,1852.125,1865.806,113405,0.0,113402.0,0.11361886301478956
2021-05-19 04:00:00+00:00,1866.4000244140625,1884.9000244140625,1863.5999755859375,1881.300048828125,348,0.0,-113057.0,0.6995300590291708
2021-05-20 00:00:00+00:00,1865.852,1883.77,1863.801,1873.961,86640,0.0,86292.0,0.40607942310580913
2021-05-20 04:00:00+00:00,1865.5,1885.0,1864.800048828125,1881.800048828125,85,0.0,-86555.0,0.8069350608540108
2021-05-21 00:00:00+00:00,1873.94,1889.284,1870.065,1881.659,80919,0.0,80834.0,0.40163379988553155
2021-05-21 04:00:00+00:00,1872.0999755859375,1876.699951171875,1872.0999755859375,1876.699951171875,5,0.0,-80914.0,1.0
2021-05-23 00:00:00+00:00,1880.985,1883.761,1880.148,1883.459,3016,0.0,3011.0,0.6847495156380076
2021-05-24 00:00:00+00:00,1883.457,1886.973,1874.967,1877.361,74674,0.0,71658.0,0.5077461269365381
2021-05-24 04:00:00+00:00,1882.0999755859375,1884.5999755859375,1882.0999755859375,1884.5999755859375,39,0.0,-74635.0,1.0
2021-05-25 00:00:00+00:00,1877.323,1900.177,1872.613,1898.083,83803,0.0,83764.0,0.7531562908141091
2021-05-25 04:00:00+00:00,1882.5,1898.0999755859375,1882.5,1898.0999755859375,56,0.0,-83747.0,1.0
2021-05-26 00:00:00+00:00,1898.082,1912.616,1890.655,1896.06,83190,0.0,83134.0,0.0920723100041055
2021-05-26 04:00:00+00:00,1901.300048828125,1901.300048828125,1901.300048828125,1901.300048828125,170526,0.0,87336.0,0.0
2021-05-27 00:00:00+00:00,1896.07,1903.58,1888.111,1897.969,81562,0.0,-88964.0,0.12276165233694074
2021-05-27 04:00:00+00:00,1896.800048828125,1903.9000244140625,1888.199951171875,1895.699951171875,35794,0.0,-45768.0,0.07006958752867085
2021-05-28 00:00:00+00:00,1897.992,1905.947,1882.063,1903.706,78722,0.0,42928.0,0.23923965834868502
2021-05-28 04:00:00+00:00,1897.5,1905.4000244140625,1881.9000244140625,1902.5,2415,0.0,-76307.0,0.2127659574468085
2021-05-30 00:00:00+00:00,1903.805,1904.75,1903.214,1903.798,2422,0.0,7.0,0.004557291666706758
2021-05-31 00:00:00+00:00,1903.845,1910.544,1902.063,1907.978,49862,0.0,47440.0,0.48732460794718085
2021-06-01 00:00:00+00:00,1907.987,1916.446,1892.35,1898.747,80246,0.0,30384.0,0.38346613545816766
2021-06-01 04:00:00+00:00,1905.0999755859375,1916.199951171875,1892.800048828125,1902.9000244140625,640,0.0,-79606.0,0.09401539970369134
2021-06-02 00:00:00+00:00,1898.751,1909.474,1894.25,1907.752,71631,0.0,70991.0,0.5912375197057289
2021-06-02 04:00:00+00:00,1899.199951171875,1908.800048828125,1896.0,1907.5,1267,0.0,-70364.0,0.6484388410993915
2021-06-03 00:00:00+00:00,1907.756,1909.463,1863.442,1870.865,90307,0.0,89040.0,0.8016123074248737
2021-06-03 04:00:00+00:00,1908.800048828125,1908.800048828125,1865.0,1871.199951171875,1021,0.0,-89286.0,0.8584487611827987
2021-06-04 00:00:00+00:00,1870.856,1896.047,1855.573,1891.138,81344,0.0,80323.0,0.5011118248752275
2021-06-04 04:00:00+00:00,1869.300048828125,1895.5,1854.0,1889.800048828125,367,0.0,-80977.0,0.4939759036144578
2021-06-06 00:00:00+00:00,1889.994,1890.631,1888.646,1889.265,2289,0.0,1922.0,0.3672544080603364
2021-06-07 00:00:00+00:00,1889.246,1900.028,1881.455,1898.633,71246,0.0,68957.0,0.5054110806008667
2021-06-07 04:00:00+00:00,1890.5,1899.699951171875,1883.199951171875,1896.800048828125,87,0.0,-71159.0,0.38182114109848486
2021-06-08 00:00:00+00:00,1898.622,1903.673,1883.74,1893.327,75918,0.0,75831.0,0.26563989364371016
2021-06-08 04:00:00+00:00,1896.5,1902.9000244140625,1890.0,1892.199951171875,930,0.0,-74988.0,0.3333364875990045
2021-06-09 00:00:00+00:00,1893.315,1898.912,1887.254,1888.618,68564,0.0,67634.0,0.40289929662035207
2021-06-09 04:00:00+00:00,1894.9000244140625,1897.699951171875,1889.199951171875,1893.199951171875,148,0.0,-68416.0,0.20000861672794118
2021-06-10 00:00:00+00:00,1888.632,1899.808,1869.798,1898.318,89708,0.0,89560.0,0.322759080306562
2021-06-10 04:00:00+00:00,1887.699951171875,1899.800048828125,1871.5,1894.199951171875,186,0.0,-89522.0,0.2296815825116247
2021-06-11 00:00:00+00:00,1898.294,1902.856,1874.321,1877.401,75839,0.0,75653.0,0.7321885403889948
2021-06-11 04:00:00+00:00,1900.9000244140625,1902.300048828125,1875.199951171875,1877.4000244140625,349,0.0,-75490.0,0.8671555467469054
2021-06-13 00:00:00+00:00,1876.16,1877.608,1873.194,1873.652,3792,0.0,3443.0,0.5681921159945731
2021-06-14 00:00:00+00:00,1873.604,1873.737,1844.212,1866.768,81499,0.0,77707.0,0.23153259949195568
2021-06-14 04:00:00+00:00,1866.199951171875,1866.5999755859375,1846.5,1864.0,41,0.0,-81458.0,0.10945044000024293
2021-06-15 00:00:00+00:00,1866.757,1869.046,1851.529,1857.846,78059,0.0,78018.0,0.5087058286236246
2021-06-15 04:00:00+00:00,1866.4000244140625,1867.199951171875,1854.4000244140625,1854.5,78,0.0,-77981.0,0.9296947271045328
2021-06-16 00:00:00+00:00,1857.892,1863.506,1803.264,1818.733,107430,0.0,107352.0,0.6500282195146241
2021-06-16 04:00:00+00:00,1859.4000244140625,1860.0999755859375,1809.199951171875,1859.5,117,0.0,-107313.0,0.0019641559525436897
2021-06-17 00:00:00+00:00,1818.758,1825.188,1766.982,1776.719,137667,0.0,137550.0,0.7222451293681046
2021-06-17 04:00:00+00:00,1811.800048828125,1823.300048828125,1769.5999755859375,1773.800048828125,1135,0.0,-136532.0,0.7076340441589322
2021-06-18 00:00:00+00:00,1776.672,1797.122,1760.86,1764.562,134250,0.0,133115.0,0.3339584137664792
2021-06-18 04:00:00+00:00,1775.699951171875,1792.4000244140625,1767.9000244140625,1767.9000244140625,354,0.0,-133896.0,0.3183643574617347
2021-06-20 00:00:00+00:00,1768.728,1770.029,1767.355,1769.324,5081,0.0,4727.0,0.22288706058339885
2021-06-21 00:00:00+00:00,1769.32,1787.564,1766.444,1783.5,122396,0.0,117315.0,0.6714015151515144
2021-06-21 04:00:00+00:00,1768.800048828125,1785.199951171875,1766.800048828125,1781.800048828125,38,0.0,-122358.0,0.7065254889472706
2021-06-22 00:00:00+00:00,1783.49,1790.051,1772.255,1777.581,99515,0.0,99477.0,0.3320409080692383
2021-06-22 04:00:00+00:00,1783.4000244140625,1786.9000244140625,1775.9000244140625,1776.300048828125,101,0.0,-99414.0,0.6454523259943182
2021-06-23 00:00:00+00:00,1777.578,1794.85,1773.162,1777.32,95704,0.0,95603.0,0.011895979343417544
2021-06-23 04:00:00+00:00,1780.699951171875,1793.199951171875,1780.5999755859375,1782.300048828125,136,0.0,-95568.0,0.12699212354314612
2021-06-24 00:00:00+00:00,1777.32,1787.958,1772.832,1775.204,90162,0.0,90026.0,0.13989157741636843
2021-06-24 04:00:00+00:00,1778.9000244140625,1786.4000244140625,1775.5999755859375,1775.5999755859375,78,0.0,-90084.0,0.30555869520989215
2021-06-25 00:00:00+00:00,1775.204,1790.271,1773.694,1781.361,85896,0.0,85818.0,0.3714182300778279
2021-06-25 04:00:00+00:00,1777.699951171875,1788.0,1775.199951171875,1776.5999755859375,35,0.0,-85861.0,0.08593526483434741
2021-06-27 00:00:00+00:00,1781.264,1782.753,1780.545,1781.896,2858,0.0,2823.0,0.28623188405801764
2021-06-28 00:00:00+00:00,1781.897,1785.669,1770.538,1778.087,88777,0.0,85919.0,0.2518009384706843
2021-06-28 04:00:00+00:00,1779.5999755859375,1779.5999755859375,1779.5999755859375,1779.5999755859375,888,0.0,-87889.0,0.0
2021-06-29 00:00:00+00:00,1778.079,1778.94,1750.621,1761.441,106227,0.0,105339.0,0.5875207457890442
2021-06-29 04:00:00+00:00,1776.800048828125,1777.0999755859375,1752.0999755859375,1762.800048828125,419,0.0,-105808.0,0.56
2021-06-30 00:00:00+00:00,1761.456,1774.372,1753.297,1768.131,98691,0.0,98272.0,0.3167259786476948
2021-06-30 04:00:00+00:00,1761.0999755859375,1770.800048828125,1759.199951171875,1770.800048828125,51,0.0,-98640.0,0.8362061708128131
2021-07-01 00:00:00+00:00,1768.132,1782.757,1765.633,1775.505,97456,0.0,97405.0,0.4305652884840012
2021-07-01 04:00:00+00:00,1775.699951171875,1781.199951171875,1768.800048828125,1775.9000244140625,44,0.0,-97412.0,0.01613506595786572
2021-07-02 00:00:00+00:00,1775.495,1794.983,1774.291,1787.446,95175,0.0,95131.0,0.5775662091629624
2021-07-02 04:00:00+00:00,1778.699951171875,1787.9000244140625,1778.300048828125,1782.5999755859375,23,0.0,-95152.0,0.40625357628778147
2021-07-04 00:00:00+00:00,1787.277,1787.581,1785.461,1786.184,2628,0.0,2605.0,0.5155660377359108
2021-07-05 00:00:00+00:00,1786.187,1794.547,1784.426,1791.224,49851,0.0,47223.0,0.497678095049895
2021-07-06 00:00:00+00:00,1791.212,1814.961,1789.852,1795.55,88018,0.0,38167.0,0.17276673702656334
2021-07-06 04:00:00+00:00,1786.699951171875,1809.800048828125,1786.699951171875,1793.5,332,0.0,-87686.0,0.2943731636686466
2021-07-07 00:00:00+00:00,1795.503,1809.674,1793.869,1803.285,82056,0.0,81724.0,0.4923758304334148
2021-07-07 04:00:00+00:00,1798.699951171875,1808.4000244140625,1797.199951171875,1801.5,244,0.0,-81812.0,0.2500027247659426
2021-07-08 00:00:00+00:00,1803.28,1818.312,1793.986,1803.723,91928,0.0,91684.0,0.018210967688892025
2021-07-08 04:00:00+00:00,1797.0,1818.5,1797.0,1799.5999755859375,148,0.0,-91780.0,0.12092909702034883
2021-07-09 00:00:00+00:00,1803.736,1812.27,1796.594,1808.222,75869,0.0,75721.0,0.28616994131155243
2021-07-09 04:00:00+00:00,1803.5999755859375,1810.0999755859375,1798.800048828125,1810.0,218,0.0,-75651.0,0.5663775129903099
2021-07-11 00:00:00+00:00,1808.049,1808.455,1806.301,1806.405,2559,0.0,2341.0,0.7632311977715915
2021-07-12 00:00:00+00:00,1806.452,1810.773,1791.409,1807.082,72105,0.0,69546.0,0.03253460028920241
2021-07-12 04:00:00+00:00,1802.5999755859375,1805.5,1799.5,1805.5,147,0.0,-71958.0,0.48333740234375
2021-07-13 00:00:00+00:00,1807.079,1816.915,1798.539,1805.994,78922,0.0,78775.0,0.05904440574662809
2021-07-13 04:00:00+00:00,1808.0999755859375,1812.0,1800.5999755859375,1809.4000244140625,78,0.0,-78844.0,0.11403912666373985
2021-07-14 00:00:00+00:00,1805.999,1829.707,1804.457,1826.376,77945,0.0,77867.0,0.8070099009900972
2021-07-14 04:00:00+00:00,1813.0999755859375,1829.0,1813.0999755859375,1824.300048828125,707,0.0,-77238.0,0.7044060405518491
2021-07-15 00:00:00+00:00,1826.388,1834.039,1820.217,1829.45,73450,0.0,72743.0,0.22153089277963753
2021-07-15 04:00:00+00:00,1831.5999755859375,1833.0,1823.4000244140625,1828.4000244140625,99,0.0,-73351.0,0.33332909477003675
2021-07-16 00:00:00+00:00,1829.45,1831.446,1808.937,1812.007,75803,0.0,75704.0,0.7749344706561807
2021-07-16 04:00:00+00:00,1830.0999755859375,1831.4000244140625,1814.5,1814.5,78,0.0,-75725.0,0.9230741449673155
2021-07-18 00:00:00+00:00,1811.224,1815.844,1810.351,1815.7,3341,0.0,3263.0,0.814855270344104
2021-07-19 00:00:00+00:00,1815.7,1817.25,1794.815,1811.304,83624,0.0,80283.0,0.19594383775350876
2021-07-19 04:00:00+00:00,1803.300048828125,1813.4000244140625,1803.300048828125,1808.699951171875,33,0.0,-83591.0,0.53464508877313
2021-07-20 00:00:00+00:00,1811.325,1824.88,1804.85,1809.737,79650,0.0,79617.0,0.07928107838242385
2021-07-20 04:00:00+00:00,1812.9000244140625,1824.0,1810.9000244140625,1810.9000244140625,128,0.0,-79522.0,0.1526720402553231
2021-07-21 00:00:00+00:00,1809.735,1813.643,1794.42,1802.54,75099,0.0,74971.0,0.37429121365031226
2021-07-21 04:00:00+00:00,1807.0,1807.0,1800.0,1802.9000244140625,135,0.0,-74964.0,0.5857107979910714
2021-07-22 00:00:00+00:00,1802.492,1808.426,1792.692,1807.081,72776,0.0,72641.0,0.29166137028091804
2021-07-22 04:00:00+00:00,1793.5999755859375,1805.0,1793.5999755859375,1805.0,2,0.0,-72774.0,1.0
2021-07-23 00:00:00+00:00,1807.077,1810.26,1789.193,1802.126,66653,0.0,66651.0,0.23501210423885793
2021-07-23 04:00:00+00:00,1800.0,1801.4000244140625,1800.0,1801.4000244140625,1,0.0,-66652.0,1.0
2021-07-25 00:00:00+00:00,1802.274,1802.712,1800.053,1800.344,2119,0.0,2118.0,0.7258367807446126
2021-07-26 00:00:00+00:00,1800.329,1811.448,1796.276,1797.55,65274,0.0,63155.0,0.18316635908251988
2021-07-26 04:00:00+00:00,1802.5,1802.5,1797.199951171875,1798.699951171875,17,0.0,-65257.0,0.7169837394628956
2021-07-27 00:00:00+00:00,1797.556,1805.172,1793.382,1799.873,69697,0.0,69680.0,0.19652247667514966
2021-07-27 04:00:00+00:00,1803.699951171875,1803.699951171875,1799.5,1799.5,1,0.0,-69696.0,1.0
2021-07-28 00:00:00+00:00,1799.828,1810.216,1792.394,1809.307,77659,0.0,77658.0,0.5318707215800752
2021-07-28 04:00:00+00:00,1799.5,1799.5,1799.5,1799.5,209783,0.0,132124.0,0.0
2021-07-29 00:00:00+00:00,1809.275,1832.548,1808.585,1830.189,68516,0.0,-141267.0,0.872762175019823
2021-07-29 04:00:00+00:00,1806.5999755859375,1832.5999755859375,1806.0999755859375,1831.199951171875,30496,0.0,-38020.0,0.9283009655070755
2021-07-30 00:00:00+00:00,1830.198,1831.257,1810.141,1813.934,60194,0.0,29698.0,0.7702216328850225
2021-07-30 04:00:00+00:00,1828.0,1830.5,1808.9000244140625,1812.5999755859375,3100,0.0,-57094.0,0.712964899094079
2021-08-01 00:00:00+00:00,1814.431,1814.955,1812.009,1813.79,2616,0.0,-484.0,0.21758316361170923
2021-08-02 00:00:00+00:00,1813.796,1819.432,1805.525,1812.447,64882,0.0,62266.0,0.09700151003093171
2021-08-02 04:00:00+00:00,1812.4000244140625,1818.699951171875,1804.800048828125,1818.0999755859375,1334,0.0,-63548.0,0.41007131064039065
2021-08-03 00:00:00+00:00,1812.492,1814.924,1806.999,1811.071,54644,0.0,53310.0,0.17930599369085895
2021-08-03 04:00:00+00:00,1812.300048828125,1813.5,1806.0,1810.0999755859375,3341,0.0,-51303.0,0.2933430989583333
2021-08-04 00:00:00+00:00,1811.063,1831.657,1806.308,1811.614,67241,0.0,63900.0,0.021736557655131657
2021-08-04 04:00:00+00:00,1809.300048828125,1831.300048828125,1806.300048828125,1810.5,2860,0.0,-64381.0,0.047998046875
2021-08-05 00:00:00+00:00,1811.606,1814.766,1797.515,1803.396,60224,0.0,57364.0,0.47591443974262637
2021-08-05 04:00:00+00:00,1810.800048828125,1813.699951171875,1796.0,1805.0999755859375,588,0.0,-59636.0,0.3220389246748231
2021-08-06 00:00:00+00:00,1803.351,1803.601,1758.355,1763.819,87291,0.0,86703.0,0.8737125933784218
2021-08-06 04:00:00+00:00,1799.800048828125,1800.0999755859375,1758.4000244140625,1760.0,859,0.0,-86432.0,0.9544387393664046
2021-08-08 00:00:00+00:00,1761.426,1762.323,1686.784,1719.053,34587,0.0,33728.0,0.5609420299447945
2021-08-09 00:00:00+00:00,1719.031,1752.663,1706.031,1731.457,148310,0.0,113723.0,0.2664693772516757
2021-08-09 04:00:00+00:00,1753.5,1753.800048828125,1692.5999755859375,1723.4000244140625,1621,0.0,-146689.0,0.49182907783169877
2021-08-10 00:00:00+00:00,1731.45,1738.24,1717.704,1726.89,91847,0.0,90226.0,0.22204908453447275
2021-08-10 04:00:00+00:00,1728.5999755859375,1735.199951171875,1720.0999755859375,1728.800048828125,1363,0.0,-90484.0,0.013249905011358216
2021-08-11 00:00:00+00:00,1726.899,1754.265,1723.979,1752.326,101088,0.0,99725.0,0.8395628343128867
2021-08-11 04:00:00+00:00,1727.300048828125,1752.199951171875,1727.300048828125,1750.4000244140625,542,0.0,-100546.0,0.9277135013236592
2021-08-12 00:00:00+00:00,1752.311,1758.105,1741.322,1753.415,86793,0.0,86251.0,0.06578084966931022
2021-08-12 04:00:00+00:00,1749.699951171875,1752.4000244140625,1745.5,1749.0,739,0.0,-86054.0,0.10144183989385228
2021-08-13 00:00:00+00:00,1753.382,1779.901,1751.651,1779.509,71770,0.0,71031.0,0.9248495575221222
2021-08-13 04:00:00+00:00,1758.300048828125,1777.300048828125,1757.4000244140625,1775.199951171875,436,0.0,-71334.0,0.8492402819268683
2021-08-15 00:00:00+00:00,1779.017,1779.976,1778.408,1778.763,2836,0.0,2400.0,0.16198979591843024
2021-08-16 00:00:00+00:00,1778.734,1789.175,1770.84,1787.457,74451,0.0,71615.0,0.4757567493864285
2021-08-16 04:00:00+00:00,1776.9000244140625,1787.800048828125,1771.9000244140625,1786.9000244140625,219,0.0,-74232.0,0.628929851903603
2021-08-17 00:00:00+00:00,1787.424,1795.519,1780.495,1786.126,71076,0.0,70857.0,0.08639510117145846
2021-08-17 04:00:00+00:00,1787.699951171875,1794.199951171875,1780.0,1785.0,200,0.0,-70876.0,0.19013806027887145
2021-08-18 00:00:00+00:00,1786.121,1793.685,1777.122,1787.381,72330,0.0,72130.0,0.07607317514942948
2021-08-18 04:00:00+00:00,1787.800048828125,1791.5,1779.0,1781.5999755859375,263,0.0,-72067.0,0.496005859375
2021-08-19 00:00:00+00:00,1787.379,1792.366,1774.073,1778.97,81104,0.0,80841.0,0.4596840321434389
2021-08-19 04:00:00+00:00,1780.0,1789.300048828125,1775.5,1780.199951171875,245,0.0,-80859.0,0.014489164086687307
2021-08-20 00:00:00+00:00,1779.033,1788.339,1778.279,1781.235,62966,0.0,62721.0,0.21888667992047814
2021-08-20 04:00:00+00:00,1784.0999755859375,1787.5,1778.199951171875,1781.0,235,0.0,-62731.0,0.333328958076287
2021-08-22 00:00:00+00:00,1781.378,1782.284,1777.329,1778.626,2941,0.0,2706.0,0.5553985872855433
2021-08-23 00:00:00+00:00,1778.613,1806.232,1776.413,1804.758,64177,0.0,61236.0,0.8767899661289787
2021-08-23 04:00:00+00:00,1776.800048828125,1804.800048828125,1776.800048828125,1803.199951171875,32,0.0,-64145.0,0.9428536551339286
2021-08-24 00:00:00+00:00,1804.712,1809.502,1800.678,1801.705,56398,0.0,56366.0,0.340775158658218
2021-08-24 04:00:00+00:00,1801.0,1805.5999755859375,1801.0,1805.5999755859375,22,0.0,-56376.0,1.0
2021-08-25 00:00:00+00:00,1801.715,1802.593,1782.356,1791.52,66001,0.0,65979.0,0.5037802045757719
2021-08-25 04:00:00+00:00,1792.0,1792.9000244140625,1784.0,1788.199951171875,812,0.0,-65189.0,0.4269706071952708
2021-08-26 00:00:00+00:00,1791.518,1798.112,1779.77,1793.451,65991,0.0,65179.0,0.10538654454257891
2021-08-26 04:00:00+00:00,1787.4000244140625,1792.199951171875,1781.0,1792.199951171875,61,0.0,-65930.0,0.428566757493188
2021-08-27 00:00:00+00:00,1793.4,1819.125,1784.41,1816.778,76983,0.0,76922.0,0.6734264727063225
2021-08-27 04:00:00+00:00,1803.4000244140625,1816.5999755859375,1803.0999755859375,1816.5999755859375,1219,0.0,-75764.0,0.9777741608796297
2021-08-29 00:00:00+00:00,1817.936,1819.111,1817.133,1818.39,2766,0.0,1547.0,0.2295247724975547
2021-08-30 00:00:00+00:00,1818.386,1823.157,1807.65,1810.386,53948,0.0,51182.0,0.5158960469465458
2021-08-30 04:00:00+00:00,1818.199951171875,1820.300048828125,1807.800048828125,1809.0,684,0.0,-53264.0,0.73599609375
2021-08-31 00:00:00+00:00,1810.341,1819.047,1801.544,1814.435,64888,0.0,64204.0,0.2339027595269421
2021-08-31 04:00:00+00:00,1815.9000244140625,1815.9000244140625,1801.0999755859375,1815.0,82,0.0,-64806.0,0.060812259777964735
2021-09-01 00:00:00+00:00,1814.426,1819.911,1808.588,1813.02,61456,0.0,61374.0,0.1241720392122174
2021-09-01 04:00:00+00:00,1813.5,1815.9000244140625,1809.5,1813.0999755859375,114,0.0,-61342.0,0.06250357626504416
2021-09-02 00:00:00+00:00,1813.018,1817.008,1804.63,1809.364,51452,0.0,51338.0,0.2952011633543397
2021-09-02 04:00:00+00:00,1813.199951171875,1813.9000244140625,1806.800048828125,1808.699951171875,26,0.0,-51426.0,0.633804996303492
2021-09-03 00:00:00+00:00,1809.362,1833.859,1808.878,1827.573,64079,0.0,64053.0,0.7289940354669555
2021-09-03 04:00:00+00:00,1820.9000244140625,1833.9000244140625,1818.9000244140625,1830.9000244140625,53,0.0,-64026.0,0.6666666666666666
2021-09-05 00:00:00+00:00,1828.089,1830.149,1827.417,1827.555,2797,0.0,2744.0,0.195461200585609
2021-09-06 00:00:00+00:00,1827.545,1828.416,1821.315,1823.52,33702,0.0,30905.0,0.5668215744261591
2021-09-07 00:00:00+00:00,1823.475,1827.179,1792.28,1795.591,66414,0.0,32712.0,0.7989913751110325
2021-09-07 04:00:00+00:00,1825.699951171875,1825.699951171875,1792.699951171875,1795.9000244140625,48,0.0,-66366.0,0.9030280835700758
2021-09-08 00:00:00+00:00,1795.589,1802.087,1782.3,1790.683,71139,0.0,71091.0,0.24794056703896197
2021-09-08 04:00:00+00:00,1781.699951171875,1790.699951171875,1781.699951171875,1790.699951171875,69,0.0,-71070.0,1.0
2021-09-09 00:00:00+00:00,1790.694,1800.893,1783.752,1794.695,70724,0.0,70655.0,0.23341695350329378
2021-09-09 04:00:00+00:00,1798.699951171875,1798.699951171875,1787.9000244140625,1797.4000244140625,49,0.0,-70675.0,0.12036440495970523
2021-09-10 00:00:00+00:00,1794.67,1803.772,1787.08,1787.614,64243,0.0,64194.0,0.4227174694464436
2021-09-10 04:00:00+00:00,1789.5999755859375,1789.5999755859375,1789.5999755859375,1789.5999755859375,0,0.0,-64243.0,0.0
2021-09-12 00:00:00+00:00,1787.288,1788.683,1786.96,1787.29,2333,0.0,2333.0,0.0011607661056022966
2021-09-13 00:00:00+00:00,1787.245,1798.314,1783.442,1792.955,64466,0.0,62133.0,0.38394298009682687
2021-09-13 04:00:00+00:00,1789.800048828125,1796.0,1784.0,1792.0,533,0.0,-63933.0,0.18332926432291666
2021-09-14 00:00:00+00:00,1792.956,1808.59,1780.279,1803.691,69484,0.0,68951.0,0.3791812369750329
2021-09-14 04:00:00+00:00,1791.4000244140625,1806.199951171875,1783.0,1804.699951171875,764,0.0,-68720.0,0.5732739116251171
2021-09-15 00:00:00+00:00,1803.701,1806.763,1790.604,1795.002,64379,0.0,63615.0,0.5383377684262723
2021-09-15 04:00:00+00:00,1803.699951171875,1803.699951171875,1792.4000244140625,1792.4000244140625,59,0.0,-64320.0,1.0
2021-09-16 00:00:00+00:00,1794.956,1796.083,1745.019,1753.841,101276,0.0,101217.0,0.8051660661131119
2021-09-16 04:00:00+00:00,1792.9000244140625,1792.9000244140625,1743.9000244140625,1754.5999755859375,1645,0.0,-99631.0,0.7816336495535714
2021-09-17 00:00:00+00:00,1753.851,1767.452,1747.306,1754.536,89895,0.0,88250.0,0.034001786955224204
2021-09-17 04:00:00+00:00,1758.800048828125,1763.0,1749.4000244140625,1749.4000244140625,581,0.0,-89314.0,0.6911795065119243
2021-09-19 00:00:00+00:00,1754.698,1755.162,1751.188,1754.118,5273,0.0,4692.0,0.14594866633119388
2021-09-20 00:00:00+00:00,1754.088,1766.923,1741.741,1764.948,85234,0.0,79961.0,0.43126042411246607
2021-09-20 04:00:00+00:00,1751.800048828125,1761.800048828125,1750.9000244140625,1761.800048828125,185,0.0,-85049.0,0.9174291377823569
2021-09-21 00:00:00+00:00,1764.917,1781.613,1757.869,1774.882,77160,0.0,76975.0,0.41968497304582575
2021-09-21 04:00:00+00:00,1762.199951171875,1776.0,1759.0,1776.0,106,0.0,-77054.0,0.811767578125
2021-09-22 00:00:00+00:00,1774.886,1787.164,1764.582,1766.952,98326,0.0,98220.0,0.3513417766362595
2021-09-22 04:00:00+00:00,1776.699951171875,1784.300048828125,1767.0,1776.699951171875,17,0.0,-98309.0,0.0
2021-09-23 00:00:00+00:00,1766.984,1776.51,1737.392,1746.235,99054,0.0,99037.0,0.530420778158394
2021-09-23 04:00:00+00:00,1766.800048828125,1766.800048828125,1738.199951171875,1747.699951171875,31,0.0,-99023.0,0.6678333020333601
2021-09-24 00:00:00+00:00,1746.247,1757.561,1740.411,1750.494,79887,0.0,79856.0,0.24763848396500743
2021-09-24 04:00:00+00:00,1749.699951171875,1749.699951171875,1745.0,1749.699951171875,76,0.0,-79811.0,0.0
2021-09-26 00:00:00+00:00,1750.033,1750.774,1748.214,1749.526,2905,0.0,2829.0,0.19804687499993956
2021-09-27 00:00:00+00:00,1749.536,1760.795,1744.608,1751.215,82685,0.0,79780.0,0.10372521158953771
2021-09-27 04:00:00+00:00,1751.699951171875,1754.4000244140625,1747.5,1750.0,808,0.0,-81877.0,0.24636886333480762
2021-09-28 00:00:00+00:00,1751.213,1754.411,1728.069,1735.3,106414,0.0,105606.0,0.604092324045249
2021-09-28 04:00:00+00:00,1739.5999755859375,1741.699951171875,1726.800048828125,1735.800048828125,15748,0.0,-90666.0,0.25503031296083895
2021-09-29 00:00:00+00:00,1735.309,1745.472,1721.571,1728.823,94740,0.0,78992.0,0.27136939876992
2021-09-29 04:00:00+00:00,1732.4000244140625,1744.0999755859375,1721.4000244140625,1721.5,6634,0.0,-88106.0,0.48017831983566184
2021-09-30 00:00:00+00:00,1728.854,1764.08,1722.212,1753.006,98407,0.0,91773.0,0.5768606095347301
2021-09-30 04:00:00+00:00,1725.5,1760.300048828125,1724.5,1755.300048828125,997,0.0,-97410.0,0.832402463225516
2021-10-01 00:00:00+00:00,1752.975,1764.191,1749.685,1760.466,95090,0.0,94093.0,0.5164070039983415
2021-10-01 04:00:00+00:00,1754.300048828125,1762.5999755859375,1748.5,1757.0,2220,0.0,-92870.0,0.19148623027175843
2021-10-03 00:00:00+00:00,1760.954,1765.195,1760.954,1763.023,4736,0.0,2516.0,0.4878566375854674
2021-10-04 00:00:00+00:00,1762.992,1770.487,1747.627,1768.042,91606,0.0,86870.0,0.22090988626421376
2021-10-04 04:00:00+00:00,1764.5,1768.9000244140625,1749.5,1766.199951171875,417,0.0,-91189.0,0.08762623879188296
2021-10-05 00:00:00+00:00,1768.055,1768.32,1748.561,1759.317,83791,0.0,83374.0,0.4422288577357179
2021-10-05 04:00:00+00:00,1764.300048828125,1764.300048828125,1749.0,1759.5999755859375,98,0.0,-83693.0,0.307193349183807
2021-10-06 00:00:00+00:00,1759.285,1765.063,1745.822,1763.946,96031,0.0,95933.0,0.24224312665660722
2021-10-06 04:00:00+00:00,1759.300048828125,1762.9000244140625,1744.699951171875,1760.5,56,0.0,-95975.0,0.06593111774372044
2021-10-07 00:00:00+00:00,1763.913,1766.891,1751.935,1755.097,78434,0.0,78378.0,0.5894624231077797
2021-10-07 04:00:00+00:00,1762.4000244140625,1762.4000244140625,1752.800048828125,1757.9000244140625,336,0.0,-78098.0,0.46875119209592714
2021-10-08 00:00:00+00:00,1755.098,1781.292,1753.32,1757.212,94234,0.0,93898.0,0.0755755755755768
2021-10-08 04:00:00+00:00,1757.0,1780.0,1754.199951171875,1756.300048828125,254,0.0,-93980.0,0.0271298390378228
2021-10-10 00:00:00+00:00,1757.272,1757.764,1750.915,1753.956,5681,0.0,5427.0,0.48415827128048816
2021-10-11 00:00:00+00:00,1753.987,1760.948,1750.128,1753.349,67162,0.0,61481.0,0.05896487985213842
2021-10-11 04:00:00+00:00,1756.5999755859375,1757.800048828125,1752.199951171875,1754.5999755859375,128,0.0,-67034.0,0.35713662917429595
2021-10-12 00:00:00+00:00,1753.316,1769.3,1750.71,1760.362,86455,0.0,86327.0,0.3790209790209833
2021-10-12 04:00:00+00:00,1751.9000244140625,1768.0,1749.800048828125,1758.300048828125,139,0.0,-86316.0,0.35165063651119427
2021-10-13 00:00:00+00:00,1760.331,1795.969,1757.826,1791.766,90062,0.0,89923.0,0.8241354901292544
2021-10-13 04:00:00+00:00,1760.800048828125,1794.5,1760.800048828125,1793.699951171875,150,0.0,-89912.0,0.9762596442931141
2021-10-14 00:00:00+00:00,1791.76,1800.406,1786.647,1795.327,60943,0.0,60793.0,0.25924849189621363
2021-10-14 04:00:00+00:00,1792.199951171875,1799.9000244140625,1792.0,1796.699951171875,337,0.0,-60606.0,0.5696184928225968
2021-10-15 00:00:00+00:00,1795.277,1796.369,1764.652,1767.427,79588,0.0,79251.0,0.8780780023331415
2021-10-15 04:00:00+00:00,1794.5,1795.4000244140625,1766.5999755859375,1767.199951171875,874,0.0,-78714.0,0.9479167549696944
2021-10-17 00:00:00+00:00,1766.961,1772.013,1764.565,1771.014,4854,0.0,3980.0,0.5441729323308213
2021-10-18 00:00:00+00:00,1771.046,1772.007,1760.276,1763.979,90609,0.0,85755.0,0.6024209359815882
2021-10-18 04:00:00+00:00,1761.5999755859375,1770.0999755859375,1759.5,1764.800048828125,266,0.0,-90343.0,0.301894397420395
2021-10-19 00:00:00+00:00,1763.98,1785.062,1763.269,1768.688,85398,0.0,85132.0,0.21603267104116491
2021-10-19 04:00:00+00:00,1777.5999755859375,1785.0,1767.5,1769.699951171875,51,0.0,-85347.0,0.45142996651785716
2021-10-20 00:00:00+00:00,1768.694,1788.368,1766.839,1781.297,81103,0.0,81052.0,0.5853964420084569
2021-10-20 04:00:00+00:00,1774.5999755859375,1785.5999755859375,1774.0,1784.0999755859375,127,0.0,-80976.0,0.8189672408894314
2021-10-21 00:00:00+00:00,1781.345,1789.366,1776.245,1784.561,85968,0.0,85841.0,0.2451032695678585
2021-10-21 04:00:00+00:00,1782.0,1785.699951171875,1781.0,1781.199951171875,146,0.0,-85822.0,0.1702249233806036
2021-10-22 00:00:00+00:00,1784.583,1813.56,1782.595,1792.853,80363,0.0,80217.0,0.26707573066365264
2021-10-22 04:00:00+00:00,1787.0999755859375,1806.9000244140625,1784.0,1795.5,532,0.0,-79831.0,0.3668129021253005
2021-10-24 00:00:00+00:00,1792.926,1794.371,1792.388,1794.347,2853,0.0,2321.0,0.7165910237014241
2021-10-25 00:00:00+00:00,1794.376,1809.717,1792.182,1807.742,65579,0.0,62726.0,0.7622469347020201
2021-10-25 04:00:00+00:00,1794.300048828125,1809.0,1794.0,1806.0,140,0.0,-65439.0,0.7799967447916667
2021-10-26 00:00:00+00:00,1807.787,1807.848,1782.191,1793.636,77582,0.0,77442.0,0.5515453872237638
2021-10-26 04:00:00+00:00,1808.800048828125,1808.800048828125,1788.5999755859375,1792.699951171875,359,0.0,-77223.0,0.7970316475202291
2021-10-27 00:00:00+00:00,1793.657,1799.027,1783.397,1796.538,90839,0.0,90480.0,0.18432501599488582
2021-10-27 04:00:00+00:00,1791.5,1798.0999755859375,1791.5,1797.9000244140625,543,0.0,-90296.0,0.9697042558307285
2021-10-28 00:00:00+00:00,1796.564,1810.38,1791.986,1799.558,108939,0.0,108396.0,0.16277046863107064
2021-10-28 04:00:00+00:00,1795.5,1807.300048828125,1795.5,1801.5999755859375,452,0.0,-108487.0,0.5169449444478927
2021-10-29 00:00:00+00:00,1799.572,1799.944,1771.896,1783.296,108242,0.0,107790.0,0.5802909298345635
2021-10-29 04:00:00+00:00,1793.0999755859375,1797.0,1774.5999755859375,1783.0,583,0.0,-107659.0,0.45089127579686217
2021-10-31 00:00:00+00:00,1783.269,1783.269,1779.055,1780.627,3127,0.0,2544.0,0.6269577598481465
2021-11-01 00:00:00+00:00,1780.637,1795.686,1780.266,1792.107,77531,0.0,74404.0,0.7438391699092181
2021-11-01 04:00:00+00:00,1787.5,1795.0999755859375,1786.699951171875,1795.0999755859375,142,0.0,-77389.0,0.9047563687094008
2021-11-02 00:00:00+00:00,1792.138,1796.349,1786.064,1787.125,77068,0.0,76926.0,0.48740884783665445
2021-11-02 04:00:00+00:00,1790.5,1795.5,1787.699951171875,1788.699951171875,213,0.0,-76855.0,0.2307740461360293
2021-11-03 00:00:00+00:00,1787.099,1787.579,1758.534,1777.434,111350,0.0,111137.0,0.3327595111034607
2021-11-03 04:00:00+00:00,1768.0,1768.0,1761.800048828125,1763.5999755859375,108,0.0,-111242.0,0.7096869462492617
2021-11-04 00:00:00+00:00,1777.404,1798.894,1770.762,1791.083,87527,0.0,87419.0,0.4862434238589527
2021-11-04 04:00:00+00:00,1776.5999755859375,1798.199951171875,1776.199951171875,1793.0,103,0.0,-87424.0,0.7454556551846591
2021-11-05 00:00:00+00:00,1791.079,1818.269,1784.842,1818.127,101552,0.0,101449.0,0.8091662428575725
2021-11-05 04:00:00+00:00,1794.9000244140625,1817.0999755859375,1794.9000244140625,1816.4000244140625,239,0.0,-101313.0,0.9684705985857408
2021-11-07 00:00:00+00:00,1815.75,1818.072,1815.47,1815.973,2376,0.0,2137.0,0.08570330514987248
2021-11-08 00:00:00+00:00,1816.02,1826.395,1812.403,1824.531,81633,0.0,79257.0,0.608276157804459
2021-11-08 05:00:00+00:00,1817.0,1827.4000244140625,1816.9000244140625,1827.4000244140625,261,0.0,-81372.0,0.990478515625
2021-11-09 00:00:00+00:00,1824.561,1832.624,1819.119,1829.782,88038,0.0,87777.0,0.3865975564605673
2021-11-09 05:00:00+00:00,1826.0999755859375,1832.699951171875,1820.699951171875,1830.199951171875,170,0.0,-87868.0,0.3416646321614583
2021-11-10 00:00:00+00:00,1829.774,1868.193,1822.076,1848.344,113364,0.0,113194.0,0.40267146605373677
2021-11-10 05:00:00+00:00,1825.800048828125,1865.0,1824.9000244140625,1847.5999755859375,795,0.0,-112569.0,0.543639402250844
2021-11-11 00:00:00+00:00,1848.325,1865.739,1842.86,1861.889,82064,0.0,81269.0,0.5928580794615049
2021-11-11 05:00:00+00:00,1853.9000244140625,1866.5,1853.9000244140625,1863.199951171875,292,0.0,-81772.0,0.7380908553657757
2021-11-12 00:00:00+00:00,1861.884,1868.574,1845.229,1864.361,86346,0.0,86054.0,0.10610409081174069
2021-11-12 05:00:00+00:00,1860.800048828125,1867.9000244140625,1847.5999755859375,1867.9000244140625,210,0.0,-86136.0,0.34975165065124053
2021-11-14 00:00:00+00:00,1866.804,1867.783,1865.24,1865.49,2252,0.0,2042.0,0.5167125442391403
2021-11-15 00:00:00+00:00,1865.512,1870.267,1856.308,1862.227,78156,0.0,75904.0,0.2353320438426707
2021-11-15 05:00:00+00:00,1864.5,1866.9000244140625,1864.5,1866.0999755859375,87,0.0,-78069.0,0.6666497126290626
2021-11-16 00:00:00+00:00,1862.225,1877.067,1849.644,1850.389,99076,0.0,98989.0,0.4316085038106703
2021-11-16 05:00:00+00:00,1853.5999755859375,1853.5999755859375,1853.5999755859375,1853.5999755859375,1,0.0,-99075.0,0.0
2021-11-17 00:00:00+00:00,1850.391,1868.063,1849.53,1866.664,78540,0.0,78539.0,0.8780553607079155
2021-11-17 05:00:00+00:00,1862.5999755859375,1869.699951171875,1862.5999755859375,1869.699951171875,2,0.0,-78538.0,1.0
2021-11-18 00:00:00+00:00,1866.694,1870.883,1855.023,1859.503,83751,0.0,83749.0,0.4534047919293804
2021-11-18 05:00:00+00:00,1861.0,1861.0,1861.0,1861.0,9,0.0,-83742.0,0.0
2021-11-19 00:00:00+00:00,1859.502,1865.621,1842.815,1846.196,101416,0.0,101407.0,0.5834429536087002
2021-11-19 05:00:00+00:00,1851.199951171875,1851.199951171875,1851.199951171875,1851.199951171875,21,0.0,-101395.0,0.0
2021-11-21 00:00:00+00:00,1842.207,1847.169,1841.485,1845.056,3853,0.0,3832.0,0.5012315270935669
2021-11-22 00:00:00+00:00,1845.075,1849.046,1802.202,1808.987,114374,0.0,110521.0,0.7703868158141902
2021-11-22 05:00:00+00:00,1841.5999755859375,1841.5999755859375,1805.699951171875,1806.0,14,0.0,-114360.0,0.9916420996079471
2021-11-23 00:00:00+00:00,1808.992,1812.37,1781.914,1791.181,112714,0.0,112700.0,0.584810874704491
2021-11-23 05:00:00+00:00,1795.5,1795.5,1783.5,1783.5,264,0.0,-112450.0,1.0
2021-11-24 00:00:00+00:00,1791.188,1796.354,1778.15,1789.676,98660,0.0,98396.0,0.0830586684245317
2021-11-24 05:00:00+00:00,1793.0,1793.0,1781.4000244140625,1784.0999755859375,188,0.0,-98472.0,0.7672450987614047
2021-11-25 00:00:00+00:00,1789.672,1795.027,1787.851,1792.458,44288,0.0,44100.0,0.3882385730211936
2021-11-26 00:00:00+00:00,1792.484,1815.467,1780.054,1787.277,94126,0.0,49838.0,0.14703639906248775
2021-11-26 05:00:00+00:00,1791.0999755859375,1791.4000244140625,1785.300048828125,1785.300048828125,186800,0.0,92674.0,0.9508114706529788
2021-11-28 00:00:00+00:00,1788.597,1795.644,1780.188,1795.102,6533,0.0,-180267.0,0.4208721532091194
2021-11-29 00:00:00+00:00,1795.065,1799.361,1781.122,1786.516,98878,0.0,92345.0,0.4687208728548694
2021-11-29 05:00:00+00:00,1791.699951171875,1798.9000244140625,1779.0999755859375,1782.300048828125,26926,0.0,-71952.0,0.47474137186964405
2021-11-30 00:00:00+00:00,1786.498,1808.561,1769.831,1773.418,139355,0.0,112429.0,0.3377226955848218
2021-11-30 05:00:00+00:00,1783.9000244140625,1808.0999755859375,1768.699951171875,1773.5999755859375,4903,0.0,-134452.0,0.2614223971000573
2021-12-01 00:00:00+00:00,1773.414,1794.267,1772.598,1781.326,121616,0.0,116713.0,0.3651299090867137
2021-12-01 05:00:00+00:00,1774.800048828125,1790.5,1772.300048828125,1781.5999755859375,1128,0.0,-120488.0,0.37362335171100114
2021-12-02 00:00:00+00:00,1781.324,1781.971,1761.841,1769.0,103980,0.0,102852.0,0.6122205663189271
2021-12-02 05:00:00+00:00,1780.9000244140625,1780.9000244140625,1760.5999755859375,1760.699951171875,1557,0.0,-102423.0,0.9950751061347701
2021-12-03 00:00:00+00:00,1768.995,1786.072,1766.078,1783.414,109947,0.0,108390.0,0.7211663499049794
2021-12-03 05:00:00+00:00,1767.5,1785.0999755859375,1766.5,1782.0,694,0.0,-109253.0,0.7795709157254334
2021-12-05 00:00:00+00:00,1782.102,1784.094,1780.691,1782.937,2238,0.0,1544.0,0.24537173082568442
2021-12-06 00:00:00+00:00,1782.915,1787.683,1775.506,1780.834,77834,0.0,75596.0,0.17089595138374963
2021-12-06 05:00:00+00:00,1780.199951171875,1783.0,1777.199951171875,1777.5,381,0.0,-77453.0,0.4655049038178221
2021-12-07 00:00:00+00:00,1780.864,1787.791,1771.828,1784.646,74339,0.0,73958.0,0.23692288416963814
2021-12-07 05:00:00+00:00,1779.5,1786.0999755859375,1772.300048828125,1782.5999755859375,308,0.0,-74031.0,0.22463710426452246
2021-12-08 00:00:00+00:00,1784.644,1793.061,1779.53,1783.269,78985,0.0,78677.0,0.10161850565368452
2021-12-08 05:00:00+00:00,1789.9000244140625,1789.9000244140625,1779.0,1783.4000244140625,1383,0.0,-77602.0,0.5963289395585321
2021-12-09 00:00:00+00:00,1783.272,1787.554,1773.417,1776.206,77250,0.0,75867.0,0.4998231590860823
2021-12-09 05:00:00+00:00,1783.5,1783.5,1771.800048828125,1774.5999755859375,455,0.0,-76795.0,0.7606890219727479
2021-12-10 00:00:00+00:00,1776.208,1789.123,1769.919,1782.805,76597,0.0,76142.0,0.3435221828785668
2021-12-10 05:00:00+00:00,1773.800048828125,1785.4000244140625,1769.0999755859375,1782.9000244140625,545,0.0,-76052.0,0.5582790384183329
2021-12-12 00:00:00+00:00,1782.732,1784.389,1782.71,1783.117,1692,0.0,1147.0,0.22930315664087136
2021-12-13 00:00:00+00:00,1783.118,1791.381,1781.725,1785.77,62138,0.0,60446.0,0.2746478873239432
2021-12-13 05:00:00+00:00,1784.4000244140625,1787.0999755859375,1783.800048828125,1786.300048828125,206,0.0,-61932.0,0.5757777531165612
2021-12-14 00:00:00+00:00,1785.771,1789.462,1766.419,1772.545,74016,0.0,73810.0,0.5739704031593086
2021-12-14 05:00:00+00:00,1787.0,1787.0,1769.0,1770.4000244140625,322,0.0,-73694.0,0.9222208658854166
2021-12-15 00:00:00+00:00,1772.526,1781.434,1753.053,1779.777,104172,0.0,103850.0,0.2554878263627079
2021-12-15 05:00:00+00:00,1767.4000244140625,1778.699951171875,1753.9000244140625,1762.5999755859375,283,0.0,-103889.0,0.19355092758944875
2021-12-16 00:00:00+00:00,1779.795,1799.621,1775.504,1798.952,83310,0.0,83027.0,0.7943359455985312
2021-12-16 05:00:00+00:00,1781.0,1798.0999755859375,1781.0,1796.5999755859375,21,0.0,-83289.0,0.9122805765153517
2021-12-17 00:00:00+00:00,1798.976,1814.191,1795.794,1798.064,76672,0.0,76651.0,0.04957329999456639
2021-12-17 05:00:00+00:00,1804.0,1812.9000244140625,1803.800048828125,1803.800048828125,654,0.0,-76018.0,0.021972715199806835
2021-12-19 00:00:00+00:00,1800.61,1801.676,1799.386,1799.98,2293,0.0,1639.0,0.2751091703056296
2021-12-20 00:00:00+00:00,1799.992,1804.089,1788.286,1791.468,72701,0.0,70408.0,0.53939125482503
2021-12-20 05:00:00+00:00,1796.800048828125,1799.800048828125,1792.0,1793.699951171875,226,0.0,-72475.0,0.397445929450061
2021-12-21 00:00:00+00:00,1791.499,1800.238,1784.568,1790.547,68065,0.0,67839.0,0.060753031269942165
2021-12-21 05:00:00+00:00,1791.4000244140625,1796.5,1787.9000244140625,1787.9000244140625,575,0.0,-67490.0,0.4069778995330088
2021-12-22 00:00:00+00:00,1790.514,1804.962,1785.846,1803.548,61563,0.0,60988.0,0.6818372044360805
2021-12-22 05:00:00+00:00,1786.0,1805.199951171875,1785.5,1801.5999755859375,567,0.0,-60996.0,0.7918788960354934
2021-12-23 00:00:00+00:00,1803.564,1810.687,1798.609,1808.451,57403,0.0,56836.0,0.40461997019373686
2021-12-23 05:00:00+00:00,1806.0,1811.199951171875,1800.800048828125,1811.199951171875,193,0.0,-57210.0,0.5
2021-12-26 00:00:00+00:00,1806.207,1808.526,1805.977,1807.259,1459,0.0,1266.0,0.4127108670066364
2021-12-27 00:00:00+00:00,1807.26,1813.384,1802.871,1812.505,53318,0.0,51859.0,0.4989061162370549
2021-12-27 05:00:00+00:00,1810.0,1812.0999755859375,1807.0,1808.0999755859375,150,0.0,-53168.0,0.3725555901290122
2021-12-28 00:00:00+00:00,1812.507,1820.191,1805.006,1806.319,58069,0.0,57919.0,0.4075074086269426
2021-12-28 05:00:00+00:00,1812.0,1818.0,1805.5,1810.199951171875,146,0.0,-57923.0,0.14400390625
2021-12-29 00:00:00+00:00,1806.288,1807.626,1789.212,1804.656,66307,0.0,66161.0,0.08862821766047914
2021-12-29 05:00:00+00:00,1803.199951171875,1805.0999755859375,1791.4000244140625,1805.0999755859375,623,0.0,-65684.0,0.13868840773411745
2021-12-30 00:00:00+00:00,1804.631,1817.117,1796.118,1815.805,61949,0.0,61326.0,0.5321205771703398
2021-12-30 05:00:00+00:00,1801.699951171875,1816.0,1796.0,1812.699951171875,306,0.0,-61643.0,0.55
2021-12-31 00:00:00+00:00,1815.831,1828.722,1814.704,1827.615,57510,0.0,57204.0,0.8406334712512542
2021-12-31 05:00:00+00:00,1825.0999755859375,1827.800048828125,1821.4000244140625,1827.5,80,0.0,-57430.0,0.3750023841766961
2022-01-02 00:00:00+00:00,1830.615,1831.73,1828.021,1828.404,1688,0.0,1608.0,0.5961175519007756
2022-01-03 00:00:00+00:00,1828.374,1831.542,1798.104,1803.812,76009,0.0,74321.0,0.7345535020037148
2022-01-03 05:00:00+00:00,1830.0999755859375,1830.0999755859375,1798.800048828125,1799.4000244140625,116,0.0,-75893.0,0.9808314060738897
2022-01-04 00:00:00+00:00,1803.805,1816.68,1798.452,1813.873,78854,0.0,78738.0,0.5523370638577983
2022-01-04 05:00:00+00:00,1800.5,1815.300048828125,1800.0,1814.0,38,0.0,-78816.0,0.8823501252612934
2022-01-05 00:00:00+00:00,1813.885,1829.591,1808.259,1810.275,79724,0.0,79686.0,0.16922932683292333
2022-01-05 05:00:00+00:00,1813.0999755859375,1824.5999755859375,1813.0999755859375,1824.5999755859375,8,0.0,-79716.0,1.0
2022-01-06 00:00:00+00:00,1810.306,1811.475,1786.332,1791.365,98834,0.0,98826.0,0.753330946983263
2022-01-06 05:00:00+00:00,1787.0999755859375,1791.300048828125,1787.0999755859375,1788.699951171875,30,0.0,-98804.0,0.38093992501525853
2022-01-07 00:00:00+00:00,1791.381,1798.604,1782.289,1796.899,81102,0.0,81072.0,0.3382163653079855
2022-01-07 05:00:00+00:00,1791.800048828125,1797.0,1784.4000244140625,1797.0,17,0.0,-81085.0,0.41269533709878997
2022-01-09 00:00:00+00:00,1794.898,1796.069,1794.505,1795.087,1989,0.0,1972.0,0.1208439897698825
2022-01-10 00:00:00+00:00,1795.117,1802.899,1790.033,1801.195,77447,0.0,75458.0,0.47240789678221523
2022-01-10 05:00:00+00:00,1794.9000244140625,1798.699951171875,1790.4000244140625,1798.4000244140625,534,0.0,-76913.0,0.4216904681364258
2022-01-11 00:00:00+00:00,1801.217,1823.249,1801.217,1820.55,77430,0.0,76896.0,0.877496368917934
2022-01-11 05:00:00+00:00,1803.9000244140625,1822.5,1803.0,1818.5999755859375,743,0.0,-76687.0,0.7538436498397436
2022-01-12 00:00:00+00:00,1820.561,1828.061,1814.465,1825.288,74390,0.0,73647.0,0.3476757869961818
2022-01-12 05:00:00+00:00,1819.0,1827.199951171875,1816.9000244140625,1827.199951171875,1547,0.0,-72843.0,0.7961174253647321
2022-01-13 00:00:00+00:00,1825.318,1828.107,1812.206,1820.754,71649,0.0,70102.0,0.28702597320923584
2022-01-13 05:00:00+00:00,1819.800048828125,1823.0,1815.4000244140625,1821.199951171875,40,0.0,-71609.0,0.18419826852342633
2022-01-14 00:00:00+00:00,1820.785,1829.045,1814.63,1817.639,79130,0.0,79090.0,0.21824488380160897
2022-01-14 05:00:00+00:00,1821.5,1822.0,1816.5,1816.5,816,0.0,-78314.0,0.9090909090909091
2022-01-16 00:00:00+00:00,1817.663,1818.081,1815.859,1816.48,1634,0.0,818.0,0.532403240324034
2022-01-17 00:00:00+00:00,1816.477,1823.141,1813.109,1819.047,41111,0.0,39477.0,0.2561802232854762
2022-01-18 00:00:00+00:00,1819.095,1822.726,1805.622,1814.365,92036,0.0,50925.0,0.27654349859681987
2022-01-18 05:00:00+00:00,1816.800048828125,1820.0999755859375,1812.300048828125,1812.300048828125,900,0.0,-91136.0,0.5769284942955069
2022-01-19 00:00:00+00:00,1814.351,1843.326,1810.075,1838.495,83978,0.0,83078.0,0.7261135003458481
2022-01-19 05:00:00+00:00,1817.4000244140625,1843.0999755859375,1817.4000244140625,1843.0999755859375,4,0.0,-83974.0,1.0
2022-01-20 00:00:00+00:00,1838.496,1847.646,1835.68,1838.889,81810,0.0,81806.0,0.03284305532340007
2022-01-20 05:00:00+00:00,1840.5999755859375,1843.0,1838.199951171875,1842.5,20,0.0,-81790.0,0.39583439296068357
2022-01-21 00:00:00+00:00,1838.895,1843.095,1828.126,1834.664,85165,0.0,85145.0,0.2826508116774654
2022-01-21 05:00:00+00:00,1838.0,1842.4000244140625,1828.9000244140625,1831.800048828125,19,0.0,-85146.0,0.4592556423611111
2022-01-23 00:00:00+00:00,1833.144,1837.088,1833.123,1834.669,2717,0.0,2698.0,0.3846153846154155
2022-01-24 00:00:00+00:00,1834.699,1844.124,1829.487,1843.521,90979,0.0,88262.0,0.6027191364350566
2022-01-24 05:00:00+00:00,1837.9000244140625,1842.0999755859375,1837.9000244140625,1841.699951171875,8,0.0,-90971.0,0.90475498459571
2022-01-25 00:00:00+00:00,1843.527,1853.785,1834.517,1849.526,86388,0.0,86380.0,0.31134523562383304
2022-01-25 05:00:00+00:00,1843.0,1852.699951171875,1842.0,1852.699951171875,11,0.0,-86377.0,0.9065416295890661
2022-01-26 00:00:00+00:00,1849.505,1849.51,1814.84,1821.928,107560,0.0,107549.0,0.7954139025093724
2022-01-26 05:00:00+00:00,1829.9000244140625,1829.9000244140625,1829.9000244140625,1829.9000244140625,55,0.0,-107505.0,0.0
2022-01-27 00:00:00+00:00,1821.924,1821.949,1791.677,1797.205,109475,0.0,109420.0,0.8165631606765301
2022-01-27 05:00:00+00:00,1793.300048828125,1793.300048828125,1793.300048828125,1793.300048828125,196036,0.0,86561.0,0.0
2022-01-28 00:00:00+00:00,1797.232,1799.343,1779.895,1791.634,97691,0.0,-98345.0,0.2878445084327401
2022-01-28 05:00:00+00:00,1797.5,1798.4000244140625,1778.800048828125,1784.9000244140625,28521,0.0,-69170.0,0.6428566979939339
2022-01-30 00:00:00+00:00,1789.345,1790.575,1788.327,1789.464,2523,0.0,-25998.0,0.052935943060459074
2022-01-31 00:00:00+00:00,1789.494,1799.841,1785.425,1797.738,81387,0.0,78864.0,0.5718645948945739
2022-01-31 05:00:00+00:00,1788.5,1798.5,1785.0999755859375,1795.0,1735,0.0,-79652.0,0.4850737430880089
2022-02-01 00:00:00+00:00,1797.736,1808.434,1795.718,1800.694,81702,0.0,79967.0,0.2326203208556056
2022-02-01 05:00:00+00:00,1797.199951171875,1806.0999755859375,1797.0999755859375,1800.300048828125,223,0.0,-81479.0,0.3444552951388889
2022-02-02 00:00:00+00:00,1800.711,1810.736,1794.309,1807.83,73881,0.0,73658.0,0.4333718877457756
2022-02-02 05:00:00+00:00,1797.800048828125,1810.0999755859375,1795.0999755859375,1809.199951171875,1690,0.0,-72191.0,0.7599934895833333
2022-02-03 00:00:00+00:00,1807.797,1808.931,1788.521,1805.719,88784,0.0,87094.0,0.10181283684468233
2022-02-03 05:00:00+00:00,1805.800048828125,1808.0999755859375,1787.9000244140625,1803.0,466,0.0,-88318.0,0.13861661368882872
2022-02-04 00:00:00+00:00,1805.691,1814.862,1792.076,1807.732,93100,0.0,92634.0,0.08957254454489312
2022-02-04 05:00:00+00:00,1806.0,1813.699951171875,1792.5,1806.5999755859375,571,0.0,-92529.0,0.028300800368515
2022-02-06 00:00:00+00:00,1808.436,1811.438,1807.877,1810.028,2355,0.0,1784.0,0.4470654310587002
2022-02-07 00:00:00+00:00,1810.035,1823.503,1808.678,1822.004,75537,0.0,73182.0,0.8073524451939271
2022-02-07 05:00:00+00:00,1812.199951171875,1821.300048828125,1809.0999755859375,1820.5999755859375,601,0.0,-74936.0,0.6885224578009466
2022-02-08 00:00:00+00:00,1821.979,1828.737,1815.397,1826.134,67206,0.0,66605.0,0.3114692653673109
2022-02-08 05:00:00+00:00,1818.9000244140625,1827.5999755859375,1815.0,1826.5999755859375,108,0.0,-67098.0,0.6111084199614412
2022-02-09 00:00:00+00:00,1825.178,1835.783,1824.374,1832.541,64265,0.0,64157.0,0.645367692172838
2022-02-09 05:00:00+00:00,1825.4000244140625,1835.199951171875,1825.300048828125,1835.199951171875,683,0.0,-63582.0,0.989901356350185
2022-02-10 00:00:00+00:00,1832.543,1841.879,1821.482,1826.796,105547,0.0,104864.0,0.2817571211452597
2022-02-10 05:00:00+00:00,1833.300048828125,1842.0999755859375,1820.800048828125,1836.199951171875,365,0.0,-105182.0,0.13614611809340416
2022-02-11 00:00:00+00:00,1826.765,1865.332,1820.653,1858.955,125961,0.0,125596.0,0.7204727052977856
2022-02-11 05:00:00+00:00,1822.0,1864.800048828125,1822.0,1840.800048828125,181,0.0,-125780.0,0.43925297617349934
2022-02-13 00:00:00+00:00,1855.638,1861.547,1855.387,1859.538,4307,0.0,4126.0,0.6331168831168895
2022-02-14 00:00:00+00:00,1859.568,1874.102,1850.562,1871.048,110166,0.0,105859.0,0.48768054375530695
2022-02-14 05:00:00+00:00,1861.800048828125,1870.5999755859375,1854.5999755859375,1868.0,79,0.0,-110087.0,0.3874969482421875
2022-02-15 00:00:00+00:00,1871.07,1879.466,1844.081,1852.964,102218,0.0,102139.0,0.5116857425462766
2022-02-15 05:00:00+00:00,1872.5999755859375,1879.699951171875,1847.4000244140625,1854.800048828125,86,0.0,-102132.0,0.5510825733840764
2022-02-16 00:00:00+00:00,1852.951,1872.512,1850.275,1869.906,82881,0.0,82795.0,0.7624679588073948
2022-02-16 05:00:00+00:00,1858.699951171875,1870.199951171875,1856.300048828125,1870.199951171875,34,0.0,-82847.0,0.8273439421084062
2022-02-17 00:00:00+00:00,1869.938,1900.989,1867.772,1899.944,117792,0.0,117758.0,0.9033326308817705
2022-02-17 05:00:00+00:00,1876.300048828125,1900.699951171875,1876.199951171875,1900.699951171875,393,0.0,-117399.0,0.9959143813775511
2022-02-18 00:00:00+00:00,1899.977,1902.395,1886.288,1897.807,90006,0.0,89613.0,0.13472403302912253
2022-02-18 05:00:00+00:00,1899.4000244140625,1899.4000244140625,1890.699951171875,1898.5999755859375,51,0.0,-89955.0,0.0919588612479129
2022-02-20 00:00:00+00:00,1903.076,1906.406,1900.349,1904.863,3825,0.0,3774.0,0.29503054317319294
2022-02-21 00:00:00+00:00,1904.861,1914.09,1887.562,1909.377,78514,0.0,74689.0,0.17023522316042844
2022-02-22 00:00:00+00:00,1909.376,1913.754,1891.161,1898.158,103159,0.0,24645.0,0.4965254724914863
2022-02-22 05:00:00+00:00,1908.0999755859375,1912.0,1890.800048828125,1906.0999755859375,173,0.0,-102986.0,0.094339839926297
2022-02-23 00:00:00+00:00,1898.156,1911.524,1889.367,1910.758,84920,0.0,84747.0,0.5687593085706608
2022-02-23 05:00:00+00:00,1896.5999755859375,1910.5999755859375,1895.699951171875,1909.199951171875,73,0.0,-84847.0,0.8456345597692957
2022-02-24 00:00:00+00:00,1910.754,1974.331,1877.772,1906.531,248208,0.0,248135.0,0.04373491854720904
2022-02-24 05:00:00+00:00,1911.9000244140625,1972.5,1911.699951171875,1925.0999755859375,2706,0.0,-245502.0,0.21710428570854934
2022-02-25 00:00:00+00:00,1906.534,1921.484,1882.673,1889.003,146866,0.0,144160.0,0.45170183710804185
2022-02-25 05:00:00+00:00,1906.9000244140625,1920.0,1883.5999755859375,1886.5,586,0.0,-146280.0,0.5604398552595837
2022-02-27 00:00:00+00:00,1921.032,1927.297,1904.329,1910.211,13881,0.0,13295.0,0.47113375130615975
2022-02-28 00:00:00+00:00,1910.171,1919.174,1890.826,1906.268,142235,0.0,128354.0,0.13768167066459808
2022-02-28 05:00:00+00:00,1928.300048828125,1928.4000244140625,1894.199951171875,1899.4000244140625,390,0.0,-141845.0,0.8450281439284427
2022-03-01 00:00:00+00:00,1906.236,1950.209,1901.367,1942.269,137904,0.0,137514.0,0.737746202039225
2022-03-01 05:00:00+00:00,1908.300048828125,1942.4000244140625,1903.800048828125,1942.4000244140625,547,0.0,-137357.0,0.8834196153833991
2022-03-02 00:00:00+00:00,1942.264,1947.856,1913.468,1928.805,156253,0.0,155706.0,0.3913865301849443
2022-03-02 05:00:00+00:00,1945.5999755859375,1948.199951171875,1919.800048828125,1920.9000244140625,109,0.0,-156144.0,0.869719581177037
2022-03-03 00:00:00+00:00,1928.837,1941.243,1921.974,1934.87,121828,0.0,121719.0,0.31309356998286886
2022-03-03 05:00:00+00:00,1930.5,1940.300048828125,1924.800048828125,1934.4000244140625,122,0.0,-121706.0,0.2516144783266129
2022-03-04 00:00:00+00:00,1934.879,1970.844,1929.388,1970.317,152630,0.0,152508.0,0.854834040910845
2022-03-04 05:00:00+00:00,1937.0,1970.9000244140625,1935.5999755859375,1965.0999755859375,47,0.0,-152583.0,0.7960322016197636
2022-03-06 00:00:00+00:00,1981.416,1991.499,1981.269,1988.583,11607,0.0,11560.0,0.7005865102639425
2022-03-07 00:00:00+00:00,1988.6,2002.716,1960.799,1998.736,222741,0.0,211134.0,0.2418111983204956
2022-03-07 05:00:00+00:00,1989.0,2001.0999755859375,1963.0,1993.9000244140625,2516,0.0,-220225.0,0.12860964708520897
2022-03-08 00:00:00+00:00,1998.753,2070.292,1980.906,2043.828,317317,0.0,314801.0,0.5042735998926013
2022-03-08 05:00:00+00:00,1999.4000244140625,2072.0,1998.0,2040.0999755859375,1813,0.0,-315504.0,0.549999340160473
2022-03-09 00:00:00+00:00,2043.799,2059.09,1975.866,1989.867,262480,0.0,260667.0,0.6480342208978169
2022-03-09 05:00:00+00:00,2053.60009765625,2063.0,1980.800048828125,1985.9000244140625,1022,0.0,-261458.0,0.8236023534932624
2022-03-10 00:00:00+00:00,1989.862,2009.102,1970.412,1995.388,205989,0.0,204967.0,0.14282760403204528
2022-03-10 05:00:00+00:00,1978.0999755859375,2010.5,1978.0999755859375,1998.0999755859375,670,0.0,-205319.0,0.6172834854815558
2022-03-11 00:00:00+00:00,1995.419,1997.308,1958.306,1988.147,162907,0.0,162237.0,0.18645197682170583
2022-03-11 05:00:00+00:00,1985.0,1996.0,1959.9000244140625,1982.699951171875,865,0.0,-162042.0,0.06371330702564154
2022-03-13 00:00:00+00:00,1980.342,1983.847,1970.76,1974.302,8520,0.0,7655.0,0.4615267058913575
2022-03-14 00:00:00+00:00,1974.263,1978.865,1949.352,1952.184,132370,0.0,123850.0,0.7481110019313526
2022-03-14 04:00:00+00:00,1976.5,1977.699951171875,1959.5999755859375,1959.5999755859375,145,0.0,-132225.0,0.9337042657224751
2022-03-15 00:00:00+00:00,1952.176,1952.208,1906.916,1918.082,154070,0.0,153925.0,0.752759869292584
2022-03-15 04:00:00+00:00,1939.800048828125,1939.9000244140625,1910.699951171875,1928.5,71,0.0,-153999.0,0.38698700288871146
2022-03-16 00:00:00+00:00,1918.05,1929.424,1894.75,1927.034,152537,0.0,152466.0,0.2590990367422321
2022-03-16 04:00:00+00:00,1922.4000244140625,1922.4000244140625,1907.199951171875,1908.0,104,0.0,-152433.0,0.9473654622989263
2022-03-17 00:00:00+00:00,1927.03,1949.689,1925.557,1943.947,117718,0.0,117614.0,0.7010193933366432
2022-03-17 04:00:00+00:00,1933.9000244140625,1947.199951171875,1933.9000244140625,1942.0999755859375,39,0.0,-117679.0,0.6165410773452773
2022-03-18 00:00:00+00:00,1943.915,1945.34,1917.946,1921.271,113212,0.0,113173.0,0.8266043659195444
2022-03-18 04:00:00+00:00,1934.5,1939.300048828125,1928.199951171875,1928.199951171875,28,0.0,-113184.0,0.567566973122773
2022-03-20 00:00:00+00:00,1925.067,1926.334,1918.261,1918.985,4779,0.0,4751.0,0.7533754490276275
2022-03-21 00:00:00+00:00,1919.007,1941.097,1917.662,1935.611,98870,0.0,94091.0,0.7085129080435281
2022-03-21 04:00:00+00:00,1925.4000244140625,1928.5999755859375,1925.0,1928.5999755859375,5,0.0,-98865.0,0.8888813536333119
2022-03-22 00:00:00+00:00,1935.643,1938.331,1910.378,1919.665,109003,0.0,108998.0,0.5716023324866769
2022-03-22 04:00:00+00:00,1920.699951171875,1920.699951171875,1920.699951171875,1920.699951171875,26,0.0,-108977.0,0.0
2022-03-23 00:00:00+00:00,1919.663,1948.282,1915.575,1946.106,93504,0.0,93478.0,0.8084813648454484
2022-03-23 04:00:00+00:00,1936.5999755859375,1936.5999755859375,1936.5999755859375,1936.5999755859375,204,0.0,-93300.0,0.0
2022-03-24 00:00:00+00:00,1946.073,1966.151,1937.434,1959.217,111355,0.0,111151.0,0.4577079778528384
2022-03-24 04:00:00+00:00,1963.5999755859375,1964.0,1961.5999755859375,1961.5999755859375,8,0.0,-111347.0,0.8333248563145313
2022-03-25 00:00:00+00:00,1959.236,1964.253,1943.079,1958.243,99700,0.0,99692.0,0.04689713799944113
2022-03-25 04:00:00+00:00,1953.800048828125,1953.800048828125,1953.800048828125,1953.800048828125,83,0.0,-99617.0,0.0
2022-03-27 00:00:00+00:00,1955.588,1957.911,1954.787,1957.209,4352,0.0,4269.0,0.5188860435339572
2022-03-28 00:00:00+00:00,1957.203,1958.405,1916.892,1924.041,130302,0.0,125950.0,0.7988341001613976
2022-03-28 04:00:00+00:00,1932.5999755859375,1939.5999755859375,1932.5999755859375,1939.5999755859375,7,0.0,-130295.0,1.0
2022-03-29 00:00:00+00:00,1924.04,1929.272,1889.783,1916.354,134897,0.0,134890.0,0.19463648104535225
2022-03-29 04:00:00+00:00,1893.5,1912.0,1893.5,1912.0,128051,0.0,-6846.0,1.0
2022-03-30 00:00:00+00:00,1916.363,1938.387,1915.905,1934.044,107049,0.0,-21002.0,0.7864513833288881
2022-03-30 04:00:00+00:00,1918.4000244140625,1937.0,1914.5,1933.5,17765,0.0,-89284.0,0.6711100260416667
2022-03-31 00:00:00+00:00,1934.075,1949.703,1918.817,1936.702,110700,0.0,92935.0,0.08505471734766416
2022-03-31 04:00:00+00:00,1933.5,1949.9000244140625,1919.0999755859375,1949.199951171875,3617,0.0,-107083.0,0.5097378663094398
2022-04-01 00:00:00+00:00,1936.704,1939.493,1917.769,1924.495,111503,0.0,107886.0,0.562005155588294
2022-04-01 04:00:00+00:00,1935.0,1938.0,1917.0,1919.0999755859375,1016,0.0,-110487.0,0.7571440197172619
2022-04-03 00:00:00+00:00,1924.673,1924.995,1921.444,1924.674,3323,0.0,2307.0,0.00028161081384859833
2022-04-04 00:00:00+00:00,1924.635,1936.808,1915.22,1931.493,98262,0.0,94939.0,0.31767648693718537
2022-04-04 04:00:00+00:00,1921.199951171875,1936.0999755859375,1915.5999755859375,1929.199951171875,371,0.0,-97891.0,0.3902439024390244
2022-04-05 00:00:00+00:00,1931.51,1944.555,1917.767,1920.618,106471,0.0,106100.0,0.40659997013588356
2022-04-05 04:00:00+00:00,1927.0999755859375,1943.5,1918.4000244140625,1922.9000244140625,412,0.0,-106059.0,0.1673288947033105
2022-04-06 00:00:00+00:00,1920.617,1933.332,1914.737,1923.806,123666,0.0,123254.0,0.17149771443936937
2022-04-06 04:00:00+00:00,1916.699951171875,1931.800048828125,1916.699951171875,1918.4000244140625,138,0.0,-123528.0,0.11258690379951496
2022-04-07 00:00:00+00:00,1923.783,1937.538,1920.496,1932.938,99999,0.0,99861.0,0.5372022063138273
2022-04-07 04:00:00+00:00,1919.5,1934.800048828125,1919.5,1933.800048828125,311,0.0,-99688.0,0.9346407314621265
2022-04-08 00:00:00+00:00,1932.968,1948.146,1927.668,1947.868,91375,0.0,91064.0,0.7276101181755941
2022-04-08 04:00:00+00:00,1928.800048828125,1947.699951171875,1928.800048828125,1941.5999755859375,153,0.0,-91222.0,0.6772483013408428
2022-04-10 00:00:00+00:00,1948.292,1950.0,1943.18,1944.606,4961,0.0,4808.0,0.5404692082111373
2022-04-11 00:00:00+00:00,1944.61,1969.435,1939.975,1952.799,114249,0.0,109288.0,0.27797012898846124
2022-04-11 04:00:00+00:00,1946.5999755859375,1968.4000244140625,1941.800048828125,1944.300048828125,163,0.0,-114086.0,0.08646349130592408
2022-04-12 00:00:00+00:00,1952.772,1978.253,1949.605,1965.899,112600,0.0,112437.0,0.45821697849762616
2022-04-12 04:00:00+00:00,1952.5,1977.0999755859375,1950.5999755859375,1972.0999755859375,246,0.0,-112354.0,0.7396217202240566
2022-04-13 00:00:00+00:00,1965.931,1981.532,1962.845,1977.082,97485,0.0,97239.0,0.5967249959865215
2022-04-13 04:00:00+00:00,1969.5,1981.0,1969.5,1981.0,204,0.0,-97281.0,1.0
2022-04-14 00:00:00+00:00,1977.047,1980.308,1960.42,1973.111,95673,0.0,95469.0,0.1979082864038585
2022-04-14 04:00:00+00:00,1977.199951171875,1978.699951171875,1963.0,1970.9000244140625,101,0.0,-95572.0,0.40127046822274404
2022-04-17 00:00:00+00:00,1972.91,1987.767,1971.978,1986.463,7353,0.0,7252.0,0.8583824181392041
2022-04-18 00:00:00+00:00,1986.493,1998.024,1976.042,1977.192,100399,0.0,93046.0,0.4231189154762962
2022-04-18 04:00:00+00:00,1973.4000244140625,1997.0999755859375,1972.800048828125,1982.9000244140625,196,0.0,-100203.0,0.39094768040589756
2022-04-19 00:00:00+00:00,1977.161,1981.721,1943.618,1949.718,115035,0.0,114839.0,0.7202320027294422
2022-04-19 04:00:00+00:00,1973.800048828125,1978.300048828125,1945.699951171875,1955.699951171875,130,0.0,-114905.0,0.5552160563169325
2022-04-20 00:00:00+00:00,1949.748,1958.332,1939.088,1956.797,111044,0.0,110914.0,0.3662959883600045
2022-04-20 04:00:00+00:00,1945.5,1953.5999755859375,1945.5,1952.300048828125,621,0.0,-110423.0,0.8395147313691508
2022-04-21 00:00:00+00:00,1956.794,1957.397,1936.388,1950.897,109229,0.0,108608.0,0.2806892284259202
2022-04-21 04:00:00+00:00,1942.5,1944.9000244140625,1942.5,1944.9000244140625,4,0.0,-109225.0,1.0
2022-04-22 00:00:00+00:00,1950.864,1955.483,1926.197,1931.5,122157,0.0,122153.0,0.6612033053336063
2022-04-22 04:00:00+00:00,1949.5999755859375,1950.4000244140625,1930.199951171875,1931.0,178,0.0,-121979.0,0.9207875319526949
2022-04-24 00:00:00+00:00,1932.305,1934.435,1929.527,1932.663,4920,0.0,4742.0,0.07294213528931427
2022-04-25 00:00:00+00:00,1932.661,1932.726,1891.134,1899.375,142591,0.0,137671.0,0.8002981342565874
2022-04-25 04:00:00+00:00,1925.0,1925.0,1889.300048828125,1893.199951171875,748,0.0,-141843.0,0.8907588885773489
2022-04-26 00:00:00+00:00,1899.407,1910.939,1895.449,1906.529,119510,0.0,118762.0,0.4597805035506822
2022-04-26 04:00:00+00:00,1900.5,1909.0999755859375,1894.0,1901.4000244140625,302,0.0,-119208.0,0.059604362201796296
2022-04-27 00:00:00+00:00,1906.543,1906.789,1881.037,1885.633,120877,0.0,120575.0,0.8119757688723165
2022-04-27 04:00:00+00:00,1897.800048828125,1900.5999755859375,1882.199951171875,1885.9000244140625,1786,0.0,-119091.0,0.6467395991587774
2022-04-28 00:00:00+00:00,1885.625,1896.735,1871.981,1895.515,121984,0.0,120198.0,0.3995313888664514
2022-04-28 04:00:00+00:00,1883.800048828125,1893.0,1872.9000244140625,1888.699951171875,513,0.0,-121471.0,0.24377653210574582
2022-04-29 00:00:00+00:00,1895.526,1919.762,1894.415,1896.72,112102,0.0,111589.0,0.04710616641022452
2022-04-29 04:00:00+00:00,1902.699951171875,1918.199951171875,1902.4000244140625,1909.300048828125,132,0.0,-111970.0,0.4177296361824264
2022-05-01 00:00:00+00:00,1899.389,1899.899,1896.106,1897.236,6224,0.0,6092.0,0.5676245715791863
2022-05-02 00:00:00+00:00,1897.206,1898.451,1854.428,1863.149,110170,0.0,103946.0,0.7736183358698882
2022-05-02 04:00:00+00:00,1896.699951171875,1896.800048828125,1853.0,1861.800048828125,385,0.0,-109785.0,0.7968005351021432
2022-05-03 00:00:00+00:00,1863.117,1877.892,1850.192,1868.33,100166,0.0,99781.0,0.1881949458483739
2022-05-03 04:00:00+00:00,1868.800048828125,1868.800048828125,1868.800048828125,1868.800048828125,466,0.0,-99700.0,0.0
2022-05-04 00:00:00+00:00,1868.298,1894.144,1861.438,1893.932,120251,0.0,119785.0,0.7837705619763985
2022-05-04 04:00:00+00:00,1867.0,1867.0,1867.0,1867.0,1,0.0,-120250.0,0.0
2022-05-05 00:00:00+00:00,1893.971,1909.551,1872.327,1874.231,135609,0.0,135608.0,0.5303030303030315
2022-05-05 04:00:00+00:00,1897.0,1904.300048828125,1874.0,1874.0,80,0.0,-135529.0,0.7590746843500471
2022-05-06 00:00:00+00:00,1874.199,1892.504,1865.961,1883.631,115722,0.0,115642.0,0.3553479260068588
2022-05-06 04:00:00+00:00,1874.699951171875,1890.300048828125,1871.5,1881.199951171875,214,0.0,-115508.0,0.34574378287124213
2022-05-08 00:00:00+00:00,1883.561,1885.697,1879.889,1881.256,5207,0.0,4993.0,0.3968663911845453
2022-05-09 00:00:00+00:00,1881.244,1882.073,1851.677,1854.636,116492,0.0,111285.0,0.8753783392551581
2022-05-09 04:00:00+00:00,1866.5999755859375,1867.5,1854.0,1857.0999755859375,304,0.0,-116188.0,0.7037037037037037
2022-05-10 00:00:00+00:00,1854.605,1865.365,1833.109,1833.584,123340,0.0,123036.0,0.6516927083333303
2022-05-10 04:00:00+00:00,1839.9000244140625,1839.9000244140625,1839.9000244140625,1839.9000244140625,1540,0.0,-121800.0,0.0
2022-05-11 00:00:00+00:00,1833.614,1857.973,1832.015,1854.064,129678,0.0,128138.0,0.7878110794360181
2022-05-11 04:00:00+00:00,1841.5,1852.5999755859375,1841.0,1852.5999755859375,892,0.0,-128786.0,0.9568964610058194
2022-05-12 00:00:00+00:00,1854.063,1858.745,1810.519,1821.379,138180,0.0,137288.0,0.677725708124254
2022-05-12 04:00:00+00:00,1849.800048828125,1851.9000244140625,1822.199951171875,1823.800048828125,153,0.0,-138027.0,0.875418716579738
2022-05-13 00:00:00+00:00,1821.414,1828.559,1798.81,1811.491,105469,0.0,105316.0,0.3335574305018654
2022-05-13 04:00:00+00:00,1825.0,1825.0,1807.4000244140625,1807.4000244140625,335,0.0,-105134.0,1.0
2022-05-15 00:00:00+00:00,1813.943,1814.561,1809.718,1813.161,5868,0.0,5533.0,0.1614701631220215
2022-05-16 00:00:00+00:00,1813.19,1829.184,1786.381,1826.353,109847,0.0,103979.0,0.3075251734691504
2022-05-16 04:00:00+00:00,1790.5,1813.5,1787.0,1813.5,34,0.0,-109813.0,0.8679245283018868
2022-05-17 00:00:00+00:00,1826.388,1836.051,1812.886,1814.521,102806,0.0,102772.0,0.512281459097776
2022-05-17 04:00:00+00:00,1824.9000244140625,1828.5999755859375,1816.699951171875,1818.199951171875,121,0.0,-102685.0,0.5630302097758629
2022-05-18 00:00:00+00:00,1814.49,1824.673,1807.231,1816.015,96081,0.0,95960.0,0.08743263387226753
2022-05-18 04:00:00+00:00,1815.0,1819.699951171875,1805.0,1815.9000244140625,311,0.0,-95770.0,0.06122635398847387
2022-05-19 00:00:00+00:00,1816.029,1849.115,1810.833,1842.072,111091,0.0,110780.0,0.6802936105741587
2022-05-19 04:00:00+00:00,1810.9000244140625,1841.199951171875,1810.699951171875,1841.199951171875,138,0.0,-110953.0,0.9934402215676229
2022-05-20 00:00:00+00:00,1842.064,1849.365,1832.312,1846.487,90594,0.0,90456.0,0.2593678531636646
2022-05-20 04:00:00+00:00,1839.0999755859375,1841.800048828125,1836.300048828125,1841.800048828125,110,0.0,-90484.0,0.49092240767045453
2022-05-22 00:00:00+00:00,1848.976,1849.587,1843.478,1846.283,5062,0.0,4952.0,0.44082501227700843
2022-05-23 00:00:00+00:00,1846.284,1865.372,1845.756,1853.883,87084,0.0,82022.0,0.38738784665578807
2022-05-23 04:00:00+00:00,1846.300048828125,1863.0,1845.800048828125,1847.800048828125,216,0.0,-86868.0,0.08720954989993045
2022-05-24 00:00:00+00:00,1853.919,1869.656,1849.303,1867.329,80538,0.0,80322.0,0.658870928118703
2022-05-24 04:00:00+00:00,1852.5,1867.0,1852.5,1865.0999755859375,33,0.0,-80505.0,0.868963833512931
2022-05-25 00:00:00+00:00,1867.361,1867.995,1841.3,1853.974,82337,0.0,82304.0,0.5014796778423002
2022-05-25 04:00:00+00:00,1846.199951171875,1846.199951171875,1846.199951171875,1846.199951171875,0,0.0,-82337.0,0.0
2022-05-26 00:00:00+00:00,1853.944,1854.26,1840.804,1852.779,83103,0.0,83103.0,0.08657847800237604
2022-05-26 04:00:00+00:00,1840.4000244140625,1847.4000244140625,1840.4000244140625,1847.4000244140625,123355,0.0,40252.0,1.0
2022-05-27 00:00:00+00:00,1852.748,1862.113,1847.933,1853.024,77104,0.0,-46251.0,0.019464033850482277
2022-05-27 04:00:00+00:00,1848.300048828125,1860.699951171875,1845.9000244140625,1851.300048828125,30091,0.0,-47013.0,0.20270370584208314
2022-05-29 00:00:00+00:00,1852.618,1853.909,1848.158,1849.849,3394,0.0,-26697.0,0.48148148148146536
2022-05-30 00:00:00+00:00,1849.872,1863.953,1848.661,1852.384,53661,0.0,50267.0,0.16426889877059622
2022-05-31 00:00:00+00:00,1852.416,1857.07,1835.015,1836.404,92801,0.0,39140.0,0.726003173883476
2022-05-31 04:00:00+00:00,1850.300048828125,1862.0999755859375,1832.800048828125,1842.699951171875,4073,0.0,-88728.0,0.25938964691178
2022-06-01 00:00:00+00:00,1836.437,1849.923,1828.429,1845.949,96109,0.0,92036.0,0.44254210477343486
2022-06-01 04:00:00+00:00,1831.0,1847.9000244140625,1825.300048828125,1843.300048828125,1623,0.0,-94486.0,0.5442505360836992
2022-06-02 00:00:00+00:00,1845.953,1870.543,1844.065,1869.855,82910,0.0,81287.0,0.9027116851726033
2022-06-02 04:00:00+00:00,1845.4000244140625,1868.699951171875,1842.0999755859375,1866.5,551,0.0,-82359.0,0.7932328929313882
2022-06-03 00:00:00+00:00,1869.886,1873.967,1847.249,1850.96,77381,0.0,76830.0,0.7083614042967242
2022-06-03 04:00:00+00:00,1867.5999755859375,1871.800048828125,1845.4000244140625,1845.4000244140625,53,0.0,-77328.0,0.8409064637095469
2022-06-05 00:00:00+00:00,1850.955,1853.237,1850.103,1851.478,2805,0.0,2752.0,0.1668793873644339
2022-06-06 00:00:00+00:00,1851.48,1857.898,1837.957,1839.385,73853,0.0,71048.0,0.6065392909081865
2022-06-06 04:00:00+00:00,1849.0,1854.0999755859375,1839.199951171875,1839.199951171875,142,0.0,-73711.0,0.6577203201677849
2022-06-07 00:00:00+00:00,1839.404,1855.484,1836.939,1853.566,79483,0.0,79341.0,0.7636559719601053
2022-06-07 04:00:00+00:00,1836.9000244140625,1851.5999755859375,1835.0,1847.5,1168,0.0,-78315.0,0.6385536852787399
2022-06-08 00:00:00+00:00,1853.569,1859.61,1844.488,1852.692,74406,0.0,73238.0,0.057994974209758084
2022-06-08 04:00:00+00:00,1844.800048828125,1855.0,1844.4000244140625,1851.9000244140625,218,0.0,-74188.0,0.6698105602579605
2022-06-09 00:00:00+00:00,1852.695,1855.255,1840.008,1846.918,81409,0.0,81191.0,0.3788942086967939
2022-06-09 04:00:00+00:00,1846.0999755859375,1850.0999755859375,1837.9000244140625,1848.800048828125,159,0.0,-81250.0,0.22131836465149787
2022-06-10 00:00:00+00:00,1846.945,1875.847,1825.079,1871.532,115431,0.0,115272.0,0.48430113457295887
2022-06-10 04:00:00+00:00,1842.699951171875,1875.5999755859375,1823.9000244140625,1871.5,1490,0.0,-113941.0,0.5570614318837569
2022-06-12 00:00:00+00:00,1878.07,1878.832,1874.666,1876.949,6102,0.0,4612.0,0.2690830532884835
2022-06-13 00:00:00+00:00,1876.93,1877.351,1809.14,1821.013,138282,0.0,132180.0,0.8197651405198595
2022-06-13 04:00:00+00:00,1873.800048828125,1873.800048828125,1818.699951171875,1828.0,127,0.0,-138155.0,0.8312153839337144
2022-06-14 00:00:00+00:00,1820.98,1831.57,1805.064,1810.902,123222,0.0,123095.0,0.38021580019618306
2022-06-14 04:00:00+00:00,1825.0,1825.5,1805.300048828125,1809.5,536,0.0,-122686.0,0.7673285874859498
2022-06-15 00:00:00+00:00,1810.872,1841.828,1808.642,1833.827,151093,0.0,150557.0,0.6917073464714031
2022-06-15 04:00:00+00:00,1814.0999755859375,1839.0,1810.800048828125,1815.300048828125,108,0.0,-150985.0,0.04255586241526488
2022-06-16 00:00:00+00:00,1833.811,1857.493,1815.391,1850.809,130437,0.0,130329.0,0.40373378936867854
2022-06-16 04:00:00+00:00,1819.199951171875,1850.5999755859375,1814.9000244140625,1845.699951171875,136,0.0,-130301.0,0.7422979340340703
2022-06-17 00:00:00+00:00,1850.821,1852.917,1833.817,1840.248,108939,0.0,108803.0,0.5535602094240794
2022-06-17 04:00:00+00:00,1853.699951171875,1853.699951171875,1833.5999755859375,1835.5999755859375,170,0.0,-108769.0,0.9004973915789601
2022-06-19 00:00:00+00:00,1836.197,1840.32,1834.725,1838.432,5130,0.0,4960.0,0.3994638069705302
2022-06-20 00:00:00+00:00,1838.436,1846.093,1835.153,1839.091,63788,0.0,58658.0,0.05987202925045425
2022-06-21 00:00:00+00:00,1839.053,1843.581,1828.531,1831.32,90405,0.0,26617.0,0.5138205980066577
2022-06-21 04:00:00+00:00,1835.300048828125,1838.5999755859375,1830.0999755859375,1834.5999755859375,216,0.0,-90189.0,0.08236155790441177
2022-06-22 00:00:00+00:00,1831.288,1847.815,1823.291,1836.562,103019,0.0,102803.0,0.21505464035230235
2022-06-22 04:00:00+00:00,1829.5,1842.699951171875,1821.5999755859375,1834.300048828125,115,0.0,-102904.0,0.22749072900937803
2022-06-23 00:00:00+00:00,1836.593,1845.908,1822.481,1824.582,102430,0.0,102315.0,0.5126990224954119
2022-06-23 04:00:00+00:00,1835.5,1841.199951171875,1825.699951171875,1825.699951171875,9,0.0,-102421.0,0.6322612147177419
2022-06-24 00:00:00+00:00,1824.585,1831.621,1816.879,1827.1,94118,0.0,94109.0,0.17060100393432645
2022-06-24 04:00:00+00:00,1820.5,1826.5,1815.800048828125,1826.5,61,0.0,-94057.0,0.5607502224656034
2022-06-26 00:00:00+00:00,1836.268,1836.298,1829.99,1831.005,7001,0.0,6940.0,0.8343373493975786
2022-06-27 00:00:00+00:00,1830.973,1840.818,1820.729,1823.494,87966,0.0,80965.0,0.3722932948379742
2022-06-27 04:00:00+00:00,1830.5,1830.699951171875,1819.9000244140625,1820.9000244140625,77,0.0,-87889.0,0.8888926565166774
2022-06-28 00:00:00+00:00,1823.506,1829.452,1818.256,1818.377,79619,0.0,79542.0,0.45811003929976535
2022-06-28 04:00:00+00:00,1824.199951171875,1826.0,1817.5,1817.5,391,0.0,-79228.0,0.7882295496323529
2022-06-29 00:00:00+00:00,1818.347,1832.88,1811.848,1818.883,89385,0.0,88994.0,0.02548497527577284
2022-06-29 04:00:00+00:00,1818.300048828125,1830.300048828125,1812.800048828125,1813.699951171875,173,0.0,-89212.0,0.2628627232142857
2022-06-30 00:00:00+00:00,1818.896,1825.133,1802.627,1806.548,100818,0.0,100645.0,0.548653692348703
2022-06-30 04:00:00+00:00,1809.5999755859375,1817.300048828125,1801.0,1804.0999755859375,328,0.0,-100490.0,0.337422302104396
2022-07-01 00:00:00+00:00,1806.552,1809.394,1784.473,1809.341,112094,0.0,111766.0,0.111913647124914
2022-07-01 04:00:00+00:00,1795.5,1806.0999755859375,1791.5999755859375,1798.9000244140625,77,0.0,-112017.0,0.23448444234913793
2022-07-03 00:00:00+00:00,1810.342,1810.937,1808.034,1808.071,4033,0.0,3956.0,0.7822941784362204
2022-07-04 00:00:00+00:00,1808.062,1814.091,1803.765,1809.285,56438,0.0,52405.0,0.1184388921170064
2022-07-05 00:00:00+00:00,1809.287,1812.081,1763.729,1769.527,109579,0.0,53141.0,0.8223031105228348
2022-07-05 04:00:00+00:00,1805.4000244140625,1805.4000244140625,1761.800048828125,1761.800048828125,64,0.0,-109515.0,1.0
2022-07-06 00:00:00+00:00,1769.524,1772.784,1732.221,1739.958,124545,0.0,124481.0,0.7288908611295942
2022-07-06 04:00:00+00:00,1762.5,1768.0,1734.0,1734.9000244140625,1729,0.0,-122816.0,0.8117639878216911
2022-07-07 00:00:00+00:00,1739.989,1748.998,1736.482,1741.722,89377,0.0,87648.0,0.13846276765739346
2022-07-07 04:00:00+00:00,1745.199951171875,1745.199951171875,1737.0,1737.9000244140625,1869,0.0,-87508.0,0.8902402715336291
2022-07-08 00:00:00+00:00,1741.754,1752.349,1732.813,1742.249,93328,0.0,91459.0,0.02533783783784411
2022-07-08 04:00:00+00:00,1738.0999755859375,1749.300048828125,1732.0999755859375,1740.5999755859375,370,0.0,-92958.0,0.14534821827782232
2022-07-10 00:00:00+00:00,1741.119,1744.589,1740.873,1741.965,3889,0.0,3519.0,0.22766415500538958
2022-07-11 00:00:00+00:00,1741.998,1743.548,1731.223,1733.238,80153,0.0,76264.0,0.7107505070993881
2022-07-11 04:00:00+00:00,1732.5,1736.699951171875,1730.0,1730.0,75,0.0,-80078.0,0.37313704769886674
2022-07-12 00:00:00+00:00,1733.236,1743.94,1723.2,1725.287,99108,0.0,99033.0,0.3832690453230504
2022-07-12 04:00:00+00:00,1734.199951171875,1735.5,1723.300048828125,1723.300048828125,451,0.0,-98657.0,0.8934381941526085
2022-07-13 00:00:00+00:00,1725.317,1745.318,1706.931,1731.99,124092,0.0,123641.0,0.1738348920207365
2022-07-13 04:00:00+00:00,1710.0,1734.199951171875,1710.0,1734.199951171875,368,0.0,-123724.0,1.0
2022-07-14 00:00:00+00:00,1731.972,1733.521,1697.565,1711.655,129539,0.0,129171.0,0.5650517298920921
2022-07-14 04:00:00+00:00,1710.300048828125,1710.5,1704.5,1704.5,1289,0.0,-128250.0,0.9666748046875
2022-07-15 00:00:00+00:00,1711.692,1716.563,1698.877,1707.44,99113,0.0,97824.0,0.24041614836593445
2022-07-15 04:00:00+00:00,1705.4000244140625,1709.699951171875,1701.0999755859375,1702.4000244140625,721,0.0,-98392.0,0.3488381995997218
2022-07-17 00:00:00+00:00,1706.571,1710.646,1706.536,1710.292,4179,0.0,3458.0,0.905352798053551
2022-07-18 00:00:00+00:00,1710.261,1723.731,1706.616,1708.215,87733,0.0,83554.0,0.11954425942156284
2022-07-18 04:00:00+00:00,1712.199951171875,1712.4000244140625,1709.199951171875,1709.199951171875,264,0.0,-87469.0,0.9374785428189968
2022-07-19 00:00:00+00:00,1708.198,1718.373,1705.3,1709.954,78371,0.0,78107.0,0.1343226497360855
2022-07-19 04:00:00+00:00,1712.300048828125,1714.4000244140625,1706.0999755859375,1710.0,1684,0.0,-76687.0,0.27711268641350706
2022-07-20 00:00:00+00:00,1709.924,1714.476,1692.191,1695.406,83286,0.0,81602.0,0.6514695983845625
2022-07-20 04:00:00+00:00,1707.0999755859375,1708.5,1699.5,1699.5,130,0.0,-83156.0,0.8444417317708334
2022-07-21 00:00:00+00:00,1695.357,1720.269,1680.811,1718.076,117453,0.0,117323.0,0.5757767753053881
2022-07-21 04:00:00+00:00,1687.0,1715.5,1679.800048828125,1712.699951171875,183,0.0,-117270.0,0.719887572062615
2022-07-22 00:00:00+00:00,1718.046,1739.229,1712.809,1727.469,94924,0.0,94741.0,0.35666161998485907
2022-07-22 04:00:00+00:00,1713.300048828125,1735.0,1713.0,1727.0999755859375,61,0.0,-94863.0,0.6272693980823864
2022-07-24 00:00:00+00:00,1726.25,1727.089,1724.282,1724.673,3980,0.0,3919.0,0.5618097613110042
2022-07-25 00:00:00+00:00,1724.676,1736.012,1714.721,1718.99,81379,0.0,77399.0,0.2670611995678896
2022-07-25 04:00:00+00:00,1727.0,1732.0,1719.0,1719.0,67,0.0,-81312.0,0.6153846153846154
2022-07-26 00:00:00+00:00,1719.03,1728.145,1713.555,1717.929,79867,0.0,79800.0,0.07546264564769647
2022-07-26 04:00:00+00:00,1718.0,1718.0,1717.699951171875,1717.699951171875,1,0.0,-79866.0,1.0
2022-07-27 00:00:00+00:00,1717.896,1740.307,1711.358,1738.764,95605,0.0,95604.0,0.7208539155065766
2022-07-27 04:00:00+00:00,1719.0999755859375,1719.0999755859375,1719.0999755859375,1719.0999755859375,144865,0.0,49260.0,0.0
2022-07-28 00:00:00+00:00,1738.733,1757.039,1733.993,1754.908,113785,0.0,-31080.0,0.7018571552547045
2022-07-28 04:00:00+00:00,1732.300048828125,1755.0,1732.0,1750.300048828125,37236,0.0,-76549.0,0.782608695652174
2022-07-29 00:00:00+00:00,1754.898,1767.905,1752.116,1766.178,95368,0.0,58132.0,0.7144214326429925
2022-07-29 04:00:00+00:00,1754.0,1765.699951171875,1750.0,1762.9000244140625,3485,0.0,-91883.0,0.5668822989721182
2022-07-31 00:00:00+00:00,1765.356,1765.39,1760.893,1762.141,3687,0.0,202.0,0.7149210584834039
2022-08-01 00:00:00+00:00,1762.172,1775.302,1758.22,1772.228,88751,0.0,85064.0,0.588689848963828
2022-08-01 04:00:00+00:00,1763.9000244140625,1772.5,1756.0999755859375,1769.0,705,0.0,-88046.0,0.31097365815897404
2022-08-02 00:00:00+00:00,1772.261,1787.96,1754.784,1756.675,112395,0.0,111690.0,0.4697974439353763
2022-08-02 04:00:00+00:00,1772.0999755859375,1786.5999755859375,1759.4000244140625,1771.0999755859375,1078,0.0,-111317.0,0.036764771880694005
2022-08-03 00:00:00+00:00,1756.669,1772.769,1754.321,1763.586,92443,0.0,91365.0,0.3749457935819537
2022-08-03 04:00:00+00:00,1756.699951171875,1770.5,1753.0,1758.0,399,0.0,-92044.0,0.07428850446428571
2022-08-04 00:00:00+00:00,1763.617,1794.882,1763.358,1793.38,86652,0.0,86253.0,0.9441377997716038
2022-08-04 04:00:00+00:00,1769.4000244140625,1792.0999755859375,1767.699951171875,1788.5,285,0.0,-86367.0,0.7827851014333241
2022-08-05 00:00:00+00:00,1793.347,1794.863,1764.955,1775.628,98370,0.0,98085.0,0.5924501805536971
2022-08-05 04:00:00+00:00,1791.199951171875,1791.4000244140625,1764.199951171875,1772.9000244140625,645,0.0,-97725.0,0.6727896132804961
2022-08-07 00:00:00+00:00,1773.369,1775.046,1772.643,1774.558,3677,0.0,3032.0,0.4947981689555008
2022-08-08 00:00:00+00:00,1774.562,1790.651,1771.119,1789.176,73025,0.0,69348.0,0.7482080688101536
2022-08-08 04:00:00+00:00,1771.800048828125,1786.800048828125,1771.800048828125,1786.800048828125,127,0.0,-72898.0,1.0
2022-08-09 00:00:00+00:00,1789.146,1800.41,1783.177,1794.082,75714,0.0,75587.0,0.2864272036209655
2022-08-09 04:00:00+00:00,1790.0,1796.0999755859375,1789.0,1794.0,249,0.0,-75465.0,0.5633822189364373
2022-08-10 00:00:00+00:00,1794.086,1807.831,1787.574,1791.66,91465,0.0,91216.0,0.11976107024731948
2022-08-10 04:00:00+00:00,1804.4000244140625,1804.9000244140625,1787.800048828125,1795.5999755859375,601,0.0,-90864.0,0.5146234732265871
2022-08-11 00:00:00+00:00,1791.675,1799.215,1783.521,1788.95,82890,0.0,82289.0,0.17363323563144617
2022-08-11 04:00:00+00:00,1794.300048828125,1794.300048828125,1785.699951171875,1789.699951171875,1235,0.0,-81655.0,0.5348890024413785
2022-08-12 00:00:00+00:00,1788.923,1802.198,1784.81,1801.884,74529,0.0,73294.0,0.7453991258339029
2022-08-12 04:00:00+00:00,1786.300048828125,1800.4000244140625,1784.300048828125,1798.5999755859375,187,0.0,-74342.0,0.763971764563162
2022-08-14 00:00:00+00:00,1801.505,1801.765,1798.969,1799.103,3025,0.0,2838.0,0.8590844062947073
2022-08-15 00:00:00+00:00,1799.072,1801.693,1772.814,1778.509,84774,0.0,81749.0,0.7120398905779266
2022-08-15 04:00:00+00:00,1799.0,1799.0,1774.699951171875,1781.4000244140625,64,0.0,-84710.0,0.7242773753428511
2022-08-16 00:00:00+00:00,1778.547,1783.068,1771.198,1775.556,73288,0.0,73224.0,0.25197978096040546
2022-08-16 04:00:00+00:00,1777.4000244140625,1777.4000244140625,1771.4000244140625,1773.199951171875,308,0.0,-72980.0,0.70001220703125
2022-08-17 00:00:00+00:00,1775.564,1782.159,1759.7,1764.909,91786,0.0,91478.0,0.47442005432120504
2022-08-17 04:00:00+00:00,1769.699951171875,1769.699951171875,1760.0,1760.300048828125,23,0.0,-91763.0,0.9690669754096297
2022-08-18 00:00:00+00:00,1764.911,1772.362,1755.304,1758.387,80126,0.0,80103.0,0.38245984288897394
2022-08-18 04:00:00+00:00,1762.9000244140625,1762.9000244140625,1753.4000244140625,1755.300048828125,321,0.0,-79805.0,0.7999974300986842
2022-08-19 00:00:00+00:00,1758.39,1758.55,1745.49,1747.376,77218,0.0,76897.0,0.8433384379785734
2022-08-19 04:00:00+00:00,1753.699951171875,1754.300048828125,1747.5,1747.5999755859375,49,0.0,-77169.0,0.8970487918716117
2022-08-21 00:00:00+00:00,1745.586,1748.094,1744.969,1745.664,3670,0.0,3621.0,0.02495999999999185
2022-08-22 00:00:00+00:00,1745.668,1748.992,1727.749,1735.22,84051,0.0,80381.0,0.49183260368120774
2022-08-22 04:00:00+00:00,1740.5,1740.5,1726.5,1734.0,347,0.0,-83704.0,0.4642857142857143
2022-08-23 00:00:00+00:00,1735.227,1754.057,1730.736,1745.97,85337,0.0,84990.0,0.46065777625316146
2022-08-23 04:00:00+00:00,1738.0,1748.9000244140625,1731.9000244140625,1746.800048828125,509,0.0,-84828.0,0.5176499310661765
2022-08-24 00:00:00+00:00,1745.972,1755.904,1742.431,1750.98,78536,0.0,78027.0,0.3717063757143958
2022-08-24 04:00:00+00:00,1745.0,1751.800048828125,1743.5999755859375,1747.800048828125,187,0.0,-78349.0,0.3414663193152214
2022-08-25 00:00:00+00:00,1750.974,1765.437,1749.921,1756.377,78232,0.0,78045.0,0.3482211910286203
2022-08-25 04:00:00+00:00,1761.5999755859375,1761.800048828125,1755.0,1757.699951171875,172,0.0,-78060.0,0.5735288837827164
2022-08-26 00:00:00+00:00,1756.379,1758.757,1734.13,1737.998,101753,0.0,101581.0,0.7463759288585655
2022-08-26 04:00:00+00:00,1754.0,1755.0,1736.0999755859375,1736.0999755859375,202,0.0,-101551.0,0.9470900154363846
2022-08-28 00:00:00+00:00,1734.774,1738.525,1733.125,1734.735,6173,0.0,5971.0,0.007222222222219743
2022-08-29 00:00:00+00:00,1734.741,1745.407,1720.28,1739.526,90779,0.0,84606.0,0.19043260237991366
2022-08-29 04:00:00+00:00,1732.4000244140625,1741.199951171875,1732.0999755859375,1736.5999755859375,950,0.0,-89829.0,0.4615343340442942
2022-08-30 00:00:00+00:00,1739.51,1740.474,1721.131,1723.304,84201,0.0,83251.0,0.8378224680763083
2022-08-30 04:00:00+00:00,1736.4000244140625,1739.0,1720.699951171875,1723.199951171875,385,0.0,-83816.0,0.7213135531037795
2022-08-31 00:00:00+00:00,1723.302,1726.483,1705.48,1708.952,93057,0.0,92672.0,0.6832357282292986
2022-08-31 04:00:00+00:00,1718.300048828125,1720.9000244140625,1708.5,1712.800048828125,2133,0.0,-90924.0,0.4435475138067158
2022-09-01 00:00:00+00:00,1708.919,1708.919,1688.723,1697.174,97152,0.0,95019.0,0.5815508021390392
2022-09-01 04:00:00+00:00,1707.9000244140625,1707.9000244140625,1693.9000244140625,1696.5999755859375,683,0.0,-96469.0,0.8071463448660714
2022-09-02 00:00:00+00:00,1697.165,1717.932,1696.266,1712.532,91242,0.0,90559.0,0.7092679774762303
2022-09-02 04:00:00+00:00,1703.4000244140625,1715.699951171875,1703.0999755859375,1709.800048828125,182,0.0,-91060.0,0.5079394297561496
2022-09-04 00:00:00+00:00,1711.024,1711.509,1707.899,1707.958,3100,0.0,2918.0,0.8493074792242924
2022-09-05 00:00:00+00:00,1707.929,1715.705,1707.72,1713.927,51593,0.0,48493.0,0.7511584220413143
2022-09-06 00:00:00+00:00,1713.921,1726.337,1699.751,1703.478,95449,0.0,43856.0,0.39280072218460765
2022-09-06 04:00:00+00:00,1709.699951171875,1717.4000244140625,1699.699951171875,1700.4000244140625,697,0.0,-94752.0,0.5254174166718392
2022-09-07 00:00:00+00:00,1703.475,1719.426,1691.358,1716.553,95634,0.0,94937.0,0.4659398603391838
2022-09-07 04:00:00+00:00,1694.800048828125,1715.300048828125,1694.699951171875,1715.300048828125,651,0.0,-94983.0,0.9951409135082604
2022-09-08 00:00:00+00:00,1716.548,1727.938,1703.814,1710.648,106167,0.0,105516.0,0.244569723097334
2022-09-08 04:00:00+00:00,1718.199951171875,1718.199951171875,1705.300048828125,1708.0,1193,0.0,-104974.0,0.7906998750898975
2022-09-09 00:00:00+00:00,1710.618,1729.336,1709.683,1717.186,87211,0.0,86018.0,0.3341983412201688
2022-09-09 04:00:00+00:00,1719.199951171875,1720.0,1712.800048828125,1716.199951171875,635,0.0,-86576.0,0.41666949238750806
2022-09-11 00:00:00+00:00,1718.402,1720.155,1716.742,1718.396,3416,0.0,2781.0,0.0017579841781674402
2022-09-12 00:00:00+00:00,1718.365,1735.081,1711.946,1725.246,92489,0.0,89073.0,0.29742813918305977
2022-09-12 04:00:00+00:00,1727.4000244140625,1728.0999755859375,1727.4000244140625,1728.0999755859375,68,0.0,-92421.0,1.0
2022-09-13 00:00:00+00:00,1725.236,1731.772,1696.993,1702.141,114567,0.0,114499.0,0.6640501452025657
2022-09-13 04:00:00+00:00,1720.5,1720.5,1697.300048828125,1705.0,432,0.0,-114135.0,0.6681048544097993
2022-09-14 00:00:00+00:00,1702.176,1707.068,1693.596,1697.512,99560,0.0,99128.0,0.3461995249406171
2022-09-14 04:00:00+00:00,1698.699951171875,1701.800048828125,1696.5,1696.5,532,0.0,-99028.0,0.4150813026855221
2022-09-15 00:00:00+00:00,1697.494,1697.775,1660.181,1662.336,103852,0.0,103320.0,0.9352024259190258
2022-09-15 04:00:00+00:00,1685.5,1686.0,1662.300048828125,1665.4000244140625,1125,0.0,-102727.0,0.8481019830028329
2022-09-16 00:00:00+00:00,1662.338,1680.361,1654.107,1675.286,95571,0.0,94446.0,0.4931819913156101
2022-09-16 04:00:00+00:00,1660.4000244140625,1674.9000244140625,1651.699951171875,1671.699951171875,464,0.0,-95107.0,0.487064270868959
2022-09-18 00:00:00+00:00,1674.412,1679.963,1673.966,1677.946,4036,0.0,3572.0,0.5892946473236346
2022-09-19 00:00:00+00:00,1677.914,1678.74,1659.457,1675.744,84644,0.0,80608.0,0.11253435668724181
2022-09-19 04:00:00+00:00,1661.800048828125,1669.4000244140625,1658.5,1666.199951171875,580,0.0,-84064.0,0.4036598613553134
2022-09-20 00:00:00+00:00,1675.713,1679.43,1659.739,1666.4,87176,0.0,86596.0,0.47295718856329594
2022-09-20 04:00:00+00:00,1659.699951171875,1659.699951171875,1659.699951171875,1659.699951171875,2830,0.0,-84346.0,0.0
2022-09-21 00:00:00+00:00,1666.392,1687.883,1653.572,1667.04,141330,0.0,138500.0,0.018886071522249658
2022-09-21 04:00:00+00:00,1665.5,1680.0999755859375,1664.5999755859375,1664.5999755859375,2337,0.0,-138993.0,0.05806609122983871
2022-09-22 00:00:00+00:00,1667.076,1684.833,1655.368,1672.737,138880,0.0,136543.0,0.19212625148481352
2022-09-22 04:00:00+00:00,1668.300048828125,1670.800048828125,1668.300048828125,1670.800048828125,973,0.0,-137907.0,1.0
2022-09-23 00:00:00+00:00,1672.734,1675.933,1639.714,1643.877,118528,0.0,117555.0,0.7967365195063345
2022-09-23 04:00:00+00:00,1667.0,1667.0,1645.300048828125,1645.300048828125,1224,0.0,-117304.0,1.0
2022-09-25 00:00:00+00:00,1643.172,1645.673,1640.355,1644.085,5575,0.0,4351.0,0.1716810831139552
2022-09-26 00:00:00+00:00,1644.082,1649.598,1621.048,1627.669,150747,0.0,145172.0,0.5748861646234689
2022-09-26 04:00:00+00:00,1623.300048828125,1623.300048828125,1623.300048828125,1623.300048828125,1205,0.0,-149542.0,0.0
2022-09-27 00:00:00+00:00,1627.637,1642.334,1626.649,1628.797,114225,0.0,113020.0,0.07395600892572962
2022-09-27 04:00:00+00:00,1632.199951171875,1636.5999755859375,1626.699951171875,1626.699951171875,888,0.0,-113337.0,0.5555541855217568
2022-09-28 00:00:00+00:00,1628.795,1662.66,1614.427,1656.18,147566,0.0,146678.0,0.5677648083262474
2022-09-28 04:00:00+00:00,1620.4000244140625,1660.4000244140625,1620.4000244140625,1660.4000244140625,18311,0.0,-129255.0,1.0
2022-09-29 00:00:00+00:00,1656.15,1665.171,1641.435,1664.576,132543,0.0,114232.0,0.35498820357262784
2022-09-29 04:00:00+00:00,1657.0,1662.5999755859375,1640.0,1658.5,6028,0.0,-126515.0,0.06637175311522693
2022-09-30 00:00:00+00:00,1664.587,1675.424,1659.198,1660.963,121493,0.0,115465.0,0.2233452483668217
2022-09-30 04:00:00+00:00,1661.699951171875,1672.699951171875,1658.0,1662.4000244140625,548,0.0,-120945.0,0.04762418827124612
2022-10-02 00:00:00+00:00,1664.009,1665.394,1663.255,1664.122,4626,0.0,4078.0,0.05282842449745763
2022-10-03 00:00:00+00:00,1664.132,1702.553,1659.578,1701.0,126168,0.0,121542.0,0.857894124490979
2022-10-03 04:00:00+00:00,1667.199951171875,1700.0,1661.9000244140625,1692.9000244140625,410,0.0,-125758.0,0.6745430370216107
2022-10-04 00:00:00+00:00,1700.994,1729.469,1695.125,1725.562,120508,0.0,120098.0,0.7153505706964811
2022-10-04 04:00:00+00:00,1701.199951171875,1728.0,1696.0,1721.0999755859375,291,0.0,-120217.0,0.6218757629394531
2022-10-05 00:00:00+00:00,1725.547,1727.552,1700.445,1718.379,118197,0.0,117906.0,0.26443354115173673
2022-10-05 04:00:00+00:00,1724.0999755859375,1726.5999755859375,1703.0,1711.4000244140625,418,0.0,-117779.0,0.538134080928563
2022-10-06 00:00:00+00:00,1718.416,1725.491,1706.888,1711.869,108878,0.0,108460.0,0.35193248400795585
2022-10-06 04:00:00+00:00,1721.0,1723.300048828125,1709.0999755859375,1711.699951171875,133,0.0,-108745.0,0.654929638003215
2022-10-07 00:00:00+00:00,1711.89,1714.764,1690.453,1695.006,116039,0.0,115906.0,0.6945004319032565
2022-10-07 04:00:00+00:00,1710.0999755859375,1710.0999755859375,1693.699951171875,1700.5,179,0.0,-115860.0,0.5853634935875964
2022-10-09 00:00:00+00:00,1696.236,1699.857,1695.794,1696.695,4573,0.0,4394.0,0.11297071129703343
2022-10-10 00:00:00+00:00,1696.725,1697.232,1665.618,1670.1,101535,0.0,96962.0,0.8421901689125062
2022-10-10 04:00:00+00:00,1693.4000244140625,1693.4000244140625,1667.0,1667.300048828125,195,0.0,-101340.0,0.9886345245966829
2022-10-11 00:00:00+00:00,1670.065,1683.879,1660.867,1664.037,122719,0.0,122524.0,0.26195028680688487
2022-10-11 04:00:00+00:00,1661.800048828125,1678.699951171875,1661.0,1678.699951171875,167,0.0,-122552.0,0.9547993765431247
2022-10-12 00:00:00+00:00,1664.015,1678.298,1661.379,1674.46,118116,0.0,117949.0,0.6173532714699378
2022-10-12 04:00:00+00:00,1668.0,1672.699951171875,1668.0,1670.300048828125,149,0.0,-117967.0,0.48937717521167734
2022-10-13 00:00:00+00:00,1674.42,1682.36,1642.337,1663.418,152371,0.0,152222.0,0.27489193713615184
2022-10-13 04:00:00+00:00,1675.199951171875,1675.300048828125,1641.5,1670.0,729,0.0,-151642.0,0.15384448698038933
2022-10-14 00:00:00+00:00,1663.385,1671.694,1640.123,1644.267,126300,0.0,125571.0,0.605555731525767
2022-10-14 04:00:00+00:00,1665.300048828125,1667.0,1640.0,1641.699951171875,82,0.0,-126218.0,0.8740776909722222
2022-10-16 00:00:00+00:00,1646.163,1647.656,1644.094,1647.47,4635,0.0,4553.0,0.3669286917462251
2022-10-17 00:00:00+00:00,1647.455,1668.339,1646.361,1650.698,97286,0.0,92651.0,0.14755664755665618
2022-10-17 04:00:00+00:00,1650.199951171875,1657.0,1646.800048828125,1657.0,238,0.0,-97048.0,0.6666746451566576
2022-10-18 00:00:00+00:00,1650.73,1660.853,1645.81,1652.305,104392,0.0,104154.0,0.10469986040018832
2022-10-18 04:00:00+00:00,1651.4000244140625,1655.199951171875,1649.0,1649.0,597,0.0,-103795.0,0.3871037605827919
2022-10-19 00:00:00+00:00,1652.304,1653.366,1626.464,1627.097,103976,0.0,103379.0,0.9369935320794017
2022-10-19 04:00:00+00:00,1637.5,1637.5,1627.5,1627.5,84,0.0,-103892.0,1.0
2022-10-20 00:00:00+00:00,1627.064,1645.57,1622.403,1626.98,107867,0.0,107783.0,0.0036258471101161278
2022-10-20 04:00:00+00:00,1622.800048828125,1641.4000244140625,1622.800048828125,1630.800048828125,477,0.0,-107390.0,0.43010809143472184
2022-10-21 00:00:00+00:00,1626.979,1658.087,1616.886,1657.806,154335,0.0,153858.0,0.7482099949030359
2022-10-21 04:00:00+00:00,1634.0999755859375,1653.9000244140625,1634.0999755859375,1651.0,224,0.0,-154111.0,0.8535344816956635
2022-10-23 00:00:00+00:00,1659.975,1670.606,1656.61,1661.251,20027,0.0,19803.0,0.09116890540154748
2022-10-24 00:00:00+00:00,1661.219,1663.306,1643.853,1651.742,126304,0.0,106277.0,0.4871742147740761
2022-10-24 04:00:00+00:00,1662.699951171875,1662.699951171875,1648.699951171875,1648.699951171875,29,0.0,-126275.0,1.0
2022-10-25 00:00:00+00:00,1651.773,1662.281,1638.121,1652.755,107096,0.0,107067.0,0.040645695364246864
2022-10-25 04:00:00+00:00,1648.199951171875,1652.800048828125,1637.300048828125,1652.800048828125,880,0.0,-106216.0,0.2967804939516129
2022-10-26 00:00:00+00:00,1652.765,1674.834,1649.733,1667.513,110045,0.0,109165.0,0.5875463128958908
2022-10-26 04:00:00+00:00,1649.800048828125,1667.0,1649.800048828125,1664.0,89,0.0,-109956.0,0.8255809002001391
2022-10-27 00:00:00+00:00,1667.524,1670.754,1654.798,1661.862,122399,0.0,122310.0,0.35485083980946613
2022-10-27 04:00:00+00:00,1660.699951171875,1660.699951171875,1660.699951171875,1660.699951171875,2298,0.0,-120101.0,0.0
2022-10-28 00:00:00+00:00,1661.861,1666.992,1637.811,1644.761,109917,0.0,107619.0,0.5859977382543474
2022-10-28 04:00:00+00:00,1661.0,1661.0,1638.699951171875,1639.5999755859375,626,0.0,-109291.0,0.9596402491761641
2022-10-30 00:00:00+00:00,1643.727,1645.373,1643.003,1643.446,4695,0.0,4069.0,0.11856540084395038
2022-10-31 00:00:00+00:00,1643.413,1645.56,1631.677,1632.416,86329,0.0,81634.0,0.7921198588201427
2022-10-31 04:00:00+00:00,1641.800048828125,1641.800048828125,1633.4000244140625,1635.9000244140625,522,0.0,-85807.0,0.7023818173891562
2022-11-01 00:00:00+00:00,1632.419,1656.969,1630.689,1646.772,109639,0.0,109117.0,0.5461567732115621
2022-11-01 04:00:00+00:00,1630.800048828125,1653.699951171875,1630.800048828125,1645.0,985,0.0,-108654.0,0.6200878483549755
2022-11-02 00:00:00+00:00,1646.804,1669.428,1631.8,1633.721,137221,0.0,136236.0,0.3476932071861388
2022-11-02 04:00:00+00:00,1650.800048828125,1664.699951171875,1634.0,1645.699951171875,612,0.0,-136609.0,0.16612722371110245
2022-11-03 00:00:00+00:00,1633.718,1640.911,1616.624,1629.734,115066,0.0,114454.0,0.16403837443900626
2022-11-03 04:00:00+00:00,1629.199951171875,1629.199951171875,1615.0999755859375,1627.300048828125,1427,0.0,-113639.0,0.1347450803847386
2022-11-04 00:00:00+00:00,1629.737,1681.665,1629.315,1680.971,133186,0.0,131759.0,0.978681948424069
2022-11-04 04:00:00+00:00,1630.199951171875,1674.5,1629.0,1672.5,159,0.0,-133027.0,0.9296714028159341
2022-11-06 00:00:00+00:00,1675.168,1680.309,1672.277,1672.66,5337,0.0,5178.0,0.3122509960159156
2022-11-07 00:00:00+00:00,1672.698,1681.865,1666.852,1674.072,103068,0.0,97731.0,0.09152068207552146
2022-11-07 05:00:00+00:00,1676.9000244140625,1677.9000244140625,1672.9000244140625,1676.5,42,0.0,-103026.0,0.0800048828125
2022-11-08 00:00:00+00:00,1674.084,1716.901,1664.487,1711.587,118516,0.0,118474.0,0.7155149387568195
2022-11-08 05:00:00+00:00,1703.199951171875,1712.0999755859375,1703.199951171875,1712.0999755859375,23,0.0,-118493.0,1.0
2022-11-09 00:00:00+00:00,1711.583,1722.291,1702.124,1706.45,124413,0.0,124390.0,0.2545247185996955
2022-11-09 05:00:00+00:00,1707.4000244140625,1720.199951171875,1706.0,1710.0999755859375,497,0.0,-123916.0,0.19013806027887145
2022-11-10 00:00:00+00:00,1706.469,1757.196,1703.98,1752.196,145397,0.0,144900.0,0.8592716476247736
2022-11-10 05:00:00+00:00,1708.199951171875,1750.300048828125,1708.199951171875,1750.300048828125,325,0.0,-145072.0,1.0
2022-11-11 00:00:00+00:00,1752.192,1772.822,1747.23,1771.022,129635,0.0,129310.0,0.735776805251642
2022-11-11 05:00:00+00:00,1763.800048828125,1766.0,1757.5999755859375,1766.0,257,0.0,-129378.0,0.2618981878424135
2022-11-13 00:00:00+00:00,1763.488,1764.891,1761.422,1763.439,4142,0.0,3885.0,0.014125108100310594
2022-11-14 00:00:00+00:00,1763.447,1775.007,1753.101,1769.481,114629,0.0,110487.0,0.2754496484981338
2022-11-14 05:00:00+00:00,1762.0,1773.5999755859375,1761.5999755859375,1773.5999755859375,358,0.0,-114271.0,0.9666646321614584
2022-11-15 00:00:00+00:00,1769.516,1786.472,1767.047,1780.746,154447,0.0,154089.0,0.5781209781209804
2022-11-15 05:00:00+00:00,1770.800048828125,1773.800048828125,1769.9000244140625,1773.800048828125,57,0.0,-154390.0,0.7692259538639707
2022-11-16 00:00:00+00:00,1780.774,1784.992,1770.272,1773.843,121911,0.0,121854.0,0.47085597826085596
2022-11-16 05:00:00+00:00,1776.5999755859375,1778.9000244140625,1773.0,1773.0,303,0.0,-121608.0,0.6101628287091635
2022-11-17 00:00:00+00:00,1773.862,1774.762,1754.443,1760.058,111267,0.0,110964.0,0.6793641419361245
2022-11-17 05:00:00+00:00,1763.0,1763.0,1756.0,1760.800048828125,18,0.0,-111249.0,0.3142787388392857
2022-11-18 00:00:00+00:00,1760.026,1767.674,1747.487,1750.852,93341,0.0,93323.0,0.454450884232428
2022-11-18 05:00:00+00:00,1763.300048828125,1763.300048828125,1747.5999755859375,1751.9000244140625,414,0.0,-92927.0,0.7261128173230184
2022-11-20 00:00:00+00:00,1751.196,1752.595,1750.869,1752.261,2432,0.0,2018.0,0.6170336037079867
2022-11-21 00:00:00+00:00,1752.256,1752.986,1732.473,1738.506,101114,0.0,98682.0,0.6703066348169405
2022-11-21 05:00:00+00:00,1739.0,1744.9000244140625,1736.0999755859375,1737.4000244140625,544,0.0,-100570.0,0.18181439866833124
2022-11-22 00:00:00+00:00,1738.513,1749.596,1737.008,1741.139,89700,0.0,89156.0,0.20861137591356718
2022-11-22 05:00:00+00:00,1741.699951171875,1741.699951171875,1738.300048828125,1738.300048828125,15,0.0,-89685.0,1.0
2022-11-23 00:00:00+00:00,1741.14,1753.178,1726.319,1752.271,106091,0.0,106076.0,0.4144234707174428
2022-11-23 05:00:00+00:00,1736.5,1750.9000244140625,1736.5,1744.9000244140625,39,0.0,-106052.0,0.5833340397575552
2022-11-24 00:00:00+00:00,1752.302,1758.565,1752.297,1755.189,62916,0.0,62877.0,0.46059349074667477
2022-11-25 00:00:00+00:00,1755.375,1761.12,1745.947,1755.969,74191,0.0,11275.0,0.03914848744480662
2022-11-25 05:00:00+00:00,1753.0,1757.9000244140625,1749.199951171875,1753.300048828125,216,0.0,-73975.0,0.03448808070603752
2022-11-27 00:00:00+00:00,1753.479,1754.215,1749.919,1750.9,1548,0.0,1332.0,0.6003258845437751
2022-11-28 00:00:00+00:00,1750.883,1763.703,1739.601,1741.231,103651,0.0,102103.0,0.40046469172683175
2022-11-28 05:00:00+00:00,1741.300048828125,1741.300048828125,1740.0999755859375,1740.0999755859375,132767,0.0,29116.0,1.0
2022-11-29 00:00:00+00:00,1741.252,1758.749,1740.23,1748.884,96318,0.0,-36449.0,0.4121172849505945
2022-11-29 05:00:00+00:00,1739.5,1758.199951171875,1737.9000244140625,1748.4000244140625,19416,0.0,-76902.0,0.4384264298213437
2022-11-30 00:00:00+00:00,1748.92,1773.44,1744.645,1773.332,122025,0.0,102609.0,0.8477860739711746
2022-11-30 05:00:00+00:00,1748.0999755859375,1769.4000244140625,1745.0999755859375,1746.0,3339,0.0,-118686.0,0.08641857474405473
2022-12-01 00:00:00+00:00,1773.354,1804.439,1771.933,1802.253,122289,0.0,118950.0,0.8890358703008617
2022-12-01 05:00:00+00:00,1768.699951171875,1803.699951171875,1768.699951171875,1801.0999755859375,1053,0.0,-121236.0,0.9257149832589285
2022-12-02 00:00:00+00:00,1802.284,1802.96,1778.425,1797.945,117886,0.0,116833.0,0.1768493988180214
2022-12-02 05:00:00+00:00,1802.0,1802.300048828125,1779.4000244140625,1795.9000244140625,1725,0.0,-116161.0,0.26637419574939897
2022-12-04 00:00:00+00:00,1795.131,1799.341,1794.397,1798.946,3012,0.0,1287.0,0.7716423948219777
2022-12-05 00:00:00+00:00,1798.977,1809.886,1765.756,1769.348,110073,0.0,107061.0,0.6714026739179745
2022-12-05 05:00:00+00:00,1795.699951171875,1808.0,1764.300048828125,1767.4000244140625,1713,0.0,-108360.0,0.6475963015726697
2022-12-06 00:00:00+00:00,1769.314,1780.835,1767.201,1770.915,94670,0.0,92957.0,0.11742702068357662
2022-12-06 05:00:00+00:00,1768.5999755859375,1779.4000244140625,1767.9000244140625,1769.300048828125,105,0.0,-94565.0,0.06087593410326087
2022-12-07 00:00:00+00:00,1770.918,1790.489,1768.683,1786.964,105243,0.0,105138.0,0.735852517655692
2022-12-07 05:00:00+00:00,1769.300048828125,1790.300048828125,1769.300048828125,1785.5,422,0.0,-104821.0,0.7714262462797619
2022-12-08 00:00:00+00:00,1786.974,1794.664,1781.372,1789.207,87471,0.0,87049.0,0.1679957869395267
2022-12-08 05:00:00+00:00,1782.0,1790.9000244140625,1782.0,1788.699951171875,713,0.0,-86758.0,0.7528014374082761
2022-12-09 00:00:00+00:00,1789.21,1806.043,1788.466,1797.455,98078,0.0,97365.0,0.4690789099391188
2022-12-09 05:00:00+00:00,1794.9000244140625,1804.300048828125,1791.0999755859375,1798.0999755859375,125,0.0,-97953.0,0.24241919822444166
2022-12-11 00:00:00+00:00,1795.942,1796.635,1794.757,1794.954,2137,0.0,2012.0,0.5260915867945121
2022-12-12 00:00:00+00:00,1794.938,1795.446,1777.541,1781.893,86583,0.0,84446.0,0.7285674392627809
2022-12-12 05:00:00+00:00,1787.300048828125,1793.9000244140625,1777.699951171875,1780.5,85,0.0,-86498.0,0.419754202741295
2022-12-13 00:00:00+00:00,1781.894,1824.45,1780.983,1809.588,130034,0.0,129949.0,0.637127015897115
2022-12-13 05:00:00+00:00,1780.699951171875,1819.800048828125,1780.5,1813.9000244140625,205,0.0,-129829.0,0.8447845290825169
2022-12-14 00:00:00+00:00,1809.586,1814.085,1795.718,1807.616,129124,0.0,128919.0,0.10725758153209732
2022-12-14 05:00:00+00:00,1810.800048828125,1812.800048828125,1797.9000244140625,1807.5,1074,0.0,-128050.0,0.22147942422231506
2022-12-15 00:00:00+00:00,1807.617,1807.818,1773.434,1776.49,120652,0.0,119578.0,0.9052757096323854
2022-12-15 05:00:00+00:00,1801.0,1801.0,1774.800048828125,1777.199951171875,421,0.0,-120231.0,0.908400503191539
2022-12-16 00:00:00+00:00,1776.456,1794.228,1774.271,1793.062,95318,0.0,94897.0,0.8320889913313577
2022-12-16 05:00:00+00:00,1777.9000244140625,1791.4000244140625,1777.9000244140625,1790.0,206,0.0,-95112.0,0.8962944878472222
2022-12-18 00:00:00+00:00,1792.453,1793.006,1790.95,1791.017,2246,0.0,2040.0,0.6984435797664853
2022-12-19 00:00:00+00:00,1790.997,1798.712,1783.783,1787.255,82183,0.0,79937.0,0.25065309129881036
2022-12-19 05:00:00+00:00,1791.5999755859375,1796.300048828125,1785.5999755859375,1787.699951171875,79,0.0,-82104.0,0.3644857680679938
2022-12-20 00:00:00+00:00,1787.224,1821.02,1784.563,1817.199,125521,0.0,125442.0,0.8222014976547778
2022-12-20 05:00:00+00:00,1786.5,1821.4000244140625,1786.5,1815.9000244140625,51,0.0,-125470.0,0.8424069870339733
2022-12-21 00:00:00+00:00,1817.168,1823.76,1811.854,1814.892,90916,0.0,90865.0,0.19116411893161847
2022-12-21 05:00:00+00:00,1817.4000244140625,1821.4000244140625,1814.4000244140625,1815.9000244140625,35,0.0,-90881.0,0.21428571428571427
2022-12-22 00:00:00+00:00,1814.856,1820.365,1784.764,1793.44,99405,0.0,99370.0,0.6015561360635902
2022-12-22 05:00:00+00:00,1818.0999755859375,1818.0999755859375,1785.0,1787.0,411,0.0,-98994.0,0.939576994707824
2022-12-23 00:00:00+00:00,1793.461,1803.194,1791.14,1798.469,85411,0.0,85000.0,0.4154637464742074
2022-12-23 05:00:00+00:00,1794.300048828125,1802.800048828125,1794.0999755859375,1795.9000244140625,49,0.0,-85362.0,0.18390369154354505
2022-12-26 00:00:00+00:00,1799.575,1803.087,1799.248,1800.842,1600,0.0,1551.0,0.3300338629851711
2022-12-27 00:00:00+00:00,1800.845,1832.979,1800.238,1812.353,91864,0.0,90264.0,0.3514859045233818
2022-12-27 05:00:00+00:00,1803.4000244140625,1826.300048828125,1803.4000244140625,1814.800048828125,69,0.0,-91795.0,0.49781712927179006
2022-12-28 00:00:00+00:00,1812.377,1814.566,1796.946,1805.765,88176,0.0,88107.0,0.37525539160044313
2022-12-28 05:00:00+00:00,1803.199951171875,1807.9000244140625,1803.0999755859375,1807.9000244140625,434,0.0,-87742.0,0.979171964803418
2022-12-29 00:00:00+00:00,1805.728,1820.145,1804.34,1815.096,81990,0.0,81556.0,0.5927238215754445
2022-12-29 05:00:00+00:00,1805.800048828125,1819.5,1805.800048828125,1819.5,277,0.0,-81713.0,1.0
2022-12-30 00:00:00+00:00,1815.108,1825.985,1813.189,1823.51,88313,0.0,88036.0,0.6566114410753486
2022-12-30 05:00:00+00:00,1817.0,1822.300048828125,1816.800048828125,1819.699951171875,95,0.0,-88218.0,0.4909002130681818
2023-01-02 00:00:00+00:00,1825.968,1830.46,1823.998,1829.131,2383,0.0,2288.0,0.4894769421231842
2023-01-03 00:00:00+00:00,1829.11,1849.902,1826.747,1836.522,123212,0.0,120829.0,0.32010364931980323
2023-01-03 05:00:00+00:00,1836.199951171875,1839.699951171875,1836.199951171875,1839.699951171875,29,0.0,-123183.0,1.0
2023-01-04 00:00:00+00:00,1836.501,1865.086,1836.185,1854.827,124302,0.0,124273.0,0.6340957060309325
2023-01-04 05:00:00+00:00,1845.5999755859375,1859.0999755859375,1845.5999755859375,1852.800048828125,25,0.0,-124277.0,0.5333387586805556
2023-01-05 00:00:00+00:00,1854.794,1858.971,1824.835,1832.799,116567,0.0,116542.0,0.6443344269978949
2023-01-05 05:00:00+00:00,1855.199951171875,1855.199951171875,1834.800048828125,1834.800048828125,24,0.0,-116543.0,1.0
2023-01-06 00:00:00+00:00,1832.8,1869.783,1831.265,1865.989,119328,0.0,119304.0,0.8616490991224947
2023-01-06 05:00:00+00:00,1838.4000244140625,1868.199951171875,1835.300048828125,1864.199951171875,26,0.0,-119302.0,0.784194630374449
2023-01-08 00:00:00+00:00,1866.736,1869.922,1866.716,1869.602,3670,0.0,3644.0,0.8939488459138704
2023-01-09 00:00:00+00:00,1869.595,1881.424,1867.099,1870.487,108201,0.0,104531.0,0.062268760907507846
2023-01-09 05:00:00+00:00,1867.0,1880.0,1867.0,1872.699951171875,62,0.0,-108139.0,0.4384577824519231
2023-01-10 00:00:00+00:00,1870.477,1880.719,1867.789,1877.167,103765,0.0,103703.0,0.5174013921113529
2023-01-10 05:00:00+00:00,1877.800048828125,1878.0999755859375,1871.5999755859375,1871.5999755859375,101,0.0,-103664.0,0.953857421875
2023-01-11 00:00:00+00:00,1877.196,1886.576,1866.893,1876.939,100753,0.0,100652.0,0.013056952700291346
2023-01-11 05:00:00+00:00,1873.0999755859375,1877.800048828125,1873.0999755859375,1874.5999755859375,1236,0.0,-99517.0,0.3191439628080929
2023-01-12 00:00:00+00:00,1876.935,1901.404,1873.233,1898.022,133237,0.0,132001.0,0.748535728231158
2023-01-12 05:00:00+00:00,1877.199951171875,1897.4000244140625,1877.199951171875,1895.5,59,0.0,-133178.0,0.9059397264909747
2023-01-13 00:00:00+00:00,1898.023,1921.854,1892.282,1920.251,111562,0.0,111503.0,0.7516569728121189
2023-01-13 05:00:00+00:00,1899.0,1920.9000244140625,1898.300048828125,1918.4000244140625,512,0.0,-111050.0,0.8584090872263542
2023-01-15 00:00:00+00:00,1919.066,1920.45,1916.844,1916.893,2928,0.0,2416.0,0.6026067665002788
2023-01-16 00:00:00+00:00,1916.904,1928.951,1910.813,1917.856,69244,0.0,66316.0,0.052486492446796915
2023-01-17 00:00:00+00:00,1917.882,1918.996,1903.633,1908.691,101939,0.0,32695.0,0.59825554904641
2023-01-17 05:00:00+00:00,1920.0999755859375,1920.0999755859375,1905.199951171875,1907.199951171875,706,0.0,-101233.0,0.8657720320167785
2023-01-18 00:00:00+00:00,1908.674,1925.862,1896.559,1906.818,129160,0.0,128454.0,0.0633382247551441
2023-01-18 05:00:00+00:00,1911.0999755859375,1911.0999755859375,1903.0999755859375,1904.4000244140625,1027,0.0,-128133.0,0.837493896484375
2023-01-19 00:00:00+00:00,1906.848,1935.129,1900.95,1931.68,114677,0.0,113650.0,0.7265279850200477
2023-01-19 05:00:00+00:00,1922.0999755859375,1931.800048828125,1922.0999755859375,1922.0999755859375,371,0.0,-114306.0,0.0
2023-01-20 00:00:00+00:00,1931.683,1937.383,1920.58,1925.916,97925,0.0,97554.0,0.3432125215735294
2023-01-20 05:00:00+00:00,1922.0999755859375,1928.5,1921.4000244140625,1926.4000244140625,1346,0.0,-96579.0,0.6056427625810223
2023-01-22 00:00:00+00:00,1924.243,1927.327,1924.189,1927.258,2521,0.0,1175.0,0.960803059273479
2023-01-23 00:00:00+00:00,1927.232,1935.466,1911.296,1931.325,105366,0.0,102845.0,0.16934215970211422
2023-01-23 05:00:00+00:00,1926.5,1927.0999755859375,1915.0,1927.0999755859375,218,0.0,-105148.0,0.04958485921531834
2023-01-24 00:00:00+00:00,1931.313,1942.395,1916.962,1936.963,101115,0.0,100897.0,0.22215232178664984
2023-01-24 05:00:00+00:00,1931.800048828125,1936.800048828125,1931.800048828125,1933.9000244140625,201,0.0,-100914.0,0.4199951171875
2023-01-25 00:00:00+00:00,1936.953,1948.739,1919.693,1948.321,107036,0.0,106835.0,0.3913791916270715
2023-01-25 05:00:00+00:00,1941.199951171875,1941.199951171875,1939.800048828125,1941.199951171875,7,0.0,-107029.0,0.0
2023-01-26 00:00:00+00:00,1948.346,1949.116,1918.36,1930.718,113360,0.0,113353.0,0.573156457276625
2023-01-26 05:00:00+00:00,1936.5999755859375,1937.0999755859375,1927.0999755859375,1929.0999755859375,131,0.0,-113229.0,0.75
2023-01-27 00:00:00+00:00,1930.679,1935.025,1916.455,1928.265,92726,0.0,92595.0,0.1299946149703805
2023-01-27 05:00:00+00:00,1928.5999755859375,1928.5999755859375,1928.5999755859375,1928.5999755859375,150902,0.0,58176.0,0.0
2023-01-29 00:00:00+00:00,1926.737,1928.918,1926.408,1928.854,2431,0.0,-148471.0,0.843426294820705
2023-01-30 00:00:00+00:00,1928.859,1934.425,1920.627,1922.089,96194,0.0,93763.0,0.4906508189592681
2023-01-30 05:00:00+00:00,1928.300048828125,1933.5999755859375,1920.300048828125,1922.9000244140625,27220,0.0,-68974.0,0.4060191091571595
2023-01-31 00:00:00+00:00,1922.121,1931.088,1900.736,1927.336,110416,0.0,83196.0,0.1718173431734298
2023-01-31 05:00:00+00:00,1923.0,1930.4000244140625,1900.5999755859375,1929.5,1910,0.0,-108506.0,0.21812044797273494
2023-02-01 00:00:00+00:00,1927.329,1956.112,1920.494,1953.043,138664,0.0,136754.0,0.7219383457802185
2023-02-01 05:00:00+00:00,1927.199951171875,1955.0,1922.0,1927.800048828125,2290,0.0,-136374.0,0.018184777462121212
2023-02-02 00:00:00+00:00,1953.008,1959.639,1911.211,1915.002,144425,0.0,142135.0,0.7847939208722263
2023-02-02 05:00:00+00:00,1952.300048828125,1959.0999755859375,1911.300048828125,1916.300048828125,748,0.0,-143677.0,0.7531392293214362
2023-02-03 00:00:00+00:00,1914.998,1918.515,1861.424,1865.805,152562,0.0,151814.0,0.8616594559562782
2023-02-03 05:00:00+00:00,1912.4000244140625,1917.0,1861.5,1862.9000244140625,992,0.0,-151570.0,0.8918918918918919
2023-02-05 00:00:00+00:00,1864.169,1869.894,1863.718,1865.462,4303,0.0,3311.0,0.20935880829014042
2023-02-06 00:00:00+00:00,1865.429,1881.296,1862.982,1868.476,112453,0.0,108150.0,0.1663754504750471
2023-02-06 05:00:00+00:00,1865.5999755859375,1880.0,1863.4000244140625,1866.199951171875,424,0.0,-112029.0,0.03614316074330635
2023-02-07 00:00:00+00:00,1868.507,1884.428,1864.972,1872.894,137566,0.0,137142.0,0.225483141447364
2023-02-07 05:00:00+00:00,1870.0,1875.699951171875,1868.0,1871.699951171875,297,0.0,-137269.0,0.22077427946352135
2023-02-08 00:00:00+00:00,1872.893,1886.342,1868.977,1874.989,102312,0.0,102015.0,0.12070256262597193
2023-02-08 05:00:00+00:00,1872.0999755859375,1880.4000244140625,1872.0999755859375,1877.4000244140625,230,0.0,-102082.0,0.6385563432067536
2023-02-09 00:00:00+00:00,1874.983,1890.02,1858.842,1862.322,113690,0.0,113460.0,0.40608762589005404
2023-02-09 05:00:00+00:00,1875.300048828125,1884.5999755859375,1859.800048828125,1866.199951171875,223,0.0,-113467.0,0.3669405053135198
2023-02-10 00:00:00+00:00,1862.353,1872.159,1852.744,1865.314,115655,0.0,115432.0,0.1525109451455052
2023-02-10 05:00:00+00:00,1861.5999755859375,1863.5,1852.4000244140625,1862.800048828125,27,0.0,-115628.0,0.10811494429842408
2023-02-12 00:00:00+00:00,1863.97,1865.29,1862.633,1862.705,2215,0.0,2188.0,0.47610086563798854
2023-02-13 00:00:00+00:00,1862.739,1866.533,1850.417,1854.376,92835,0.0,90620.0,0.5189252916356456
2023-02-13 05:00:00+00:00,1859.0,1861.0,1850.0,1851.9000244140625,569,0.0,-92266.0,0.6454523259943182
2023-02-14 00:00:00+00:00,1854.38,1870.282,1843.14,1854.865,155839,0.0,155270.0,0.017868985336375473
2023-02-14 05:00:00+00:00,1854.0999755859375,1862.0,1846.199951171875,1854.0,656,0.0,-155183.0,0.00632754917564164
2023-02-15 00:00:00+00:00,1854.862,1860.066,1830.262,1836.361,117901,0.0,117245.0,0.6207556032747256
2023-02-15 05:00:00+00:00,1842.0,1842.0,1828.199951171875,1834.199951171875,368,0.0,-117533.0,0.565218929677134
2023-02-16 00:00:00+00:00,1836.353,1845.266,1827.404,1834.272,114968,0.0,114600.0,0.11650431082746174
2023-02-16 05:00:00+00:00,1838.5999755859375,1843.699951171875,1827.199951171875,1842.0,222,0.0,-114746.0,0.20606208570075757
2023-02-17 00:00:00+00:00,1834.288,1843.547,1818.861,1842.499,107722,0.0,107500.0,0.3326176780361354
2023-02-17 05:00:00+00:00,1827.4000244140625,1842.199951171875,1818.4000244140625,1840.4000244140625,35,0.0,-107687.0,0.5462201683344532
2023-02-19 00:00:00+00:00,1841.163,1841.687,1838.386,1838.659,2114,0.0,2079.0,0.7585580127234044
2023-02-20 00:00:00+00:00,1838.666,1847.39,1837.282,1841.674,51899,0.0,49785.0,0.29758607043925467
2023-02-21 00:00:00+00:00,1841.705,1843.801,1830.204,1835.548,100273,0.0,48374.0,0.4528204751047977
2023-02-21 05:00:00+00:00,1842.5999755859375,1843.0,1833.0,1833.0,862,0.0,-99411.0,0.95999755859375
2023-02-22 00:00:00+00:00,1835.552,1845.822,1823.473,1825.075,102612,0.0,101750.0,0.468790549912743
2023-02-22 05:00:00+00:00,1835.699951171875,1836.199951171875,1825.0999755859375,1832.0,278,0.0,-102334.0,0.33332966755012045
2023-02-23 00:00:00+00:00,1825.086,1833.723,1817.188,1823.166,99236,0.0,98958.0,0.11611732688237615
2023-02-23 05:00:00+00:00,1826.4000244140625,1827.5,1818.0,1818.0,291,0.0,-98945.0,0.8842130962171053
2023-02-24 00:00:00+00:00,1823.197,1827.755,1808.9,1810.778,100815,0.0,100524.0,0.6586581808538773
2023-02-24 05:00:00+00:00,1808.800048828125,1808.800048828125,1808.800048828125,1808.800048828125,404,0.0,-100411.0,0.0
2023-02-26 00:00:00+00:00,1811.891,1813.078,1811.239,1811.74,2182,0.0,1778.0,0.08210984230564007
2023-02-27 00:00:00+00:00,1811.728,1820.088,1806.267,1817.137,89135,0.0,86953.0,0.3913609724332474
2023-02-27 05:00:00+00:00,1811.5999755859375,1817.5,1808.9000244140625,1817.0,829,0.0,-88306.0,0.627911598132035
2023-02-28 00:00:00+00:00,1817.138,1831.104,1804.363,1825.551,94221,0.0,93392.0,0.3146105231666735
2023-02-28 05:00:00+00:00,1808.0999755859375,1830.0,1808.0999755859375,1828.9000244140625,618,0.0,-93603.0,0.9497728602881748
2023-03-01 00:00:00+00:00,1825.552,1844.574,1823.042,1836.554,103939,0.0,103321.0,0.5109604309864435
2023-03-01 05:00:00+00:00,1827.0999755859375,1841.699951171875,1827.0999755859375,1837.699951171875,211,0.0,-103728.0,0.7260269391236006
2023-03-02 00:00:00+00:00,1836.53,1838.932,1829.947,1837.818,96436,0.0,96225.0,0.14335002782415054
2023-03-02 05:00:00+00:00,1830.0,1836.300048828125,1830.0,1833.5,154,0.0,-96282.0,0.5555512497577989
2023-03-03 00:00:00+00:00,1837.787,1856.278,1837.756,1855.265,90673,0.0,90519.0,0.943634596695828
2023-03-03 05:00:00+00:00,1837.300048828125,1855.4000244140625,1837.300048828125,1847.699951171875,61,0.0,-90612.0,0.5745810150059012
2023-03-05 00:00:00+00:00,1853.694,1854.076,1852.152,1852.294,1832,0.0,1771.0,0.727650727650665
2023-03-06 00:00:00+00:00,1852.302,1858.123,1845.066,1846.323,84791,0.0,82959.0,0.45791529447804297
2023-03-06 05:00:00+00:00,1853.300048828125,1853.800048828125,1844.199951171875,1847.9000244140625,5,0.0,-84786.0,0.5624968211179492
2023-03-07 00:00:00+00:00,1846.303,1851.468,1812.67,1813.936,110317,0.0,110312.0,0.8342440331975923
2023-03-07 05:00:00+00:00,1840.9000244140625,1840.9000244140625,1813.9000244140625,1813.9000244140625,450,0.0,-109867.0,1.0
2023-03-08 00:00:00+00:00,1813.935,1824.235,1809.372,1815.196,96063,0.0,95613.0,0.08484155284935624
2023-03-08 05:00:00+00:00,1811.5999755859375,1812.9000244140625,1811.5,1812.699951171875,75,0.0,-95988.0,0.7856831458714797
2023-03-09 00:00:00+00:00,1815.209,1835.368,1811.922,1831.569,90827,0.0,90752.0,0.6977736074383674
2023-03-09 05:00:00+00:00,1816.4000244140625,1829.300048828125,1815.5999755859375,1829.300048828125,332,0.0,-90495.0,0.9416025875203821
2023-03-10 00:00:00+00:00,1831.565,1870.031,1827.702,1867.109,141641,0.0,141309.0,0.8397080016064615
2023-03-10 05:00:00+00:00,1852.300048828125,1868.5,1852.0,1862.0,248,0.0,-141393.0,0.5878758285984849
2023-03-12 00:00:00+00:00,1883.238,1894.368,1875.749,1877.746,25382,0.0,25134.0,0.29496750631075713
2023-03-13 00:00:00+00:00,1877.716,1914.577,1871.496,1912.025,194915,0.0,169533.0,0.7963835565562608
2023-03-13 04:00:00+00:00,1890.800048828125,1913.0999755859375,1875.0999755859375,1911.699951171875,503,0.0,-194412.0,0.5499974300986842
2023-03-14 00:00:00+00:00,1912.055,1914.113,1895.228,1903.064,151655,0.0,151152.0,0.4760921366163616
2023-03-14 04:00:00+00:00,1912.199951171875,1912.199951171875,1901.0999755859375,1906.199951171875,107,0.0,-151548.0,0.5405417294432042
2023-03-15 00:00:00+00:00,1903.055,1937.287,1885.551,1921.155,193157,0.0,193050.0,0.3498531003556493
2023-03-15 04:00:00+00:00,1903.9000244140625,1926.5999755859375,1898.5,1926.5999755859375,564,0.0,-192593.0,0.8078281457025566
2023-03-16 00:00:00+00:00,1921.145,1933.437,1907.298,1921.294,165432,0.0,164868.0,0.005700294578986005
2023-03-16 04:00:00+00:00,1909.9000244140625,1931.699951171875,1909.9000244140625,1919.0,394,0.0,-165038.0,0.4174314752078842
2023-03-17 00:00:00+00:00,1921.306,1988.311,1918.196,1988.129,151326,0.0,150932.0,0.9530485630749462
2023-03-17 04:00:00+00:00,1946.0,1985.0999755859375,1946.0,1969.800048828125,82,0.0,-151244.0,0.6086972810459965
2023-03-19 00:00:00+00:00,1985.925,1988.132,1975.037,1976.936,11961,0.0,11879.0,0.6864452080946937
2023-03-20 00:00:00+00:00,1976.968,2009.668,1965.507,1976.585,190895,0.0,178934.0,0.008672810851204448
2023-03-20 04:00:00+00:00,1988.300048828125,2003.9000244140625,1968.9000244140625,1979.199951171875,389,0.0,-190506.0,0.2600027901785714
2023-03-21 00:00:00+00:00,1976.581,1985.121,1935.343,1943.106,139953,0.0,139564.0,0.6724858371167964
2023-03-21 04:00:00+00:00,1973.800048828125,1973.800048828125,1938.0,1938.0,47,0.0,-139906.0,1.0
2023-03-22 00:00:00+00:00,1943.074,1978.802,1934.107,1969.706,164665,0.0,164618.0,0.5958608345452483
2023-03-22 04:00:00+00:00,1946.800048828125,1974.0,1946.800048828125,1946.800048828125,50,0.0,-164615.0,0.0
2023-03-23 00:00:00+00:00,1969.755,2003.277,1966.317,1991.324,156339,0.0,156289.0,0.5835768398268382
2023-03-23 04:00:00+00:00,1990.5,1994.5999755859375,1990.5,1993.800048828125,33,0.0,-156306.0,0.8048947509453063
2023-03-24 00:00:00+00:00,1991.292,2002.989,1975.165,1978.777,158796,0.0,158763.0,0.44979154686600925
2023-03-24 04:00:00+00:00,1991.699951171875,1995.4000244140625,1982.0999755859375,1982.0999755859375,19,0.0,-158777.0,0.7218000256989188
2023-03-26 00:00:00+00:00,1976.4,1976.735,1969.353,1975.691,7621,0.0,7602.0,0.09604443240315307
2023-03-27 00:00:00+00:00,1975.658,1978.691,1943.944,1958.071,122547,0.0,114926.0,0.5061444153452083
2023-03-27 04:00:00+00:00,1957.199951171875,1957.199951171875,1952.4000244140625,1952.4000244140625,877,0.0,-121670.0,1.0
2023-03-28 00:00:00+00:00,1958.04,1975.255,1949.141,1971.867,105017,0.0,104140.0,0.5294860994102772
2023-03-28 04:00:00+00:00,1972.4000244140625,1972.4000244140625,1972.4000244140625,1972.4000244140625,21,0.0,-104996.0,0.0
2023-03-29 00:00:00+00:00,1971.898,1972.854,1958.665,1963.197,94574,0.0,94553.0,0.6132215096201264
2023-03-29 04:00:00+00:00,1966.0999755859375,1966.0999755859375,1966.0999755859375,1966.0999755859375,88563,0.0,-6011.0,0.0
2023-03-30 00:00:00+00:00,1963.201,1984.251,1955.345,1978.386,99978,0.0,11415.0,0.5253234622569699
2023-03-30 04:00:00+00:00,1965.9000244140625,1984.4000244140625,1954.9000244140625,1980.300048828125,10119,0.0,-89859.0,0.488136420815678
2023-03-31 00:00:00+00:00,1978.412,1987.544,1966.806,1969.376,102316,0.0,92197.0,0.4357218632462163
2023-03-31 04:00:00+00:00,1981.300048828125,1986.800048828125,1968.0,1969.0,957,0.0,-101359.0,0.6542562171287579
2023-04-02 00:00:00+00:00,1966.275,1967.407,1956.964,1957.027,9069,0.0,8112.0,0.8855692808579969
2023-04-03 00:00:00+00:00,1957.063,1990.476,1949.542,1984.935,111853,0.0,102784.0,0.6809009625250332
2023-04-03 04:00:00+00:00,1968.0999755859375,1991.699951171875,1950.0,1983.9000244140625,737,0.0,-111116.0,0.3788984970989971
2023-04-04 00:00:00+00:00,1984.929,2024.982,1976.821,2021.734,124055,0.0,123318.0,0.764207553829858
2023-04-04 04:00:00+00:00,1984.5999755859375,2027.0999755859375,1979.0,2022.199951171875,811,0.0,-123244.0,0.7817046709048688
2023-04-05 00:00:00+00:00,2021.748,2032.046,2009.719,2020.287,116543,0.0,115732.0,0.06543646705782294
2023-04-05 04:00:00+00:00,2022.0999755859375,2033.800048828125,2013.5999755859375,2020.9000244140625,525,0.0,-116018.0,0.05940330797261284
2023-04-06 00:00:00+00:00,2020.269,2020.907,2000.61,2007.761,97624,0.0,97099.0,0.6162487067054255
2023-04-06 04:00:00+00:00,2022.199951171875,2023.300048828125,2005.0,2011.9000244140625,0,0.0,-97624.0,0.5628360259882332
2023-04-09 00:00:00+00:00,1997.006,2006.495,1995.817,2005.497,5721,0.0,5721.0,0.795186364487739
2023-04-10 00:00:00+00:00,2005.529,2005.86,1981.436,1992.389,96556,0.0,90835.0,0.537995414346549
2023-04-10 04:00:00+00:00,2000.0,2006.5999755859375,1984.0,1989.0999755859375,652,0.0,-95904.0,0.4823024862400683
2023-04-11 00:00:00+00:00,1992.356,2007.41,1988.773,2004.659,84783,0.0,84131.0,0.6601384342973654
2023-04-11 04:00:00+00:00,1991.4000244140625,2006.5,1991.4000244140625,2004.800048828125,68,0.0,-84715.0,0.8874202701719497
2023-04-12 00:00:00+00:00,2004.675,2028.014,2000.847,2018.149,122568,0.0,122500.0,0.49596937460889956
2023-04-12 04:00:00+00:00,2005.199951171875,2025.699951171875,2005.199951171875,2010.9000244140625,172,0.0,-122396.0,0.27805235327743905
2023-04-13 00:00:00+00:00,2018.118,2048.597,2015.276,2039.713,108710,0.0,108538.0,0.6480897932234908
2023-04-13 04:00:00+00:00,2015.5999755859375,2048.60009765625,2015.5999755859375,2041.300048828125,1043,0.0,-107667.0,0.7787872174360151
2023-04-14 00:00:00+00:00,2039.712,2047.392,1992.364,2004.252,132326,0.0,131283.0,0.6443992149451193
2023-04-14 04:00:00+00:00,2041.0,2047.800048828125,1995.0,2002.199951171875,718,0.0,-131608.0,0.7348487300537756
2023-04-16 00:00:00+00:00,2001.207,2005.006,1999.651,2002.848,5116,0.0,4398.0,0.3064425770307831
2023-04-17 00:00:00+00:00,2002.866,2014.998,1980.899,1993.906,109437,0.0,104321.0,0.26276430393853173
2023-04-17 04:00:00+00:00,2002.699951171875,2007.5999755859375,1983.199951171875,1994.199951171875,554,0.0,-108883.0,0.3483603071766266
2023-04-18 00:00:00+00:00,1993.915,2011.823,1990.998,2005.718,97027,0.0,96473.0,0.5667707082833174
2023-04-18 04:00:00+00:00,1996.9000244140625,2007.4000244140625,1996.9000244140625,2007.4000244140625,72,0.0,-96955.0,1.0
2023-04-19 00:00:00+00:00,2005.719,2008.077,1969.176,1993.616,113419,0.0,113347.0,0.3111231073751329
2023-04-19 04:00:00+00:00,2005.699951171875,2006.4000244140625,1969.800048828125,1995.199951171875,61,0.0,-113358.0,0.28688543726882504
2023-04-20 00:00:00+00:00,1993.651,2012.147,1990.476,2005.313,109836,0.0,109775.0,0.5381385261409317
2023-04-20 04:00:00+00:00,1998.0,2007.5999755859375,1998.0,2007.5999755859375,164,0.0,-109672.0,1.0
2023-04-21 00:00:00+00:00,2005.287,2005.508,1971.584,1982.886,118258,0.0,118094.0,0.6603289706402571
2023-04-21 04:00:00+00:00,1996.199951171875,1996.199951171875,1974.0999755859375,1979.5,132,0.0,-118126.0,0.7556547339582309
2023-04-23 00:00:00+00:00,1982.082,1985.343,1981.789,1984.62,3555,0.0,3423.0,0.7141249296566463
2023-04-24 00:00:00+00:00,1984.618,1996.42,1974.028,1995.016,100103,0.0,96548.0,0.4643622722400908
2023-04-24 04:00:00+00:00,1981.300048828125,1989.800048828125,1977.4000244140625,1989.0999755859375,145,0.0,-99958.0,0.6290251129640385
2023-04-25 00:00:00+00:00,1995.015,2003.83,1976.067,2000.172,125714,0.0,125569.0,0.18575081943593777
2023-04-25 04:00:00+00:00,1995.699951171875,1999.0999755859375,1982.300048828125,1994.0,306,0.0,-125408.0,0.10118801089918256
2023-04-26 00:00:00+00:00,2000.178,2009.122,1983.348,1991.647,127311,0.0,127005.0,0.3309924730348467
2023-04-26 04:00:00+00:00,1997.800048828125,1998.800048828125,1985.5999755859375,1985.699951171875,615,0.0,-126696.0,0.9166689785915754
2023-04-27 00:00:00+00:00,1991.617,2003.178,1973.966,1986.914,121201,0.0,120586.0,0.160995481309049
2023-04-27 04:00:00+00:00,1990.5999755859375,2002.300048828125,1979.9000244140625,1989.9000244140625,355,0.0,-120846.0,0.031247786115607
2023-04-28 00:00:00+00:00,1986.879,1994.994,1975.823,1989.376,121129,0.0,120774.0,0.1302488133117779
2023-04-28 04:00:00+00:00,1986.9000244140625,1990.0999755859375,1977.699951171875,1990.0999755859375,152,0.0,-120977.0,0.2580600702887351
2023-04-30 00:00:00+00:00,1989.602,1991.877,1986.62,1986.895,4632,0.0,4480.0,0.5149324709910739
2023-05-01 00:00:00+00:00,1986.927,2005.903,1977.054,1981.373,116651,0.0,112019.0,0.1925196713924182
2023-05-01 04:00:00+00:00,1980.0999755859375,2005.0,1976.9000244140625,1983.4000244140625,210,0.0,-116441.0,0.11743956211038467
2023-05-02 00:00:00+00:00,1981.385,2019.233,1978.455,2015.905,122117,0.0,121907.0,0.8465348962675944
2023-05-02 04:00:00+00:00,1994.699951171875,2018.0,1994.699951171875,2014.300048828125,1896,0.0,-120221.0,0.8412041451428691
2023-05-03 00:00:00+00:00,2015.916,2079.817,2007.571,2051.957,152920,0.0,151024.0,0.49886498906513704
2023-05-03 04:00:00+00:00,2017.0999755859375,2035.0999755859375,2015.199951171875,2028.5999755859375,1349,0.0,-151571.0,0.5778887382607149
2023-05-04 00:00:00+00:00,2051.959,2059.537,2030.327,2049.922,166002,0.0,164653.0,0.0697363916466902
2023-05-04 04:00:00+00:00,2045.0,2072.0,2040.0,2048.0,930,0.0,-165072.0,0.09375
2023-05-05 00:00:00+00:00,2049.924,2052.957,1999.287,2016.65,127091,0.0,126161.0,0.6199739146636851
2023-05-05 04:00:00+00:00,2046.4000244140625,2046.4000244140625,2004.300048828125,2017.4000244140625,59,0.0,-127032.0,0.6888365039738114
2023-05-07 00:00:00+00:00,2016.428,2017.281,2014.174,2016.006,4614,0.0,4555.0,0.1358223366591662
2023-05-08 00:00:00+00:00,2015.976,2029.32,2015.15,2021.237,91195,0.0,86581.0,0.371277346506706
2023-05-08 04:00:00+00:00,2022.5,2026.300048828125,2022.5,2026.300048828125,3,0.0,-91192.0,1.0
2023-05-09 00:00:00+00:00,2021.266,2037.561,2019.483,2036.27,93231,0.0,93228.0,0.8299590662683884
2023-05-09 04:00:00+00:00,2026.5999755859375,2037.300048828125,2025.9000244140625,2036.199951171875,241,0.0,-92990.0,0.8421013181423936
2023-05-10 00:00:00+00:00,2036.31,2047.995,2021.306,2031.436,117023,0.0,116782.0,0.18262205402975198
2023-05-10 04:00:00+00:00,2032.300048828125,2044.300048828125,2029.5,2030.5,248,0.0,-116775.0,0.12162451955592947
2023-05-11 00:00:00+00:00,2031.411,2040.788,2011.104,2016.346,131655,0.0,131407.0,0.5075124646274111
2023-05-11 04:00:00+00:00,2034.0999755859375,2038.300048828125,2014.0,2014.699951171875,90,0.0,-131565.0,0.7983533099575015
2023-05-12 00:00:00+00:00,2016.367,2022.461,2000.895,2010.912,107767,0.0,107677.0,0.25294444959658346
2023-05-12 04:00:00+00:00,2014.5,2014.5,2014.5,2014.5,115,0.0,-107652.0,0.0
2023-05-14 00:00:00+00:00,2008.664,2011.957,2008.664,2009.558,3383,0.0,3268.0,0.27148496811417333
2023-05-15 00:00:00+00:00,2009.551,2022.083,2008.637,2014.4,87550,0.0,84167.0,0.3606276959690696
2023-05-15 04:00:00+00:00,2013.800048828125,2018.0,2013.800048828125,2018.0,3,0.0,-87547.0,1.0
2023-05-16 00:00:00+00:00,2014.411,2018.279,1985.414,1989.63,108064,0.0,108061.0,0.7540240377301063
2023-05-16 04:00:00+00:00,1988.4000244140625,1988.4000244140625,1988.4000244140625,1988.4000244140625,49,0.0,-108015.0,0.0
2023-05-17 00:00:00+00:00,1989.633,1992.977,1974.734,1982.714,96742,0.0,96693.0,0.37926876062051385
2023-05-17 04:00:00+00:00,1983.5999755859375,1983.5999755859375,1980.699951171875,1980.699951171875,13,0.0,-96729.0,1.0
2023-05-18 00:00:00+00:00,1982.717,1985.973,1951.937,1958.356,102465,0.0,102452.0,0.7157421553649096
2023-05-18 04:00:00+00:00,1956.5,1956.800048828125,1956.5,1956.5,23,0.0,-102442.0,0.0
2023-05-19 00:00:00+00:00,1958.364,1984.186,1954.003,1977.703,113065,0.0,113042.0,0.6407249113739505
2023-05-19 04:00:00+00:00,1960.0,1978.699951171875,1960.0,1978.699951171875,106,0.0,-112959.0,1.0
2023-05-21 00:00:00+00:00,1978.005,1981.48,1978.005,1980.829,3723,0.0,3617.0,0.8126618705035729
2023-05-22 00:00:00+00:00,1980.827,1982.53,1968.69,1969.784,98370,0.0,94647.0,0.7979046242774536
2023-05-22 04:00:00+00:00,1980.5,1980.5,1974.800048828125,1974.800048828125,8,0.0,-98362.0,1.0
2023-05-23 00:00:00+00:00,1969.814,1977.739,1954.232,1974.98,114176,0.0,114168.0,0.21976432552005473
2023-05-23 04:00:00+00:00,1972.4000244140625,1972.4000244140625,1972.4000244140625,1972.4000244140625,1,0.0,-114175.0,0.0
2023-05-24 00:00:00+00:00,1975.021,1985.015,1956.683,1959.752,111496,0.0,111495.0,0.5389312438232369
2023-05-24 04:00:00+00:00,1975.4000244140625,1975.4000244140625,1962.800048828125,1962.800048828125,189,0.0,-111307.0,1.0
2023-05-25 00:00:00+00:00,1959.748,1964.711,1938.813,1940.515,119450,0.0,119261.0,0.74264421963086
2023-05-25 04:00:00+00:00,1943.0999755859375,1943.0999755859375,1943.0999755859375,1943.0999755859375,1,0.0,-119449.0,0.0
2023-05-26 00:00:00+00:00,1940.492,1957.219,1936.576,1946.834,101875,0.0,101874.0,0.30722278738555875
2023-05-26 04:00:00+00:00,1948.199951171875,1948.4000244140625,1944.0999755859375,1944.0999755859375,166036,0.0,64161.0,0.9534718673706921
2023-05-28 00:00:00+00:00,1943.265,1946.248,1943.227,1943.654,4454,0.0,-161582.0,0.12876530950013296
2023-05-29 00:00:00+00:00,1943.687,1949.718,1940.27,1941.683,54792,0.0,50338.0,0.21210838272649088
2023-05-30 00:00:00+00:00,1941.498,1963.479,1932.042,1958.535,104714,0.0,49922.0,0.5419410249069557
2023-05-30 04:00:00+00:00,1942.699951171875,1962.5999755859375,1931.0,1958.0,37838,0.0,-66876.0,0.4841791344590079
2023-05-31 00:00:00+00:00,1958.544,1974.526,1953.625,1966.244,110052,0.0,72214.0,0.36840342567340284
2023-05-31 04:00:00+00:00,1958.199951171875,1973.0,1953.0,1963.9000244140625,5959,0.0,-104093.0,0.285003662109375
2023-06-01 00:00:00+00:00,1966.275,1983.049,1953.338,1977.03,106020,0.0,100061.0,0.3619871428090565
2023-06-01 04:00:00+00:00,1963.199951171875,1983.0,1954.300048828125,1978.0,750,0.0,-105270.0,0.5156820211815746
2023-06-02 00:00:00+00:00,1977.033,1983.332,1947.58,1947.992,103362,0.0,102612.0,0.8122902215260627
2023-06-02 04:00:00+00:00,1977.0999755859375,1982.5,1947.4000244140625,1952.4000244140625,356,0.0,-103006.0,0.7037028020546778
2023-06-04 00:00:00+00:00,1947.366,1950.096,1947.297,1949.33,4212,0.0,3856.0,0.701679171132532
2023-06-05 00:00:00+00:00,1949.344,1964.003,1938.048,1961.224,96575,0.0,92363.0,0.45771527643998905
2023-06-05 04:00:00+00:00,1947.5,1961.9000244140625,1937.800048828125,1958.0,713,0.0,-95862.0,0.435685088665684
2023-06-06 00:00:00+00:00,1961.231,1966.376,1954.295,1963.345,89171,0.0,88458.0,0.17498551444417262
2023-06-06 04:00:00+00:00,1960.800048828125,1965.5,1958.800048828125,1965.5,164,0.0,-89007.0,0.7014903618409066
2023-06-07 00:00:00+00:00,1963.315,1970.123,1939.839,1944.436,97628,0.0,97464.0,0.623398494254394
2023-06-07 04:00:00+00:00,1959.0,1968.4000244140625,1940.699951171875,1942.699951171875,139,0.0,-97489.0,0.5884478602496926
2023-06-08 00:00:00+00:00,1944.433,1970.505,1942.764,1965.316,94448,0.0,94309.0,0.752784686925485
2023-06-08 04:00:00+00:00,1943.199951171875,1969.0,1943.0999755859375,1963.5999755859375,433,0.0,-94015.0,0.7876449878165459
2023-06-09 00:00:00+00:00,1965.313,1972.661,1956.53,1960.64,84886,0.0,84453.0,0.28969065773975433
2023-06-09 04:00:00+00:00,1965.0999755859375,1969.800048828125,1960.300048828125,1962.199951171875,49,0.0,-84837.0,0.30526572779605265
2023-06-11 00:00:00+00:00,1959.592,1960.497,1958.013,1959.933,3406,0.0,3357.0,0.13727858293070602
2023-06-12 00:00:00+00:00,1959.941,1966.889,1949.118,1959.94,89398,0.0,85992.0,5.6271453490313176e-05
2023-06-12 04:00:00+00:00,1959.699951171875,1963.5,1951.4000244140625,1955.300048828125,212,0.0,-89186.0,0.36362902656295715
2023-06-13 00:00:00+00:00,1959.953,1970.589,1939.975,1943.884,106682,0.0,106470.0,0.5248905729404829
2023-06-13 04:00:00+00:00,1960.5999755859375,1967.5,1940.300048828125,1944.5999755859375,343,0.0,-106339.0,0.5882363500911041
2023-06-14 00:00:00+00:00,1943.891,1960.058,1939.673,1945.188,112292,0.0,111949.0,0.06362521461859338
2023-06-14 04:00:00+00:00,1946.199951171875,1958.199951171875,1940.300048828125,1955.300048828125,202,0.0,-112090.0,0.5083881175154805
2023-06-15 00:00:00+00:00,1945.146,1960.194,1924.838,1958.223,113377,0.0,113175.0,0.3698665007353773
2023-06-15 04:00:00+00:00,1941.699951171875,1958.800048828125,1926.0,1957.800048828125,329,0.0,-113048.0,0.49085590514257643
2023-06-16 00:00:00+00:00,1958.223,1967.848,1953.188,1957.441,95086,0.0,94757.0,0.05334242837653023
2023-06-16 04:00:00+00:00,1961.4000244140625,1962.9000244140625,1953.5,1958.4000244140625,119,0.0,-94967.0,0.319148107265762
2023-06-18 00:00:00+00:00,1958.5,1958.561,1956.235,1957.038,3499,0.0,3380.0,0.6285468615649077
2023-06-19 00:00:00+00:00,1957.046,1958.711,1947.734,1952.197,61241,0.0,57742.0,0.44174182381343907
2023-06-20 00:00:00+00:00,1952.383,1956.727,1929.584,1937.231,99437,0.0,38196.0,0.558228640901891
2023-06-20 04:00:00+00:00,1958.5999755859375,1958.5999755859375,1931.300048828125,1935.5,193,0.0,-99244.0,0.8461552219852353
2023-06-21 00:00:00+00:00,1937.225,1939.431,1918.808,1933.839,106484,0.0,106291.0,0.1641856179993192
2023-06-21 04:00:00+00:00,1935.5999755859375,1936.800048828125,1920.0,1933.300048828125,557,0.0,-105927.0,0.13690000435964134
2023-06-22 00:00:00+00:00,1933.838,1934.198,1912.355,1914.439,95123,0.0,94566.0,0.8881106075172742
2023-06-22 04:00:00+00:00,1920.0,1921.0,1912.0999755859375,1912.699951171875,237,0.0,-94886.0,0.8202279553964531
2023-06-23 00:00:00+00:00,1914.439,1937.231,1910.091,1921.192,95849,0.0,95612.0,0.24882092851878793
2023-06-23 04:00:00+00:00,1918.699951171875,1932.5,1918.699951171875,1919.0999755859375,105,0.0,-95744.0,0.028987173816895178
2023-06-25 00:00:00+00:00,1922.951,1925.402,1922.682,1925.294,4392,0.0,4287.0,0.8613970588235482
2023-06-26 00:00:00+00:00,1925.293,1933.28,1920.902,1922.485,86275,0.0,81883.0,0.22685409597673362
2023-06-26 04:00:00+00:00,1922.9000244140625,1928.5,1922.5,1923.699951171875,71,0.0,-86204.0,0.13332112630208334
2023-06-27 00:00:00+00:00,1922.501,1930.639,1910.8,1915.385,89607,0.0,89536.0,0.3586874338424319
2023-06-27 04:00:00+00:00,1927.0,1929.4000244140625,1914.0,1914.0,49,0.0,-89558.0,0.8441545058934502
2023-06-28 00:00:00+00:00,1915.389,1917.174,1902.5,1909.681,89537,0.0,89488.0,0.3889873245195492
2023-06-28 04:00:00+00:00,1912.300048828125,1912.300048828125,1912.300048828125,1912.300048828125,628,0.0,-88909.0,0.0
2023-06-29 00:00:00+00:00,1909.712,1912.847,1892.839,1908.661,97302,0.0,96674.0,0.05252898840463459
2023-06-29 04:00:00+00:00,1909.9000244140625,1909.9000244140625,1892.5,1909.199951171875,289,0.0,-97013.0,0.04023403792593008
2023-06-30 00:00:00+00:00,1908.692,1922.693,1900.419,1919.333,91778,0.0,91489.0,0.47773188470863476
2023-06-30 04:00:00+00:00,1908.5999755859375,1921.0999755859375,1900.5999755859375,1921.0999755859375,445,0.0,-91333.0,0.6097560975609756
2023-07-02 00:00:00+00:00,1918.552,1919.584,1917.464,1918.169,3360,0.0,2915.0,0.18066037735839124
2023-07-03 00:00:00+00:00,1918.164,1930.631,1910.003,1921.181,79027,0.0,75667.0,0.14625751405856263
2023-07-03 04:00:00+00:00,1917.9000244140625,1929.5,1917.9000244140625,1921.699951171875,41,0.0,-78986.0,0.32758058236080273
2023-07-04 00:00:00+00:00,1921.18,1930.645,1920.024,1926.176,55090,0.0,55049.0,0.4703888522737805
2023-07-05 00:00:00+00:00,1926.247,1934.767,1914.765,1916.772,87100,0.0,32010.0,0.47370262973703425
2023-07-05 04:00:00+00:00,1923.5,1933.9000244140625,1914.699951171875,1919.5999755859375,193,0.0,-86907.0,0.20312549670347835
2023-07-06 00:00:00+00:00,1916.784,1927.548,1902.568,1911.516,102470,0.0,102277.0,0.21088871096877604
2023-07-06 04:00:00+00:00,1909.300048828125,1910.199951171875,1903.199951171875,1908.699951171875,81,0.0,-102389.0,0.08572823660714286
2023-07-07 00:00:00+00:00,1911.543,1934.845,1909.625,1925.339,93342,0.0,93261.0,0.5470261697065835
2023-07-07 04:00:00+00:00,1913.4000244140625,1934.0999755859375,1913.4000244140625,1926.199951171875,61,0.0,-93281.0,0.6183554082583415
2023-07-09 00:00:00+00:00,1925.288,1928.14,1923.842,1924.848,4469,0.0,4408.0,0.1023731968357502
2023-07-10 00:00:00+00:00,1924.858,1926.88,1912.299,1924.821,82799,0.0,78330.0,0.0025375488649635983
2023-07-10 04:00:00+00:00,1923.5999755859375,1926.0999755859375,1912.300048828125,1925.0,269,0.0,-82530.0,0.10145158294191015
2023-07-11 00:00:00+00:00,1924.822,1938.404,1924.406,1933.24,81692,0.0,81423.0,0.6013716245177948
2023-07-11 04:00:00+00:00,1925.0,1937.0,1924.199951171875,1931.300048828125,142,0.0,-81550.0,0.4921894371435656
2023-07-12 00:00:00+00:00,1933.244,1959.618,1933.171,1957.713,94138,0.0,93996.0,0.9252089083828091
2023-07-12 04:00:00+00:00,1932.300048828125,1958.0,1932.199951171875,1956.199951171875,132,0.0,-94006.0,0.9263510508436084
2023-07-13 00:00:00+00:00,1957.714,1963.302,1952.294,1960.134,92710,0.0,92578.0,0.21984011627908015
2023-07-13 04:00:00+00:00,1961.0999755859375,1961.0999755859375,1953.0,1959.199951171875,121,0.0,-92589.0,0.2345716223344134
2023-07-14 00:00:00+00:00,1960.124,1963.671,1950.661,1955.224,88696,0.0,88575.0,0.37663335895465755
2023-07-14 04:00:00+00:00,1958.4000244140625,1960.5999755859375,1952.699951171875,1960.0999755859375,94,0.0,-88602.0,0.21518302764343217
2023-07-16 00:00:00+00:00,1954.975,1954.975,1951.354,1953.281,4160,0.0,4066.0,0.4678265672466231
2023-07-17 00:00:00+00:00,1953.281,1959.801,1945.553,1955.398,81277,0.0,77117.0,0.1485822571588987
2023-07-17 04:00:00+00:00,1954.0,1956.5,1946.5999755859375,1952.4000244140625,29,0.0,-81248.0,0.161613297000037
2023-07-18 00:00:00+00:00,1955.396,1984.251,1954.677,1977.481,102232,0.0,102203.0,0.7467708121999048
2023-07-18 04:00:00+00:00,1968.800048828125,1978.4000244140625,1963.4000244140625,1977.199951171875,83,0.0,-102149.0,0.5599934895833333
2023-07-19 00:00:00+00:00,1977.464,1980.859,1969.692,1977.683,83621,0.0,83538.0,0.019611354884933516
2023-07-19 04:00:00+00:00,1977.0,1977.5,1973.0,1977.5,35,0.0,-83586.0,0.1111111111111111
2023-07-20 00:00:00+00:00,1977.661,1987.421,1965.32,1972.197,89892,0.0,89857.0,0.24722863218859514
2023-07-20 04:00:00+00:00,1973.699951171875,1973.699951171875,1965.5999755859375,1968.300048828125,638,0.0,-89254.0,0.6666566196970839
2023-07-21 00:00:00+00:00,1972.227,1973.735,1956.605,1961.851,82263,0.0,81625.0,0.605720957384708
2023-07-21 04:00:00+00:00,1961.800048828125,1964.300048828125,1961.800048828125,1964.300048828125,50,0.0,-82213.0,1.0
2023-07-23 00:00:00+00:00,1962.228,1962.882,1960.351,1961.177,2975,0.0,2925.0,0.41525088897675994
2023-07-24 00:00:00+00:00,1961.172,1967.805,1953.174,1954.393,85837,0.0,82862.0,0.4633312828924856
2023-07-24 04:00:00+00:00,1965.300048828125,1965.5,1960.300048828125,1960.300048828125,2,0.0,-85835.0,0.9615474904925114
2023-07-25 00:00:00+00:00,1954.394,1966.242,1951.787,1965.284,82940,0.0,82938.0,0.7533725354548706
2023-07-25 04:00:00+00:00,1953.0,1962.5,1953.0,1962.0999755859375,19,0.0,-82921.0,0.9578921669407895
2023-07-26 00:00:00+00:00,1965.283,1978.243,1962.002,1972.009,94550,0.0,94531.0,0.414137060525837
2023-07-26 04:00:00+00:00,1966.199951171875,1972.0,1966.199951171875,1968.9000244140625,51,0.0,-94499.0,0.4655259502462432
2023-07-27 00:00:00+00:00,1972.012,1982.133,1942.018,1947.443,107112,0.0,107061.0,0.612464165524117
2023-07-27 04:00:00+00:00,1945.4000244140625,1945.4000244140625,1945.4000244140625,1945.4000244140625,194253,0.0,87141.0,0.0
2023-07-28 00:00:00+00:00,1947.411,1963.46,1946.054,1959.184,106930,0.0,-87323.0,0.6763759623118434
2023-07-28 04:00:00+00:00,1945.5,1962.199951171875,1944.199951171875,1960.4000244140625,23155,0.0,-83775.0,0.8277791341145834
2023-07-30 00:00:00+00:00,1959.875,1960.47,1957.373,1958.07,3962,0.0,-19193.0,0.5828220858895948
2023-07-31 00:00:00+00:00,1958.054,1972.326,1950.718,1963.907,82330,0.0,78368.0,0.27087189929655
2023-07-31 04:00:00+00:00,1959.199951171875,1971.5999755859375,1950.0,1970.5,1025,0.0,-81305.0,0.5231510000169542
2023-08-01 00:00:00+00:00,1963.876,1964.628,1941.209,1952.146,91690,0.0,90665.0,0.5008753576156149
2023-08-01 04:00:00+00:00,1964.9000244140625,1965.4000244140625,1940.699951171875,1940.699951171875,688,0.0,-91002.0,0.9797571450457886
2023-08-02 00:00:00+00:00,1952.14,1954.752,1932.864,1936.0,90773,0.0,90085.0,0.7373903508772003
2023-08-02 04:00:00+00:00,1948.4000244140625,1953.5999755859375,1933.199951171875,1937.4000244140625,652,0.0,-90121.0,0.5392150409593279
2023-08-03 00:00:00+00:00,1936.025,1938.822,1929.496,1935.774,92177,0.0,91525.0,0.02691400386019829
2023-08-03 04:00:00+00:00,1934.199951171875,1936.5,1928.0,1932.0,773,0.0,-91404.0,0.25881778492647056
2023-08-04 00:00:00+00:00,1935.747,1946.752,1925.071,1942.483,88436,0.0,87663.0,0.3106867764401948
2023-08-04 04:00:00+00:00,1934.9000244140625,1945.0,1920.0,1939.5999755859375,290,0.0,-88146.0,0.187998046875
2023-08-06 00:00:00+00:00,1942.56,1946.648,1942.415,1943.79,4377,0.0,4087.0,0.290574060949689
2023-08-07 00:00:00+00:00,1943.785,1945.267,1931.357,1936.732,71963,0.0,67586.0,0.5070452911574457
2023-08-07 04:00:00+00:00,1941.0,1941.0,1929.800048828125,1933.5,376,0.0,-71587.0,0.6696457765667575
2023-08-08 00:00:00+00:00,1936.763,1937.305,1922.508,1925.569,80956,0.0,80580.0,0.7565046968980159
2023-08-08 04:00:00+00:00,1931.699951171875,1933.199951171875,1923.0,1924.0999755859375,555,0.0,-80401.0,0.7450992125230379
2023-08-09 00:00:00+00:00,1925.574,1932.204,1913.983,1916.688,74596,0.0,74041.0,0.4876790516437059
2023-08-09 04:00:00+00:00,1925.4000244140625,1928.800048828125,1913.699951171875,1915.4000244140625,451,0.0,-74145.0,0.6622473726758287
2023-08-10 00:00:00+00:00,1916.688,1929.514,1910.694,1912.358,90682,0.0,90231.0,0.23007438894793672
2023-08-10 04:00:00+00:00,1921.0999755859375,1927.800048828125,1911.4000244140625,1914.4000244140625,178,0.0,-90504.0,0.40853299987346386
2023-08-11 00:00:00+00:00,1912.358,1920.882,1911.858,1913.786,72536,0.0,72358.0,0.15824468085107413
2023-08-11 04:00:00+00:00,1913.0,1916.5999755859375,1911.800048828125,1912.9000244140625,57,0.0,-72479.0,0.020828564888990615
2023-08-13 00:00:00+00:00,1913.666,1915.181,1912.395,1913.62,3311,0.0,3254.0,0.016511127063908167
2023-08-14 00:00:00+00:00,1913.62,1916.156,1902.465,1907.557,77661,0.0,74350.0,0.44284566503541456
2023-08-14 04:00:00+00:00,1909.300048828125,1912.5999755859375,1903.300048828125,1910.5999755859375,46,0.0,-77615.0,0.1397781715560806
2023-08-15 00:00:00+00:00,1907.567,1911.563,1896.208,1901.419,89205,0.0,89159.0,0.4003907521979748
2023-08-15 04:00:00+00:00,1906.0,1907.699951171875,1895.0,1902.5,73,0.0,-89132.0,0.2755916107576078
2023-08-16 00:00:00+00:00,1901.412,1907.146,1891.652,1893.295,78588,0.0,78515.0,0.52388021169485
2023-08-16 04:00:00+00:00,1904.5,1904.5,1890.300048828125,1896.0999755859375,22,0.0,-78566.0,0.5915530491893471
2023-08-17 00:00:00+00:00,1893.298,1903.413,1884.996,1891.227,81654,0.0,81632.0,0.11245045338545485
2023-08-17 04:00:00+00:00,1893.699951171875,1902.4000244140625,1884.0,1884.0999755859375,245,0.0,-81409.0,0.5217371113160356
2023-08-18 00:00:00+00:00,1891.231,1896.549,1886.724,1889.529,71922,0.0,71677.0,0.17323155216284888
2023-08-18 04:00:00+00:00,1891.800048828125,1891.800048828125,1886.0999755859375,1886.0999755859375,19,0.0,-71903.0,1.0
2023-08-20 00:00:00+00:00,1889.357,1890.823,1888.8,1889.919,3175,0.0,3156.0,0.2778052397429991
2023-08-21 00:00:00+00:00,1889.934,1898.47,1884.547,1894.664,79697,0.0,76522.0,0.33972563384328214
2023-08-21 04:00:00+00:00,1893.5999755859375,1893.5999755859375,1893.300048828125,1893.300048828125,876,0.0,-78821.0,1.0
2023-08-22 00:00:00+00:00,1894.674,1904.41,1888.824,1898.478,73978,0.0,73102.0,0.24406518670602362
2023-08-22 04:00:00+00:00,1894.5999755859375,1896.800048828125,1892.800048828125,1896.4000244140625,46,0.0,-73932.0,0.45001220703125
2023-08-23 00:00:00+00:00,1898.476,1920.292,1898.432,1917.849,82467,0.0,82421.0,0.8862305580969766
2023-08-23 04:00:00+00:00,1909.5999755859375,1918.5,1909.5999755859375,1918.5,547,0.0,-81920.0,1.0
2023-08-24 00:00:00+00:00,1917.849,1923.056,1911.554,1915.847,75282,0.0,74735.0,0.1740566857937716
2023-08-24 04:00:00+00:00,1920.0,1920.800048828125,1918.199951171875,1918.199951171875,337,0.0,-74945.0,0.692300469483568
2023-08-25 00:00:00+00:00,1915.845,1922.118,1903.45,1914.321,80407,0.0,80070.0,0.08163702592672613
2023-08-25 04:00:00+00:00,1919.800048828125,1919.800048828125,1911.0999755859375,1911.0999755859375,195,0.0,-80212.0,1.0
2023-08-27 00:00:00+00:00,1915.974,1916.068,1914.322,1915.028,3309,0.0,3114.0,0.5418098510881223
2023-08-28 00:00:00+00:00,1915.029,1925.991,1912.694,1921.186,63469,0.0,60160.0,0.46303677521244746
2023-08-28 04:00:00+00:00,1915.5,1921.5,1915.5,1917.9000244140625,99,0.0,-63370.0,0.4000040690104167
2023-08-29 00:00:00+00:00,1921.199,1938.12,1914.357,1936.168,74859,0.0,74760.0,0.6299288810335343
2023-08-29 04:00:00+00:00,1917.9000244140625,1936.5,1916.9000244140625,1936.5,1674,0.0,-73185.0,0.9489795282848477
2023-08-30 00:00:00+00:00,1936.176,1949.006,1934.94,1944.185,75673,0.0,73999.0,0.5693871747476181
2023-08-30 04:00:00+00:00,1936.0,1946.4000244140625,1934.5999755859375,1944.300048828125,396,0.0,-75277.0,0.7033910578693646
2023-08-31 00:00:00+00:00,1944.195,1947.66,1939.033,1939.824,70640,0.0,70244.0,0.5066651211313059
2023-08-31 04:00:00+00:00,1944.4000244140625,1944.4000244140625,1938.199951171875,1938.199951171875,491,0.0,-70149.0,1.0
2023-09-01 00:00:00+00:00,1939.828,1952.331,1934.334,1939.704,77934,0.0,77443.0,0.006890037228428334
2023-09-01 04:00:00+00:00,1950.0,1950.0,1936.5999755859375,1939.800048828125,167,0.0,-77767.0,0.7611889991163583
2023-09-03 00:00:00+00:00,1939.987,1941.0,1939.406,1940.558,2143,0.0,1976.0,0.35821831869504045
2023-09-04 00:00:00+00:00,1940.557,1946.232,1936.688,1937.659,46361,0.0,44218.0,0.3036462699077903
2023-09-05 00:00:00+00:00,1937.551,1938.927,1925.272,1926.559,72880,0.0,26519.0,0.8049798608568278
2023-09-05 04:00:00+00:00,1934.4000244140625,1934.4000244140625,1924.699951171875,1926.199951171875,113,0.0,-72767.0,0.8453619923738092
2023-09-06 00:00:00+00:00,1926.569,1929.079,1915.153,1917.091,72855,0.0,72742.0,0.680597443630627
2023-09-06 04:00:00+00:00,1924.0999755859375,1925.300048828125,1916.300048828125,1918.0999755859375,24,0.0,-72831.0,0.6666666666666666
2023-09-07 00:00:00+00:00,1917.086,1923.414,1915.987,1920.247,65696,0.0,65672.0,0.42560926349806083
2023-09-07 04:00:00+00:00,1917.5999755859375,1921.5,1917.5,1917.5,41,0.0,-65655.0,0.024993896484375
2023-09-08 00:00:00+00:00,1920.255,1929.558,1917.153,1918.973,64958,0.0,64917.0,0.10334542523177392
2023-09-08 04:00:00+00:00,1924.0,1924.699951171875,1918.4000244140625,1918.4000244140625,105,0.0,-64853.0,0.8888953477106706
2023-09-10 00:00:00+00:00,1919.621,1919.653,1916.576,1918.801,4003,0.0,3898.0,0.2664933376666117
2023-09-11 00:00:00+00:00,1918.795,1930.44,1918.316,1921.624,71009,0.0,67006.0,0.23333883206861972
2023-09-11 04:00:00+00:00,1923.0,1928.300048828125,1921.800048828125,1923.300048828125,50,0.0,-70959.0,0.04616135817307692
2023-09-12 00:00:00+00:00,1921.59,1924.447,1907.232,1912.858,69298,0.0,69248.0,0.5072320650595418
2023-09-12 04:00:00+00:00,1920.800048828125,1920.800048828125,1911.300048828125,1911.300048828125,365,0.0,-68933.0,1.0
2023-09-13 00:00:00+00:00,1912.857,1915.545,1905.105,1909.176,79604,0.0,79239.0,0.35258620689655373
2023-09-13 04:00:00+00:00,1910.300048828125,1914.5999755859375,1908.9000244140625,1909.0999755859375,15,0.0,-79589.0,0.21054096886109563
2023-09-14 00:00:00+00:00,1909.169,1912.856,1900.918,1909.735,82528,0.0,82513.0,0.047411626738130236
2023-09-14 04:00:00+00:00,1903.0,1910.0,1903.0,1910.0,169,0.0,-82359.0,1.0
2023-09-15 00:00:00+00:00,1909.766,1930.372,1909.766,1923.831,75293,0.0,75124.0,0.6825681840240625
2023-09-15 04:00:00+00:00,1923.5,1927.300048828125,1923.5,1923.699951171875,8,0.0,-75285.0,0.05261805332476711
2023-09-17 00:00:00+00:00,1924.077,1924.53,1922.547,1923.227,2713,0.0,2705.0,0.42864346949063625
2023-09-18 00:00:00+00:00,1923.227,1934.453,1922.723,1934.04,67194,0.0,64481.0,0.9218243819266716
2023-09-18 04:00:00+00:00,1928.199951171875,1931.5,1926.4000244140625,1931.5,19,0.0,-67175.0,0.6470714952488092
2023-09-19 00:00:00+00:00,1934.061,1937.345,1929.723,1931.319,61554,0.0,61535.0,0.3597480976121669
2023-09-19 04:00:00+00:00,1934.0,1934.0,1932.0,1932.0,6,0.0,-61548.0,1.0
2023-09-20 00:00:00+00:00,1931.317,1947.361,1927.837,1929.424,82823,0.0,82817.0,0.09695759065765304
2023-09-20 04:00:00+00:00,1945.5999755859375,1945.5999755859375,1929.199951171875,1945.5999755859375,119,0.0,-82704.0,0.0
2023-09-21 00:00:00+00:00,1929.428,1930.451,1913.641,1921.353,82598,0.0,82479.0,0.48036882807852893
2023-09-21 04:00:00+00:00,1924.0,1924.0,1919.199951171875,1919.199951171875,9,0.0,-82589.0,1.0
2023-09-22 00:00:00+00:00,1921.361,1928.846,1921.19,1925.231,66566,0.0,66557.0,0.505485893416917
2023-09-22 04:00:00+00:00,1925.4000244140625,1925.4000244140625,1925.4000244140625,1925.4000244140625,1,0.0,-66565.0,0.0
2023-09-24 00:00:00+00:00,1926.116,1926.294,1924.402,1924.717,3126,0.0,3125.0,0.7394291754756068
2023-09-25 00:00:00+00:00,1924.73,1927.147,1914.981,1916.207,68742,0.0,65616.0,0.700558934736146
2023-09-25 04:00:00+00:00,1916.5999755859375,1916.5999755859375,1916.5999755859375,1916.5999755859375,114,0.0,-68628.0,0.0
2023-09-26 00:00:00+00:00,1916.209,1916.447,1899.103,1901.529,71468,0.0,71354.0,0.8464022140221525
2023-09-26 04:00:00+00:00,1905.0,1905.0999755859375,1900.4000244140625,1900.4000244140625,161,0.0,-71307.0,0.9787283777466106
2023-09-27 00:00:00+00:00,1901.524,1903.712,1872.491,1877.562,79490,0.0,79329.0,0.7674962365074784
2023-09-27 04:00:00+00:00,1871.5999755859375,1871.5999755859375,1871.5999755859375,1871.5999755859375,12251,0.0,-67239.0,0.0
2023-09-28 00:00:00+00:00,1877.583,1879.49,1857.494,1866.7,87843,0.0,75592.0,0.49477177668666994
2023-09-28 04:00:00+00:00,1875.5,1878.199951171875,1856.699951171875,1860.4000244140625,4654,0.0,-83189.0,0.7023244458575582
2023-09-29 00:00:00+00:00,1866.695,1879.601,1846.282,1848.796,88175,0.0,83521.0,0.5372009964284579
2023-09-29 04:00:00+00:00,1864.300048828125,1872.300048828125,1846.0,1848.0999755859375,1605,0.0,-86570.0,0.6159712230215827
2023-10-01 00:00:00+00:00,1847.284,1848.678,1845.687,1848.314,4066,0.0,2461.0,0.3443664326311934
2023-10-02 00:00:00+00:00,1848.314,1848.885,1820.404,1824.944,91698,0.0,87632.0,0.8205470313542405
2023-10-02 04:00:00+00:00,1844.0999755859375,1845.9000244140625,1826.699951171875,1830.0,2309,0.0,-89389.0,0.7343709270314774
2023-10-03 00:00:00+00:00,1824.919,1833.344,1815.218,1823.303,112738,0.0,110429.0,0.08915370186472402
2023-10-03 04:00:00+00:00,1825.0,1830.9000244140625,1816.800048828125,1824.5999755859375,310,0.0,-112428.0,0.02837057494350992
2023-10-04 00:00:00+00:00,1823.303,1830.542,1816.556,1822.524,101113,0.0,100803.0,0.05569855569857219
2023-10-04 04:00:00+00:00,1821.800048828125,1828.199951171875,1816.4000244140625,1818.5,357,0.0,-100756.0,0.2796668908084622
2023-10-05 00:00:00+00:00,1822.472,1829.173,1812.994,1821.272,86944,0.0,86587.0,0.07417022065640887
2023-10-05 04:00:00+00:00,1826.300048828125,1826.300048828125,1815.5999755859375,1816.5999755859375,393,0.0,-86551.0,0.9065426957960184
2023-10-06 00:00:00+00:00,1821.272,1834.832,1810.402,1831.9,96656,0.0,96263.0,0.4350388866148231
2023-10-06 04:00:00+00:00,1819.0,1831.800048828125,1809.4000244140625,1830.199951171875,390,0.0,-96266.0,0.4999972752192086
2023-10-08 00:00:00+00:00,1853.39,1854.643,1845.525,1847.965,10973,0.0,10583.0,0.5949769686334963
2023-10-09 00:00:00+00:00,1847.992,1863.416,1844.161,1862.536,84496,0.0,73523.0,0.7553362762918819
2023-10-09 04:00:00+00:00,1842.5,1861.5,1842.5,1849.5,232,0.0,-84264.0,0.3684210526315789
2023-10-10 00:00:00+00:00,1862.582,1865.278,1852.97,1859.647,88395,0.0,88163.0,0.2384627884303034
2023-10-10 04:00:00+00:00,1857.0,1861.4000244140625,1852.800048828125,1861.0,236,0.0,-88159.0,0.4651175994662957
2023-10-11 00:00:00+00:00,1859.633,1877.152,1858.59,1875.25,85908,0.0,85672.0,0.8413425277448473
2023-10-11 04:00:00+00:00,1869.5,1874.5999755859375,1869.0999755859375,1872.800048828125,65,0.0,-85843.0,0.6000088778409091
2023-10-12 00:00:00+00:00,1875.251,1884.918,1867.883,1870.555,86444,0.0,86379.0,0.2756677428822984
2023-10-12 04:00:00+00:00,1874.699951171875,1881.199951171875,1867.0,1869.300048828125,46,0.0,-86398.0,0.3802761205577429
2023-10-13 00:00:00+00:00,1870.546,1932.593,1870.055,1932.217,101880,0.0,101834.0,0.9861364290511375
2023-10-13 04:00:00+00:00,1877.5,1930.0999755859375,1877.5,1927.4000244140625,43,0.0,-101837.0,0.9486701059877141
2023-10-15 00:00:00+00:00,1927.521,1927.521,1921.177,1925.836,7670,0.0,7627.0,0.2656052963429905
2023-10-16 00:00:00+00:00,1925.842,1925.927,1908.144,1919.386,92372,0.0,84702.0,0.3630433560141802
2023-10-16 04:00:00+00:00,1910.4000244140625,1921.0999755859375,1910.300048828125,1921.0999755859375,53,0.0,-92319.0,0.9907429385236174
2023-10-17 00:00:00+00:00,1919.382,1931.523,1912.343,1924.702,93138,0.0,93085.0,0.2773722627737217
2023-10-17 04:00:00+00:00,1914.300048828125,1925.800048828125,1914.300048828125,1922.699951171875,103,0.0,-93035.0,0.7304262907608695
2023-10-18 00:00:00+00:00,1924.7,1962.597,1923.74,1950.877,106993,0.0,106890.0,0.6736752708649645
2023-10-18 04:00:00+00:00,1935.0,1957.9000244140625,1935.0,1955.300048828125,67,0.0,-106926.0,0.8864640692548388
2023-10-19 00:00:00+00:00,1950.818,1982.381,1945.172,1977.119,114569,0.0,114502.0,0.7068451181165817
2023-10-19 04:00:00+00:00,1950.0999755859375,1977.699951171875,1945.699951171875,1968.4000244140625,1945,0.0,-112624.0,0.5718765258789062
2023-10-20 00:00:00+00:00,1977.183,1997.142,1971.975,1980.774,111244,0.0,109299.0,0.1426868518297721
2023-10-20 04:00:00+00:00,1981.0999755859375,1988.5999755859375,1980.4000244140625,1982.5,557,0.0,-110687.0,0.170735701313008
2023-10-22 00:00:00+00:00,1972.732,1978.541,1970.037,1971.554,6286,0.0,5729.0,0.13852304797741025
2023-10-23 00:00:00+00:00,1971.516,1982.768,1964.273,1973.522,102764,0.0,96478.0,0.10846174641794243
2023-10-23 04:00:00+00:00,1976.199951171875,1978.9000244140625,1972.9000244140625,1976.300048828125,127,0.0,-102637.0,0.016682942708333332
2023-10-24 00:00:00+00:00,1973.52,1980.825,1953.409,1972.844,101719,0.0,101592.0,0.02465713451998586
2023-10-24 04:00:00+00:00,1970.300048828125,1975.0,1970.300048828125,1975.0,10,0.0,-101709.0,1.0
2023-10-25 00:00:00+00:00,1972.848,1987.235,1963.001,1982.92,108696,0.0,108686.0,0.41561442601304566
2023-10-25 04:00:00+00:00,1971.199951171875,1985.300048828125,1971.199951171875,1984.0999755859375,97,0.0,-108599.0,0.9148890120164838
2023-10-26 00:00:00+00:00,1982.941,1993.424,1971.77,1984.345,101744,0.0,101647.0,0.06483790523690758
2023-10-26 04:00:00+00:00,1988.199951171875,1988.199951171875,1980.4000244140625,1987.199951171875,521,0.0,-101223.0,0.12820633206566817
2023-10-27 00:00:00+00:00,1984.343,2009.356,1976.838,2006.083,100375,0.0,99854.0,0.6685528015253087
2023-10-27 04:00:00+00:00,1988.5999755859375,1988.5999755859375,1988.5999755859375,1988.5999755859375,372,0.0,-100003.0,0.0
2023-10-29 00:00:00+00:00,2002.989,2004.741,1996.833,2002.621,9383,0.0,9011.0,0.046535154274145514
2023-10-30 00:00:00+00:00,2002.649,2006.767,1990.941,1995.513,95385,0.0,86002.0,0.4509035763932742
2023-10-30 04:00:00+00:00,2004.0999755859375,2004.0999755859375,1992.5,1996.199951171875,157,0.0,-95228.0,0.6810380207730434
2023-10-31 00:00:00+00:00,1995.531,2007.849,1978.806,1983.667,101916,0.0,101759.0,0.4084977447233439
2023-10-31 04:00:00+00:00,1996.5,2001.0,1983.699951171875,1985.199951171875,84,0.0,-101832.0,0.653180169627863
2023-11-01 00:00:00+00:00,1983.67,1992.618,1969.823,1985.01,107149,0.0,107065.0,0.058784821232723286
2023-11-01 04:00:00+00:00,1990.5,1990.5,1977.800048828125,1978.800048828125,41,0.0,-107108.0,0.9212595397835406
2023-11-02 00:00:00+00:00,1984.989,1990.926,1978.798,1984.961,85325,0.0,85284.0,0.0023087071240122173
2023-11-02 04:00:00+00:00,1989.0999755859375,1990.300048828125,1979.5,1985.5999755859375,39,0.0,-85286.0,0.3240726089020503
2023-11-03 00:00:00+00:00,1984.956,2004.002,1983.218,1992.516,95252,0.0,95213.0,0.36374133949192733
2023-11-03 04:00:00+00:00,1989.0,1991.5,1989.0,1991.5,12,0.0,-95240.0,1.0
2023-11-05 00:00:00+00:00,1991.419,1991.579,1987.149,1988.47,2471,0.0,2459.0,0.6656884875846562
2023-11-06 00:00:00+00:00,1988.473,1993.042,1975.737,1976.677,82638,0.0,80167.0,0.6816527015313586
2023-11-06 05:00:00+00:00,1981.5999755859375,1981.5999755859375,1977.4000244140625,1981.5999755859375,130,0.0,-82508.0,0.0
2023-11-07 00:00:00+00:00,1976.653,1977.001,1956.624,1968.902,89570,0.0,89440.0,0.3803798400157037
2023-11-07 05:00:00+00:00,1966.5,1966.800048828125,1960.699951171875,1966.800048828125,20,0.0,-89550.0,0.04918754502521412
2023-11-08 00:00:00+00:00,1968.908,1970.989,1947.335,1950.812,88825,0.0,88805.0,0.7650291705419805
2023-11-08 05:00:00+00:00,1967.800048828125,1967.800048828125,1947.699951171875,1951.5,43,0.0,-88782.0,0.8109437629053808
2023-11-09 00:00:00+00:00,1950.815,1965.718,1944.52,1959.058,97697,0.0,97654.0,0.3888574393810691
2023-11-09 05:00:00+00:00,1951.699951171875,1964.199951171875,1945.300048828125,1964.199951171875,10,0.0,-97687.0,0.6613790787196114
2023-11-10 00:00:00+00:00,1959.059,1960.715,1932.898,1938.353,85405,0.0,85395.0,0.7443649566811625
2023-11-10 05:00:00+00:00,1959.5999755859375,1959.5999755859375,1932.5999755859375,1932.5999755859375,375,0.0,-85030.0,1.0
2023-11-12 00:00:00+00:00,1941.002,1941.299,1921.384,1940.344,2190,0.0,1815.0,0.03304042179261376
2023-11-13 00:00:00+00:00,1940.374,1949.187,1931.604,1946.399,79799,0.0,77609.0,0.3426605243701253
2023-11-13 05:00:00+00:00,1939.9000244140625,1947.199951171875,1934.0,1945.5,191,0.0,-79608.0,0.42424214400651045
2023-11-14 00:00:00+00:00,1946.414,1970.954,1937.468,1962.493,90804,0.0,90613.0,0.48017081765513975
2023-11-14 05:00:00+00:00,1965.800048828125,1965.800048828125,1961.800048828125,1961.800048828125,2,0.0,-90802.0,1.0
2023-11-15 00:00:00+00:00,1962.487,1975.28,1955.413,1960.331,90313,0.0,90311.0,0.10852166909952084
2023-11-15 05:00:00+00:00,1962.800048828125,1962.800048828125,1960.0,1960.0999755859375,6,0.0,-90307.0,0.9642950562385562
2023-11-16 00:00:00+00:00,1960.333,1987.943,1956.437,1982.545,86817,0.0,86811.0,0.7050085697962271
2023-11-16 05:00:00+00:00,1965.300048828125,1983.9000244140625,1964.5999755859375,1983.9000244140625,39,0.0,-86778.0,0.9637268667855743
2023-11-17 00:00:00+00:00,1982.649,1993.409,1978.514,1980.635,84981,0.0,84942.0,0.1352131587781046
2023-11-17 05:00:00+00:00,1982.5,1984.0,1979.800048828125,1981.5999755859375,32,0.0,-84949.0,0.21429401848514795
2023-11-19 00:00:00+00:00,1977.456,1978.72,1974.12,1974.471,2472,0.0,2440.0,0.6489130434782199
2023-11-20 00:00:00+00:00,1974.532,1985.121,1965.416,1981.169,95925,0.0,93453.0,0.3368180664805947
2023-11-20 05:00:00+00:00,1978.699951171875,1979.4000244140625,1969.699951171875,1977.699951171875,182,0.0,-95743.0,0.1030920050841272
2023-11-21 00:00:00+00:00,1981.155,2007.486,1980.709,1999.339,102315,0.0,102133.0,0.679090264032563
2023-11-21 05:00:00+00:00,1990.699951171875,2005.5,1988.5,1999.300048828125,16,0.0,-102299.0,0.5058880974264706
2023-11-22 00:00:00+00:00,1999.338,2006.404,1986.851,1990.506,92517,0.0,92501.0,0.4516953920114526
2023-11-22 05:00:00+00:00,1999.0999755859375,1999.4000244140625,1991.0,1991.4000244140625,6075,0.0,-86442.0,0.91665818958627
2023-11-23 00:00:00+00:00,1990.515,1998.561,1989.762,1993.984,58345,0.0,52270.0,0.39424934651663057
2023-11-24 00:00:00+00:00,1994.072,2003.621,1991.463,2002.188,69441,0.0,11096.0,0.6675440039480282
2023-11-24 05:00:00+00:00,1991.9000244140625,2002.199951171875,1991.5,2002.199951171875,63,0.0,-69378.0,0.96261437013713
2023-11-26 00:00:00+00:00,2000.897,2002.978,2000.484,2002.25,2307,0.0,2244.0,0.5425020048115431
2023-11-27 00:00:00+00:00,2002.364,2018.187,2001.789,2015.215,99689,0.0,97382.0,0.7836931333089374
2023-11-27 05:00:00+00:00,2011.699951171875,2011.800048828125,2011.699951171875,2011.800048828125,228,0.0,-99461.0,1.0
2023-11-28 00:00:00+00:00,2015.217,2044.573,2011.387,2044.406,94595,0.0,94367.0,0.8795576447899632
2023-11-28 05:00:00+00:00,2040.5999755859375,2042.699951171875,2039.699951171875,2039.699951171875,174665,0.0,80070.0,0.3000081380208333
2023-11-29 00:00:00+00:00,2044.426,2052.03,2035.228,2044.643,109426,0.0,-65239.0,0.012915129151297255
2023-11-29 05:00:00+00:00,2041.699951171875,2052.10009765625,2036.0,2047.0999755859375,15290,0.0,-94136.0,0.3354032086858945
2023-11-30 00:00:00+00:00,2044.64,2047.262,2031.277,2039.918,101397,0.0,86107.0,0.29540193931812553
2023-11-30 05:00:00+00:00,2046.0999755859375,2047.0999755859375,2033.0999755859375,2038.0999755859375,2506,0.0,-98891.0,0.5714285714285714
2023-12-01 00:00:00+00:00,2040.075,2075.271,2033.825,2071.554,107646,0.0,105140.0,0.7595184094966929
2023-12-01 05:00:00+00:00,2038.300048828125,2073.199951171875,2036.0,2071.0,614,0.0,-107032.0,0.8790320992839845
2023-12-03 00:00:00+00:00,2074.106,2144.462,2071.635,2117.509,17109,0.0,16495.0,0.5959740206242181
2023-12-04 00:00:00+00:00,2117.88,2120.648,2019.986,2034.087,189526,0.0,172417.0,0.8324193836800391
2023-12-04 05:00:00+00:00,2075.300048828125,2130.199951171875,2021.0,2024.0999755859375,1071,0.0,-188455.0,0.4688653492308002
2023-12-05 00:00:00+00:00,2033.931,2041.17,2009.744,2018.903,134394,0.0,133323.0,0.47820276204416545
2023-12-05 05:00:00+00:00,2035.0999755859375,2037.0,2010.199951171875,2018.5,289,0.0,-134105.0,0.6194009455877129
2023-12-06 00:00:00+00:00,2018.904,2035.915,2018.683,2027.006,110332,0.0,110043.0,0.4701717734447599
2023-12-06 05:00:00+00:00,2019.9000244140625,2035.800048828125,2019.0,2030.5,417,0.0,-109915.0,0.6309490939212068
2023-12-07 00:00:00+00:00,2026.977,2039.891,2020.091,2027.916,109396,0.0,108979.0,0.04742424242423446
2023-12-07 05:00:00+00:00,2029.199951171875,2034.9000244140625,2024.0,2029.9000244140625,67,0.0,-109329.0,0.06422675909645773
2023-12-08 00:00:00+00:00,2028.061,2034.005,1994.518,2004.34,127419,0.0,127352.0,0.6007293539645948
2023-12-08 05:00:00+00:00,2031.699951171875,2033.0999755859375,1995.0,1998.300048828125,449,0.0,-126970.0,0.8766384185316309
2023-12-10 00:00:00+00:00,2005.584,2007.648,2004.547,2007.054,3143,0.0,2694.0,0.4740406320542024
2023-12-11 00:00:00+00:00,2006.993,2007.808,1975.841,1982.96,106010,0.0,102867.0,0.7518065505052031
2023-12-11 05:00:00+00:00,2004.0999755859375,2004.199951171875,1977.199951171875,1978.0,651,0.0,-105359.0,0.9666657624421297
2023-12-12 00:00:00+00:00,1982.954,1996.656,1977.115,1982.453,104519,0.0,103868.0,0.025638401310064885
2023-12-12 05:00:00+00:00,1984.199951171875,1994.199951171875,1977.800048828125,1977.800048828125,95,0.0,-104424.0,0.39024027153362906
2023-12-13 00:00:00+00:00,1982.452,2033.129,1973.033,2032.813,123519,0.0,123424.0,0.8380091853035161
2023-12-13 05:00:00+00:00,1978.5,2024.800048828125,1975.0,1982.300048828125,2252,0.0,-121267.0,0.0763061265510023
2023-12-14 00:00:00+00:00,2032.858,2047.909,2027.353,2035.553,144853,0.0,142601.0,0.1311052733995018
2023-12-14 05:00:00+00:00,2024.699951171875,2040.0999755859375,2024.300048828125,2030.199951171875,236,0.0,-144617.0,0.34810287948204865
2023-12-15 00:00:00+00:00,2035.52,2044.909,2015.546,2019.491,116115,0.0,115879.0,0.5458910874229461
2023-12-15 05:00:00+00:00,2032.5999755859375,2043.4000244140625,2018.300048828125,2021.0999755859375,261,0.0,-115854.0,0.4581677763241724
2023-12-17 00:00:00+00:00,2019.802,2020.102,2015.891,2017.414,3334,0.0,3073.0,0.567086202802164
2023-12-18 00:00:00+00:00,2017.413,2033.689,2016.067,2027.604,96921,0.0,93587.0,0.5783112019067069
2023-12-18 05:00:00+00:00,2024.300048828125,2032.800048828125,2024.0,2026.300048828125,100,0.0,-96821.0,0.22727146622277708
2023-12-19 00:00:00+00:00,2027.568,2046.964,2021.696,2040.931,97667,0.0,97567.0,0.5288507202786149
2023-12-19 05:00:00+00:00,2025.199951171875,2042.699951171875,2025.199951171875,2038.4000244140625,498,0.0,-97169.0,0.7542898995535714
2023-12-20 00:00:00+00:00,2040.862,2043.444,2027.387,2032.127,95338,0.0,94840.0,0.5439995017749342
2023-12-20 05:00:00+00:00,2037.0999755859375,2037.0999755859375,2030.300048828125,2034.5,258,0.0,-95080.0,0.3823534691679382
2023-12-21 00:00:00+00:00,2032.103,2055.012,2031.906,2052.778,98431,0.0,98173.0,0.8947892322340314
2023-12-21 05:00:00+00:00,2035.800048828125,2044.5,2033.0,2039.0999755859375,228,0.0,-98203.0,0.28695015285326086
2023-12-22 00:00:00+00:00,2052.788,2070.619,2046.75,2053.095,106409,0.0,106181.0,0.012861871046117858
2023-12-22 05:00:00+00:00,2055.699951171875,2068.699951171875,2052.199951171875,2057.10009765625,202,0.0,-106207.0,0.08485736268939394
2023-12-25 00:00:00+00:00,2057.746,2057.746,2052.916,2054.497,1478,0.0,1276.0,0.6726708074534783
2023-12-26 00:00:00+00:00,2054.489,2069.044,2053.318,2065.502,59279,0.0,57801.0,0.7003052270126008
2023-12-26 05:00:00+00:00,2060.0,2060.800048828125,2054.199951171875,2058.199951171875,64,0.0,-59215.0,0.27273063549604204
2023-12-27 00:00:00+00:00,2065.846,2084.423,2061.468,2079.169,89029,0.0,88965.0,0.580396427793505
2023-12-27 05:00:00+00:00,2067.300048828125,2081.89990234375,2064.800048828125,2081.89990234375,586,0.0,-88443.0,0.8537999171913594
2023-12-28 00:00:00+00:00,2079.268,2088.485,2064.456,2066.564,100095,0.0,99509.0,0.528694494152906
2023-12-28 05:00:00+00:00,2081.60009765625,2087.300048828125,2066.5,2073.89990234375,338,0.0,-99757.0,0.3702008286676761
2023-12-29 00:00:00+00:00,2066.602,2074.729,2058.095,2062.838,93900,0.0,93562.0,0.22628351569073377
2023-12-29 05:00:00+00:00,2068.0,2068.89990234375,2062.10009765625,2062.39990234375,47,0.0,-93853.0,0.8235674278328307
2024-01-01 00:00:00+00:00,2064.593,2066.095,2062.645,2063.543,1996,0.0,1949.0,0.3043478260868935
2024-01-02 00:00:00+00:00,2063.347,2078.877,2056.097,2059.476,101317,0.0,99321.0,0.16992976294996215
2024-01-02 05:00:00+00:00,2063.5,2073.699951171875,2057.10009765625,2064.39990234375,61,0.0,-101256.0,0.0542114629447149
2024-01-03 00:00:00+00:00,2059.448,2065.982,2030.522,2042.666,120875,0.0,120814.0,0.4732656514382377
2024-01-03 05:00:00+00:00,2034.199951171875,2044.0,2034.199951171875,2034.199951171875,54,0.0,-120821.0,0.0
2024-01-04 00:00:00+00:00,2042.657,2050.958,2036.174,2043.865,97180,0.0,97126.0,0.08170995670996178
2024-01-04 05:00:00+00:00,2041.5999755859375,2044.5,2038.0,2042.300048828125,88,0.0,-97092.0,0.10770357572115384
2024-01-05 00:00:00+00:00,2043.917,2063.987,2024.318,2045.479,128613,0.0,128525.0,0.039375835034916984
2024-01-05 05:00:00+00:00,2044.5,2048.10009765625,2042.4000244140625,2042.4000244140625,12,0.0,-128601.0,0.36841203554984475
2024-01-07 00:00:00+00:00,2044.636,2045.575,2042.902,2044.208,2618,0.0,2606.0,0.16011971567522756
2024-01-08 00:00:00+00:00,2044.212,2046.584,2016.674,2030.439,115825,0.0,113207.0,0.46048144433299476
2024-01-08 05:00:00+00:00,2019.0999755859375,2033.699951171875,2019.0999755859375,2026.5999755859375,10,0.0,-115815.0,0.5136994891432489
2024-01-09 00:00:00+00:00,2030.411,2042.004,2026.021,2030.401,108730,0.0,108720.0,0.0006256647688163009
2024-01-09 05:00:00+00:00,2035.800048828125,2035.800048828125,2026.4000244140625,2026.4000244140625,27,0.0,-108703.0,1.0
2024-01-10 00:00:00+00:00,2030.403,2040.263,2020.353,2026.358,102587,0.0,102560.0,0.20316423907584644
2024-01-10 05:00:00+00:00,2029.0,2035.5999755859375,2021.699951171875,2021.699951171875,538,0.0,-102049.0,0.5251824464955344
2024-01-11 00:00:00+00:00,2026.413,2047.858,2013.209,2034.954,134615,0.0,134077.0,0.24650062050852745
2024-01-11 05:00:00+00:00,2025.0999755859375,2025.0999755859375,2014.300048828125,2014.300048828125,97,0.0,-134518.0,1.0
2024-01-12 00:00:00+00:00,2035.011,2062.267,2030.01,2049.032,120737,0.0,120640.0,0.43466534395635853
2024-01-12 05:00:00+00:00,2031.0999755859375,2057.0,2031.0999755859375,2046.699951171875,390,0.0,-120347.0,0.6023150919296989
2024-01-14 00:00:00+00:00,2048.13,2048.705,2046.293,2047.587,2658,0.0,2268.0,0.22512437810949928
2024-01-15 00:00:00+00:00,2047.652,2058.626,2045.764,2053.841,73430,0.0,70772.0,0.4811848857098199
2024-01-16 00:00:00+00:00,2053.997,2054.508,2024.188,2027.826,127344,0.0,53914.0,0.8631596306068625
2024-01-16 05:00:00+00:00,2051.699951171875,2054.800048828125,2026.0,2026.0,46,0.0,-127298.0,0.89235790276777
2024-01-17 00:00:00+00:00,2028.1,2032.935,2001.739,2009.243,121509,0.0,121463.0,0.6044685216053348
2024-01-17 05:00:00+00:00,2026.5,2026.5,2002.5999755859375,2002.5999755859375,764,0.0,-120745.0,1.0
2024-01-18 00:00:00+00:00,2009.261,2024.232,2005.717,2023.423,100408,0.0,99644.0,0.7648933297326563
2024-01-18 05:00:00+00:00,2012.800048828125,2018.5999755859375,2009.5,2018.5999755859375,1474,0.0,-98934.0,0.6373562987108804
2024-01-19 00:00:00+00:00,2023.523,2039.232,2020.31,2029.452,91501,0.0,90027.0,0.31333897051052106
2024-01-19 05:00:00+00:00,2023.199951171875,2036.0,2019.5,2026.5,50,0.0,-91451.0,0.20000295928030304
2024-01-21 00:00:00+00:00,2028.529,2028.563,2026.853,2027.504,2793,0.0,2743.0,0.599415204678403
2024-01-22 00:00:00+00:00,2027.49,2032.074,2016.399,2020.552,95501,0.0,92708.0,0.4426156299840524
2024-01-22 05:00:00+00:00,2021.300048828125,2021.300048828125,2019.800048828125,2019.800048828125,12,0.0,-95489.0,1.0
2024-01-23 00:00:00+00:00,2020.554,2037.908,2019.559,2029.137,96050,0.0,96038.0,0.46776391083982166
2024-01-23 05:00:00+00:00,2030.300048828125,2030.300048828125,2022.5,2023.699951171875,15,0.0,-96035.0,0.846161069204044
2024-01-24 00:00:00+00:00,2029.003,2036.63,2011.138,2016.101,105233,0.0,105218.0,0.5061195669229452
2024-01-24 05:00:00+00:00,2023.199951171875,2033.199951171875,2013.9000244140625,2013.9000244140625,253,0.0,-104980.0,0.48186331868062365
2024-01-25 00:00:00+00:00,2015.977,2025.241,2009.497,2020.248,98770,0.0,98517.0,0.27127794715447034
2024-01-25 05:00:00+00:00,2012.0999755859375,2022.4000244140625,2012.0999755859375,2016.9000244140625,548,0.0,-98222.0,0.4660219488492261
2024-01-26 00:00:00+00:00,2020.356,2026.819,2015.854,2018.469,84398,0.0,83850.0,0.1720930232558101
2024-01-26 05:00:00+00:00,2021.699951171875,2022.4000244140625,2016.800048828125,2016.800048828125,49,0.0,-84349.0,0.8749863760217984
2024-01-28 00:00:00+00:00,2023.424,2028.601,2021.187,2021.831,5023,0.0,4974.0,0.21486377124359704
2024-01-29 00:00:00+00:00,2021.832,2037.561,2019.277,2030.73,89996,0.0,84973.0,0.48665499890614583
2024-01-29 05:00:00+00:00,2025.199951171875,2025.199951171875,2025.199951171875,2025.199951171875,150708,0.0,60712.0,0.0
2024-01-30 00:00:00+00:00,2030.962,2048.556,2029.024,2036.231,98555,0.0,-52153.0,0.26976244112225906
2024-01-30 05:00:00+00:00,2032.5,2048.5,2028.0999755859375,2031.5,26907,0.0,-71648.0,0.049019549178120715
2024-01-31 00:00:00+00:00,2036.4,2055.969,2030.825,2039.784,126185,0.0,99278.0,0.13458479160038236
2024-01-31 05:00:00+00:00,2035.4000244140625,2055.0,2030.0,2048.39990234375,2007,0.0,-124178.0,0.5199951171875
2024-02-01 00:00:00+00:00,2039.897,2065.458,2029.913,2054.627,120371,0.0,118364.0,0.4144042762695172
2024-02-01 05:00:00+00:00,2040.199951171875,2064.5,2029.0,2053.0,947,0.0,-119424.0,0.360564755721831
2024-02-02 00:00:00+00:00,2054.638,2057.623,2027.741,2039.607,109100,0.0,108153.0,0.5030118465966106
2024-02-02 05:00:00+00:00,2054.800048828125,2055.89990234375,2027.699951171875,2036.0999755859375,888,0.0,-108212.0,0.6631243128122105
2024-02-04 00:00:00+00:00,2041.781,2042.218,2039.07,2039.716,3246,0.0,2358.0,0.6559720457433176
2024-02-05 00:00:00+00:00,2039.298,2039.822,2014.821,2024.859,98328,0.0,95082.0,0.5775368985240628
2024-02-05 05:00:00+00:00,2038.9000244140625,2040.800048828125,2013.800048828125,2025.699951171875,412,0.0,-97916.0,0.4888916015625
2024-02-06 00:00:00+00:00,2024.81,2038.88,2022.832,2035.069,89954,0.0,89542.0,0.6392696909272192
2024-02-06 05:00:00+00:00,2025.9000244140625,2037.300048828125,2025.9000244140625,2034.5,249,0.0,-89705.0,0.7543822077546606
2024-02-07 00:00:00+00:00,2035.115,2044.527,2030.522,2036.227,83878,0.0,83629.0,0.07940021420921609
2024-02-07 05:00:00+00:00,2032.800048828125,2039.5,2032.699951171875,2035.199951171875,71,0.0,-83807.0,0.3529242810469249
2024-02-08 00:00:00+00:00,2036.221,2038.726,2020.117,2034.123,89587,0.0,89516.0,0.1127411467569423
2024-02-08 05:00:00+00:00,2028.0,2036.699951171875,2020.300048828125,2032.199951171875,341,0.0,-89246.0,0.2560961086134516
2024-02-09 00:00:00+00:00,2033.939,2037.174,2020.192,2024.192,82273,0.0,81932.0,0.5739606642327222
2024-02-09 05:00:00+00:00,2032.0,2032.0,2020.0,2023.300048828125,62,0.0,-82211.0,0.7249959309895834
2024-02-11 00:00:00+00:00,2026.346,2026.706,2024.4,2025.264,2177,0.0,2115.0,0.46921075455342376
2024-02-12 00:00:00+00:00,2025.415,2027.54,2011.854,2018.65,77495,0.0,75318.0,0.4312762973351974
2024-02-12 05:00:00+00:00,2025.5,2025.5,2011.5999755859375,2018.199951171875,317,0.0,-77178.0,0.5251824464955344
2024-02-13 00:00:00+00:00,2018.599,2032.537,1989.965,1991.193,99035,0.0,98718.0,0.6437564596448341
2024-02-13 05:00:00+00:00,2025.0999755859375,2025.800048828125,1990.0,1992.9000244140625,198,0.0,-98837.0,0.8994387501108179
2024-02-14 00:00:00+00:00,1991.332,1996.039,1984.121,1993.453,91477,0.0,91279.0,0.1779661016949057
2024-02-14 05:00:00+00:00,1990.300048828125,1993.5,1984.800048828125,1990.300048828125,1916,0.0,-89561.0,0.0
2024-02-15 00:00:00+00:00,1993.441,2008.222,1990.163,2003.157,87811,0.0,85895.0,0.5380142865053387
2024-02-15 05:00:00+00:00,1993.5999755859375,2007.199951171875,1993.5999755859375,2002.0999755859375,286,0.0,-87525.0,0.6250011219717981
2024-02-16 00:00:00+00:00,2003.099,2015.127,1995.071,2013.269,89416,0.0,89130.0,0.5070801755085786
2024-02-16 05:00:00+00:00,2005.0,2011.5,1996.5,2011.5,32,0.0,-89384.0,0.43333333333333335
2024-02-18 00:00:00+00:00,2012.706,2019.066,1997.784,2010.606,4245,0.0,4213.0,0.09867493656610828
2024-02-19 00:00:00+00:00,2012.796,2022.957,2009.19,2016.206,63395,0.0,59150.0,0.24769376044162428
2024-02-20 00:00:00+00:00,2015.981,2030.875,2014.955,2024.128,80341,0.0,16946.0,0.5117462311557724
2024-02-20 05:00:00+00:00,2015.5999755859375,2029.0,2015.5999755859375,2027.5,1326,0.0,-79015.0,0.8880599054412287
2024-02-21 00:00:00+00:00,2024.048,2032.25,2019.999,2025.568,82602,0.0,81276.0,0.1240715043669892
2024-02-21 05:00:00+00:00,2028.199951171875,2028.199951171875,2022.300048828125,2022.300048828125,15,0.0,-82587.0,1.0
2024-02-22 00:00:00+00:00,2025.483,2034.833,2019.547,2024.677,88926,0.0,88911.0,0.052727986392780125
2024-02-22 05:00:00+00:00,2033.199951171875,2033.199951171875,2019.699951171875,2019.699951171875,964,0.0,-87962.0,1.0
2024-02-23 00:00:00+00:00,2024.524,2041.344,2015.981,2035.524,84840,0.0,83876.0,0.4337026377005865
2024-02-23 05:00:00+00:00,2026.0,2038.5999755859375,2014.9000244140625,2038.5999755859375,22,0.0,-84818.0,0.5316456348184394
2024-02-25 00:00:00+00:00,2033.24,2034.94,2033.179,2034.224,2095,0.0,2073.0,0.5587734241907677
2024-02-26 00:00:00+00:00,2033.996,2037.02,2025.015,2031.073,80010,0.0,77915.0,0.2434818825489405
2024-02-26 05:00:00+00:00,2034.0999755859375,2035.4000244140625,2024.800048828125,2028.5,143,0.0,-79867.0,0.528300800368515
2024-02-27 00:00:00+00:00,2030.986,2039.471,2028.678,2030.09,76563,0.0,76420.0,0.08301677012880519
2024-02-27 05:00:00+00:00,2035.9000244140625,2035.9000244140625,2034.0,2034.0,964,0.0,-75599.0,1.0
2024-02-28 00:00:00+00:00,2029.968,2037.925,2024.467,2034.303,77436,0.0,76472.0,0.3221132411948345
2024-02-28 05:00:00+00:00,2029.5,2037.0,2024.800048828125,2033.0,581,0.0,-76855.0,0.28688639410858296
2024-02-29 00:00:00+00:00,2034.378,2050.683,2028.057,2043.981,88632,0.0,88051.0,0.42442322991249337
2024-02-29 05:00:00+00:00,2034.300048828125,2049.800048828125,2034.300048828125,2045.699951171875,706,0.0,-87926.0,0.7354775705645161
2024-03-01 00:00:00+00:00,2044.051,2088.31,2039.039,2083.315,98741,0.0,98035.0,0.7968987842747287
2024-03-01 05:00:00+00:00,2043.0999755859375,2086.89990234375,2041.800048828125,2086.89990234375,1210,0.0,-97531.0,0.9711766966745882
2024-03-03 00:00:00+00:00,2082.522,2086.146,2082.522,2083.44,2888,0.0,1678.0,0.25331125827816126
2024-03-04 00:00:00+00:00,2083.591,2119.885,2079.413,2114.48,99674,0.0,96786.0,0.7632190156157335
2024-03-04 05:00:00+00:00,2083.60009765625,2119.800048828125,2080.699951171875,2117.699951171875,805,0.0,-98869.0,0.872116837543864
2024-03-05 00:00:00+00:00,2114.34,2141.881,2110.402,2128.162,124514,0.0,123709.0,0.43908637504367176
2024-03-05 05:00:00+00:00,2114.89990234375,2133.5,2111.39990234375,2133.5,1287,0.0,-123227.0,0.8416296590883984
2024-03-06 00:00:00+00:00,2127.777,2152.234,2123.604,2147.192,119453,0.0,118166.0,0.6781348236115924
2024-03-06 05:00:00+00:00,2125.5,2150.300048828125,2125.5,2150.300048828125,443,0.0,-119010.0,1.0
2024-03-07 00:00:00+00:00,2146.851,2164.753,2144.185,2161.465,123494,0.0,123051.0,0.710521197977435
2024-03-07 05:00:00+00:00,2147.0,2163.0,2147.0,2158.0,152,0.0,-123342.0,0.6875
2024-03-08 00:00:00+00:00,2161.641,2195.153,2153.954,2178.502,136770,0.0,136618.0,0.40925750625015256
2024-03-08 05:00:00+00:00,2167.300048828125,2194.89990234375,2166.300048828125,2178.60009765625,259,0.0,-136511.0,0.39510862606171837
2024-03-10 00:00:00+00:00,2179.559,2183.825,2177.114,2181.567,5740,0.0,5481.0,0.2992102518253427
2024-03-11 00:00:00+00:00,2181.592,2189.012,2174.633,2183.552,102736,0.0,96996.0,0.13630989637665952
2024-03-11 04:00:00+00:00,2181.0,2184.0,2177.199951171875,2182.5,738,0.0,-101998.0,0.2205866513481492
2024-03-12 00:00:00+00:00,2183.551,2184.484,2150.467,2156.915,130621,0.0,129883.0,0.7830202545785961
2024-03-12 04:00:00+00:00,2182.5,2182.699951171875,2160.39990234375,2160.39990234375,550,0.0,-130071.0,0.991033599369396
2024-03-13 00:00:00+00:00,2156.907,2179.8,2156.527,2175.361,101946,0.0,101396.0,0.7929360202809957
2024-03-13 04:00:00+00:00,2162.5,2175.39990234375,2162.5,2175.39990234375,20,0.0,-101926.0,1.0
2024-03-14 00:00:00+00:00,2175.448,2176.978,2152.649,2161.62,105654,0.0,105634.0,0.5683751901023418
2024-03-14 04:00:00+00:00,2163.0,2163.0,2162.300048828125,2163.0,515,0.0,-105139.0,0.0
2024-03-15 00:00:00+00:00,2161.698,2172.712,2155.092,2155.698,95261,0.0,94746.0,0.3405221339387081
2024-03-15 04:00:00+00:00,2161.699951171875,2161.699951171875,2157.300048828125,2157.300048828125,100,0.0,-95161.0,1.0
2024-03-17 00:00:00+00:00,2153.279,2156.533,2153.08,2156.517,5006,0.0,4906.0,0.9377353026353469
2024-03-18 00:00:00+00:00,2156.473,2163.613,2146.062,2161.65,93184,0.0,88178.0,0.29496894763832004
2024-03-18 04:00:00+00:00,2146.199951171875,2160.699951171875,2146.199951171875,2160.699951171875,21,0.0,-93163.0,1.0
2024-03-19 00:00:00+00:00,2162.053,2162.838,2147.154,2157.009,96887,0.0,96866.0,0.32160163223666194
2024-03-19 04:00:00+00:00,2156.10009765625,2156.300048828125,2156.10009765625,2156.300048828125,12,0.0,-96875.0,1.0
2024-03-20 00:00:00+00:00,2157.054,2211.005,2149.544,2203.501,130152,0.0,130140.0,0.7557150062641339
2024-03-20 04:00:00+00:00,2157.300048828125,2185.89990234375,2150.89990234375,2157.89990234375,17,0.0,-130135.0,0.017138671875
2024-03-21 00:00:00+00:00,2203.971,2212.563,2166.296,2181.491,141806,0.0,141789.0,0.4858754619923462
2024-03-21 04:00:00+00:00,2207.0,2211.60009765625,2182.39990234375,2182.39990234375,63,0.0,-141743.0,0.8424634627604428
2024-03-22 00:00:00+00:00,2181.676,2186.042,2156.982,2165.338,111808,0.0,111745.0,0.5622161046111414
2024-03-22 04:00:00+00:00,2179.199951171875,2179.60009765625,2157.5,2158.10009765625,19,0.0,-111789.0,0.9547402841298248
2024-03-24 00:00:00+00:00,2166.313,2168.893,2165.06,2168.337,5634,0.0,5615.0,0.5280459170362231
2024-03-25 00:00:00+00:00,2168.318,2181.267,2163.412,2172.878,102858,0.0,97224.0,0.255390646877622
2024-03-25 04:00:00+00:00,2166.199951171875,2179.39990234375,2166.199951171875,2174.800048828125,79,0.0,-102779.0,0.6515249597721345
2024-03-26 00:00:00+00:00,2172.884,2200.05,2167.576,2179.466,109259,0.0,109180.0,0.20268522510315476
2024-03-26 04:00:00+00:00,2182.699951171875,2182.699951171875,2175.60009765625,2175.60009765625,202373,0.0,93114.0,1.0
2024-03-27 00:00:00+00:00,2179.463,2197.586,2173.105,2190.969,107709,0.0,-94664.0,0.4699971406396784
2024-03-27 04:00:00+00:00,2179.39990234375,2196.199951171875,2172.10009765625,2190.60009765625,31200,0.0,-76509.0,0.4647412194948994
2024-03-28 00:00:00+00:00,2190.723,2236.293,2187.306,2232.58,123595,0.0,92395.0,0.8544511809255497
2024-03-28 04:00:00+00:00,2193.60009765625,2234.10009765625,2187.10009765625,2217.39990234375,2040,0.0,-121555.0,0.5063788231382979
2024-03-31 00:00:00+00:00,2239.644,2247.34,2235.57,2244.928,10517,0.0,8477.0,0.44893797790995016
2024-04-01 00:00:00+00:00,2245.959,2265.678,2228.472,2248.936,128952,0.0,118435.0,0.08001397624040053
2024-04-01 04:00:00+00:00,2235.699951171875,2264.199951171875,2230.0,2236.5,400,0.0,-128552.0,0.023393273987564515
2024-04-02 00:00:00+00:00,2248.963,2288.254,2246.634,2280.206,151227,0.0,150827.0,0.7506727534839025
2024-04-02 04:00:00+00:00,2252.0,2279.199951171875,2247.60009765625,2261.0,435,0.0,-150792.0,0.2848114468489489
2024-04-03 00:00:00+00:00,2279.885,2302.445,2265.347,2297.448,153533,0.0,153098.0,0.47342174780310714
2024-04-03 04:00:00+00:00,2281.699951171875,2298.800048828125,2267.89990234375,2294.39990234375,285,0.0,-153248.0,0.4109997076647151
2024-04-04 00:00:00+00:00,2297.5,2305.543,2279.817,2288.891,143397,0.0,143112.0,0.3346419964238469
2024-04-04 04:00:00+00:00,2301.699951171875,2302.89990234375,2280.0,2288.800048828125,251,0.0,-143146.0,0.563316915072816
2024-04-05 00:00:00+00:00,2288.691,2330.526,2267.751,2329.355,173347,0.0,173096.0,0.6477737953006842
2024-04-05 04:00:00+00:00,2289.199951171875,2328.39990234375,2267.39990234375,2325.699951171875,344,0.0,-173003.0,0.5983606557377049
2024-04-07 00:00:00+00:00,2327.315,2328.564,2304.031,2311.647,19547,0.0,19203.0,0.638649981657367
2024-04-08 00:00:00+00:00,2311.297,2354.14,2302.862,2338.788,231213,0.0,211666.0,0.5361168532314071
2024-04-08 04:00:00+00:00,2325.60009765625,2341.800048828125,2319.0,2331.699951171875,202,0.0,-231011.0,0.26753686194305537
2024-04-09 00:00:00+00:00,2338.784,2365.34,2337.769,2354.776,184188,0.0,183986.0,0.5800297413949266
2024-04-09 04:00:00+00:00,2337.800048828125,2364.699951171875,2337.800048828125,2343.5,211,0.0,-183977.0,0.21189486485995898
2024-04-10 00:00:00+00:00,2354.899,2360.079,2319.215,2335.429,228163,0.0,227952.0,0.4764584964761106
2024-04-10 04:00:00+00:00,2346.60009765625,2358.10009765625,2327.699951171875,2329.60009765625,377,0.0,-227786.0,0.5592078317365221
2024-04-11 00:00:00+00:00,2335.489,2379.358,2325.627,2377.0,178645,0.0,178268.0,0.7725707692021327
2024-04-11 04:00:00+00:00,2341.5,2376.300048828125,2330.60009765625,2354.800048828125,283,0.0,-178362.0,0.29102982578918407
2024-04-12 00:00:00+00:00,2376.787,2431.527,2333.793,2344.382,305391,0.0,305108.0,0.3315632226246728
2024-04-12 04:00:00+00:00,2377.300048828125,2429.0,2334.300048828125,2356.199951171875,584,0.0,-304807.0,0.2228100162158957
2024-04-14 00:00:00+00:00,2369.105,2371.92,2346.756,2364.486,11726,0.0,11142.0,0.18355587347004063
2024-04-15 00:00:00+00:00,2364.446,2392.036,2324.101,2381.835,250409,0.0,238683.0,0.2559652609111671
2024-04-15 04:00:00+00:00,2362.10009765625,2384.699951171875,2326.0,2365.800048828125,1801,0.0,-248608.0,0.06303158857903383
2024-04-16 00:00:00+00:00,2381.895,2398.28,2362.955,2382.843,237440,0.0,235639.0,0.026836518046705112
2024-04-16 04:00:00+00:00,2384.0,2390.800048828125,2371.39990234375,2390.800048828125,41,0.0,-237399.0,0.35051533418068787
2024-04-17 00:00:00+00:00,2382.703,2395.58,2354.548,2367.838,195005,0.0,194964.0,0.3622782218756026
2024-04-17 04:00:00+00:00,2384.199951171875,2391.39990234375,2369.300048828125,2371.699951171875,37,0.0,-194968.0,0.565614608764817
2024-04-18 00:00:00+00:00,2367.837,2392.805,2364.016,2380.003,167979,0.0,167942.0,0.42259196220779705
2024-04-18 04:00:00+00:00,2368.39990234375,2384.39990234375,2368.39990234375,2382.300048828125,128,0.0,-167851.0,0.8687591552734375
2024-04-19 00:00:00+00:00,2379.867,2417.893,2372.761,2390.677,255514,0.0,255386.0,0.23951963130372975
2024-04-19 04:00:00+00:00,2379.300048828125,2399.800048828125,2377.300048828125,2398.39990234375,160,0.0,-255354.0,0.8488823784722223
2024-04-21 00:00:00+00:00,2384.011,2388.589,2381.869,2386.483,9777,0.0,9617.0,0.3678571428571847
2024-04-22 00:00:00+00:00,2386.506,2386.506,2324.497,2333.738,188975,0.0,179198.0,0.8509732458191556
2024-04-22 04:00:00+00:00,2383.300048828125,2383.300048828125,2326.89990234375,2332.199951171875,53,0.0,-188922.0,0.9060277471159881
2024-04-23 00:00:00+00:00,2333.716,2334.376,2291.321,2323.21,218334,0.0,218281.0,0.24401347114155816
2024-04-23 04:00:00+00:00,2327.699951171875,2330.800048828125,2294.199951171875,2327.699951171875,171,0.0,-218163.0,0.0
2024-04-24 00:00:00+00:00,2323.226,2337.354,2311.704,2316.219,155005,0.0,154834.0,0.2731773879142363
2024-04-24 04:00:00+00:00,2321.300048828125,2328.699951171875,2314.60009765625,2324.5,95,0.0,-154910.0,0.2269492493896421
2024-04-25 00:00:00+00:00,2316.223,2344.872,2304.861,2330.621,173991,0.0,173896.0,0.3598510409637387
2024-04-25 04:00:00+00:00,2315.0,2329.800048828125,2305.0,2329.800048828125,1024,0.0,-172967.0,0.5967749874484402
2024-04-26 00:00:00+00:00,2330.617,2352.555,2326.219,2337.792,141826,0.0,140802.0,0.27244076549209395
2024-04-26 04:00:00+00:00,2347.89990234375,2347.89990234375,2332.800048828125,2334.800048828125,717,0.0,-141109.0,0.8675483839674045
2024-04-28 00:00:00+00:00,2333.884,2336.829,2332.473,2335.985,6393,0.0,5676.0,0.48232323232323365
2024-04-29 00:00:00+00:00,2335.937,2346.706,2319.802,2333.173,153370,0.0,146977.0,0.10273565269105427
2024-04-29 04:00:00+00:00,2334.800048828125,2345.5,2327.89990234375,2345.39990234375,405,0.0,-152965.0,0.602261062560688
2024-04-30 00:00:00+00:00,2333.178,2336.113,2284.967,2291.244,156474,0.0,156069.0,0.8198881632972268
2024-04-30 04:00:00+00:00,2322.5,2322.5,2291.39990234375,2291.39990234375,113,0.0,-156361.0,1.0
2024-05-01 00:00:00+00:00,2291.256,2328.288,2281.544,2323.809,178119,0.0,178006.0,0.6964102344686001
2024-05-01 04:00:00+00:00,2287.699951171875,2327.300048828125,2283.800048828125,2299.89990234375,42,0.0,-178077.0,0.28045864762931033
2024-05-02 00:00:00+00:00,2323.848,2326.47,2285.392,2304.247,147739,0.0,147697.0,0.477165392667611
2024-05-02 04:00:00+00:00,2321.699951171875,2324.699951171875,2292.300048828125,2299.199951171875,56,0.0,-147683.0,0.6944465375631075
2024-05-03 00:00:00+00:00,2304.243,2320.712,2277.069,2301.627,171398,0.0,171342.0,0.0599408839905594
2024-05-03 04:00:00+00:00,2300.0,2301.0,2277.60009765625,2299.0,194,0.0,-171204.0,0.04273522108382197
2024-05-05 00:00:00+00:00,2302.321,2303.288,2293.265,2293.968,7228,0.0,7034.0,0.8333832185972214
2024-05-06 00:00:00+00:00,2293.929,2332.091,2291.774,2325.943,148685,0.0,141457.0,0.7940570975022972
2024-05-06 04:00:00+00:00,2322.800048828125,2325.5,2314.199951171875,2321.60009765625,9,0.0,-148676.0,0.1061899103381225
2024-05-07 00:00:00+00:00,2325.955,2329.925,2309.9,2315.119,116979,0.0,116970.0,0.5411235955056048
2024-05-07 04:00:00+00:00,2324.300048828125,2324.300048828125,2315.199951171875,2315.199951171875,25,0.0,-116954.0,1.0
2024-05-08 00:00:00+00:00,2315.167,2321.336,2303.584,2308.74,124436,0.0,124411.0,0.36204371338441593
2024-05-08 04:00:00+00:00,2313.60009765625,2313.60009765625,2313.60009765625,2313.60009765625,4,0.0,-124432.0,0.0
2024-05-09 00:00:00+00:00,2308.733,2348.325,2306.455,2346.517,132163,0.0,132159.0,0.9024122283257643
2024-05-09 04:00:00+00:00,2310.699951171875,2339.5,2310.699951171875,2332.10009765625,5,0.0,-132158.0,0.7430593820200907
2024-05-10 00:00:00+00:00,2346.56,2378.509,2345.925,2360.449,146644,0.0,146639.0,0.42625214829364705
2024-05-10 04:00:00+00:00,2367.300048828125,2367.300048828125,2367.300048828125,2367.300048828125,126,0.0,-146518.0,0.0
2024-05-12 00:00:00+00:00,2361.401,2363.088,2359.722,2360.411,5289,0.0,5163.0,0.29411764705876
2024-05-13 00:00:00+00:00,2360.447,2364.488,2332.029,2338.408,128874,0.0,123585.0,0.678979635848311
2024-05-13 04:00:00+00:00,2358.300048828125,2358.300048828125,2336.10009765625,2336.10009765625,14,0.0,-128860.0,1.0
2024-05-14 00:00:00+00:00,2338.39,2359.615,2334.734,2355.772,131530,0.0,131516.0,0.6986053615208456
2024-05-14 04:00:00+00:00,2336.0,2358.0,2336.0,2353.39990234375,6,0.0,-131524.0,0.7909046519886364
2024-05-15 00:00:00+00:00,2355.771,2391.91,2351.746,2391.769,158872,0.0,158866.0,0.8962752713873072
2024-05-15 04:00:00+00:00,2361.60009765625,2388.699951171875,2356.0,2388.699951171875,29,0.0,-158843.0,0.8287429352167778
2024-05-16 00:00:00+00:00,2391.764,2397.355,2370.885,2377.726,139595,0.0,139566.0,0.5303362296939976
2024-05-16 04:00:00+00:00,2389.5,2392.199951171875,2380.0,2380.0,7,0.0,-139588.0,0.7786916411518681
2024-05-17 00:00:00+00:00,2377.72,2422.736,2373.931,2413.933,137649,0.0,137642.0,0.74199364819179
2024-05-17 04:00:00+00:00,2380.699951171875,2415.800048828125,2380.699951171875,2412.199951171875,213,0.0,-137436.0,0.8974334005703555
2024-05-19 00:00:00+00:00,2425.202,2425.202,2416.731,2420.194,10234,0.0,10021.0,0.5911934836501315
2024-05-20 00:00:00+00:00,2420.206,2450.025,2407.265,2426.133,207911,0.0,197677.0,0.1386108512628543
2024-05-20 04:00:00+00:00,2415.800048828125,2435.800048828125,2409.699951171875,2433.89990234375,40,0.0,-207871.0,0.6934783828784166
2024-05-21 00:00:00+00:00,2426.135,2433.943,2406.037,2421.654,171436,0.0,171396.0,0.16057478678420975
2024-05-21 04:00:00+00:00,2429.5,2429.5,2421.0,2421.699951171875,6,0.0,-171430.0,0.9176528033088235
2024-05-22 00:00:00+00:00,2421.659,2426.539,2374.935,2382.124,169610,0.0,169604.0,0.7661227811797555
2024-05-22 04:00:00+00:00,2417.5,2417.60009765625,2375.800048828125,2389.199951171875,180,0.0,-169430.0,0.6770338700916403
2024-05-23 00:00:00+00:00,2382.155,2383.686,2326.845,2332.012,191548,0.0,191368.0,0.8821625235305453
2024-05-23 04:00:00+00:00,2371.199951171875,2371.199951171875,2335.0,2335.0,365,0.0,-191183.0,1.0
2024-05-24 00:00:00+00:00,2332.015,2347.385,2325.351,2333.781,122212,0.0,121847.0,0.08014886085141454
2024-05-24 04:00:00+00:00,2342.60009765625,2345.39990234375,2332.5,2332.5,25,0.0,-122187.0,0.7829592338847042
2024-05-26 00:00:00+00:00,2335.785,2340.678,2332.184,2337.175,6784,0.0,6759.0,0.16364492583004223
2024-05-27 00:00:00+00:00,2337.186,2358.486,2334.36,2352.373,95165,0.0,88381.0,0.6294868606482656
2024-05-28 00:00:00+00:00,2352.412,2364.078,2340.233,2359.685,145779,0.0,50614.0,0.3050115328161124
2024-05-28 04:00:00+00:00,2336.89990234375,2359.699951171875,2336.89990234375,2355.199951171875,26,0.0,-145753.0,0.8026320016276007
2024-05-29 00:00:00+00:00,2359.65,2361.361,2334.482,2338.364,130690,0.0,130664.0,0.7919193422374394
2024-05-29 04:00:00+00:00,2340.300048828125,2340.300048828125,2340.300048828125,2340.300048828125,119317,0.0,-11373.0,0.0
2024-05-30 00:00:00+00:00,2338.378,2351.847,2322.527,2343.907,155397,0.0,36080.0,0.1885743519781707
2024-05-30 04:00:00+00:00,2336.89990234375,2349.5,2320.800048828125,2342.89990234375,32587,0.0,-122810.0,0.20905958912849304
2024-05-31 00:00:00+00:00,2343.921,2359.724,2320.529,2327.191,154044,0.0,121457.0,0.42684015818344045
2024-05-31 04:00:00+00:00,2344.10009765625,2354.0,2319.0,2322.89990234375,941,0.0,-153103.0,0.6057198660714286
2024-06-02 00:00:00+00:00,2328.496,2328.76,2323.339,2325.937,6618,0.0,5677.0,0.47205312672939787
2024-06-03 00:00:00+00:00,2325.967,2354.746,2314.667,2350.629,143450,0.0,136832.0,0.615334713939961
2024-06-03 04:00:00+00:00,2322.60009765625,2347.5,2312.0,2346.60009765625,781,0.0,-142669.0,0.676056338028169
2024-06-04 00:00:00+00:00,2350.641,2352.798,2315.52,2328.786,147367,0.0,146586.0,0.586270722678259
2024-06-04 04:00:00+00:00,2347.5,2347.699951171875,2313.89990234375,2325.5,890,0.0,-146477.0,0.6508866336812452
2024-06-05 00:00:00+00:00,2328.79,2357.53,2325.827,2355.012,136398,0.0,135508.0,0.8271141532347168
2024-06-05 04:00:00+00:00,2326.39990234375,2354.300048828125,2326.199951171875,2354.10009765625,295,0.0,-136103.0,0.9857686493249231
2024-06-06 00:00:00+00:00,2355.008,2378.522,2353.345,2376.73,137866,0.0,137571.0,0.8627715772331926
2024-06-06 04:00:00+00:00,2355.0,2375.800048828125,2355.0,2370.300048828125,179,0.0,-137687.0,0.7355775438102281
2024-06-07 00:00:00+00:00,2376.735,2387.696,2286.726,2293.801,196637,0.0,196458.0,0.8213726849559311
2024-06-07 04:00:00+00:00,2379.89990234375,2385.10009765625,2285.39990234375,2305.199951171875,269,0.0,-196368.0,0.7492457857051904
2024-06-09 00:00:00+00:00,2290.431,2300.041,2290.38,2298.479,7169,0.0,6900.0,0.8330400579649856
2024-06-10 00:00:00+00:00,2298.48,2313.761,2287.707,2309.947,120000,0.0,112831.0,0.4401243571044776
2024-06-10 04:00:00+00:00,2290.60009765625,2309.300048828125,2290.5,2307.699951171875,69,0.0,-119931.0,0.909564314005584
2024-06-11 00:00:00+00:00,2309.929,2319.95,2297.625,2315.071,132115,0.0,132046.0,0.23032474804030761
2024-06-11 04:00:00+00:00,2300.0,2314.10009765625,2300.0,2307.5,871,0.0,-131244.0,0.5319112096131869
2024-06-12 00:00:00+00:00,2315.056,2341.624,2310.675,2320.55,172586,0.0,171715.0,0.17751785194998904
2024-06-12 04:00:00+00:00,2314.89990234375,2338.699951171875,2310.300048828125,2336.0,132,0.0,-172454.0,0.7429637398346027
2024-06-13 00:00:00+00:00,2320.569,2326.755,2295.463,2302.336,145902,0.0,145770.0,0.5826728876390203
2024-06-13 04:00:00+00:00,2309.39990234375,2317.699951171875,2296.199951171875,2300.199951171875,298,0.0,-145604.0,0.42790470566860467
2024-06-14 00:00:00+00:00,2302.383,2336.56,2301.499,2332.826,127362,0.0,127064.0,0.8682867003222977
2024-06-14 04:00:00+00:00,2307.0,2331.39990234375,2305.800048828125,2331.39990234375,948,0.0,-126414.0,0.9531266391371105
2024-06-16 00:00:00+00:00,2331.087,2331.482,2327.411,2328.874,4386,0.0,3438.0,0.5436010808155834
2024-06-17 00:00:00+00:00,2328.918,2328.948,2309.952,2320.645,110274,0.0,105888.0,0.4355127395241259
2024-06-17 04:00:00+00:00,2320.199951171875,2320.199951171875,2309.60009765625,2312.39990234375,110,0.0,-110164.0,0.7358638321394846
2024-06-18 00:00:00+00:00,2320.634,2333.08,2306.502,2328.255,119928,0.0,119818.0,0.2867409135375161
2024-06-18 04:00:00+00:00,2311.800048828125,2330.39990234375,2311.800048828125,2330.39990234375,43,0.0,-119885.0,1.0
2024-06-19 00:00:00+00:00,2328.272,2334.963,2323.64,2329.342,73424,0.0,73381.0,0.09449792457830376
2024-06-20 00:00:00+00:00,2329.351,2365.5,2327.74,2360.747,127496,0.0,54072.0,0.8314618644067677
2024-06-20 04:00:00+00:00,2328.89990234375,2354.0,2328.300048828125,2353.800048828125,183,0.0,-127313.0,0.9688791359115392
2024-06-21 00:00:00+00:00,2360.764,2368.742,2316.655,2321.503,135484,0.0,135301.0,0.7537581354272654
2024-06-21 04:00:00+00:00,2331.199951171875,2331.199951171875,2316.39990234375,2316.39990234375,76,0.0,-135408.0,1.0
2024-06-23 00:00:00+00:00,2321.11,2322.193,2317.683,2319.184,5097,0.0,5021.0,0.4270509977826691
2024-06-24 00:00:00+00:00,2319.17,2334.635,2317.866,2330.876,109949,0.0,104852.0,0.6980738267040353
2024-06-24 04:00:00+00:00,2323.300048828125,2332.89990234375,2322.699951171875,2330.0,99,0.0,-109850.0,0.656861102467747
2024-06-25 00:00:00+00:00,2330.869,2337.086,2315.436,2320.028,117114,0.0,117015.0,0.5007390300231193
2024-06-25 04:00:00+00:00,2324.39990234375,2333.0,2316.60009765625,2316.60009765625,105,0.0,-117009.0,0.4756006788340727
2024-06-26 00:00:00+00:00,2319.977,2323.896,2293.524,2298.401,129569,0.0,129464.0,0.7103911497431783
2024-06-26 04:00:00+00:00,2307.89990234375,2314.39990234375,2298.0,2299.199951171875,986,0.0,-128583.0,0.5304879864233185
2024-06-27 00:00:00+00:00,2298.412,2330.936,2296.429,2327.72,116263,0.0,115277.0,0.8493349175529585
2024-06-27 04:00:00+00:00,2296.800048828125,2329.0,2295.0,2324.5,1532,0.0,-114731.0,0.8147044462316176
2024-06-28 00:00:00+00:00,2327.663,2339.809,2318.988,2326.638,115805,0.0,114273.0,0.0492291436530461
2024-06-28 04:00:00+00:00,2325.39990234375,2338.300048828125,2319.0,2327.699951171875,92,0.0,-115713.0,0.11917321290779603
2024-06-30 00:00:00+00:00,2322.849,2326.157,2322.838,2324.933,4763,0.0,4671.0,0.6278999698704001
2024-07-01 00:00:00+00:00,2324.952,2338.472,2318.442,2332.222,114497,0.0,109734.0,0.36295556665002043
2024-07-01 04:00:00+00:00,2323.800048828125,2329.699951171875,2321.699951171875,2327.60009765625,237,0.0,-114260.0,0.475006103515625
2024-07-02 00:00:00+00:00,2332.216,2336.78,2319.004,2330.18,111888,0.0,111651.0,0.11453645364536591
2024-07-02 04:00:00+00:00,2330.699951171875,2334.60009765625,2323.0,2323.0,30,0.0,-111858.0,0.6637833059729764
2024-07-03 00:00:00+00:00,2330.177,2364.926,2326.819,2358.699,118479,0.0,118449.0,0.7484714094523305
2024-07-03 04:00:00+00:00,2330.89990234375,2361.60009765625,2330.89990234375,2359.800048828125,59,0.0,-118420.0,0.9413668607055381
2024-07-04 00:00:00+00:00,2358.721,2362.533,2350.364,2356.721,72008,0.0,71949.0,0.16435204207412454
2024-07-05 00:00:00+00:00,2356.753,2392.929,2347.403,2391.557,127400,0.0,55392.0,0.764486227650121
2024-07-05 04:00:00+00:00,2354.89990234375,2388.5,2354.89990234375,2388.5,72,0.0,-127328.0,1.0
2024-07-07 00:00:00+00:00,2389.586,2390.178,2384.767,2386.117,5356,0.0,5284.0,0.64110145998883
2024-07-08 00:00:00+00:00,2386.065,2391.085,2350.975,2361.71,121976,0.0,116620.0,0.6072051857392157
2024-07-08 04:00:00+00:00,2381.699951171875,2383.800048828125,2352.800048828125,2355.199951171875,64,0.0,-121912.0,0.8548387096774194
2024-07-09 00:00:00+00:00,2361.738,2371.573,2349.312,2364.966,122001,0.0,121937.0,0.1450069628498302
2024-07-09 04:00:00+00:00,2363.10009765625,2363.699951171875,2360.10009765625,2360.10009765625,9,0.0,-121992.0,0.8333672431332655
2024-07-10 00:00:00+00:00,2364.944,2386.696,2363.304,2372.852,101987,0.0,101978.0,0.33806429548563444
2024-07-10 04:00:00+00:00,2366.300048828125,2377.0,2365.800048828125,2372.199951171875,19,0.0,-101968.0,0.5267792915531335
2024-07-11 00:00:00+00:00,2372.832,2424.538,2371.391,2415.857,157030,0.0,157011.0,0.809547105198791
2024-07-11 04:00:00+00:00,2378.699951171875,2416.699951171875,2378.699951171875,2415.0,72,0.0,-156958.0,0.9552644428453947
2024-07-12 00:00:00+00:00,2415.851,2418.241,2391.378,2411.399,121729,0.0,121657.0,0.16572981424264802
2024-07-12 04:00:00+00:00,2399.800048828125,2414.0,2391.300048828125,2414.0,355,0.0,-121374.0,0.6255498553436798
2024-07-14 00:00:00+00:00,2411.618,2412.238,2405.677,2408.657,6531,0.0,6176.0,0.45130315500684703
2024-07-15 00:00:00+00:00,2408.659,2439.761,2401.296,2422.496,131657,0.0,125126.0,0.35972962433380834
2024-07-15 04:00:00+00:00,2430.0,2436.0,2422.89990234375,2422.89990234375,540,0.0,-131117.0,0.5419881471541989
2024-07-16 00:00:00+00:00,2422.482,2469.967,2419.914,2468.278,147738,0.0,147198.0,0.9149501528379903
2024-07-16 04:00:00+00:00,2427.39990234375,2462.39990234375,2427.39990234375,2462.39990234375,93,0.0,-147645.0,1.0
2024-07-17 00:00:00+00:00,2468.268,2483.753,2451.407,2461.296,180181,0.0,180088.0,0.2155444258950166
2024-07-17 04:00:00+00:00,2472.89990234375,2473.10009765625,2454.800048828125,2454.800048828125,10,0.0,-180171.0,0.9890603946262524
2024-07-18 00:00:00+00:00,2461.334,2474.966,2440.226,2441.25,145073,0.0,145063.0,0.5781232009211272
2024-07-18 04:00:00+00:00,2466.0,2466.0,2451.800048828125,2451.800048828125,2,0.0,-145071.0,1.0
2024-07-19 00:00:00+00:00,2441.292,2441.343,2393.727,2400.451,172483,0.0,172481.0,0.8577158938172024
2024-07-19 04:00:00+00:00,2418.800048828125,2419.199951171875,2395.5,2395.5,15,0.0,-172468.0,0.9831264486221993
2024-07-21 00:00:00+00:00,2403.68,2411.931,2402.487,2411.528,7264,0.0,7249.0,0.8310038119440903
2024-07-22 00:00:00+00:00,2411.496,2412.188,2383.797,2395.783,141353,0.0,134089.0,0.5534500369835564
2024-07-22 04:00:00+00:00,2402.10009765625,2402.10009765625,2392.0,2392.0,18,0.0,-141335.0,1.0
2024-07-23 00:00:00+00:00,2395.75,2411.984,2388.182,2408.513,129675,0.0,129657.0,0.536215444080323
2024-07-23 04:00:00+00:00,2395.800048828125,2404.60009765625,2388.699951171875,2404.60009765625,41,0.0,-129634.0,0.553457091528859
2024-07-24 00:00:00+00:00,2408.558,2431.954,2393.06,2398.669,151335,0.0,151294.0,0.25425515503676827
2024-07-24 04:00:00+00:00,2421.0,2421.0,2411.60009765625,2413.300048828125,6,0.0,-151329.0,0.8191522518310738
2024-07-25 00:00:00+00:00,2398.72,2399.985,2353.081,2363.801,219780,0.0,219774.0,0.7444780828927143
2024-07-25 04:00:00+00:00,2365.5,2365.5,2351.89990234375,2351.89990234375,31,0.0,-219749.0,1.0
2024-07-26 00:00:00+00:00,2363.849,2390.799,2355.842,2387.114,141511,0.0,141480.0,0.6655319392396359
2024-07-26 04:00:00+00:00,2368.699951171875,2386.89990234375,2368.699951171875,2380.0,95,0.0,-141416.0,0.6208834694890472
2024-07-28 00:00:00+00:00,2387.944,2403.181,2387.853,2397.091,11156,0.0,11061.0,0.5967510438413328
2024-07-29 00:00:00+00:00,2397.055,2402.488,2369.495,2381.143,146832,0.0,135676.0,0.48228412087411987
2024-07-29 04:00:00+00:00,2377.300048828125,2377.300048828125,2377.300048828125,2377.300048828125,126409,0.0,-20423.0,0.0
2024-07-30 00:00:00+00:00,2381.186,2412.878,2376.471,2409.807,149628,0.0,23219.0,0.786140028016577
2024-07-30 04:00:00+00:00,2380.89990234375,2409.300048828125,2373.800048828125,2405.0,25944,0.0,-123684.0,0.6788759903169014
2024-07-31 00:00:00+00:00,2409.81,2450.951,2403.877,2445.743,174507,0.0,148563.0,0.7633300760504724
2024-07-31 04:00:00+00:00,2407.10009765625,2447.60009765625,2402.800048828125,2426.5,1313,0.0,-173194.0,0.4330330624901227
2024-08-01 00:00:00+00:00,2445.725,2462.302,2430.12,2445.844,204197,0.0,202884.0,0.0036977192219296807
2024-08-01 04:00:00+00:00,2446.699951171875,2455.10009765625,2430.39990234375,2435.0,690,0.0,-203507.0,0.47367848811924246
2024-08-02 00:00:00+00:00,2445.886,2477.704,2410.794,2441.892,265481,0.0,264791.0,0.05969212374832048
2024-08-02 04:00:00+00:00,2444.0,2477.0,2416.0,2425.699951171875,550,0.0,-264931.0,0.3000008004610656
2024-08-04 00:00:00+00:00,2441.02,2446.317,2437.915,2440.952,13269,0.0,12719.0,0.008093311116371805
2024-08-05 00:00:00+00:00,2440.984,2458.836,2364.234,2404.837,361699,0.0,348430.0,0.38209551595103686
2024-08-05 04:00:00+00:00,2442.0,2449.800048828125,2367.39990234375,2401.699951171875,334,0.0,-361365.0,0.489077393033116
2024-08-06 00:00:00+00:00,2404.865,2418.371,2381.404,2383.788,233525,0.0,233191.0,0.5701571672031736
2024-08-06 04:00:00+00:00,2414.5,2421.800048828125,2380.0,2389.10009765625,163,0.0,-233362.0,0.6076524562971269
2024-08-07 00:00:00+00:00,2383.723,2407.059,2378.931,2384.791,182174,0.0,182011.0,0.0379692832764578
2024-08-07 04:00:00+00:00,2392.199951171875,2401.0,2384.5,2390.5,130,0.0,-182044.0,0.10302734375
2024-08-08 00:00:00+00:00,2384.835,2427.818,2383.283,2424.595,181457,0.0,181327.0,0.8927809587964407
2024-08-08 04:00:00+00:00,2384.300048828125,2422.800048828125,2384.300048828125,2422.199951171875,201,0.0,-181256.0,0.9844130478896104
2024-08-09 00:00:00+00:00,2424.519,2437.055,2416.829,2430.805,144977,0.0,144776.0,0.3107880945317989
2024-08-09 04:00:00+00:00,2422.300048828125,2432.10009765625,2418.5,2432.10009765625,611,0.0,-144366.0,0.7205866513481493
2024-08-11 00:00:00+00:00,2428.332,2433.24,2427.262,2427.927,6495,0.0,5884.0,0.06774841083970755
2024-08-12 00:00:00+00:00,2427.928,2476.033,2423.825,2475.536,134699,0.0,128204.0,0.9118908979466768
2024-08-12 04:00:00+00:00,2432.699951171875,2469.800048828125,2432.0,2462.39990234375,566,0.0,-134133.0,0.7857119790220178
2024-08-13 00:00:00+00:00,2475.58,2476.963,2458.493,2464.06,143654,0.0,143088.0,0.6237141310232714
2024-08-13 04:00:00+00:00,2461.0,2470.0,2456.5,2466.699951171875,510,0.0,-143144.0,0.42221860532407407
2024-08-14 00:00:00+00:00,2464.104,2480.064,2437.995,2449.408,195917,0.0,195407.0,0.34933086120421036
2024-08-14 04:00:00+00:00,2468.0,2472.10009765625,2439.39990234375,2439.39990234375,274,0.0,-195643.0,0.8746154994773779
2024-08-15 00:00:00+00:00,2449.396,2470.095,2432.094,2457.298,189667,0.0,189393.0,0.2079418962658783
2024-08-15 04:00:00+00:00,2451.800048828125,2467.699951171875,2431.199951171875,2453.10009765625,285,0.0,-189382.0,0.0356177761130137
2024-08-16 00:00:00+00:00,2457.309,2509.783,2450.7,2507.82,159247,0.0,158962.0,0.8549159656754041
2024-08-16 04:00:00+00:00,2453.5,2508.0,2451.39990234375,2498.60009765625,197,0.0,-159050.0,0.796820138547409
2024-08-18 00:00:00+00:00,2506.461,2506.778,2502.271,2506.414,7373,0.0,7176.0,0.01042822276449408
2024-08-19 00:00:00+00:00,2506.42,2507.482,2485.614,2503.544,149199,0.0,141826.0,0.13151637095300037
2024-08-19 04:00:00+00:00,2508.5,2508.5,2487.199951171875,2501.800048828125,88,0.0,-149111.0,0.31455097713336005
2024-08-20 00:00:00+00:00,2503.554,2531.668,2497.283,2512.964,163243,0.0,163155.0,0.27366584266394633
2024-08-20 04:00:00+00:00,2503.5,2527.300048828125,2500.699951171875,2511.300048828125,187,0.0,-163056.0,0.29323384180479833
2024-08-21 00:00:00+00:00,2512.976,2519.942,2493.644,2512.783,157336,0.0,157149.0,0.0073389611377370646
2024-08-21 04:00:00+00:00,2511.0,2515.39990234375,2503.89990234375,2508.39990234375,96,0.0,-157240.0,0.22609544836956522
2024-08-22 00:00:00+00:00,2512.732,2514.701,2470.801,2487.564,159973,0.0,159877.0,0.573302961275628
2024-08-22 04:00:00+00:00,2504.10009765625,2504.10009765625,2471.10009765625,2478.89990234375,210,0.0,-159763.0,0.7636422821969697
2024-08-23 00:00:00+00:00,2487.574,2518.35,2486.469,2512.357,157860,0.0,157650.0,0.7773595558483113
2024-08-23 04:00:00+00:00,2486.5,2508.39990234375,2486.5,2508.39990234375,94,0.0,-157766.0,1.0
2024-08-25 00:00:00+00:00,2512.067,2516.683,2511.068,2515.917,7415,0.0,7321.0,0.68566340160286
2024-08-26 00:00:00+00:00,2515.903,2527.009,2508.646,2515.511,146693,0.0,139278.0,0.02134727441049006
2024-08-26 04:00:00+00:00,2509.89990234375,2523.10009765625,2509.10009765625,2517.699951171875,290,0.0,-146403.0,0.5571463448660714
2024-08-27 00:00:00+00:00,2515.512,2529.043,2503.436,2525.269,154887,0.0,154597.0,0.3810286249853407
2024-08-27 04:00:00+00:00,2515.199951171875,2523.10009765625,2506.89990234375,2516.0,100,0.0,-154787.0,0.049385134727831695
2024-08-28 00:00:00+00:00,2525.223,2525.813,2493.498,2508.11,147493,0.0,147393.0,0.5295683119294383
2024-08-28 04:00:00+00:00,2501.0,2501.0,2501.0,2501.0,2353,0.0,-145140.0,0.0
2024-08-29 00:00:00+00:00,2508.08,2528.669,2503.558,2519.613,155154,0.0,152801.0,0.4592807932778447
2024-08-29 04:00:00+00:00,2504.10009765625,2525.699951171875,2503.89990234375,2525.699951171875,3966,0.0,-151188.0,0.9908167493532528
2024-08-30 00:00:00+00:00,2519.6,2526.914,2494.086,2503.342,168182,0.0,164216.0,0.49524795905932734
2024-08-30 04:00:00+00:00,2519.5,2525.39990234375,2493.800048828125,2493.800048828125,208,0.0,-167974.0,0.8132933641343397
2024-09-01 00:00:00+00:00,2502.485,2504.76,2501.942,2502.98,5448,0.0,5240.0,0.17565649396730085
2024-09-02 00:00:00+00:00,2502.983,2507.31,2489.977,2497.242,100349,0.0,94901.0,0.3312179080366906
2024-09-03 00:00:00+00:00,2497.247,2506.247,2473.282,2493.223,190319,0.0,89970.0,0.12206886091308737
2024-09-03 04:00:00+00:00,2501.60009765625,2501.800048828125,2476.300048828125,2489.89990234375,206,0.0,-190113.0,0.45883118872549017
2024-09-04 00:00:00+00:00,2493.2,2500.266,2471.826,2495.829,165815,0.0,165609.0,0.09244022503517423
2024-09-04 04:00:00+00:00,2490.89990234375,2493.39990234375,2483.5,2493.39990234375,470,0.0,-165345.0,0.2525277435265105
2024-09-05 00:00:00+00:00,2495.827,2523.574,2493.759,2517.282,168583,0.0,168113.0,0.719604226060704
2024-09-05 04:00:00+00:00,2493.699951171875,2513.300048828125,2493.39990234375,2511.39990234375,54,0.0,-168529.0,0.8894382353302008
2024-09-06 00:00:00+00:00,2517.277,2529.232,2485.064,2497.555,235075,0.0,235021.0,0.44652236913602955
2024-09-06 04:00:00+00:00,2510.300048828125,2517.89990234375,2483.699951171875,2493.5,96,0.0,-234979.0,0.49123019923902256
2024-09-08 00:00:00+00:00,2497.038,2498.276,2495.507,2496.869,6151,0.0,6055.0,0.061032863849722854
2024-09-09 00:00:00+00:00,2496.871,2507.701,2485.503,2506.813,160930,0.0,154779.0,0.4478781872240773
2024-09-09 04:00:00+00:00,2491.300048828125,2504.699951171875,2491.300048828125,2501.800048828125,96,0.0,-160834.0,0.7835878001676202
2024-09-10 00:00:00+00:00,2506.815,2518.849,2500.052,2518.678,148984,0.0,148888.0,0.6311113475554511
2024-09-10 04:00:00+00:00,2512.300048828125,2512.300048828125,2512.300048828125,2512.300048828125,5,0.0,-148979.0,0.0
2024-09-11 00:00:00+00:00,2518.638,2529.086,2500.844,2511.893,193427,0.0,193422.0,0.2388286948516378
2024-09-11 04:00:00+00:00,2525.800048828125,2525.800048828125,2502.300048828125,2512.10009765625,90,0.0,-193337.0,0.5829766456117021
2024-09-12 00:00:00+00:00,2511.901,2560.091,2510.973,2558.422,193081,0.0,192991.0,0.9471273260311952
2024-09-12 04:00:00+00:00,2529.10009765625,2557.0,2523.39990234375,2551.199951171875,132,0.0,-192949.0,0.6577318239286182
2024-09-13 00:00:00+00:00,2558.419,2586.12,2556.78,2579.067,172961,0.0,172829.0,0.7037491479209392
2024-09-13 04:00:00+00:00,2568.800048828125,2581.800048828125,2565.0,2581.300048828125,31,0.0,-172930.0,0.7440454565271097
2024-09-15 00:00:00+00:00,2578.456,2580.454,2577.582,2579.163,7257,0.0,7226.0,0.24616991643447303
2024-09-16 00:00:00+00:00,2579.17,2589.651,2575.285,2583.659,139447,0.0,132190.0,0.31247389670054554
2024-09-16 04:00:00+00:00,2580.39990234375,2580.39990234375,2580.39990234375,2580.39990234375,28,0.0,-139419.0,0.0
2024-09-17 00:00:00+00:00,2583.683,2586.956,2560.661,2574.05,164881,0.0,164853.0,0.36634341129491477
2024-09-17 04:00:00+00:00,2581.199951171875,2581.800048828125,2564.300048828125,2564.300048828125,22,0.0,-164859.0,0.9657087053571428
2024-09-18 00:00:00+00:00,2574.019,2600.138,2546.828,2559.239,254151,0.0,254129.0,0.2772462952541692
2024-09-18 04:00:00+00:00,2570.699951171875,2570.699951171875,2549.199951171875,2570.699951171875,25,0.0,-254126.0,0.0
2024-09-19 00:00:00+00:00,2559.239,2594.963,2550.894,2587.282,209005,0.0,208980.0,0.6363430075563289
2024-09-19 04:00:00+00:00,2566.0,2588.0,2566.0,2588.0,99,0.0,-208906.0,1.0
2024-09-20 00:00:00+00:00,2587.254,2625.754,2584.714,2622.098,185221,0.0,185122.0,0.8490253411306062
2024-09-20 04:00:00+00:00,2590.39990234375,2621.800048828125,2590.39990234375,2619.89990234375,17,0.0,-185204.0,0.9394860630564087
2024-09-22 00:00:00+00:00,2620.944,2622.119,2619.63,2620.234,5589,0.0,5572.0,0.2852551225391832
2024-09-23 00:00:00+00:00,2620.202,2634.881,2613.799,2626.3,161989,0.0,156400.0,0.2892514941656385
2024-09-23 04:00:00+00:00,2626.5,2626.5,2626.5,2626.5,9,0.0,-161980.0,0.0
2024-09-24 00:00:00+00:00,2626.295,2664.366,2622.524,2658.204,201347,0.0,201338.0,0.7626069499545918
2024-09-24 04:00:00+00:00,2636.800048828125,2662.300048828125,2625.5,2651.199951171875,35,0.0,-201312.0,0.39130117492519884
2024-09-25 00:00:00+00:00,2658.163,2670.629,2649.566,2656.24,188275,0.0,188240.0,0.09129753596354839
2024-09-25 04:00:00+00:00,2656.300048828125,2664.199951171875,2649.300048828125,2659.199951171875,175,0.0,-188100.0,0.1946255939701786
2024-09-26 00:00:00+00:00,2656.359,2685.611,2654.717,2672.601,223870,0.0,223695.0,0.5257331520683727
2024-09-26 04:00:00+00:00,2662.300048828125,2669.89990234375,2660.800048828125,2669.89990234375,17216,0.0,-206654.0,0.8351621817401336
2024-09-27 00:00:00+00:00,2672.61,2674.269,2642.994,2657.983,209353,0.0,192137.0,0.4676898481215067
2024-09-27 04:00:00+00:00,2670.0,2672.10009765625,2641.699951171875,2644.300048828125,4228,0.0,-205125.0,0.8453890570916888
2024-09-29 00:00:00+00:00,2661.714,2665.106,2659.762,2663.543,9821,0.0,5593.0,0.34225299401200615
2024-09-30 00:00:00+00:00,2663.58,2666.069,2624.679,2635.634,202799,0.0,192978.0,0.675187243295482
2024-09-30 04:00:00+00:00,2660.89990234375,2662.10009765625,2623.199951171875,2636.10009765625,973,0.0,-201826.0,0.6375247120846016
2024-10-01 00:00:00+00:00,2635.66,2673.222,2633.911,2660.361,202194,0.0,201221.0,0.6283482994581651
2024-10-01 04:00:00+00:00,2631.39990234375,2670.89990234375,2631.39990234375,2667.300048828125,153,0.0,-202041.0,0.9088644679588608
2024-10-02 00:00:00+00:00,2660.39,2663.387,2641.038,2660.328,170820,0.0,170667.0,0.002774173341084509
2024-10-02 04:00:00+00:00,2650.60009765625,2657.199951171875,2640.0,2647.10009765625,72,0.0,-170748.0,0.2034889497665044
2024-10-03 00:00:00+00:00,2660.299,2662.968,2637.964,2655.804,184387,0.0,184315.0,0.17977123660213998
2024-10-03 04:00:00+00:00,2642.800048828125,2657.10009765625,2640.0,2657.10009765625,354,0.0,-184033.0,0.8362553896233689
2024-10-04 00:00:00+00:00,2655.8,2670.167,2632.031,2653.519,203717,0.0,203363.0,0.05981225089155669
2024-10-04 04:00:00+00:00,2656.0,2667.0,2639.0,2645.800048828125,114,0.0,-203603.0,0.36428397042410715
2024-10-06 00:00:00+00:00,2651.575,2652.397,2649.675,2650.158,6824,0.0,6710.0,0.5205731080088336
2024-10-07 00:00:00+00:00,2650.103,2659.613,2637.728,2642.944,173705,0.0,166881.0,0.3271190312999855
2024-10-07 04:00:00+00:00,2648.699951171875,2657.39990234375,2639.0,2644.800048828125,284,0.0,-173421.0,0.2119523392511212
2024-10-08 00:00:00+00:00,2642.962,2653.012,2604.686,2621.868,241960,0.0,241676.0,0.43649381285436495
2024-10-08 04:00:00+00:00,2639.0,2639.0,2609.300048828125,2615.0,687,0.0,-241273.0,0.8080821366038915
2024-10-09 00:00:00+00:00,2621.868,2624.321,2605.116,2608.476,175163,0.0,174476.0,0.6973184066649245
2024-10-09 04:00:00+00:00,2603.0,2607.699951171875,2603.0,2606.0,152,0.0,-175011.0,0.6383045036621474
2024-10-10 00:00:00+00:00,2608.438,2636.019,2602.26,2633.149,198131,0.0,197979.0,0.7319825824224683
2024-10-10 04:00:00+00:00,2602.5,2628.300048828125,2602.5,2620.60009765625,320,0.0,-197811.0,0.7015528449899221
2024-10-11 00:00:00+00:00,2633.161,2661.462,2631.952,2656.864,151587,0.0,151267.0,0.8032192477126453
2024-10-11 04:00:00+00:00,2638.300048828125,2658.10009765625,2638.199951171875,2657.60009765625,12,0.0,-151575.0,0.9698445608568169
2024-10-13 00:00:00+00:00,2650.086,2652.472,2646.866,2648.091,9810,0.0,9798.0,0.3558687120941513
2024-10-14 00:00:00+00:00,2648.131,2666.838,2643.075,2649.357,155990,0.0,146180.0,0.05159281235534627
2024-10-14 04:00:00+00:00,2655.0,2655.300048828125,2647.800048828125,2647.800048828125,40,0.0,-155950.0,0.9599934895833333
2024-10-15 00:00:00+00:00,2649.419,2668.93,2637.975,2660.5,174463,0.0,174423.0,0.3579712485866631
2024-10-15 04:00:00+00:00,2661.39990234375,2661.39990234375,2661.39990234375,2661.39990234375,39,0.0,-174424.0,0.0
2024-10-16 00:00:00+00:00,2660.498,2685.394,2658.722,2674.087,175429,0.0,175390.0,0.5094856028794301
2024-10-16 04:00:00+00:00,2674.0,2674.0,2674.0,2674.0,6,0.0,-175423.0,0.0
2024-10-17 00:00:00+00:00,2674.122,2696.788,2673.155,2693.706,191698,0.0,191692.0,0.828671772521493
2024-10-17 04:00:00+00:00,2677.39990234375,2691.699951171875,2677.199951171875,2691.0,30,0.0,-191668.0,0.9379377693965517
2024-10-18 00:00:00+00:00,2693.669,2722.633,2692.73,2721.778,182442,0.0,182412.0,0.940006019462934
2024-10-18 04:00:00+00:00,2713.699951171875,2719.60009765625,2713.699951171875,2713.699951171875,29,0.0,-182413.0,0.0
2024-10-20 00:00:00+00:00,2723.092,2725.145,2720.179,2723.416,7432,0.0,7403.0,0.06524365686670883
2024-10-21 00:00:00+00:00,2723.457,2740.552,2714.204,2721.483,211005,0.0,203573.0,0.07492029755578065
2024-10-21 04:00:00+00:00,2721.89990234375,2738.39990234375,2719.5,2723.10009765625,52,0.0,-210953.0,0.06350272560518769
2024-10-22 00:00:00+00:00,2721.483,2748.908,2720.633,2746.553,170385,0.0,170333.0,0.8866489832006942
2024-10-22 04:00:00+00:00,2731.699951171875,2746.0,2728.60009765625,2744.199951171875,93,0.0,-170292.0,0.7183948365371123
2024-10-23 00:00:00+00:00,2746.557,2758.508,2708.63,2721.258,211261,0.0,211168.0,0.5072176109707712
2024-10-23 04:00:00+00:00,2742.5,2742.5,2714.199951171875,2714.39990234375,18,0.0,-211243.0,0.9929345997567225
2024-10-24 00:00:00+00:00,2721.219,2743.208,2717.752,2733.844,178049,0.0,178031.0,0.4959538026398466
2024-10-24 04:00:00+00:00,2729.0,2736.10009765625,2729.0,2734.89990234375,27,0.0,-178022.0,0.8309607317240905
2024-10-25 00:00:00+00:00,2733.885,2747.774,2716.956,2747.023,158893,0.0,158866.0,0.42630929975988135
2024-10-25 04:00:00+00:00,2725.5,2742.39990234375,2725.5,2740.89990234375,29,0.0,-158864.0,0.9112420906648175
2024-10-27 00:00:00+00:00,2733.443,2740.176,2730.34,2735.815,12776,0.0,12747.0,0.2411549410329296
2024-10-28 00:00:00+00:00,2735.783,2745.917,2724.631,2744.427,158784,0.0,146008.0,0.40608850887908526
2024-10-28 04:00:00+00:00,2736.10009765625,2742.89990234375,2729.5,2742.89990234375,56,0.0,-158728.0,0.507451809204533
2024-10-29 00:00:00+00:00,2744.379,2775.383,2743.203,2774.915,180568,0.0,180512.0,0.9489123679303982
2024-10-29 04:00:00+00:00,2768.39990234375,2768.39990234375,2768.39990234375,2768.39990234375,848,0.0,-179720.0,0.0
2024-10-30 00:00:00+00:00,2774.943,2790.075,2770.804,2785.49,176119,0.0,175271.0,0.5472990503865767
2024-10-30 04:00:00+00:00,2774.60009765625,2789.0,2774.60009765625,2788.5,231,0.0,-175888.0,0.965277542301041
2024-10-31 00:00:00+00:00,2785.489,2790.084,2731.515,2746.691,197598,0.0,197367.0,0.6624323447557625
2024-10-31 04:00:00+00:00,2787.39990234375,2787.5,2733.5,2738.300048828125,849,0.0,-196749.0,0.9092565465856481
2024-11-01 00:00:00+00:00,2746.672,2762.261,2733.113,2736.69,186424,0.0,185575.0,0.342459173871275
2024-11-01 04:00:00+00:00,2745.5,2756.0,2734.199951171875,2738.60009765625,109,0.0,-186315.0,0.3165085729004513
2024-11-03 00:00:00+00:00,2732.846,2740.334,2732.568,2738.352,5441,0.0,5332.0,0.7089878959567507
2024-11-04 00:00:00+00:00,2738.379,2748.215,2731.742,2736.001,162008,0.0,156567.0,0.1443574333758094
2024-11-04 05:00:00+00:00,2736.5,2737.10009765625,2736.10009765625,2736.10009765625,16,0.0,-161992.0,0.39990234375
2024-11-05 00:00:00+00:00,2736.046,2749.917,2724.695,2745.707,157445,0.0,157429.0,0.38303861708033277
2024-11-05 05:00:00+00:00,2743.0,2743.89990234375,2740.300048828125,2740.300048828125,23,0.0,-157422.0,0.7500169548999661
2024-11-06 00:00:00+00:00,2745.684,2749.681,2652.335,2664.048,373110,0.0,373087.0,0.8386168923222364
2024-11-06 05:00:00+00:00,2734.5,2734.5,2659.39990234375,2667.60009765625,427,0.0,-372683.0,0.8908097916192581
2024-11-07 00:00:00+00:00,2664.035,2710.317,2643.217,2706.866,239577,0.0,239150.0,0.638315946348736
2024-11-07 05:00:00+00:00,2662.5,2699.10009765625,2662.5,2698.39990234375,676,0.0,-238901.0,0.9808690315781048
2024-11-08 00:00:00+00:00,2706.87,2710.418,2680.286,2684.758,201048,0.0,200372.0,0.7338377804327637
2024-11-08 05:00:00+00:00,2688.5,2694.60009765625,2682.89990234375,2687.5,1038,0.0,-200010.0,0.08546865870962357
2024-11-10 00:00:00+00:00,2683.161,2685.65,2681.526,2685.605,3709,0.0,2671.0,0.5926285160038339
2024-11-11 00:00:00+00:00,2685.638,2686.141,2610.53,2624.038,210697,0.0,206988.0,0.8146962743516156
2024-11-11 05:00:00+00:00,2671.699951171875,2671.699951171875,2611.199951171875,2611.199951171875,20,0.0,-210677.0,1.0
2024-11-12 00:00:00+00:00,2624.026,2627.162,2589.596,2598.956,233933,0.0,233913.0,0.6673587818772252
2024-11-12 05:00:00+00:00,2605.5,2605.5,2592.800048828125,2600.0,118,0.0,-233815.0,0.4330725311905265
2024-11-13 00:00:00+00:00,2599.011,2618.841,2569.214,2570.989,226862,0.0,226744.0,0.5646523062042832
2024-11-13 05:00:00+00:00,2611.10009765625,2611.800048828125,2580.800048828125,2580.800048828125,53,0.0,-226809.0,0.9774209299395161
2024-11-14 00:00:00+00:00,2571.012,2577.447,2536.755,2566.899,243258,0.0,243205.0,0.10107637864937292
2024-11-14 05:00:00+00:00,2555.10009765625,2576.199951171875,2554.199951171875,2568.199951171875,27,0.0,-243231.0,0.5954478870738636
2024-11-15 00:00:00+00:00,2566.888,2576.06,2554.406,2562.969,202809,0.0,202782.0,0.18098272836426849
2024-11-15 05:00:00+00:00,2565.699951171875,2565.699951171875,2565.699951171875,2565.699951171875,20,0.0,-202789.0,0.0
2024-11-17 00:00:00+00:00,2568.027,2575.523,2568.027,2571.441,5698,0.0,5678.0,0.455442902881499
2024-11-18 00:00:00+00:00,2571.403,2615.104,2569.866,2612.704,190681,0.0,184983.0,0.9129713957292661
2024-11-18 05:00:00+00:00,2591.699951171875,2610.699951171875,2589.39990234375,2610.60009765625,136,0.0,-190545.0,0.887328786749957
2024-11-19 00:00:00+00:00,2612.731,2639.473,2611.057,2635.166,199480,0.0,199344.0,0.7895199887387322
2024-11-19 05:00:00+00:00,2621.89990234375,2627.699951171875,2619.300048828125,2627.10009765625,87,0.0,-199393.0,0.6190780677788758
2024-11-20 00:00:00+00:00,2635.157,2655.433,2618.864,2652.124,172845,0.0,172758.0,0.4639722169050196
2024-11-20 05:00:00+00:00,2638.5,2648.199951171875,2638.5,2648.199951171875,27,0.0,-172818.0,1.0
2024-11-21 00:00:00+00:00,2652.153,2673.522,2650.325,2669.159,179694,0.0,179667.0,0.7331120403500551
2024-11-21 05:00:00+00:00,2659.300048828125,2672.10009765625,2655.699951171875,2672.10009765625,33,0.0,-179661.0,0.7804838109415705
2024-11-22 00:00:00+00:00,2669.127,2715.658,2668.853,2715.573,214309,0.0,214276.0,0.9923298792864026
2024-11-22 05:00:00+00:00,2687.5,2710.5,2685.60009765625,2709.89990234375,41,0.0,-214268.0,0.8995979998039023
2024-11-24 00:00:00+00:00,2711.186,2721.405,2710.748,2719.756,8444,0.0,8403.0,0.8041662756873028
2024-11-25 00:00:00+00:00,2719.727,2720.136,2605.112,2610.461,324790,0.0,316346.0,0.9499408819029088
2024-11-25 05:00:00+00:00,2689.39990234375,2689.39990234375,2616.800048828125,2616.800048828125,94,0.0,-324696.0,1.0
2024-11-26 00:00:00+00:00,2610.527,2641.993,2608.451,2632.254,231795,0.0,231701.0,0.6477550533659268
2024-11-26 05:00:00+00:00,2625.60009765625,2625.60009765625,2620.300048828125,2620.300048828125,177858,0.0,-53937.0,1.0
2024-11-27 00:00:00+00:00,2632.253,2658.206,2627.017,2637.168,182312,0.0,4454.0,0.1575876110167019
2024-11-27 05:00:00+00:00,2633.5,2657.89990234375,2627.199951171875,2639.89990234375,61653,0.0,-120659.0,0.20846620595322354
2024-11-28 00:00:00+00:00,2637.063,2649.674,2620.844,2638.767,122238,0.0,60585.0,0.05910509885534956
2024-11-29 00:00:00+00:00,2638.726,2666.383,2633.969,2655.23,154273,0.0,32035.0,0.5091627074720808
2024-11-29 05:00:00+00:00,2636.39990234375,2664.300048828125,2620.699951171875,2657.0,3861,0.0,-150412.0,0.47247824577514475
2024-12-01 00:00:00+00:00,2649.054,2650.324,2643.053,2645.659,5596,0.0,1735.0,0.4669233943061333
2024-12-02 00:00:00+00:00,2645.756,2651.794,2621.838,2642.211,226417,0.0,220821.0,0.11834023234077017
2024-12-02 05:00:00+00:00,2649.0,2649.800048828125,2621.699951171875,2634.89990234375,695,0.0,-225722.0,0.5017810908964535
2024-12-03 00:00:00+00:00,2642.228,2655.665,2634.033,2642.721,183325,0.0,182630.0,0.02279031065088465
2024-12-03 05:00:00+00:00,2639.0,2654.699951171875,2636.0,2644.699951171875,1062,0.0,-182263.0,0.30481101899601803
2024-12-04 00:00:00+00:00,2642.725,2657.184,2632.33,2650.397,188270,0.0,187208.0,0.30868270700892986
2024-12-04 05:00:00+00:00,2639.199951171875,2658.300048828125,2637.0,2653.800048828125,249,0.0,-188021.0,0.6854490228666399
2024-12-05 00:00:00+00:00,2650.404,2655.518,2623.444,2633.713,173691,0.0,173442.0,0.520390347321811
2024-12-05 05:00:00+00:00,2652.39990234375,2655.0,2625.699951171875,2626.60009765625,573,0.0,-173118.0,0.88053794172298
2024-12-06 00:00:00+00:00,2633.721,2645.733,2612.931,2632.92,204943,0.0,204370.0,0.024419242729099677
2024-12-06 05:00:00+00:00,2620.199951171875,2643.10009765625,2617.5,2638.60009765625,571,0.0,-204372.0,0.7187529802208701
2024-12-08 00:00:00+00:00,2642.963,2648.524,2636.316,2640.064,8040,0.0,7469.0,0.2374672346002885
2024-12-09 00:00:00+00:00,2640.064,2676.445,2627.461,2660.449,196964,0.0,188924.0,0.4161562959333672
2024-12-09 05:00:00+00:00,2632.10009765625,2677.10009765625,2630.800048828125,2664.89990234375,935,0.0,-196029.0,0.7084183606211606
2024-12-10 00:00:00+00:00,2660.489,2698.378,2657.958,2695.986,180768,0.0,179833.0,0.8782038594755017
2024-12-10 05:00:00+00:00,2662.300048828125,2698.199951171875,2661.0,2697.60009765625,437,0.0,-180331.0,0.9489272893135833
2024-12-11 00:00:00+00:00,2695.911,2721.052,2675.566,2719.922,185204,0.0,184767.0,0.5278767093171479
2024-12-11 05:00:00+00:00,2701.800048828125,2733.800048828125,2693.10009765625,2733.800048828125,3387,0.0,-181817.0,0.7862417295014607
2024-12-12 00:00:00+00:00,2719.984,2726.206,2675.077,2680.623,73747,0.0,70360.0,0.7698370787615629
2024-12-12 05:00:00+00:00,2725.10009765625,2725.10009765625,2677.39990234375,2687.5,2365,0.0,-71382.0,0.788258777766404
2024-12-13 00:00:00+00:00,2680.617,2692.778,2646.046,2648.392,70305,0.0,67940.0,0.6895703158435416
2024-12-13 05:00:00+00:00,2688.199951171875,2689.300048828125,2647.89990234375,2656.0,1125,0.0,-69180.0,0.7777738463806575
2024-12-15 00:00:00+00:00,2649.414,2653.127,2648.793,2651.479,1933,0.0,808.0,0.476465159206202
2024-12-16 00:00:00+00:00,2651.484,2664.447,2643.523,2651.744,118330,0.0,116397.0,0.012425922385787543
2024-12-16 05:00:00+00:00,2658.300048828125,2663.300048828125,2651.0,2651.39990234375,877,0.0,-117453.0,0.5609852920743931
2024-12-17 00:00:00+00:00,2651.762,2658.639,2632.966,2647.378,161370,0.0,160493.0,0.17076305846609183
2024-12-17 05:00:00+00:00,2651.800048828125,2652.300048828125,2632.5,2644.39990234375,705,0.0,-160665.0,0.37374385026078594
2024-12-18 00:00:00+00:00,2647.365,2651.746,2583.39,2588.225,184676,0.0,183971.0,0.8651764292819896
2024-12-18 05:00:00+00:00,2644.300048828125,2647.10009765625,2590.199951171875,2636.5,566,0.0,-184110.0,0.13708310628456682
2024-12-19 00:00:00+00:00,2588.256,2626.43,2586.951,2593.519,208767,0.0,208201.0,0.13331138073405974
2024-12-19 05:00:00+00:00,2582.10009765625,2610.300048828125,2582.10009765625,2592.199951171875,238,0.0,-208529.0,0.35815145402443144
2024-12-20 00:00:00+00:00,2593.496,2631.875,2589.593,2622.643,178657,0.0,178419.0,0.6893477129747843
2024-12-20 05:00:00+00:00,2605.300048828125,2631.60009765625,2604.89990234375,2628.699951171875,592,0.0,-178065.0,0.8763944259536959
2024-12-22 00:00:00+00:00,2623.329,2624.907,2621.731,2624.293,1858,0.0,1266.0,0.3035264483627087
2024-12-23 00:00:00+00:00,2624.399,2633.259,2608.117,2615.492,123872,0.0,122014.0,0.35426775912814257
2024-12-23 05:00:00+00:00,2620.0,2627.699951171875,2611.10009765625,2612.300048828125,451,0.0,-123421.0,0.46385657347079845
2024-12-24 00:00:00+00:00,2615.546,2621.472,2610.019,2616.713,100839,0.0,100388.0,0.10189470007861061
2024-12-24 05:00:00+00:00,2613.0,2620.0,2609.5,2620.0,35,0.0,-100804.0,0.6666666666666666
2024-12-25 00:00:00+00:00,2615.621,2620.115,2615.371,2618.656,2409,0.0,2374.0,0.6397554806070942
2024-12-26 00:00:00+00:00,2618.647,2639.177,2618.611,2632.684,118078,0.0,115669.0,0.6825342798794168
2024-12-26 05:00:00+00:00,2628.5,2638.800048828125,2627.89990234375,2638.800048828125,84,0.0,-117994.0,0.9449459090196429
2024-12-27 00:00:00+00:00,2632.689,2638.314,2611.579,2621.623,135559,0.0,135475.0,0.41391434449223635
2024-12-27 05:00:00+00:00,2617.699951171875,2617.699951171875,2616.39990234375,2617.199951171875,642,0.0,-134917.0,0.38460093896713615
2024-12-29 00:00:00+00:00,2621.977,2626.159,2621.632,2624.035,4005,0.0,3363.0,0.45460569913849636
2024-12-30 00:00:00+00:00,2624.08,2628.111,2596.07,2606.677,141329,0.0,137324.0,0.5431478418276567
2024-12-30 05:00:00+00:00,2620.699951171875,2626.89990234375,2597.0,2606.10009765625,794,0.0,-140535.0,0.4882910100432759
2024-12-31 00:00:00+00:00,2606.717,2627.541,2602.591,2624.381,122278,0.0,121484.0,0.7079759519037903
2024-12-31 05:00:00+00:00,2608.39990234375,2629.199951171875,2604.89990234375,2629.199951171875,401,0.0,-121877.0,0.8559673676067234
2025-01-01 00:00:00+00:00,2625.179,2625.839,2621.668,2623.766,3104,0.0,2703.0,0.3387676816111415
2025-01-02 00:00:00+00:00,2623.798,2660.463,2622.754,2658.327,161278,0.0,158174.0,0.9156699992044389
2025-01-02 05:00:00+00:00,2633.0,2663.10009765625,2633.0,2658.89990234375,1728,0.0,-159550.0,0.8604590802173737
2025-01-03 00:00:00+00:00,2658.328,2665.253,2636.623,2640.37,133478,0.0,131750.0,0.6272441494935388
2025-01-03 05:00:00+00:00,2658.699951171875,2658.699951171875,2641.800048828125,2645.0,591,0.0,-132887.0,0.8106526826731386
2025-01-05 00:00:00+00:00,2639.644,2642.398,2639.644,2641.063,3236,0.0,2645.0,0.5152505446623595
2025-01-06 00:00:00+00:00,2641.098,2649.515,2614.419,2634.676,194793,0.0,191557.0,0.18298381581946732
2025-01-06 05:00:00+00:00,2645.5,2647.0,2617.300048828125,2638.39990234375,960,0.0,-193833.0,0.2390609201732826
2025-01-07 00:00:00+00:00,2634.625,2664.264,2632.918,2649.807,170823,0.0,169863.0,0.48433611944107025
2025-01-07 05:00:00+00:00,2653.39990234375,2657.5,2653.0,2656.699951171875,643,0.0,-170180.0,0.7333441840277778
2025-01-08 00:00:00+00:00,2649.817,2670.053,2645.202,2662.507,162497,0.0,161854.0,0.5106434348718454
2025-01-08 05:00:00+00:00,2655.5,2676.89990234375,2653.5,2664.5,999,0.0,-161498.0,0.3846169897543977
2025-01-09 00:00:00+00:00,2662.526,2678.333,2655.437,2669.951,135964,0.0,134965.0,0.324292452830194
2025-01-09 05:00:00+00:00,2669.699951171875,2686.300048828125,2667.89990234375,2683.800048828125,1139,0.0,-134825.0,0.7663035546061273
2025-01-10 00:00:00+00:00,2669.958,2698.026,2663.994,2689.589,273893,0.0,272754.0,0.5768394452280217
2025-01-10 05:00:00+00:00,2686.10009765625,2720.10009765625,2683.699951171875,2708.5,403,0.0,-273490.0,0.6153794560515108
2025-01-12 00:00:00+00:00,2689.769,2691.373,2687.578,2691.105,5107,0.0,4704.0,0.3520421607378694
2025-01-13 00:00:00+00:00,2691.128,2693.368,2656.768,2668.058,263602,0.0,258495.0,0.6303278688524651
2025-01-13 05:00:00+00:00,2711.10009765625,2711.199951171875,2673.5,2673.5,765,0.0,-262837.0,0.9973513622028377
2025-01-14 00:00:00+00:00,2667.976,2678.277,2659.802,2675.589,201655,0.0,200890.0,0.4120703653585855
2025-01-14 05:00:00+00:00,2673.60009765625,2688.300048828125,2670.800048828125,2677.5,794,0.0,-200861.0,0.2228515625
2025-01-15 00:00:00+00:00,2675.58,2697.97,2669.391,2694.963,219196,0.0,218402.0,0.6782252703033854
2025-01-15 05:00:00+00:00,2690.800048828125,2712.5,2690.800048828125,2712.5,930,0.0,-218266.0,1.0
2025-01-16 00:00:00+00:00,2694.98,2724.74,2689.907,2714.578,239926,0.0,238996.0,0.5626273935635795
2025-01-16 05:00:00+00:00,2731.699951171875,2749.800048828125,2731.699951171875,2746.39990234375,1721,0.0,-238205.0,0.8121476166068683
2025-01-17 00:00:00+00:00,2714.624,2717.346,2699.242,2702.879,165131,0.0,163410.0,0.6487516570923559
2025-01-17 05:00:00+00:00,2736.0,2751.60009765625,2725.5,2744.300048828125,1214,0.0,-163917.0,0.3180083437786467
2025-01-19 00:00:00+00:00,2702.629,2703.084,2691.53,2696.424,4805,0.0,3591.0,0.5370434481564934
2025-01-20 00:00:00+00:00,2696.424,2713.766,2689.355,2710.445,143542,0.0,138737.0,0.5743722092499346
2025-01-21 00:00:00+00:00,2710.433,2745.963,2702.797,2744.259,169686,0.0,26144.0,0.7836260019459734
2025-01-21 05:00:00+00:00,2746.0,2755.0,2724.800048828125,2755.0,1439,0.0,-168247.0,0.2980137268692552
2025-01-22 00:00:00+00:00,2744.309,2763.457,2742.713,2755.583,221043,0.0,219604.0,0.5434824527574266
2025-01-22 05:00:00+00:00,2754.5,2768.800048828125,2753.5,2767.60009765625,2079,0.0,-218964.0,0.8562128005872122
2025-01-23 00:00:00+00:00,2755.563,2758.966,2735.77,2754.543,234977,0.0,232898.0,0.04397309881013906
2025-01-23 05:00:00+00:00,2760.0,2765.0,2745.39990234375,2763.10009765625,2201,0.0,-232776.0,0.1581674597045415
2025-01-24 00:00:00+00:00,2754.546,2786.013,2754.329,2771.079,222071,0.0,219870.0,0.5218091150107464
2025-01-24 05:00:00+00:00,2759.800048828125,2792.0,2759.800048828125,2777.300048828125,1593,0.0,-220478.0,0.5434790850020093
2025-01-26 00:00:00+00:00,2765.65,2769.721,2765.185,2767.553,8225,0.0,6632.0,0.4195326278659101
2025-01-27 00:00:00+00:00,2767.554,2772.541,2730.452,2741.71,279620,0.0,271395.0,0.6140321699256358
2025-01-27 05:00:00+00:00,2761.10009765625,2762.199951171875,2737.5,2737.5,984,0.0,-278636.0,0.9554714295598541
2025-01-28 00:00:00+00:00,2741.743,2765.069,2734.762,2762.704,205237,0.0,204253.0,0.6916223974659447
2025-01-28 05:00:00+00:00,2738.0,2766.800048828125,2738.0,2766.800048828125,2307,0.0,-202930.0,1.0
2025-01-29 00:00:00+00:00,2762.701,2766.271,2744.744,2760.307,226740,0.0,224433.0,0.1112091791703548
2025-01-29 05:00:00+00:00,2769.10009765625,2769.10009765625,2769.10009765625,2769.10009765625,125692,0.0,-101048.0,0.0
2025-01-30 00:00:00+00:00,2760.243,2798.505,2758.633,2796.146,234513,0.0,108821.0,0.9004564606741567
2025-01-30 05:00:00+00:00,2772.5,2829.5,2770.0,2823.0,40141,0.0,-194372.0,0.8487394957983193
2025-01-31 00:00:00+00:00,2796.183,2817.244,2791.025,2799.348,293534,0.0,253393.0,0.12071398604065592
2025-01-31 05:00:00+00:00,2829.0,2838.0,2804.0,2812.5,3443,0.0,-290091.0,0.4852941176470588
2025-02-02 00:00:00+00:00,2801.018,2804.653,2784.271,2793.709,36924,0.0,33481.0,0.35860072613091637
2025-02-03 00:00:00+00:00,2793.726,2830.586,2772.152,2814.023,393132,0.0,356208.0,0.3473491460451127
2025-02-03 05:00:00+00:00,2818.199951171875,2848.39990234375,2780.89990234375,2833.89990234375,2649,0.0,-390483.0,0.23259186921296296
2025-02-04 00:00:00+00:00,2813.985,2845.504,2807.2,2841.206,312962,0.0,310313.0,0.7106568504594805
2025-02-04 05:00:00+00:00,2827.60009765625,2853.300048828125,2816.10009765625,2853.300048828125,2187,0.0,-310775.0,0.6908598092812936
2025-02-05 00:00:00+00:00,2841.26,2882.425,2839.691,2869.279,291059,0.0,288872.0,0.6556605981185831
2025-02-05 05:00:00+00:00,2850.0,2880.5,2848.0,2871.60009765625,4519,0.0,-286540.0,0.6646183894230769
2025-02-06 00:00:00+00:00,2869.272,2873.327,2834.055,2858.0,290629,0.0,286110.0,0.28702383377469504
2025-02-06 05:00:00+00:00,2865.199951171875,2871.699951171875,2836.300048828125,2856.0,3116,0.0,-287513.0,0.25988634325990706
2025-02-07 00:00:00+00:00,2857.994,2886.751,2852.442,2861.006,274030,0.0,270914.0,0.08779037570315949
2025-02-07 05:00:00+00:00,2859.89990234375,2889.5,2857.800048828125,2867.300048828125,1822,0.0,-272208.0,0.23344346634011845
2025-02-09 00:00:00+00:00,2861.269,2870.59,2860.136,2867.495,7916,0.0,6094.0,0.5955615075569166
2025-02-10 00:00:00+00:00,2867.539,2921.675,2865.83,2917.847,259221,0.0,251305.0,0.9008505685379132
2025-02-10 05:00:00+00:00,2864.199951171875,2916.10009765625,2863.800048828125,2914.300048828125,2237,0.0,-256984.0,0.9579359633275916
2025-02-11 00:00:00+00:00,2917.894,2942.682,2881.751,2898.536,361092,0.0,358855.0,0.31770363197715207
2025-02-11 05:00:00+00:00,2925.5,2945.39990234375,2890.0,2912.5,2554,0.0,-358538.0,0.23465745335319366
2025-02-12 00:00:00+00:00,2898.562,2909.267,2864.146,2905.781,269383,0.0,266829.0,0.15999202145342764
2025-02-12 05:00:00+00:00,2902.0,2912.300048828125,2868.60009765625,2909.0,2504,0.0,-266879.0,0.16018324534204867
2025-02-13 00:00:00+00:00,2905.756,2932.484,2901.437,2931.217,227983,0.0,225479.0,0.8200792347086746
2025-02-13 05:00:00+00:00,2911.300048828125,2937.699951171875,2910.60009765625,2925.89990234375,4670,0.0,-223313.0,0.5387428942081602
2025-02-14 00:00:00+00:00,2931.192,2940.005,2876.991,2882.772,290194,0.0,285524.0,0.7684006728663468
2025-02-14 05:00:00+00:00,2937.300048828125,2944.39990234375,2874.800048828125,2883.60009765625,1992,0.0,-288202.0,0.7715526464408361
2025-02-16 00:00:00+00:00,2893.643,2894.034,2878.43,2879.221,16152,0.0,14160.0,0.924250192258381
2025-02-17 00:00:00+00:00,2879.254,2906.455,2879.254,2899.373,177663,0.0,161511.0,0.7396419249292352
2025-02-18 00:00:00+00:00,2899.325,2936.994,2892.003,2934.061,170586,0.0,-7077.0,0.7720655242159619
2025-02-18 05:00:00+00:00,2879.199951171875,2936.39990234375,2873.800048828125,2931.60009765625,4010,0.0,-166576.0,0.8370650016185079
2025-02-19 00:00:00+00:00,2934.059,2947.041,2918.524,2935.384,200684,0.0,196674.0,0.046463512992243404
2025-02-19 05:00:00+00:00,2938.699951171875,2946.0,2917.10009765625,2919.39990234375,2630,0.0,-198054.0,0.6678240154087891
2025-02-20 00:00:00+00:00,2935.386,2954.975,2924.114,2941.53,198806,0.0,196176.0,0.19908622533295284
2025-02-20 05:00:00+00:00,2949.10009765625,2955.800048828125,2924.199951171875,2940.0,656,0.0,-198150.0,0.2879768839717539
2025-02-21 00:00:00+00:00,2941.57,2949.748,2916.682,2936.453,205639,0.0,204983.0,0.15475110385290478
2025-02-21 05:00:00+00:00,2938.800048828125,2940.0,2917.300048828125,2937.60009765625,570,0.0,-205069.0,0.052861398810484087
2025-02-23 00:00:00+00:00,2939.411,2940.533,2936.498,2936.867,6014,0.0,5444.0,0.630483271375455
2025-02-24 00:00:00+00:00,2936.863,2956.229,2921.316,2949.996,209805,0.0,203791.0,0.37616360667946785
2025-02-24 05:00:00+00:00,2933.10009765625,2957.89990234375,2933.10009765625,2947.89990234375,415,0.0,-209390.0,0.5967710179169128
2025-02-25 00:00:00+00:00,2949.957,2952.552,2888.229,2918.604,244670,0.0,244255.0,0.48743062357166034
2025-02-25 05:00:00+00:00,2938.699951171875,2943.199951171875,2890.0,2904.5,1854,0.0,-242816.0,0.6428568150633068
2025-02-26 00:00:00+00:00,2918.631,2930.162,2890.669,2919.118,192380,0.0,190526.0,0.012331299217584909
2025-02-26 05:00:00+00:00,2913.5,2917.0,2913.0,2916.800048828125,2050,0.0,-190330.0,0.82501220703125
2025-02-27 00:00:00+00:00,2919.176,2919.176,2867.721,2876.063,265930,0.0,263880.0,0.8378777572636262
2025-02-27 05:00:00+00:00,2918.5,2922.800048828125,2870.39990234375,2883.199951171875,3215,0.0,-262715.0,0.6736631707442075
2025-02-28 00:00:00+00:00,2876.069,2885.034,2832.578,2858.242,244460,0.0,241245.0,0.3398467286868943
2025-02-28 05:00:00+00:00,2877.10009765625,2877.10009765625,2834.10009765625,2836.800048828125,990,0.0,-243470.0,0.9372104378633721
2025-03-02 00:00:00+00:00,2873.556,2876.984,2863.968,2870.799,13996,0.0,13006.0,0.2118162261831627
2025-03-03 00:00:00+00:00,2870.866,2895.267,2858.83,2890.886,205259,0.0,191263.0,0.5494415017701797
2025-03-03 05:00:00+00:00,2872.699951171875,2891.800048828125,2863.39990234375,2890.199951171875,423,0.0,-204836.0,0.6161940048312086
2025-03-04 00:00:00+00:00,2890.863,2927.891,2881.878,2914.363,222925,0.0,222502.0,0.5107252298263543
2025-03-04 05:00:00+00:00,2886.10009765625,2927.89990234375,2886.10009765625,2909.60009765625,885,0.0,-222040.0,0.5622035838609444
2025-03-05 00:00:00+00:00,2914.362,2930.042,2894.303,2918.236,264746,0.0,263861.0,0.10839698928341007
2025-03-05 05:00:00+00:00,2916.699951171875,2922.0,2893.0,2915.300048828125,551,0.0,-264195.0,0.048272494612068964
2025-03-06 00:00:00+00:00,2918.237,2926.584,2891.159,2910.354,232898,0.0,232347.0,0.22252646436133597
2025-03-06 05:00:00+00:00,2904.0,2918.60009765625,2903.800048828125,2916.60009765625,870,0.0,-232028.0,0.8513551409577539
2025-03-07 00:00:00+00:00,2910.298,2930.525,2896.669,2911.256,272763,0.0,271893.0,0.028296313799624214
2025-03-07 05:00:00+00:00,2900.89990234375,2927.300048828125,2900.5,2904.699951171875,531,0.0,-272232.0,0.1417926083827535
2025-03-09 00:00:00+00:00,2912.347,2917.025,2909.608,2916.189,10291,0.0,9760.0,0.5179991910475511
2025-03-10 00:00:00+00:00,2916.19,2918.312,2880.166,2884.685,259858,0.0,249567.0,0.8259057306139655
2025-03-10 04:00:00+00:00,2910.10009765625,2915.10009765625,2880.199951171875,2891.0,55,0.0,-259803.0,0.5472784380661905
2025-03-11 00:00:00+00:00,2884.724,2922.262,2880.121,2915.551,190961,0.0,190906.0,0.7315203720841867
2025-03-11 04:00:00+00:00,2884.39990234375,2916.699951171875,2880.39990234375,2912.89990234375,197,0.0,-190764.0,0.7851229108518007
2025-03-12 00:00:00+00:00,2915.589,2940.617,2905.97,2938.039,201906,0.0,201709.0,0.6479637486651086
2025-03-12 04:00:00+00:00,2912.0,2939.10009765625,2910.0,2939.10009765625,213,0.0,-201693.0,0.9312717083074652
2025-03-13 00:00:00+00:00,2938.025,2989.943,2932.92,2986.435,207919,0.0,207706.0,0.8489556845483356
2025-03-13 04:00:00+00:00,2937.10009765625,2988.0,2935.199951171875,2984.300048828125,2366,0.0,-205553.0,0.8939376424730313
2025-03-14 00:00:00+00:00,2986.473,3004.918,2978.396,2986.37,200184,0.0,197818.0,0.003883568358346495
2025-03-14 04:00:00+00:00,2994.39990234375,3004.800048828125,2986.0,2994.5,1800,0.0,-198384.0,0.005324329588987728
2025-03-16 00:00:00+00:00,2987.601,2994.118,2986.054,2990.061,7871,0.0,6071.0,0.30505952380953394
2025-03-17 00:00:00+00:00,2989.965,3002.783,2982.158,2999.831,149580,0.0,141709.0,0.4783515151515145
2025-03-17 04:00:00+00:00,2991.0,3001.5,2989.0,3000.0,214,0.0,-149366.0,0.72
2025-03-18 00:00:00+00:00,2999.803,3038.334,2999.49,3031.774,178182,0.0,177968.0,0.8230614766759335
2025-03-18 04:00:00+00:00,3006.39990234375,3039.199951171875,3004.39990234375,3035.10009765625,428,0.0,-177754.0,0.8247170989399542
2025-03-19 00:00:00+00:00,3031.801,3051.982,3022.738,3050.026,176851,0.0,176423.0,0.623204759950753
2025-03-19 04:00:00+00:00,3035.199951171875,3050.89990234375,3030.89990234375,3035.89990234375,175,0.0,-176676.0,0.03499755859375
2025-03-20 00:00:00+00:00,3050.023,3057.484,3025.635,3046.409,193229,0.0,193054.0,0.11347295048510365
2025-03-20 04:00:00+00:00,3047.300048828125,3047.300048828125,3034.39990234375,3040.0,185,0.0,-193044.0,0.5658888321126441
2025-03-21 00:00:00+00:00,3046.335,3047.435,2999.385,3023.493,193592,0.0,193407.0,0.475379812695114
2025-03-21 04:00:00+00:00,3034.5,3037.5,3000.89990234375,3018.199951171875,151,0.0,-193441.0,0.44535533705991437
2025-03-23 00:00:00+00:00,3023.441,3026.331,3022.143,3024.721,6789,0.0,6638.0,0.30563514804206515
2025-03-24 00:00:00+00:00,3024.709,3033.208,3002.466,3009.91,176511,0.0,169722.0,0.48139353327694645
2025-03-24 04:00:00+00:00,3024.300048828125,3024.300048828125,3006.0,3013.10009765625,137,0.0,-176374.0,0.6120175567325267
2025-03-25 00:00:00+00:00,3009.945,3035.987,3007.507,3021.041,148157,0.0,148020.0,0.3896067415730336
2025-03-25 04:00:00+00:00,3026.39990234375,3028.800048828125,3023.699951171875,3023.699951171875,74,0.0,-148083.0,0.5293920536141694
2025-03-26 00:00:00+00:00,3021.037,3032.042,3012.325,3021.623,154149,0.0,154075.0,0.029720545721977847
2025-03-26 04:00:00+00:00,3033.199951171875,3033.199951171875,3019.5,3020.89990234375,83,0.0,-154066.0,0.8978169829813776
2025-03-27 00:00:00+00:00,3021.563,3059.885,3021.522,3055.71,208968,0.0,208885.0,0.890102442457568
2025-03-27 04:00:00+00:00,3025.5,3065.0,3025.5,3060.199951171875,124359,0.0,-84609.0,0.8784797765031646
2025-03-28 00:00:00+00:00,3055.726,3086.759,3054.993,3085.002,213801,0.0,89442.0,0.9216143046023978
2025-03-28 04:00:00+00:00,3069.699951171875,3094.89990234375,3066.800048828125,3086.5,31206,0.0,-182595.0,0.597869623013632
2025-03-30 00:00:00+00:00,3092.531,3097.861,3087.793,3089.213,13212,0.0,-17994.0,0.32955899880808864
2025-03-31 00:00:00+00:00,3089.159,3128.165,3076.841,3120.581,276572,0.0,263360.0,0.61222819733458
2025-03-31 04:00:00+00:00,3091.0,3132.5,3086.0,3122.800048828125,3438,0.0,-273134.0,0.6838720178091398
2025-04-01 00:00:00+00:00,3120.561,3149.059,3100.761,3115.168,272404,0.0,268966.0,0.11166093834113221
2025-04-01 04:00:00+00:00,3129.699951171875,3149.5,3104.0,3118.89990234375,1721,0.0,-270683.0,0.23736371050824176
2025-04-02 00:00:00+00:00,3115.16,3167.792,3104.742,3162.712,319396,0.0,317675.0,0.7541950832672536
2025-04-02 04:00:00+00:00,3120.699951171875,3168.60009765625,3117.39990234375,3139.89990234375,5946,0.0,-313450.0,0.3749976158233039
2025-04-03 00:00:00+00:00,3162.55,3164.812,3054.052,3112.884,498046,0.0,492100.0,0.4484109786926713
2025-04-03 04:00:00+00:00,3150.0,3166.89990234375,3052.0,3097.0,5516,0.0,-492530.0,0.46127106219323033
2025-04-04 00:00:00+00:00,3112.908,3136.756,3015.593,3038.506,516507,0.0,510991.0,0.6140653499830809
2025-04-04 04:00:00+00:00,3110.5,3127.699951171875,3011.0,3012.0,3247,0.0,-513260.0,0.8440449118520177
2025-04-06 00:00:00+00:00,3028.686,3032.445,2977.024,2999.944,46371,0.0,43124.0,0.5186120784540165
2025-04-07 00:00:00+00:00,2999.954,3055.804,2956.374,2981.328,685479,0.0,639108.0,0.1873277682791929
2025-04-07 04:00:00+00:00,3016.39990234375,3050.800048828125,2949.699951171875,2951.300048828125,4424,0.0,-681055.0,0.6439148430595065
2025-04-08 00:00:00+00:00,2981.363,3022.746,2969.978,2978.367,332841,0.0,328417.0,0.0567768344451114
2025-04-08 04:00:00+00:00,2994.0,3014.5,2968.39990234375,2968.39990234375,3213,0.0,-329628.0,0.5553154756230604
2025-04-09 00:00:00+00:00,2978.398,3099.673,2972.466,3086.784,457847,0.0,454634.0,0.8520443057378924
2025-04-09 04:00:00+00:00,2965.800048828125,3090.39990234375,2965.800048828125,3056.5,2175,0.0,-455672.0,0.7279298378990557
2025-04-10 00:00:00+00:00,3086.745,3191.341,3078.431,3188.972,358899,0.0,356724.0,0.9053848197679607
2025-04-10 04:00:00+00:00,3073.89990234375,3167.0,3072.10009765625,3155.199951171875,3456,0.0,-355443.0,0.8566926500475933
2025-04-11 00:00:00+00:00,3188.993,3245.436,3184.783,3237.519,383338,0.0,379882.0,0.8000593540302976
2025-04-11 04:00:00+00:00,3182.10009765625,3235.0,3182.10009765625,3222.199951171875,862,0.0,-382476.0,0.7580326567533391
2025-04-13 00:00:00+00:00,3220.46,3224.786,3213.589,3223.733,19664,0.0,18802.0,0.2923104402965173
2025-04-14 00:00:00+00:00,3223.699,3245.757,3193.552,3212.626,265847,0.0,246183.0,0.21210612010343607
2025-04-14 04:00:00+00:00,3215.5,3228.800048828125,3194.5,3204.800048828125,263,0.0,-265584.0,0.3119514851273729
2025-04-15 00:00:00+00:00,3212.601,3251.826,3210.002,3251.78,184867,0.0,184604.0,0.936758798775823
2025-04-15 04:00:00+00:00,3216.0,3218.699951171875,3214.0,3218.699951171875,390,0.0,-184477.0,0.5744636642252351
2025-04-16 00:00:00+00:00,3251.804,3357.738,3251.59,3350.133,295419,0.0,295029.0,0.9263386969137433
2025-04-16 04:00:00+00:00,3238.300048828125,3334.89990234375,3238.300048828125,3326.60009765625,1874,0.0,-293545.0,0.9140805665284212
2025-04-17 00:00:00+00:00,3350.168,3356.316,3283.828,3327.671,308805,0.0,306931.0,0.3103548173490833
2025-04-17 04:00:00+00:00,3345.0,3345.0,3287.800048828125,3308.699951171875,824,0.0,-307981.0,0.6346167799872807
2025-04-20 00:00:00+00:00,3331.849,3353.144,3331.312,3348.078,23638,0.0,22814.0,0.7433583730304096
2025-04-21 00:00:00+00:00,3348.119,3444.257,3347.487,3434.548,296219,0.0,272581.0,0.893138369329334
2025-04-21 04:00:00+00:00,3342.199951171875,3418.5,3342.199951171875,3406.199951171875,78,0.0,-296141.0,0.8387936965042797
2025-04-22 00:00:00+00:00,3434.524,3500.033,3315.828,3336.561,546947,0.0,546869.0,0.5318150973100609
2025-04-22 04:00:00+00:00,3422.199951171875,3485.60009765625,3361.699951171875,3400.800048828125,785,0.0,-546162.0,0.17271894304377383
2025-04-23 00:00:00+00:00,3336.607,3386.643,3260.042,3316.384,494581,0.0,493796.0,0.15973807473874566
2025-04-23 04:00:00+00:00,3321.199951171875,3370.300048828125,3256.199951171875,3276.300048828125,331,0.0,-494250.0,0.3935132683148106
2025-04-24 00:00:00+00:00,3316.351,3370.789,3306.739,3348.976,350479,0.0,350148.0,0.5093676814988276
2025-04-24 04:00:00+00:00,3305.39990234375,3353.89990234375,3304.89990234375,3332.0,560,0.0,-349919.0,0.5428591358418368
2025-04-25 00:00:00+00:00,3348.948,3363.157,3265.0,3318.798,320956,0.0,320396.0,0.30716097680246995
2025-04-25 04:00:00+00:00,3355.5,3355.5,3266.10009765625,3282.39990234375,162,0.0,-320794.0,0.8176753636169992
2025-04-27 00:00:00+00:00,3325.64,3330.215,3298.606,3302.739,25677,0.0,25515.0,0.7245088424182953
2025-04-28 00:00:00+00:00,3302.745,3353.006,3268.048,3337.682,306758,0.0,281081.0,0.41122672379293135
2025-04-28 04:00:00+00:00,3284.5,3332.5,3284.5,3332.5,1300,0.0,-305458.0,1.0
2025-04-29 00:00:00+00:00,3337.643,3340.061,3299.649,3317.122,257264,0.0,255964.0,0.5077947144412563
2025-04-29 04:00:00+00:00,3340.0,3340.0,3299.89990234375,3318.800048828125,1278,0.0,-255986.0,0.528675799086758
2025-04-30 00:00:00+00:00,3317.122,3327.982,3266.901,3272.887,297418,0.0,296140.0,0.7242022887640932
2025-04-30 04:00:00+00:00,3318.699951171875,3318.699951171875,3268.0,3305.0,207,0.0,-297211.0,0.2702162596849764
2025-05-01 00:00:00+00:00,3272.922,3276.329,3201.862,3237.253,318451,0.0,318244.0,0.4789906938643939
2025-05-01 04:00:00+00:00,3272.89990234375,3275.0,3198.60009765625,3210.0,2131,0.0,-316320.0,0.8232982034550417
2025-05-02 00:00:00+00:00,3237.291,3269.242,3222.721,3240.947,280155,0.0,278024.0,0.0785881644848549
2025-05-02 04:00:00+00:00,3239.89990234375,3257.0,3225.0,3231.89990234375,1349,0.0,-278806.0,0.25
2025-05-04 00:00:00+00:00,3238.49,3252.3,3237.562,3247.922,17230,0.0,15881.0,0.6399782874202783
2025-05-05 00:00:00+00:00,3247.969,3338.019,3241.18,3334.031,263107,0.0,245877.0,0.8887121924018211
2025-05-05 04:00:00+00:00,3242.699951171875,3315.699951171875,3239.699951171875,3311.300048828125,244,0.0,-262863.0,0.9026328638980263
2025-05-06 00:00:00+00:00,3334.038,3435.016,3323.139,3400.68,375690,0.0,375446.0,0.5956720326787441
2025-05-06 04:00:00+00:00,3365.5,3430.89990234375,3356.800048828125,3411.39990234375,2357,0.0,-373333.0,0.6194331050070343
2025-05-07 00:00:00+00:00,3400.723,3401.666,3360.068,3376.488,356702,0.0,354345.0,0.5826001250060135
2025-05-07 04:00:00+00:00,3418.699951171875,3418.699951171875,3364.699951171875,3381.39990234375,1080,0.0,-355622.0,0.6907416449652778
2025-05-08 00:00:00+00:00,3376.515,3414.851,3288.697,3316.412,386854,0.0,385774.0,0.47642563850531944
2025-05-08 04:00:00+00:00,3390.0,3390.0,3288.699951171875,3296.60009765625,200,0.0,-386654.0,0.9220124118816654
2025-05-09 00:00:00+00:00,3316.448,3347.556,3274.664,3326.805,269780,0.0,269580.0,0.1420869231191351
2025-05-09 04:00:00+00:00,3299.0,3335.5,3299.0,3335.39990234375,216,0.0,-269564.0,0.9972575984589042
2025-05-11 00:00:00+00:00,3282.255,3292.6,3265.847,3287.561,32302,0.0,32086.0,0.19833289724517247
2025-05-12 00:00:00+00:00,3287.506,3290.026,3207.693,3236.858,398375,0.0,366073.0,0.6151603852647166
2025-05-12 04:00:00+00:00,3300.699951171875,3300.699951171875,3205.0,3220.0,886,0.0,-397489.0,0.8432601081158304
2025-05-13 00:00:00+00:00,3236.906,3265.659,3215.88,3254.41,262784,0.0,261898.0,0.3516342232668376
2025-05-13 04:00:00+00:00,3232.0,3251.39990234375,3223.5,3240.300048828125,2424,0.0,-260360.0,0.2974938308335813
2025-05-14 00:00:00+00:00,3254.388,3254.658,3167.933,3186.127,311954,0.0,309530.0,0.7870971461516292
2025-05-14 04:00:00+00:00,3233.0,3233.0,3171.699951171875,3181.39990234375,3518,0.0,-308436.0,0.8417627496664476
2025-05-15 00:00:00+00:00,3186.011,3252.105,3120.65,3237.15,310528,0.0,307010.0,0.3890228595336819
2025-05-15 04:00:00+00:00,3151.0,3228.10009765625,3125.0,3220.699951171875,652,0.0,-309876.0,0.676041563066839
2025-05-16 00:00:00+00:00,3237.175,3244.613,3154.289,3202.217,312821,0.0,312169.0,0.3870289181170036
2025-05-16 04:00:00+00:00,3227.699951171875,3228.10009765625,3173.89990234375,3182.0,199,0.0,-312622.0,0.8431694924415777
2025-05-18 00:00:00+00:00,3214.226,3245.252,3211.713,3234.91,28622,0.0,28423.0,0.616714869256683
2025-05-19 00:00:00+00:00,3234.947,3249.812,3206.584,3222.532,266776,0.0,238154.0,0.2871981123345967
2025-05-19 04:00:00+00:00,3234.39990234375,3241.0,3228.300048828125,3228.89990234375,266,0.0,-266510.0,0.4330725311905265
2025-05-20 00:00:00+00:00,3222.561,3304.072,3204.521,3290.695,274582,0.0,274316.0,0.684413014434813
2025-05-20 04:00:00+00:00,3219.0,3293.199951171875,3207.5,3280.300048828125,356,0.0,-274226.0,0.7152868582758591
2025-05-21 00:00:00+00:00,3290.734,3324.897,3285.42,3320.085,284144,0.0,283788.0,0.7434962129847814
2025-05-21 04:00:00+00:00,3293.39990234375,3317.5,3290.199951171875,3309.300048828125,979,0.0,-283165.0,0.5824219064397564
2025-05-22 00:00:00+00:00,3320.121,3345.472,3279.252,3300.146,302622,0.0,301643.0,0.30164602839021193
2025-05-22 04:00:00+00:00,3327.300048828125,3328.0,3282.699951171875,3292.300048828125,1210,0.0,-301412.0,0.7726260987663636
2025-05-23 00:00:00+00:00,3300.172,3365.925,3286.942,3356.275,303157,0.0,301947.0,0.7103174100755851
2025-05-23 04:00:00+00:00,3328.0,3363.60009765625,3323.5,3363.60009765625,47,0.0,-303110.0,0.8877808219178083
2025-05-25 00:00:00+00:00,3352.095,3352.48,3341.363,3342.691,22866,0.0,22819.0,0.8459116668165725
2025-05-26 00:00:00+00:00,3342.658,3356.859,3323.485,3346.139,165167,0.0,142301.0,0.10430275064422134
2025-05-27 00:00:00+00:00,3346.182,3350.029,3285.089,3309.435,249212,0.0,84045.0,0.565860794579609
2025-05-27 04:00:00+00:00,3332.5,3341.0,3296.300048828125,3299.10009765625,189,0.0,-249023.0,0.7472022109224374
2025-05-28 00:00:00+00:00,3309.431,3325.529,3250.273,3259.895,245214,0.0,245025.0,0.6582332305729796
2025-05-28 04:00:00+00:00,3293.60009765625,3293.60009765625,3293.60009765625,3293.60009765625,127758,0.0,-117456.0,0.0
2025-05-29 00:00:00+00:00,3259.921,3331.225,3245.439,3315.503,268168,0.0,140410.0,0.647914578136296
2025-05-29 04:00:00+00:00,3283.699951171875,3328.800048828125,3242.39990234375,3317.10009765625,24370,0.0,-243798.0,0.38657511408751183
2025-05-30 00:00:00+00:00,3315.498,3322.742,3271.526,3289.665,264306,0.0,239936.0,0.5043931583880019
2025-05-30 04:00:00+00:00,3315.10009765625,3318.0,3270.89990234375,3288.89990234375,2213,0.0,-262093.0,0.5562662630493153
2025-06-01 00:00:00+00:00,3303.113,3316.742,3299.873,3310.255,17004,0.0,14791.0,0.4233801647993491
2025-06-02 00:00:00+00:00,3310.213,3392.238,3301.409,3387.456,234376,0.0,217372.0,0.8504222219775641
2025-06-02 04:00:00+00:00,3296.89990234375,3380.800048828125,3296.89990234375,3370.60009765625,976,0.0,-233400.0,0.8784274926888885
2025-06-03 00:00:00+00:00,3387.407,3388.687,3333.053,3359.996,224717,0.0,223741.0,0.492702304346264
2025-06-03 04:00:00+00:00,3385.10009765625,3390.0,3331.300048828125,3350.199951171875,6410,0.0,-218307.0,0.5945515419967975
2025-06-04 00:00:00+00:00,3359.943,3384.709,3343.72,3378.042,217755,0.0,211345.0,0.44155749103417236
2025-06-04 04:00:00+00:00,3355.0,3380.0,3344.0,3373.5,207,0.0,-217548.0,0.5138888888888888
2025-06-05 00:00:00+00:00,3378.099,3403.592,3339.37,3361.81,318915,0.0,318708.0,0.25363582572950333
2025-06-05 04:00:00+00:00,3371.5,3400.0,3343.699951171875,3350.699951171875,731,0.0,-318184.0,0.369449925196765
2025-06-06 00:00:00+00:00,3361.867,3375.685,3307.053,3311.702,266424,0.0,265693.0,0.7309272642499114
2025-06-06 04:00:00+00:00,3364.300048828125,3364.300048828125,3306.0,3322.699951171875,81,0.0,-266343.0,0.7135516777848968
2025-06-08 00:00:00+00:00,3317.819,3321.215,3309.24,3318.038,14524,0.0,14443.0,0.018288100208771963
2025-06-09 00:00:00+00:00,3318.082,3338.24,3293.428,3326.766,199790,0.0,185266.0,0.19378737838079568
2025-06-09 04:00:00+00:00,3315.60009765625,3334.60009765625,3290.0,3332.10009765625,1887,0.0,-197903.0,0.36995434689788814
2025-06-10 00:00:00+00:00,3326.809,3349.153,3301.917,3327.862,227983,0.0,226096.0,0.022292319417391106
2025-06-10 04:00:00+00:00,3302.0,3344.300048828125,3302.0,3320.89990234375,65,0.0,-227918.0,0.4468056862190568
2025-06-11 00:00:00+00:00,3327.936,3373.534,3319.22,3365.376,271068,0.0,271003.0,0.6893250359023427
2025-06-11 04:00:00+00:00,3328.0,3356.0,3321.300048828125,3321.300048828125,2106,0.0,-268962.0,0.1930824380325193
2025-06-12 00:00:00+00:00,3365.405,3399.045,3338.536,3395.882,279770,0.0,277664.0,0.5036771389380068
2025-06-12 04:00:00+00:00,3363.0,3395.89990234375,3353.39990234375,3380.89990234375,1818,0.0,-277952.0,0.4211741727941177
2025-06-13 00:00:00+00:00,3395.837,3446.819,3391.693,3433.449,340673,0.0,338855.0,0.6822914777056244
2025-06-13 04:00:00+00:00,3407.300048828125,3444.0,3407.300048828125,3431.199951171875,499,0.0,-340174.0,0.6512243635371833
2025-06-15 00:00:00+00:00,3440.955,3451.251,3438.591,3444.141,24939,0.0,24440.0,0.2516587677725175
2025-06-16 00:00:00+00:00,3444.166,3451.224,3382.725,3402.769,275404,0.0,250465.0,0.6043445889721053
2025-06-16 04:00:00+00:00,3442.0,3442.0,3385.39990234375,3396.39990234375,480,0.0,-274924.0,0.8056540455670868
2025-06-17 00:00:00+00:00,3402.815,3403.256,3366.079,3387.392,266996,0.0,266516.0,0.4148532694945897
2025-06-17 04:00:00+00:00,3398.300048828125,3398.300048828125,3376.10009765625,3386.60009765625,1477,0.0,-265519.0,0.5270259867371964
2025-06-18 00:00:00+00:00,3387.295,3400.011,3362.474,3375.023,245185,0.0,243708.0,0.32693076164850676
2025-06-18 04:00:00+00:00,3385.300048828125,3391.89990234375,3365.10009765625,3389.800048828125,0,0.0,-245185.0,0.16791167146449004
2025-06-19 00:00:00+00:00,3375.042,3387.968,3347.456,3368.739,184349,0.0,184349.0,0.15558353080568543
2025-06-20 00:00:00+00:00,3368.763,3374.477,3340.345,3368.546,185394,0.0,1045.0,0.006357670221495893
2025-06-20 04:00:00+00:00,3350.0,3372.89990234375,3341.0,3368.10009765625,709,0.0,-184685.0,0.5674029174511335
2025-06-22 00:00:00+00:00,3384.117,3388.96,3371.173,3372.755,26322,0.0,25613.0,0.6387811322876209
2025-06-23 00:00:00+00:00,3372.776,3393.565,3341.462,3344.235,254762,0.0,228440.0,0.5477803581367614
2025-06-23 04:00:00+00:00,3365.89990234375,3387.89990234375,3350.0,3377.699951171875,30,0.0,-254732.0,0.31134773702315155
2025-06-24 00:00:00+00:00,3344.27,3357.912,3295.339,3324.142,255802,0.0,255772.0,0.32167228676905696
2025-06-24 04:00:00+00:00,3358.0,3358.0,3301.0,3317.39990234375,538,0.0,-255264.0,0.7122824150219298
2025-06-25 00:00:00+00:00,3324.139,3340.158,3311.894,3339.028,159568,0.0,159030.0,0.526783187093108
2025-06-25 04:00:00+00:00,3321.60009765625,3331.199951171875,3310.60009765625,3327.10009765625,373,0.0,-159195.0,0.26699218981476
2025-06-26 00:00:00+00:00,3338.987,3350.37,3309.947,3318.758,197557,0.0,197184.0,0.5004329218514306
2025-06-26 04:00:00+00:00,3332.39990234375,3333.5,3332.39990234375,3333.5,2058,0.0,-195499.0,1.0
2025-06-27 00:00:00+00:00,3318.767,3322.012,3255.821,3274.526,241458,0.0,239400.0,0.6683839192639455
2025-06-27 04:00:00+00:00,3318.699951171875,3318.699951171875,3253.800048828125,3273.699951171875,284,0.0,-241174.0,0.6933754655230786
2025-06-29 00:00:00+00:00,3272.488,3274.249,3247.921,3263.806,27905,0.0,27621.0,0.32976298997264497
2025-06-30 00:00:00+00:00,3263.775,3314.602,3259.456,3312.441,184665,0.0,156760.0,0.8824937438798816
2025-06-30 04:00:00+00:00,3265.89990234375,3306.89990234375,3262.0,3294.39990234375,1242,0.0,-183423.0,0.6347452558316568
2025-07-01 00:00:00+00:00,3312.493,3358.015,3309.917,3338.152,187379,0.0,186137.0,0.5334733252941937
2025-07-01 04:00:00+00:00,3310.10009765625,3354.10009765625,3310.10009765625,3336.699951171875,371,0.0,-187008.0,0.6045421253551136
2025-07-02 00:00:00+00:00,3338.186,3365.726,3327.587,3349.395,176065,0.0,175694.0,0.2938986339442512
2025-07-02 04:00:00+00:00,3329.0,3357.5,3329.0,3348.0,39,0.0,-176026.0,0.6666666666666666
2025-07-03 00:00:00+00:00,3349.42,3363.677,3311.535,3330.871,180084,0.0,180045.0,0.35574009435771314
2025-07-03 04:00:00+00:00,3362.0,3362.0,3322.300048828125,3331.60009765625,0,0.0,-180084.0,0.7657415549993543
2025-07-04 00:00:00+00:00,3330.875,3345.127,3325.867,3334.998,96870,0.0,96870.0,0.2140706126687486
2025-07-04 04:00:00+00:00,3342.0,3342.0,3332.5,3332.5,0,0.0,-96870.0,1.0
2025-07-06 00:00:00+00:00,3341.408,3341.918,3326.187,3328.853,11990,0.0,11990.0,0.798105651261818
2025-07-07 00:00:00+00:00,3328.83,3345.823,3296.296,3334.653,206084,0.0,194094.0,0.1175722333272732
2025-07-07 04:00:00+00:00,3305.5,3333.300048828125,3299.199951171875,3332.199951171875,254,0.0,-205830.0,0.7829875281011498
2025-07-08 00:00:00+00:00,3334.697,3339.5,3287.023,3302.277,195762,0.0,195508.0,0.6177944623358835
2025-07-08 04:00:00+00:00,3330.39990234375,3334.5,3287.60009765625,3307.0,909,0.0,-194853.0,0.4989328585855431
2025-07-09 00:00:00+00:00,3302.322,3321.176,3282.656,3317.64,178736,0.0,177827.0,0.397663551401863
2025-07-09 04:00:00+00:00,3289.39990234375,3314.0,3282.0,3311.60009765625,114,0.0,-178622.0,0.693756103515625
2025-07-10 00:00:00+00:00,3317.559,3330.318,3310.017,3323.808,159006,0.0,158892.0,0.30781734889905316
2025-07-10 04:00:00+00:00,3323.60009765625,3330.5,3311.60009765625,3317.39990234375,209,0.0,-158797.0,0.32805435709303227
2025-07-11 00:00:00+00:00,3323.764,3368.736,3323.638,3355.105,186920,0.0,186711.0,0.6949532130027922
2025-07-11 04:00:00+00:00,3330.5,3370.0,3330.5,3356.0,776,0.0,-186144.0,0.6455696202531646
2025-07-13 00:00:00+00:00,3361.295,3374.017,3359.658,3367.772,17883,0.0,17107.0,0.4510759802214567
2025-07-14 00:00:00+00:00,3367.731,3375.078,3340.954,3345.337,170089,0.0,152206.0,0.6562536631110176
2025-07-14 04:00:00+00:00,3367.0,3375.5,3350.0,3351.5,583,0.0,-169506.0,0.6078431372549019
2025-07-15 00:00:00+00:00,3345.299,3366.356,3320.218,3331.056,176919,0.0,176336.0,0.30870432181715335
2025-07-15 04:00:00+00:00,3341.0,3341.0,3329.800048828125,3329.800048828125,210,0.0,-176709.0,1.0
2025-07-16 00:00:00+00:00,3331.092,3377.523,3319.529,3346.526,240545,0.0,240335.0,0.2661309790667949
2025-07-16 04:00:00+00:00,3341.199951171875,3352.89990234375,3329.5,3352.5,10,0.0,-240535.0,0.48291008492790516
2025-07-17 00:00:00+00:00,3346.556,3347.405,3309.883,3340.139,165134,0.0,165124.0,0.17101966846116545
2025-07-17 04:00:00+00:00,3313.800048828125,3340.800048828125,3313.800048828125,3340.10009765625,667,0.0,-164467.0,0.9740758825231481
2025-07-18 00:00:00+00:00,3340.176,3361.236,3331.801,3350.395,137554,0.0,136887.0,0.34717173432988174
2025-07-18 04:00:00+00:00,3338.199951171875,3353.0,3338.199951171875,3353.0,602,0.0,-136952.0,1.0
2025-07-20 00:00:00+00:00,3348.767,3350.115,3345.015,3349.128,7784,0.0,7182.0,0.07078431372555637
2025-07-21 00:00:00+00:00,3349.168,3402.783,3347.656,3396.532,159225,0.0,151441.0,0.8591797123006888
2025-07-21 04:00:00+00:00,3350.300048828125,3411.699951171875,3350.300048828125,3401.89990234375,53,0.0,-159172.0,0.8403898303736869
2025-07-22 00:00:00+00:00,3396.54,3433.507,3383.24,3427.458,182030,0.0,181977.0,0.6150754968468368
2025-07-22 04:00:00+00:00,3411.0,3441.0,3395.60009765625,3439.199951171875,39,0.0,-181991.0,0.6211456350358683
2025-07-23 00:00:00+00:00,3427.433,3438.98,3381.402,3390.008,207467,0.0,207428.0,0.6499878425787662
2025-07-23 04:00:00+00:00,3430.300048828125,3433.89990234375,3388.10009765625,3394.10009765625,63,0.0,-207404.0,0.7903953175973901
2025-07-24 00:00:00+00:00,3390.06,3393.438,3351.315,3369.419,177156,0.0,177093.0,0.49001733019965465
2025-07-24 04:00:00+00:00,3367.0,3371.0,3367.0,3371.0,1175,0.0,-175981.0,1.0
2025-07-25 00:00:00+00:00,3369.422,3373.578,3324.928,3336.826,151270,0.0,150095.0,0.6700102774922907
2025-07-25 04:00:00+00:00,3344.0,3345.0,3326.5,3334.0,67,0.0,-151203.0,0.5405405405405406
2025-07-27 00:00:00+00:00,3329.144,3337.465,3323.817,3333.683,15938,0.0,15871.0,0.3325762016412785
2025-07-28 00:00:00+00:00,3333.675,3345.352,3301.77,3312.468,173251,0.0,157313.0,0.48659997246570585
2025-07-28 04:00:00+00:00,3326.60009765625,3326.800048828125,3309.10009765625,3309.10009765625,533,0.0,-172718.0,0.9887032924592063
2025-07-29 00:00:00+00:00,3312.485,3334.142,3307.843,3327.531,171987,0.0,171454.0,0.572113008099161
2025-07-29 04:00:00+00:00,3323.39990234375,3323.39990234375,3323.39990234375,3323.39990234375,113144,0.0,-58843.0,0.0
2025-07-30 00:00:00+00:00,3327.568,3334.025,3268.034,3285.303,217598,0.0,104454.0,0.6404661241684523
2025-07-30 04:00:00+00:00,3325.800048828125,3331.800048828125,3263.89990234375,3295.800048828125,19252,0.0,-198346.0,0.4418252618483455
2025-07-31 00:00:00+00:00,3285.257,3314.83,3282.802,3288.651,190098,0.0,170846.0,0.10596977644560385
2025-07-31 04:00:00+00:00,3272.89990234375,3312.0,3272.89990234375,3293.199951171875,3704,0.0,-186394.0,0.5191815377698965
2025-08-01 00:00:00+00:00,3288.607,3363.566,3281.566,3363.119,223306,0.0,219602.0,0.9086829268292704
2025-08-01 04:00:00+00:00,3286.199951171875,3360.60009765625,3281.0,3347.699951171875,3420,0.0,-219886.0,0.7726121174572601
2025-08-03 00:00:00+00:00,3364.339,3364.563,3354.526,3361.957,12387,0.0,8967.0,0.2373219089369333
2025-08-04 00:00:00+00:00,3361.99,3385.353,3345.006,3377.407,153143,0.0,140756.0,0.38211019406648056
2025-08-04 04:00:00+00:00,3367.60009765625,3386.5,3347.39990234375,3374.39990234375,351,0.0,-152792.0,0.17390761392160045
2025-08-05 00:00:00+00:00,3377.383,3390.402,3349.803,3383.151,149177,0.0,148826.0,0.1420724648390356
2025-08-05 04:00:00+00:00,3378.5,3387.199951171875,3351.199951171875,3381.89990234375,915,0.0,-148262.0,0.09444173177083333
2025-08-06 00:00:00+00:00,3383.221,3385.34,3358.091,3370.155,144884,0.0,143969.0,0.4795038350031078
2025-08-06 04:00:00+00:00,3380.699951171875,3383.300048828125,3361.300048828125,3380.0,1492,0.0,-143392.0,0.031815962357954544
2025-08-07 00:00:00+00:00,3370.205,3408.99,3365.222,3400.47,258010,0.0,256518.0,0.691486931091212
2025-08-07 04:00:00+00:00,3384.89990234375,3422.89990234375,3384.89990234375,3400.300048828125,5464,0.0,-252546.0,0.4052670127467105
2025-08-08 00:00:00+00:00,3400.432,3404.271,3376.445,3398.564,357973,0.0,352509.0,0.06713145978580956
2025-08-08 04:00:00+00:00,3438.800048828125,3477.0,3402.5,3439.10009765625,7657,0.0,-350316.0,0.004027501048657718
2025-08-10 00:00:00+00:00,3400.578,3401.819,3390.292,3391.548,14057,0.0,6400.0,0.7833781556346114
2025-08-11 00:00:00+00:00,3391.592,3391.639,3341.273,3349.027,216182,0.0,202125.0,0.8451137672239222
2025-08-11 04:00:00+00:00,3383.89990234375,3383.89990234375,3349.199951171875,3353.10009765625,1488,0.0,-214694.0,0.887603689554003
2025-08-12 00:00:00+00:00,3349.01,3359.254,3331.08,3350.57,206790,0.0,205302.0,0.05537019947469109
2025-08-12 04:00:00+00:00,3356.199951171875,3356.199951171875,3330.10009765625,3348.89990234375,1611,0.0,-205179.0,0.2796969271783359
2025-08-13 00:00:00+00:00,3350.58,3370.735,3342.678,3362.702,143328,0.0,141717.0,0.4320490430195742
2025-08-13 04:00:00+00:00,3358.800048828125,3363.39990234375,3358.699951171875,3358.699951171875,1011,0.0,-142317.0,0.0212975949301335
2025-08-14 00:00:00+00:00,3362.748,3374.859,3329.766,3335.551,190587,0.0,189576.0,0.6031313064111993
2025-08-14 04:00:00+00:00,3346.800048828125,3356.0,3328.89990234375,3335.199951171875,592,0.0,-189995.0,0.4280463415073602
2025-08-15 00:00:00+00:00,3335.58,3348.747,3332.372,3335.213,137351,0.0,136759.0,0.0224122137404418
2025-08-15 04:00:00+00:00,3346.800048828125,3346.800048828125,3335.89990234375,3336.0,1185,0.0,-136166.0,0.9908168521961161
2025-08-17 00:00:00+00:00,3334.569,3335.381,3323.503,3327.087,10050,0.0,8865.0,0.6299040242465195
2025-08-18 00:00:00+00:00,3327.08,3358.417,3326.773,3330.978,131690,0.0,121640.0,0.1231829098723349
2025-08-18 04:00:00+00:00,3333.5,3347.800048828125,3331.699951171875,3331.699951171875,646,0.0,-131044.0,0.11180359688229764
2025-08-19 00:00:00+00:00,3330.99,3345.328,3312.771,3314.231,143010,0.0,142364.0,0.5147587308412835
2025-08-19 04:00:00+00:00,3330.199951171875,3343.5,3313.39990234375,3313.39990234375,1655,0.0,-141355.0,0.558139346256793
2025-08-20 00:00:00+00:00,3314.241,3352.092,3311.476,3346.836,133391,0.0,131736.0,0.802516249753787
2025-08-20 04:00:00+00:00,3310.60009765625,3343.5,3310.10009765625,3343.39990234375,1213,0.0,-132178.0,0.9820329517711212
2025-08-21 00:00:00+00:00,3346.906,3348.081,3325.126,3338.411,134212,0.0,132999.0,0.37007187976475353
2025-08-21 04:00:00+00:00,3349.39990234375,3349.39990234375,3326.5,3336.89990234375,142,0.0,-134070.0,0.54585385615898
2025-08-22 00:00:00+00:00,3338.367,3378.869,3321.45,3372.299,158107,0.0,157965.0,0.5909542137619882
2025-08-22 04:00:00+00:00,3349.39990234375,3377.699951171875,3349.39990234375,3374.39990234375,1240,0.0,-156867.0,0.8833907019677874
2025-08-24 00:00:00+00:00,3368.744,3371.052,3365.862,3368.995,7171,0.0,5931.0,0.04836223506738851
2025-08-25 00:00:00+00:00,3369.08,3376.306,3351.716,3354.854,109315,0.0,102144.0,0.5785278568523802
2025-08-25 04:00:00+00:00,3366.0,3378.0,3366.0,3373.800048828125,1044,0.0,-108271.0,0.6500040690104166
2025-08-26 00:00:00+00:00,3354.827,3393.583,3351.252,3390.862,161184,0.0,160140.0,0.8512673926909297
2025-08-26 04:00:00+00:00,3378.89990234375,3396.5,3371.10009765625,3388.60009765625,905,0.0,-160279.0,0.38189892154789595
2025-08-27 00:00:00+00:00,3390.853,3399.502,3373.698,3395.819,132559,0.0,131654.0,0.19245078282436356
2025-08-27 04:00:00+00:00,3397.0,3404.60009765625,3382.0,3404.60009765625,3222,0.0,-129337.0,0.3362860537971265
2025-08-28 00:00:00+00:00,3395.762,3423.212,3384.603,3414.819,139350,0.0,136128.0,0.49358957755963184
2025-08-28 04:00:00+00:00,3409.0,3434.60009765625,3400.0,3431.800048828125,1035,0.0,-138315.0,0.6589590889205628
2025-08-29 00:00:00+00:00,3414.85,3453.924,3404.313,3448.035,137968,0.0,136933.0,0.6689040736933347
2025-08-29 04:00:00+00:00,3432.5,3475.60009765625,3426.60009765625,3473.699951171875,0,0.0,-137968.0,0.8408153300382653
2025-08-31 00:00:00+00:00,3445.866,3452.606,3442.459,3447.952,9772,0.0,9772.0,0.20557800335075985
2025-09-01 00:00:00+00:00,3447.912,3489.928,3437.028,3479.211,164603,0.0,154831.0,0.5916635160680515
2025-09-02 00:00:00+00:00,3479.13,3540.094,3470.194,3529.984,247116,0.0,82513.0,0.7275250357653755
2025-09-02 04:00:00+00:00,3485.699951171875,3559.199951171875,3485.699951171875,3549.39990234375,658,0.0,-246458.0,0.8666660023384354
2025-09-03 00:00:00+00:00,3530.082,3578.427,3526.781,3560.292,236097,0.0,235439.0,0.584943654881306
2025-09-03 04:00:00+00:00,3554.800048828125,3593.699951171875,3553.199951171875,3593.199951171875,72,0.0,-236025.0,0.9481457368827161
2025-09-04 00:00:00+00:00,3560.341,3563.473,3511.172,3552.54,233709,0.0,233637.0,0.14915584788053654
2025-09-04 04:00:00+00:00,3549.89990234375,3573.60009765625,3549.89990234375,3565.800048828125,237,0.0,-233472.0,0.6708867279245128
2025-09-05 00:00:00+00:00,3552.532,3600.076,3544.721,3586.597,237665,0.0,237428.0,0.6153915635443961
2025-09-05 04:00:00+00:00,3567.800048828125,3613.199951171875,3567.800048828125,3613.199951171875,925,0.0,-236740.0,1.0
2025-09-07 00:00:00+00:00,3591.856,3596.716,3587.112,3591.151,23680,0.0,22755.0,0.07340691378596373
2025-09-08 00:00:00+00:00,3591.173,3646.316,3579.577,3634.992,215946,0.0,192266.0,0.6565726187087114
2025-09-08 04:00:00+00:00,3594.5,3641.0,3590.0,3638.10009765625,97,0.0,-215849.0,0.8549038756127451
2025-09-09 00:00:00+00:00,3635.023,3674.523,3623.134,3633.568,271038,0.0,270941.0,0.028313452295236796
2025-09-09 04:00:00+00:00,3647.10009765625,3670.39990234375,3627.800048828125,3643.300048828125,535,0.0,-270503.0,0.08920333086899461
2025-09-10 00:00:00+00:00,3633.543,3657.622,3620.18,3644.883,193525,0.0,192990.0,0.3028684365151351
2025-09-10 04:00:00+00:00,3625.0,3655.39990234375,3620.800048828125,3643.60009765625,136,0.0,-193389.0,0.537577352685911
2025-09-11 00:00:00+00:00,3644.916,3649.134,3613.082,3631.842,208776,0.0,208640.0,0.3626428492177971
2025-09-11 04:00:00+00:00,3632.89990234375,3636.89990234375,3618.39990234375,3636.89990234375,307,0.0,-208469.0,0.21621621621621623
2025-09-12 00:00:00+00:00,3631.81,3656.62,3630.526,3643.484,160488,0.0,160181.0,0.4473825400475188
2025-09-12 04:00:00+00:00,3655.5,3656.800048828125,3643.0,3649.39990234375,1300,0.0,-159188.0,0.4420344980097302
2025-09-14 00:00:00+00:00,3644.61,3646.044,3636.772,3638.241,7090,0.0,5790.0,0.6869068162209002
2025-09-15 00:00:00+00:00,3638.237,3685.623,3626.541,3676.965,172811,0.0,165721.0,0.6554957516671769
2025-09-15 04:00:00+00:00,3640.0,3686.39990234375,3635.10009765625,3682.199951171875,210,0.0,-172601.0,0.8226142658620624
2025-09-16 00:00:00+00:00,3676.886,3703.088,3674.711,3694.245,180052,0.0,179842.0,0.6117278077316022
2025-09-16 04:00:00+00:00,3681.39990234375,3698.60009765625,3681.39990234375,3688.89990234375,373,0.0,-179679.0,0.43604156021120766
2025-09-17 00:00:00+00:00,3694.244,3707.49,3646.097,3669.169,284178,0.0,283805.0,0.4084341863078925
2025-09-17 04:00:00+00:00,3669.0,3685.199951171875,3661.60009765625,3681.800048828125,183,0.0,-283995.0,0.5423783168675322
2025-09-18 00:00:00+00:00,3669.131,3673.021,3627.744,3640.239,243036,0.0,242853.0,0.6381164829825253
2025-09-18 04:00:00+00:00,3654.60009765625,3667.39990234375,3637.0,3643.699951171875,80,0.0,-242956.0,0.3585586019691932
2025-09-19 00:00:00+00:00,3640.242,3685.203,3632.203,3684.861,189553,0.0,189473.0,0.841867924528296
2025-09-19 04:00:00+00:00,3659.0,3685.89990234375,3658.199951171875,3671.5,211,0.0,-189342.0,0.45126433337152627
2025-09-21 00:00:00+00:00,3687.969,3692.29,3683.776,3686.253,11982,0.0,11771.0,0.2015503875968839
2025-09-22 00:00:00+00:00,3686.263,3749.254,3685.466,3747.763,221402,0.0,209420.0,0.9641311845488177
2025-09-22 04:00:00+00:00,3688.199951171875,3748.199951171875,3688.0,3740.699951171875,410,0.0,-220992.0,0.8720937306096627
2025-09-23 00:00:00+00:00,3747.797,3791.084,3736.722,3763.836,278707,0.0,278297.0,0.2950406533975915
2025-09-23 04:00:00+00:00,3747.0,3786.0,3740.0,3780.60009765625,627,0.0,-278080.0,0.7304369055706522
2025-09-24 00:00:00+00:00,3763.822,3779.257,3717.427,3742.92,232420,0.0,231793.0,0.33805595989002213
2025-09-24 04:00:00+00:00,3769.800048828125,3772.5,3732.10009765625,3732.10009765625,588,0.0,-231832.0,0.9331693639033588
2025-09-25 00:00:00+00:00,3742.99,3761.648,3721.931,3744.717,283982,0.0,283394.0,0.04348263967571348
2025-09-25 04:00:00+00:00,3742.800048828125,3756.0,3724.699951171875,3736.89990234375,1899,0.0,-282083.0,0.1885027885027885
2025-09-26 00:00:00+00:00,3744.676,3783.85,3734.464,3761.041,234831,0.0,232932.0,0.33136921394727753
2025-09-26 04:00:00+00:00,3775.300048828125,3775.300048828125,3775.300048828125,3775.300048828125,19308,0.0,-215523.0,0.0
2025-09-28 00:00:00+00:00,3764.718,3772.495,3763.347,3766.899,12895,0.0,-6413.0,0.23841276781811493
2025-09-29 00:00:00+00:00,3766.858,3834.0,3763.935,3832.835,317889,0.0,304994.0,0.9416541782630388
2025-09-29 04:00:00+00:00,3754.800048828125,3827.60009765625,3754.800048828125,3820.89990234375,8860,0.0,-309029.0,0.9079644118327638
2025-09-30 00:00:00+00:00,3832.89,3871.7,3793.113,3862.927,357570,0.0,348710.0,0.3822133431738108
2025-09-30 04:00:00+00:00,3827.5,3865.5,3793.39990234375,3840.800048828125,1611,0.0,-355959.0,0.18446644679366928
2025-10-01 00:00:00+00:00,3862.94,3895.356,3853.334,3863.518,322330,0.0,320719.0,0.013754699919089267
2025-10-01 04:00:00+00:00,3863.5,3891.89990234375,3853.300048828125,3867.5,1778,0.0,-320552.0,0.10362733626387527
2025-10-02 00:00:00+00:00,3863.475,3897.154,3819.335,3862.41,313970,0.0,312192.0,0.013685603772858237
2025-10-02 04:00:00+00:00,3856.199951171875,3888.60009765625,3823.699951171875,3839.699951171875,3418,0.0,-310552.0,0.2542367143034484
2025-10-03 00:00:00+00:00,3862.365,3891.669,3838.019,3887.045,266489,0.0,263071.0,0.4600186393289888
2025-10-03 04:00:00+00:00,3855.199951171875,3886.800048828125,3853.699951171875,3880.800048828125,392,0.0,-266097.0,0.7734145657850093
2025-10-05 00:00:00+00:00,3888.624,3920.986,3884.034,3909.45,35159,0.0,34767.0,0.563596016453782
2025-10-06 00:00:00+00:00,3909.487,3976.198,3898.937,3969.514,377678,0.0,342519.0,0.776937911753667
2025-10-06 04:00:00+00:00,3931.300048828125,3960.0,3926.800048828125,3948.5,1267,0.0,-376411.0,0.5180715803716531
2025-10-07 00:00:00+00:00,3969.556,3995.936,3940.82,3994.411,347280,0.0,346013.0,0.450957979534074
2025-10-07 04:00:00+00:00,3959.39990234375,3981.5,3940.0,3976.60009765625,2903,0.0,-344377.0,0.4144625376506024
2025-10-08 00:00:00+00:00,3994.367,4059.321,3984.478,4011.688,367603,0.0,364700.0,0.23143112916371536
2025-10-08 04:00:00+00:00,3987.199951171875,4049.199951171875,3987.199951171875,4043.300048828125,2179,0.0,-365424.0,0.9048402847782258
2025-10-09 00:00:00+00:00,4011.706,4057.972,3944.571,3989.932,549749,0.0,547570.0,0.19200888881050684
2025-10-09 04:00:00+00:00,4011.199951171875,4046.199951171875,3940.0,3946.300048828125,3130,0.0,-546619.0,0.6111104725341671
2025-10-10 00:00:00+00:00,3989.927,4022.825,3946.94,4010.399,516770,0.0,513640.0,0.26977663569875227
2025-10-10 04:00:00+00:00,3957.0,4012.0,3945.5,3975.89990234375,1697,0.0,-515073.0,0.2842090578007519
2025-10-12 00:00:00+00:00,4014.463,4060.232,4008.645,4035.147,49635,0.0,47938.0,0.40095372865256257
2025-10-13 00:00:00+00:00,4035.195,4132.068,4024.3,4128.045,408156,0.0,358521.0,0.8615730086853229
2025-10-13 04:00:00+00:00,4016.0,4111.0,4016.0,4108.60009765625,1697,0.0,-406459.0,0.9747378700657895
2025-10-14 00:00:00+00:00,4128.091,4179.744,4090.542,4161.613,642748,0.0,641051.0,0.3757987489069754
2025-10-14 04:00:00+00:00,4131.7001953125,4160.10009765625,4085.800048828125,4138.7001953125,2424,0.0,-640324.0,0.09421258949900274
2025-10-15 00:00:00+00:00,4161.574,4218.249,4153.849,4209.458,457716,0.0,455292.0,0.7435403726708119
2025-10-15 04:00:00+00:00,4145.0,4210.60009765625,4145.0,4176.89990234375,3287,0.0,-454429.0,0.4862782752383717
2025-10-16 00:00:00+00:00,4209.491,4380.074,4203.508,4365.805,520292,0.0,517005.0,0.8853006807652689
2025-10-16 04:00:00+00:00,4198.7998046875,4307.0,4196.60009765625,4280.2001953125,4705,0.0,-515587.0,0.7373230310616146
2025-10-17 00:00:00+00:00,4365.763,4378.578,4186.194,4250.936,982854,0.0,978149.0,0.5968635645375926
2025-10-17 04:00:00+00:00,4354.7001953125,4358.0,4182.2001953125,4189.89990234375,4060,0.0,-978794.0,0.9374316044417533
2025-10-19 00:00:00+00:00,4264.629,4268.301,4233.246,4237.893,40918,0.0,36858.0,0.7626872058194167
2025-10-20 00:00:00+00:00,4237.865,4381.58,4218.931,4360.492,587764,0.0,546846.0,0.7539363906325901
2025-10-20 04:00:00+00:00,4244.10009765625,4356.60009765625,4214.60009765625,4336.39990234375,1750,0.0,-586014.0,0.6499986245598591
2025-10-21 00:00:00+00:00,4360.442,4372.296,4080.817,4093.165,904959,0.0,903209.0,0.9169682893107215
2025-10-21 04:00:00+00:00,4332.7001953125,4332.7001953125,4087.699951171875,4087.699951171875,2943,0.0,-902016.0,1.0
2025-10-22 00:00:00+00:00,4093.182,4161.36,4004.185,4087.666,1004992,0.0,1002049.0,0.035094639732779584
2025-10-22 04:00:00+00:00,4109.7001953125,4148.5,4006.0,4044.39990234375,1237,0.0,-1003755.0,0.45824766995614036
2025-10-23 00:00:00+00:00,4087.709,4154.67,4065.957,4121.775,534048,0.0,532811.0,0.38400234463945226
2025-10-23 04:00:00+00:00,4078.39990234375,4136.7998046875,4070.699951171875,4125.5,354,0.0,-533694.0,0.7125597887310938
2025-10-24 00:00:00+00:00,4121.8,4144.291,4043.978,4113.082,509560,0.0,509206.0,0.08690797802876833
2025-10-24 04:00:00+00:00,4117.5,4120.60009765625,4074.89990234375,4118.39990234375,123,0.0,-509437.0,0.019691433211530655
2025-10-26 00:00:00+00:00,4083.575,4109.217,4061.912,4064.458,50114,0.0,49991.0,0.4041221858154487
2025-10-27 00:00:00+00:00,4064.532,4097.81,3971.348,3998.476,569299,0.0,519185.0,0.5223387262576885
2025-10-27 04:00:00+00:00,4060.0,4078.60009765625,3971.300048828125,4001.89990234375,220,0.0,-569079.0,0.5414731707095092
2025-10-28 00:00:00+00:00,3998.379,4019.767,3886.535,3964.818,558874,0.0,558654.0,0.2518989431968274
2025-10-28 04:00:00+00:00,3929.699951171875,3966.199951171875,3923.60009765625,3966.199951171875,219,0.0,-558655.0,0.8568104579658317
2025-10-29 00:00:00+00:00,3964.838,4030.262,3917.163,3952.812,548669,0.0,548450.0,0.1063316209692418
2025-10-29 04:00:00+00:00,3983.699951171875,3983.699951171875,3983.699951171875,3983.699951171875,1344,0.0,-547325.0,0.0
2025-10-30 00:00:00+00:00,3952.798,4046.422,3915.334,4036.658,538153,0.0,536809.0,0.6397229342121323
2025-10-30 04:00:00+00:00,3960.0,4027.199951171875,3913.699951171875,4001.300048828125,935,0.0,-537218.0,0.36387708218612336
2025-10-31 00:00:00+00:00,4036.633,4039.294,3972.406,4001.621,446380,0.0,445445.0,0.5234421719889929
2025-10-31 04:00:00+00:00,4034.5,4034.5,3976.60009765625,3982.199951171875,559,0.0,-445821.0,0.9032838866915727
2025-11-02 00:00:00+00:00,3990.719,3998.97,3977.946,3980.306,17439,0.0,16880.0,0.49529109589041415
2025-11-03 00:00:00+00:00,3980.254,4030.646,3962.306,3997.266,411880,0.0,394441.0,0.24893181153058436
2025-11-03 05:00:00+00:00,3976.199951171875,4020.0,3959.0,4000.300048828125,0,0.0,-411880.0,0.3950835681352459
2025-11-04 00:00:00+00:00,3997.301,4000.711,3928.81,3934.767,414603,0.0,414603.0,0.8697236477934972
2025-11-04 05:00:00+00:00,3994.199951171875,3995.39990234375,3927.39990234375,3947.699951171875,657,0.0,-413946.0,0.6838235294117647
2025-11-05 00:00:00+00:00,3934.793,3990.543,3929.598,3973.671,311962,0.0,311305.0,0.6379194355566429
2025-11-05 05:00:00+00:00,3929.89990234375,3983.5,3929.89990234375,3980.300048828125,559,0.0,-311403.0,0.9402995272061436
2025-11-06 00:00:00+00:00,3973.63,4019.609,3964.543,3989.177,302268,0.0,301709.0,0.2823339265608557
2025-11-06 05:00:00+00:00,4004.0,4007.5,3979.89990234375,3979.89990234375,650,0.0,-301618.0,0.8731888544891641
2025-11-07 00:00:00+00:00,3989.218,4027.628,3984.058,4001.422,298321,0.0,297671.0,0.2801009869176069
2025-11-07 05:00:00+00:00,3980.800048828125,3999.39990234375,3980.800048828125,3999.39990234375,245,0.0,-298076.0,1.0
2025-11-09 00:00:00+00:00,4004.876,4012.265,4004.067,4011.834,11812,0.0,11567.0,0.8487435959989929
2025-11-10 00:00:00+00:00,4011.87,4122.693,4011.132,4119.955,319417,0.0,307605.0,0.9688421581018447
2025-11-10 05:00:00+00:00,4060.0,4111.7998046875,4060.0,4111.7998046875,189,0.0,-319228.0,1.0
2025-11-11 00:00:00+00:00,4119.992,4148.862,4097.107,4142.683,304175,0.0,303986.0,0.43843106946188304
2025-11-11 05:00:00+00:00,4140.10009765625,4140.10009765625,4106.7998046875,4106.7998046875,569,0.0,-303606.0,1.0
2025-11-12 00:00:00+00:00,4142.574,4211.822,4098.895,4191.097,398842,0.0,398273.0,0.42968466354370766
2025-11-12 05:00:00+00:00,4115.60009765625,4204.39990234375,4102.89990234375,4204.39990234375,396,0.0,-398446.0,0.8748749230295566
2025-11-13 00:00:00+00:00,4191.055,4245.297,4145.366,4185.865,500559,0.0,500163.0,0.0519358357266567
2025-11-13 05:00:00+00:00,4228.7001953125,4228.7001953125,4163.7001953125,4186.89990234375,167,0.0,-500392.0,0.6430814302884615
2025-11-14 00:00:00+00:00,4185.908,4211.571,4032.194,4084.609,568727,0.0,568560.0,0.5647268044398137
2025-11-14 05:00:00+00:00,4197.7001953125,4197.89990234375,4047.0,4087.60009765625,483,0.0,-568244.0,0.7296233857424371
2025-11-16 00:00:00+00:00,4083.755,4106.784,4071.875,4096.457,22938,0.0,22455.0,0.36386032255293344
2025-11-17 00:00:00+00:00,4096.528,4102.076,4006.827,4036.825,495199,0.0,472261.0,0.6268097302858882
2025-11-17 05:00:00+00:00,4070.0,4099.5,4019.39990234375,4068.300048828125,1552,0.0,-493647.0,0.02122283519765918
2025-11-18 00:00:00+00:00,4036.862,4082.273,3998.037,4076.65,476028,0.0,474476.0,0.4723396172657754
2025-11-18 05:00:00+00:00,4037.39990234375,4063.39990234375,4035.60009765625,4061.300048828125,1375,0.0,-474653.0,0.8597235395370078
2025-11-19 00:00:00+00:00,4076.692,4132.686,4055.572,4104.662,494156,0.0,492781.0,0.3627097543896103
2025-11-19 05:00:00+00:00,4086.10009765625,4122.7001953125,4072.0,4077.699951171875,486,0.0,-493670.0,0.1656827243484793
2025-11-20 00:00:00+00:00,4104.692,4110.341,4038.705,4079.125,600499,0.0,600013.0,0.3569015578759263
2025-11-20 05:00:00+00:00,4045.0,4090.39990234375,4040.199951171875,4056.5,202,0.0,-600297.0,0.2290838881620862
2025-11-21 00:00:00+00:00,4079.174,4101.312,4022.258,4066.113,546706,0.0,546504.0,0.1652161813443992
2025-11-21 05:00:00+00:00,4031.800048828125,4085.199951171875,4031.800048828125,4076.699951171875,171,0.0,-546535.0,0.8408236789407753
2025-11-23 00:00:00+00:00,4072.469,4077.701,4065.797,4075.117,14594,0.0,14423.0,0.22244623655915147
2025-11-24 00:00:00+00:00,4075.148,4144.405,4039.842,4143.81,375344,0.0,360750.0,0.656656752388517
2025-11-24 05:00:00+00:00,4060.5,4091.89990234375,4060.5,4091.89990234375,591,0.0,-374753.0,1.0
2025-11-25 00:00:00+00:00,4143.802,4159.414,4109.156,4133.73,427092,0.0,426501.0,0.20040590552748128
2025-11-25 05:00:00+00:00,4139.2001953125,4139.2001953125,4139.2001953125,4139.2001953125,132704,0.0,-294388.0,0.0
2025-11-26 00:00:00+00:00,4133.737,4173.595,4132.595,4165.012,342401,0.0,209697.0,0.7628048780487716
2025-11-26 05:00:00+00:00,4128.60009765625,4171.0,4127.5,4165.2001953125,25088,0.0,-317313.0,0.8413815553160919
2025-11-27 00:00:00+00:00,4164.965,4167.313,4142.601,4163.431,206771,0.0,181683.0,0.06207510521206429
2025-11-28 00:00:00+00:00,4163.371,4226.479,4147.529,4219.163,232061,0.0,25290.0,0.7066751108296339
2025-11-28 05:00:00+00:00,4163.39990234375,4223.89990234375,4140.0,4218.2998046875,3615,0.0,-228446.0,0.6543500148405081
2025-11-30 00:00:00+00:00,4219.988,4225.308,4205.841,4221.933,15689,0.0,12074.0,0.09991267272819358
2025-12-01 00:00:00+00:00,4221.906,4264.532,4215.434,4227.7,427635,0.0,411946.0,0.11800888019878354
2025-12-01 05:00:00+00:00,4218.5,4262.10009765625,4214.89990234375,4239.2998046875,913,0.0,-426722.0,0.4406720046345147
2025-12-02 00:00:00+00:00,4227.704,4230.859,4163.566,4212.876,427542,0.0,426629.0,0.2203498135021383
2025-12-02 05:00:00+00:00,4230.5,4230.5,4167.0,4186.60009765625,366,0.0,-427176.0,0.6913370447834646
2025-12-03 00:00:00+00:00,4212.913,4241.579,4194.48,4207.165,387561,0.0,387195.0,0.12204080766045082
2025-12-03 05:00:00+00:00,4215.7001953125,4234.10009765625,4195.7001953125,4199.2998046875,1897,0.0,-385664.0,0.4270945920170899
2025-12-04 00:00:00+00:00,4207.102,4219.486,4174.868,4206.079,353086,0.0,351189.0,0.022927966291634544
2025-12-04 05:00:00+00:00,4211.0,4211.7998046875,4175.0,4211.7998046875,616,0.0,-352470.0,0.021733938380702172
2025-12-05 00:00:00+00:00,4206.077,4259.24,4191.863,4198.522,355866,0.0,355250.0,0.11213025216320625
2025-12-05 05:00:00+00:00,4204.10009765625,4255.7001953125,4194.5,4212.89990234375,533,0.0,-355333.0,0.1437871994127878
2025-12-07 00:00:00+00:00,4202.426,4208.458,4189.804,4201.389,2189,0.0,1656.0,0.05559129409243527
2025-12-08 00:00:00+00:00,4201.433,4218.963,4176.137,4194.735,266750,0.0,264561.0,0.15640031756410397
2025-12-08 05:00:00+00:00,4205.5,4215.7998046875,4175.5,4187.2001953125,318,0.0,-266432.0,0.45409164707877964
2025-12-09 00:00:00+00:00,4194.74,4221.526,4170.097,4210.87,334230,0.0,333912.0,0.3136362752532634
2025-12-09 05:00:00+00:00,4190.7001953125,4219.7001953125,4177.7001953125,4206.7001953125,660,0.0,-333570.0,0.38095238095238093
2025-12-10 00:00:00+00:00,4210.815,4238.706,4181.686,4232.419,368622,0.0,367962.0,0.3788846018940741
2025-12-10 05:00:00+00:00,4209.0,4234.5,4183.60009765625,4196.39990234375,692,0.0,-367930.0,0.24754659785309324
2025-12-11 00:00:00+00:00,4232.502,4285.959,4204.316,4276.523,581908,0.0,581216.0,0.5391889078059321
2025-12-11 05:00:00+00:00,4224.0,4286.89990234375,4214.2998046875,4285.5,528,0.0,-581380.0,0.8471062985506271
2025-12-12 00:00:00+00:00,4276.471,4353.57,4256.958,4300.983,505968,0.0,505440.0,0.25371589450586474
2025-12-12 05:00:00+00:00,4276.39990234375,4355.0,4260.0,4300.10009765625,1531,0.0,-504437.0,0.24947574013157894
2025-12-14 00:00:00+00:00,4300.525,4308.411,4299.862,4302.391,9925,0.0,8394.0,0.21827114282372093
2025-12-15 00:00:00+00:00,4302.431,4350.352,4285.18,4304.15,359708,0.0,349783.0,0.026376357945130765
2025-12-15 05:00:00+00:00,4308.2998046875,4349.2001953125,4292.89990234375,4306.7001953125,854,0.0,-358854.0,0.02841209682315291
2025-12-16 00:00:00+00:00,4304.132,4335.137,4271.599,4307.86,394079,0.0,393225.0,0.058673549686803037
2025-12-16 05:00:00+00:00,4270.5,4321.39990234375,4270.5,4304.5,1796,0.0,-392283.0,0.6679777059370893
2025-12-17 00:00:00+00:00,4307.905,4349.297,4306.453,4339.201,389348,0.0,387552.0,0.7304640089627696
2025-12-17 05:00:00+00:00,4308.5,4351.39990234375,4308.5,4347.5,2169,0.0,-387179.0,0.9090929785224052
2025-12-18 00:00:00+00:00,4339.15,4374.645,4308.654,4335.144,415106,0.0,412937.0,0.06070524768528139
2025-12-18 05:00:00+00:00,4331.0,4348.10009765625,4328.2001953125,4339.5,705,0.0,-414401.0,0.42713777450619556
2025-12-19 00:00:00+00:00,4335.17,4356.559,4309.221,4339.365,308804,0.0,308099.0,0.08861802357513311
2025-12-19 05:00:00+00:00,4350.10009765625,4361.39990234375,4350.10009765625,4361.39990234375,1065,0.0,-307739.0,1.0
2025-12-21 00:00:00+00:00,4340.979,4356.441,4339.944,4355.345,7979,0.0,6914.0,0.8708249984846044
2025-12-22 00:00:00+00:00,4355.278,4461.775,4355.278,4460.243,301595,0.0,293616.0,0.9856146182521643
2025-12-22 05:00:00+00:00,4371.10009765625,4447.60009765625,4371.10009765625,4444.60009765625,449,0.0,-301146.0,0.9607843137254902
2025-12-23 00:00:00+00:00,4460.236,4510.399,4430.559,4503.344,369121,0.0,368672.0,0.5399298597194401
2025-12-23 05:00:00+00:00,4503.2998046875,4503.7998046875,4450.39990234375,4482.7998046875,694,0.0,-368427.0,0.38389583314283626
2025-12-24 00:00:00+00:00,4503.359,4525.969,4448.294,4480.715,347240,0.0,346546.0,0.2915223688445469
2025-12-24 05:00:00+00:00,4500.7001953125,4503.39990234375,4468.39990234375,4480.60009765625,500,0.0,-346740.0,0.5742885044642857
2025-12-25 00:00:00+00:00,4486.193,4500.024,4484.435,4495.245,9555,0.0,9055.0,0.5806658541278923
2025-12-26 00:00:00+00:00,4495.172,4550.188,4492.303,4532.515,414544,0.0,404989.0,0.645123952664777
2025-12-26 05:00:00+00:00,4512.0,4556.2998046875,4502.0,4529.10009765625,263,0.0,-414281.0,0.3149200582702372
2025-12-28 00:00:00+00:00,4546.214,4548.5,4523.347,4527.184,25289,0.0,25026.0,0.7565697928676324
2025-12-29 00:00:00+00:00,4527.21,4528.031,4302.137,4345.645,685817,0.0,660528.0,0.8037619414415584
2025-12-29 05:00:00+00:00,4371.5,4379.0,4325.10009765625,4325.10009765625,2044,0.0,-683773.0,0.8608531801752017
2025-12-30 00:00:00+00:00,4345.585,4404.262,4324.41,4338.922,464785,0.0,462741.0,0.08344186745479734
2025-12-30 05:00:00+00:00,4346.39990234375,4403.60009765625,4338.0,4370.10009765625,1837,0.0,-462948.0,0.3612829273012825
2025-12-31 00:00:00+00:00,4338.977,4373.45,4274.341,4318.847,442589,0.0,440752.0,0.20310970749377166
2025-12-31 05:00:00+00:00,4333.5,4363.7998046875,4285.0,4325.60009765625,785,0.0,-441804.0,0.10025281629921552
2026-01-01 00:00:00+00:00,4328.34,4351.526,4327.673,4348.349,8141,0.0,7356.0,0.8388462667169732
2026-01-02 00:00:00+00:00,4348.358,4402.465,4309.68,4331.759,382328,0.0,374187.0,0.17889745109662322
2026-01-02 05:00:00+00:00,4350.60009765625,4350.60009765625,4314.39990234375,4314.39990234375,589,0.0,-381739.0,1.0
2026-01-04 00:00:00+00:00,4353.486,4375.927,4349.834,4372.57,15661,0.0,15072.0,0.7313838960640764
2026-01-05 00:00:00+00:00,4372.597,4460.29,4370.227,4440.334,450856,0.0,435195.0,0.7521068585323607
2026-01-05 05:00:00+00:00,4386.7001953125,4443.5,4384.7998046875,4436.89990234375,618,0.0,-450238.0,0.8551880749970886
2026-01-06 00:00:00+00:00,4440.426,4500.541,4427.675,4493.223,379402,0.0,378784.0,0.724576620097159
2026-01-06 05:00:00+00:00,4449.7001953125,4482.2001953125,4449.0,4482.2001953125,459,0.0,-378943.0,0.9789099038150425
2026-01-07 00:00:00+00:00,4493.308,4495.931,4423.563,4463.418,434753,0.0,434294.0,0.41302785761663363
2026-01-07 05:00:00+00:00,4450.0,4450.0,4449.2998046875,4449.2998046875,972,0.0,-433781.0,1.0
2026-01-08 00:00:00+00:00,4463.439,4484.203,4407.557,4475.597,418805,0.0,417833.0,0.15862536857760803
2026-01-08 05:00:00+00:00,4460.2001953125,4461.2998046875,4418.0,4449.7001953125,2423,0.0,-416382.0,0.2424953201470489
2026-01-09 00:00:00+00:00,4475.632,4517.18,4452.819,4509.075,373446,0.0,371023.0,0.5196159164711591
2026-01-09 05:00:00+00:00,4473.0,4490.2998046875,4473.0,4490.2998046875,237,0.0,-373209.0,1.0
2026-01-11 00:00:00+00:00,4517.918,4545.01,4517.918,4539.96,13229,0.0,12992.0,0.8135981101432128
2026-01-12 00:00:00+00:00,4540.027,4630.183,4536.272,4599.371,486254,0.0,473025.0,0.6319174537594107
2026-01-12 05:00:00+00:00,4579.10009765625,4620.0,4577.7998046875,4604.2998046875,156,0.0,-486098.0,0.5971466919676949
2026-01-13 00:00:00+00:00,4599.408,4634.774,4569.234,4597.136,418558,0.0,418402.0,0.03466585291424986
2026-01-13 05:00:00+00:00,4578.60009765625,4617.10009765625,4578.60009765625,4589.2001953125,239,0.0,-418319.0,0.27532721185064934
2026-01-14 00:00:00+00:00,4597.181,4643.164,4597.11,4615.294,457715,0.0,457476.0,0.393299170538938
2026-01-14 05:00:00+00:00,4610.2998046875,4635.0,4608.2001953125,4626.2998046875,1313,0.0,-456402.0,0.5970192763181867
2026-01-15 00:00:00+00:00,4615.256,4624.902,4580.995,4610.284,441747,0.0,440434.0,0.11323934680120812
2026-01-15 05:00:00+00:00,4612.89990234375,4616.2998046875,4612.89990234375,4616.2998046875,4358,0.0,-437389.0,1.0
2026-01-16 00:00:00+00:00,4610.243,4620.563,4536.729,4596.588,437162,0.0,432804.0,0.16288140849775368
2026-01-16 05:00:00+00:00,4608.0,4608.0,4588.39990234375,4588.39990234375,352,0.0,-436810.0,1.0
2026-01-18 00:00:00+00:00,4655.358,4690.7,4653.824,4672.573,25469,0.0,25117.0,0.4668347977004027
2026-01-19 00:00:00+00:00,4672.63,4682.114,4653.138,4665.406,259591,0.0,234122.0,0.24930977360575116
2026-01-20 00:00:00+00:00,4665.371,4781.083,4659.455,4775.878,447317,0.0,187726.0,0.9085654619002194
2026-01-20 05:00:00+00:00,4662.2001953125,4764.0,4661.7998046875,4759.60009765625,175,0.0,-447142.0,0.9530304912424871
2026-01-21 00:00:00+00:00,4775.829,4888.495,4755.85,4778.381,728330,0.0,728155.0,0.019239323005017895
2026-01-21 05:00:00+00:00,4863.5,4872.2998046875,4771.5,4831.7998046875,1706,0.0,-726624.0,0.3144866739650646
2026-01-22 00:00:00+00:00,4778.317,4960.587,4772.208,4958.972,460131,0.0,458425.0,0.9589975528057744
2026-01-22 05:00:00+00:00,4791.89990234375,4908.7998046875,4791.89990234375,4908.7998046875,1175,0.0,-458956.0,1.0
2026-01-23 00:00:00+00:00,4959.011,4989.804,4899.542,4988.337,466552,0.0,465377.0,0.32489862843721734
2026-01-23 05:00:00+00:00,4949.60009765625,4976.2001953125,4936.0,4976.2001953125,169,0.0,-466383.0,0.661690756710798
2026-01-25 00:00:00+00:00,5019.847,5040.296,5003.575,5039.789,30605,0.0,30436.0,0.5430679992374869
2026-01-26 00:00:00+00:00,5039.821,5111.144,4989.632,5043.629,847116,0.0,816511.0,0.031338468628612594
2026-01-26 05:00:00+00:00,5081.5,5095.60009765625,5052.2001953125,5079.7001953125,180,0.0,-846936.0,0.041470247403890506
2026-01-27 00:00:00+00:00,5043.588,5190.49,5013.485,5172.433,767074,0.0,766894.0,0.7279172904720216
2026-01-27 05:00:00+00:00,5079.89990234375,5079.89990234375,5079.89990234375,5079.89990234375,34,0.0,-767040.0,0.0
2026-01-28 00:00:00+00:00,5172.389,5570.018,5157.059,5513.022,1049429,0.0,1049395.0,0.8248591264508097
2026-01-28 05:00:00+00:00,5301.60009765625,5301.60009765625,5301.60009765625,5301.60009765625,112054,0.0,-937375.0,0.0
2026-01-29 00:00:00+00:00,5512.989,5595.349,5094.978,5438.589,1287104,0.0,1175050.0,0.14868967226317997
2026-01-29 05:00:00+00:00,5415.7001953125,5586.2001953125,5097.5,5318.39990234375,23709,0.0,-1263395.0,0.19910017205237907
2026-01-30 00:00:00+00:00,5438.551,5450.946,4682.526,4891.496,2315638,0.0,2291929.0,0.7119218656463916
2026-01-30 05:00:00+00:00,5376.39990234375,5440.5,4700.0,4713.89990234375,8374,0.0,-2307264.0,0.8946657663740716
2026-02-01 00:00:00+00:00,4793.519,4819.788,4697.912,4741.422,41133,0.0,32759.0,0.427459056746209
2026-02-02 00:00:00+00:00,4741.564,4884.89,4401.961,4774.148,1430317,0.0,1389184.0,0.06747161591041298
2026-02-02 05:00:00+00:00,4807.7001953125,4855.7998046875,4400.0,4622.5,3588,0.0,-1426729.0,0.4063191633868179
2026-02-03 00:00:00+00:00,4774.235,4993.649,4745.469,4947.236,746083,0.0,742495.0,0.6970787331775324
2026-02-03 05:00:00+00:00,4680.0,4984.60009765625,4674.2998046875,4903.7001953125,1213,0.0,-744870.0,0.7209151920943516
2026-02-04 00:00:00+00:00,4947.389,5091.855,4852.203,5012.195,567185,0.0,565972.0,0.27041710480196207
2026-02-04 05:00:00+00:00,4923.2998046875,5082.2001953125,4897.89990234375,4920.39990234375,3886,0.0,-563299.0,0.015734659435629374
2026-02-05 00:00:00+00:00,5012.269,5020.51,4703.368,4703.768,828533,0.0,824647.0,0.9727535299644966
2026-02-05 05:00:00+00:00,5008.7001953125,5012.2998046875,4786.0,4861.39990234375,793,0.0,-827740.0,0.6509077335358671
2026-02-06 00:00:00+00:00,4703.682,4971.478,4655.213,4968.145,470223,0.0,469430.0,0.8362069783251399
2026-02-06 05:00:00+00:00,4762.0,4958.5,4655.0,4951.2001953125,1386,0.0,-468837.0,0.6233943832372323
2026-02-08 00:00:00+00:00,4967.633,5046.837,4964.697,5035.944,13778,0.0,12392.0,0.8316411005600235
2026-02-09 00:00:00+00:00,5036.019,5086.697,4968.921,5031.903,310322,0.0,296544.0,0.03494769732373311
2026-02-09 05:00:00+00:00,5017.39990234375,5065.7001953125,4979.10009765625,5050.89990234375,170,0.0,-310152.0,0.3868355914906093
2026-02-10 00:00:00+00:00,5031.829,5078.663,4998.72,5041.55,293093,0.0,292923.0,0.1215991393868199
2026-02-10 05:00:00+00:00,5013.5,5029.0,5002.7001953125,5003.7998046875,281,0.0,-292812.0,0.36883145817088114
2026-02-11 00:00:00+00:00,5041.616,5119.259,5019.052,5061.397,283086,0.0,282805.0,0.19740137914516834
2026-02-11 05:00:00+00:00,5049.89990234375,5111.2998046875,5041.2998046875,5071.60009765625,2681,0.0,-280405.0,0.3100027901785714
2026-02-12 00:00:00+00:00,5061.305,5083.763,4878.366,4920.302,388342,0.0,385661.0,0.6864900655803184
2026-02-12 05:00:00+00:00,5060.39990234375,5078.10009765625,4892.0,4923.7001953125,484,0.0,-387858.0,0.7345493567862137
2026-02-13 00:00:00+00:00,4920.054,5046.101,4913.787,5042.605,295612,0.0,295128.0,0.926213401454117
2026-02-13 05:00:00+00:00,4953.0,5043.89990234375,4946.2001953125,5022.0,232,0.0,-295380.0,0.7062457206543088
2026-02-15 00:00:00+00:00,5026.64,5032.237,5010.128,5019.914,9934,0.0,9702.0,0.3042200009046295
2026-02-16 00:00:00+00:00,5019.874,5031.48,4964.573,4989.986,142463,0.0,132529.0,0.4467096118492872
2026-02-17 00:00:00+00:00,4989.899,4991.592,4841.149,4859.523,317839,0.0,175376.0,0.8666139335163537
2026-02-17 05:00:00+00:00,5020.0,5020.0,4847.7998046875,4882.89990234375,540,0.0,-317299.0,0.7961669114686417
2026-02-18 00:00:00+00:00,4859.221,5010.974,4858.455,4976.255,188346,0.0,187806.0,0.7673404624997566
2026-02-18 05:00:00+00:00,4872.2001953125,4987.0,4869.5,4986.5,544,0.0,-187802.0,0.972764295212766
2026-02-19 00:00:00+00:00,4976.015,5022.336,4960.446,4987.7,183001,0.0,182457.0,0.1888027144934469
2026-02-19 05:00:00+00:00,5014.7001953125,5014.7001953125,4975.89990234375,4975.89990234375,37,0.0,-182964.0,1.0
2026-02-20 00:00:00+00:00,4987.764,5108.031,4981.699,5105.809,252250,0.0,252213.0,0.9344030016147908
2026-02-20 05:00:00+00:00,5039.5,5072.7001953125,5039.5,5059.2998046875,134,0.0,-252116.0,0.5963761508368386
2026-02-22 00:00:00+00:00,5111.637,5171.868,5108.785,5165.373,10741,0.0,10607.0,0.8518301285607758
2026-02-23 00:00:00+00:00,5165.366,5249.439,5122.192,5235.933,231559,0.0,220818.0,0.5545671017784297
2026-02-23 05:00:00+00:00,5120.2998046875,5211.60009765625,5120.2998046875,5204.7001953125,779,0.0,-230780.0,0.9244262847424632
2026-02-24 00:00:00+00:00,5235.839,5238.095,5093.319,5146.578,264173,0.0,263394.0,0.6165455600375725
2026-02-24 05:00:00+00:00,5158.7998046875,5159.0,5112.7001953125,5155.7998046875,88,0.0,-264085.0,0.0647950897471051
2026-02-25 00:00:00+00:00,5146.576,5217.614,5136.459,5163.125,207782,0.0,207694.0,0.20391842770008045
2026-02-25 05:00:00+00:00,5166.0,5206.39990234375,5166.0,5206.39990234375,1772,0.0,-206010.0,1.0
2026-02-26 00:00:00+00:00,5163.219,5205.41,5130.47,5184.462,235766,0.0,233994.0,0.28346677341874177
2026-02-26 05:00:00+00:00,5177.2001953125,5199.2001953125,5143.89990234375,5176.5,1520,0.0,-234246.0,0.012661692640501524
2026-02-27 00:00:00+00:00,5184.431,5281.253,5166.688,5279.022,218301,0.0,216781.0,0.8256535591149189
2026-02-27 05:00:00+00:00,5186.7001953125,5280.0,5176.7001953125,5230.5,354,0.0,-217947.0,0.4240066553852844
2026-03-01 00:00:00+00:00,5319.272,5393.371,5314.681,5386.916,16153,0.0,15799.0,0.8596263820053348
2026-03-02 00:00:00+00:00,5386.641,5419.03,5260.224,5345.688,412454,0.0,396301.0,0.2578806846088915
2026-03-02 05:00:00+00:00,5346.60009765625,5405.0,5266.2998046875,5294.39990234375,72,0.0,-412382.0,0.3763527166987024
2026-03-03 00:00:00+00:00,5345.693,5379.802,4995.96,5125.056,664194,0.0,664122.0,0.5748120320340162
2026-03-03 05:00:00+00:00,5298.7001953125,5303.7998046875,5023.0,5107.39990234375,1776,0.0,-662418.0,0.6812693234656864
2026-03-04 00:00:00+00:00,5125.116,5205.974,5105.702,5164.962,390977,0.0,389201.0,0.3973791287697511
2026-03-04 05:00:00+00:00,5130.7001953125,5180.2001953125,5117.2001953125,5120.2001953125,679,0.0,-390298.0,0.16666666666666666
2026-03-05 00:00:00+00:00,5164.887,5194.986,5050.681,5086.266,340918,0.0,340239.0,0.5448251966321329
2026-03-05 05:00:00+00:00,5169.5,5169.5,5054.7001953125,5065.2998046875,1701,0.0,-339217.0,0.9076687507974991
2026-03-06 00:00:00+00:00,5086.068,5176.565,5062.475,5174.067,292218,0.0,290517.0,0.7713121220089437
2026-03-06 05:00:00+00:00,5121.0,5146.10009765625,5076.10009765625,5146.10009765625,148,0.0,-292070.0,0.3585728236607143
2026-03-08 00:00:00+00:00,5178.794,5180.193,5044.202,5075.442,40721,0.0,40573.0,0.7599914700237507
2026-03-09 00:00:00+00:00,5075.974,5155.948,5014.438,5139.445,342432,0.0,301711.0,0.44852660589357257
2026-03-09 04:00:00+00:00,5155.0,5160.60009765625,5077.7001953125,5091.5,639,0.0,-341793.0,0.7659840145129845
2026-03-10 00:00:00+00:00,5139.609,5238.432,5124.549,5196.851,239056,0.0,238417.0,0.5026386730240631
2026-03-10 04:00:00+00:00,5138.2001953125,5229.7001953125,5137.60009765625,5229.7001953125,4300,0.0,-234756.0,0.9934842885998908
2026-03-11 00:00:00+00:00,5196.925,5223.041,5129.795,5134.222,202198,0.0,197898.0,0.6724470754777724
2026-03-11 04:00:00+00:00,5190.7998046875,5191.2998046875,5167.39990234375,5167.39990234375,633,0.0,-201565.0,0.979079412425685
2026-03-12 00:00:00+00:00,5134.08,5191.657,5054.751,5098.163,218473,0.0,217840.0,0.2623478883321431
2026-03-12 04:00:00+00:00,5137.2001953125,5137.2001953125,5115.7998046875,5115.7998046875,410,0.0,-218063.0,1.0
2026-03-13 00:00:00+00:00,5098.067,5128.363,5009.525,5020.977,225061,0.0,224651.0,0.6486982278395776
2026-03-13 04:00:00+00:00,5089.60009765625,5117.0,5009.5,5052.5,479,0.0,-224582.0,0.3451171875
2026-03-15 00:00:00+00:00,5017.112,5030.407,4966.796,4997.507,23597,0.0,23118.0,0.30820141170553067
2026-03-16 00:00:00+00:00,4997.434,5038.067,4970.011,5012.795,235426,0.0,211829.0,0.22571117902903448
2026-03-16 04:00:00+00:00,5001.60009765625,5010.60009765625,4994.0,4994.0,130,0.0,-235296.0,0.4578345148101303
2026-03-17 00:00:00+00:00,5012.899,5044.474,4973.345,5002.75,187397,0.0,187267.0,0.14268441845098842
2026-03-17 04:00:00+00:00,5017.60009765625,5017.60009765625,4994.2001953125,5001.0,239,0.0,-187158.0,0.7094088433528786
2026-03-18 00:00:00+00:00,5002.803,5016.311,4804.247,4836.86,292082,0.0,291843.0,0.7825137694281004
2026-03-18 04:00:00+00:00,4949.60009765625,4949.60009765625,4821.7001953125,4889.89990234375,1461,0.0,-290621.0,0.4667727982469201
2026-03-19 00:00:00+00:00,4836.657,4866.892,4502.61,4643.703,605488,0.0,604027.0,0.5296830477487212
2026-03-19 04:00:00+00:00,4830.2998046875,4830.2998046875,4554.0,4600.7001953125,627,0.0,-604861.0,0.830979991588055
2026-03-20 00:00:00+00:00,4643.631,4735.802,4477.057,4497.479,732855,0.0,732228.0,0.5648495623103832
2026-03-20 04:00:00+00:00,4686.89990234375,4686.89990234375,4570.39990234375,4570.39990234375,235,0.0,-732620.0,1.0
2026-03-22 00:00:00+00:00,4477.751,4536.1,4449.511,4464.724,48927,0.0,48692.0,0.15044636154707933
2026-03-23 00:00:00+00:00,4464.563,4473.179,4319.487,4354.792,404761,0.0,355834.0,0.7142271556099193
2026-03-23 04:00:00+00:00,4353.0,4480.39990234375,4100.7998046875,4404.10009765625,544,0.0,-404217.0,0.1346156072449805
2026-03-24 04:00:00+00:00,4338.7001953125,4399.2998046875,4325.2001953125,4399.2998046875,378,0.0,-166.0,0.8178128047655447
2026-03-25 04:00:00+00:00,4549.0,4551.89990234375,4541.7998046875,4549.7998046875,388,0.0,10.0,0.07918781725888324
2026-03-26 04:00:00+00:00,4441.5,4443.10009765625,4375.5,4375.5,1070,0.0,682.0,0.9763299505218679
2026-03-27 04:00:00+00:00,4492.0,4492.0,4492.0,4492.0,1070,0.0,0.0,0.0
2026-03-30 04:00:00+00:00,4520.0,4611.39990234375,4444.7001953125,4586.2001953125,81439,0.0,80369.0,0.3971224454527081
