INFO:     Started server process [9380]
INFO:     Waiting for application startup.
Failed to initialize DB tables: (psycopg2.OperationalError) connection to server at "localhost" (::1), port 5432 failed: Connection refused (0x0000274D/10061)
	Is the server running on that host and accepting TCP/IP connections?
connection to server at "localhost" (127.0.0.1), port 5432 failed: Connection refused (0x0000274D/10061)
	Is the server running on that host and accepting TCP/IP connections?

(Background on this error at: https://sqlalche.me/e/20/e3q8)
INFO:     Application startup complete.
INFO:     Uvicorn running on http://0.0.0.0:8000 (Press CTRL+C to quit)
Could not verify/create bucket models: HTTPConnectionPool(host='localhost', port=9000): Max retries exceeded with url: /models?location= (Caused by NewConnectionError("HTTPConnection(host='localhost', port=9000): Failed to establish a new connection: [WinError 10061] No connection could be made because the target machine actively refused it"))
Could not verify/create bucket models: HTTPConnectionPool(host='localhost', port=9000): Max retries exceeded with url: /models?location= (Caused by NewConnectionError("HTTPConnection(host='localhost', port=9000): Failed to establish a new connection: [WinError 10061] No connection could be made because the target machine actively refused it"))
Could not verify/create bucket models: HTTPConnectionPool(host='localhost', port=9000): Max retries exceeded with url: /models?location= (Caused by NewConnectionError("HTTPConnection(host='localhost', port=9000): Failed to establish a new connection: [WinError 10061] No connection could be made because the target machine actively refused it"))
Could not verify/create bucket datasets: HTTPConnectionPool(host='localhost', port=9000): Max retries exceeded with url: /datasets?location= (Caused by NewConnectionError("HTTPConnection(host='localhost', port=9000): Failed to establish a new connection: [WinError 10061] No connection could be made because the target machine actively refused it"))
Could not verify/create bucket datasets: HTTPConnectionPool(host='localhost', port=9000): Max retries exceeded with url: /datasets?location= (Caused by NewConnectionError("HTTPConnection(host='localhost', port=9000): Failed to establish a new connection: [WinError 10061] No connection could be made because the target machine actively refused it"))
Could not verify/create bucket datasets: HTTPConnectionPool(host='localhost', port=9000): Max retries exceeded with url: /datasets?location= (Caused by NewConnectionError("HTTPConnection(host='localhost', port=9000): Failed to establish a new connection: [WinError 10061] No connection could be made because the target machine actively refused it"))
Could not verify/create bucket reports: HTTPConnectionPool(host='localhost', port=9000): Max retries exceeded with url: /reports?location= (Caused by NewConnectionError("HTTPConnection(host='localhost', port=9000): Failed to establish a new connection: [WinError 10061] No connection could be made because the target machine actively refused it"))
Could not verify/create bucket reports: HTTPConnectionPool(host='localhost', port=9000): Max retries exceeded with url: /reports?location= (Caused by NewConnectionError("HTTPConnection(host='localhost', port=9000): Failed to establish a new connection: [WinError 10061] No connection could be made because the target machine actively refused it"))
Could not verify/create bucket models: HTTPConnectionPool(host='localhost', port=9000): Max retries exceeded with url: /models?location= (Caused by NewConnectionError("HTTPConnection(host='localhost', port=9000): Failed to establish a new connection: [WinError 10061] No connection could be made because the target machine actively refused it"))
Could not verify/create bucket reports: HTTPConnectionPool(host='localhost', port=9000): Max retries exceeded with url: /reports?location= (Caused by NewConnectionError("HTTPConnection(host='localhost', port=9000): Failed to establish a new connection: [WinError 10061] No connection could be made because the target machine actively refused it"))
Could not verify/create bucket mlflow: HTTPConnectionPool(host='localhost', port=9000): Max retries exceeded with url: /mlflow?location= (Caused by NewConnectionError("HTTPConnection(host='localhost', port=9000): Failed to establish a new connection: [WinError 10061] No connection could be made because the target machine actively refused it"))
ERROR:    Exception in ASGI application
Traceback (most recent call last):
  File "C:\Users\Administrator\AppData\Local\Programs\Python\Python311\Lib\site-packages\sqlalchemy\engine\base.py", line 143, in __init__
    self._dbapi_connection = engine.raw_connection()
                             ^^^^^^^^^^^^^^^^^^^^^^^
  File "C:\Users\Administrator\AppData\Local\Programs\Python\Python311\Lib\site-packages\sqlalchemy\engine\base.py", line 3317, in raw_connection
    return self.pool.connect()
           ^^^^^^^^^^^^^^^^^^^
  File "C:\Users\Administrator\AppData\Local\Programs\Python\Python311\Lib\site-packages\sqlalchemy\pool\base.py", line 448, in connect
    return _ConnectionFairy._checkout(self)
           ^^^^^^^^^^^^^^^^^^^^^^^^^^^^^^^^
  File "C:\Users\Administrator\AppData\Local\Programs\Python\Python311\Lib\site-packages\sqlalchemy\pool\base.py", line 1272, in _checkout
    fairy = _ConnectionRecord.checkout(pool)
            ^^^^^^^^^^^^^^^^^^^^^^^^^^^^^^^^
  File "C:\Users\Administrator\AppData\Local\Programs\Python\Python311\Lib\site-packages\sqlalchemy\pool\base.py", line 712, in checkout
    rec = pool._do_get()
          ^^^^^^^^^^^^^^
  File "C:\Users\Administrator\AppData\Local\Programs\Python\Python311\Lib\site-packages\sqlalchemy\pool\impl.py", line 177, in _do_get
    with util.safe_reraise():
  File "C:\Users\Administrator\AppData\Local\Programs\Python\Python311\Lib\site-packages\sqlalchemy\util\langhelpers.py", line 121, in __exit__
    raise exc_value.with_traceback(exc_tb)
  File "C:\Users\Administrator\AppData\Local\Programs\Python\Python311\Lib\site-packages\sqlalchemy\pool\impl.py", line 175, in _do_get
    return self._create_connection()
           ^^^^^^^^^^^^^^^^^^^^^^^^^
  File "C:\Users\Administrator\AppData\Local\Programs\Python\Python311\Lib\site-packages\sqlalchemy\pool\base.py", line 389, in _create_connection
    return _ConnectionRecord(self)
           ^^^^^^^^^^^^^^^^^^^^^^^
  File "C:\Users\Administrator\AppData\Local\Programs\Python\Python311\Lib\site-packages\sqlalchemy\pool\base.py", line 674, in __init__
    self.__connect()
  File "C:\Users\Administrator\AppData\Local\Programs\Python\Python311\Lib\site-packages\sqlalchemy\pool\base.py", line 900, in __connect
    with util.safe_reraise():
  File "C:\Users\Administrator\AppData\Local\Programs\Python\Python311\Lib\site-packages\sqlalchemy\util\langhelpers.py", line 121, in __exit__
    raise exc_value.with_traceback(exc_tb)
  File "C:\Users\Administrator\AppData\Local\Programs\Python\Python311\Lib\site-packages\sqlalchemy\pool\base.py", line 896, in __connect
    self.dbapi_connection = connection = pool._invoke_creator(self)
                                         ^^^^^^^^^^^^^^^^^^^^^^^^^^
  File "C:\Users\Administrator\AppData\Local\Programs\Python\Python311\Lib\site-packages\sqlalchemy\engine\create.py", line 667, in connect
    return dialect.connect(*cargs_tup, **cparams)
           ^^^^^^^^^^^^^^^^^^^^^^^^^^^^^^^^^^^^^^
  File "C:\Users\Administrator\AppData\Local\Programs\Python\Python311\Lib\site-packages\sqlalchemy\engine\default.py", line 630, in connect
    return self.loaded_dbapi.connect(*cargs, **cparams)  # type: ignore[no-any-return]  # NOQA: E501
           ^^^^^^^^^^^^^^^^^^^^^^^^^^^^^^^^^^^^^^^^^^^^
  File "C:\Users\Administrator\AppData\Local\Programs\Python\Python311\Lib\site-packages\psycopg2\__init__.py", line 135, in connect
    conn = _connect(dsn, connection_factory=connection_factory, **kwasync)
           ^^^^^^^^^^^^^^^^^^^^^^^^^^^^^^^^^^^^^^^^^^^^^^^^^^^^^^^^^^^^^^^
psycopg2.OperationalError: connection to server at "localhost" (::1), port 5432 failed: Connection refused (0x0000274D/10061)
	Is the server running on that host and accepting TCP/IP connections?
connection to server at "localhost" (127.0.0.1), port 5432 failed: Connection refused (0x0000274D/10061)
	Is the server running on that host and accepting TCP/IP connections?


The above exception was the direct cause of the following exception:

Traceback (most recent call last):
  File "C:\Users\Administrator\AppData\Local\Programs\Python\Python311\Lib\site-packages\uvicorn\protocols\http\httptools_impl.py", line 416, in run_asgi
    result = await app(  # type: ignore[func-returns-value]
             ^^^^^^^^^^^^^^^^^^^^^^^^^^^^^^^^^^^^^^^^^^^^^^
  File "C:\Users\Administrator\AppData\Local\Programs\Python\Python311\Lib\site-packages\uvicorn\middleware\proxy_headers.py", line 60, in __call__
    return await self.app(scope, receive, send)
           ^^^^^^^^^^^^^^^^^^^^^^^^^^^^^^^^^^^^
  File "C:\Users\Administrator\AppData\Local\Programs\Python\Python311\Lib\site-packages\fastapi\applications.py", line 1159, in __call__
    await super().__call__(scope, receive, send)
  File "C:\Users\Administrator\AppData\Local\Programs\Python\Python311\Lib\site-packages\starlette\applications.py", line 90, in __call__
    await self.middleware_stack(scope, receive, send)
  File "C:\Users\Administrator\AppData\Local\Programs\Python\Python311\Lib\site-packages\starlette\middleware\errors.py", line 186, in __call__
    raise exc
  File "C:\Users\Administrator\AppData\Local\Programs\Python\Python311\Lib\site-packages\starlette\middleware\errors.py", line 164, in __call__
    await self.app(scope, receive, _send)
  File "C:\Users\Administrator\AppData\Local\Programs\Python\Python311\Lib\site-packages\starlette\middleware\cors.py", line 88, in __call__
    await self.app(scope, receive, send)
  File "C:\Users\Administrator\AppData\Local\Programs\Python\Python311\Lib\site-packages\starlette\middleware\exceptions.py", line 63, in __call__
    await wrap_app_handling_exceptions(self.app, conn)(scope, receive, send)
  File "C:\Users\Administrator\AppData\Local\Programs\Python\Python311\Lib\site-packages\starlette\_exception_handler.py", line 53, in wrapped_app
    raise exc
  File "C:\Users\Administrator\AppData\Local\Programs\Python\Python311\Lib\site-packages\starlette\_exception_handler.py", line 42, in wrapped_app
    await app(scope, receive, sender)
  File "C:\Users\Administrator\AppData\Local\Programs\Python\Python311\Lib\site-packages\fastapi\middleware\asyncexitstack.py", line 18, in __call__
    await self.app(scope, receive, send)
  File "C:\Users\Administrator\AppData\Local\Programs\Python\Python311\Lib\site-packages\starlette\routing.py", line 660, in __call__
    await self.middleware_stack(scope, receive, send)
  File "C:\Users\Administrator\AppData\Local\Programs\Python\Python311\Lib\site-packages\starlette\routing.py", line 680, in app
    await route.handle(scope, receive, send)
  File "C:\Users\Administrator\AppData\Local\Programs\Python\Python311\Lib\site-packages\starlette\routing.py", line 276, in handle
    await self.app(scope, receive, send)
  File "C:\Users\Administrator\AppData\Local\Programs\Python\Python311\Lib\site-packages\fastapi\routing.py", line 134, in app
    await wrap_app_handling_exceptions(app, request)(scope, receive, send)
  File "C:\Users\Administrator\AppData\Local\Programs\Python\Python311\Lib\site-packages\starlette\_exception_handler.py", line 53, in wrapped_app
    raise exc
  File "C:\Users\Administrator\AppData\Local\Programs\Python\Python311\Lib\site-packages\starlette\_exception_handler.py", line 42, in wrapped_app
    await app(scope, receive, sender)
  File "C:\Users\Administrator\AppData\Local\Programs\Python\Python311\Lib\site-packages\fastapi\routing.py", line 120, in app
    response = await f(request)
               ^^^^^^^^^^^^^^^^
  File "C:\Users\Administrator\AppData\Local\Programs\Python\Python311\Lib\site-packages\fastapi\routing.py", line 674, in app
    raw_response = await run_endpoint_function(
                   ^^^^^^^^^^^^^^^^^^^^^^^^^^^^
  File "C:\Users\Administrator\AppData\Local\Programs\Python\Python311\Lib\site-packages\fastapi\routing.py", line 330, in run_endpoint_function
    return await run_in_threadpool(dependant.call, **values)
           ^^^^^^^^^^^^^^^^^^^^^^^^^^^^^^^^^^^^^^^^^^^^^^^^^
  File "C:\Users\Administrator\AppData\Local\Programs\Python\Python311\Lib\site-packages\starlette\concurrency.py", line 32, in run_in_threadpool
    return await anyio.to_thread.run_sync(func)
           ^^^^^^^^^^^^^^^^^^^^^^^^^^^^^^^^^^^^
  File "C:\Users\Administrator\AppData\Local\Programs\Python\Python311\Lib\site-packages\anyio\to_thread.py", line 63, in run_sync
    return await get_async_backend().run_sync_in_worker_thread(
           ^^^^^^^^^^^^^^^^^^^^^^^^^^^^^^^^^^^^^^^^^^^^^^^^^^^^
  File "C:\Users\Administrator\AppData\Local\Programs\Python\Python311\Lib\site-packages\anyio\_backends\_asyncio.py", line 2502, in run_sync_in_worker_thread
    return await future
           ^^^^^^^^^^^^
  File "C:\Users\Administrator\AppData\Local\Programs\Python\Python311\Lib\site-packages\anyio\_backends\_asyncio.py", line 986, in run
    result = context.run(func, *args)
             ^^^^^^^^^^^^^^^^^^^^^^^^
  File "C:\Users\Administrator\Documents\Trade-Indicator\src\xauusd_ai\api\main.py", line 1181, in get_live_status
    status = store.get_live_status(account)
             ^^^^^^^^^^^^^^^^^^^^^^^^^^^^^^
  File "C:\Users\Administrator\Documents\Trade-Indicator\src\xauusd_ai\infra\db.py", line 269, in get_live_status
    with session_scope(self.engine) as conn:
  File "C:\Users\Administrator\AppData\Local\Programs\Python\Python311\Lib\contextlib.py", line 137, in __enter__
    return next(self.gen)
           ^^^^^^^^^^^^^^
  File "C:\Users\Administrator\Documents\Trade-Indicator\src\xauusd_ai\infra\db.py", line 204, in session_scope
    conn = engine.connect()
           ^^^^^^^^^^^^^^^^
  File "C:\Users\Administrator\AppData\Local\Programs\Python\Python311\Lib\site-packages\sqlalchemy\engine\base.py", line 3293, in connect
    return self._connection_cls(self)
           ^^^^^^^^^^^^^^^^^^^^^^^^^^
  File "C:\Users\Administrator\AppData\Local\Programs\Python\Python311\Lib\site-packages\sqlalchemy\engine\base.py", line 145, in __init__
    Connection._handle_dbapi_exception_noconnection(
  File "C:\Users\Administrator\AppData\Local\Programs\Python\Python311\Lib\site-packages\sqlalchemy\engine\base.py", line 2448, in _handle_dbapi_exception_noconnection
    raise sqlalchemy_exception.with_traceback(exc_info[2]) from e
  File "C:\Users\Administrator\AppData\Local\Programs\Python\Python311\Lib\site-packages\sqlalchemy\engine\base.py", line 143, in __init__
    self._dbapi_connection = engine.raw_connection()
                             ^^^^^^^^^^^^^^^^^^^^^^^
  File "C:\Users\Administrator\AppData\Local\Programs\Python\Python311\Lib\site-packages\sqlalchemy\engine\base.py", line 3317, in raw_connection
    return self.pool.connect()
           ^^^^^^^^^^^^^^^^^^^
  File "C:\Users\Administrator\AppData\Local\Programs\Python\Python311\Lib\site-packages\sqlalchemy\pool\base.py", line 448, in connect
    return _ConnectionFairy._checkout(self)
           ^^^^^^^^^^^^^^^^^^^^^^^^^^^^^^^^
  File "C:\Users\Administrator\AppData\Local\Programs\Python\Python311\Lib\site-packages\sqlalchemy\pool\base.py", line 1272, in _checkout
    fairy = _ConnectionRecord.checkout(pool)
            ^^^^^^^^^^^^^^^^^^^^^^^^^^^^^^^^
  File "C:\Users\Administrator\AppData\Local\Programs\Python\Python311\Lib\site-packages\sqlalchemy\pool\base.py", line 712, in checkout
    rec = pool._do_get()
          ^^^^^^^^^^^^^^
  File "C:\Users\Administrator\AppData\Local\Programs\Python\Python311\Lib\site-packages\sqlalchemy\pool\impl.py", line 177, in _do_get
    with util.safe_reraise():
  File "C:\Users\Administrator\AppData\Local\Programs\Python\Python311\Lib\site-packages\sqlalchemy\util\langhelpers.py", line 121, in __exit__
    raise exc_value.with_traceback(exc_tb)
  File "C:\Users\Administrator\AppData\Local\Programs\Python\Python311\Lib\site-packages\sqlalchemy\pool\impl.py", line 175, in _do_get
    return self._create_connection()
           ^^^^^^^^^^^^^^^^^^^^^^^^^
  File "C:\Users\Administrator\AppData\Local\Programs\Python\Python311\Lib\site-packages\sqlalchemy\pool\base.py", line 389, in _create_connection
    return _ConnectionRecord(self)
           ^^^^^^^^^^^^^^^^^^^^^^^
  File "C:\Users\Administrator\AppData\Local\Programs\Python\Python311\Lib\site-packages\sqlalchemy\pool\base.py", line 674, in __init__
    self.__connect()
  File "C:\Users\Administrator\AppData\Local\Programs\Python\Python311\Lib\site-packages\sqlalchemy\pool\base.py", line 900, in __connect
    with util.safe_reraise():
  File "C:\Users\Administrator\AppData\Local\Programs\Python\Python311\Lib\site-packages\sqlalchemy\util\langhelpers.py", line 121, in __exit__
    raise exc_value.with_traceback(exc_tb)
  File "C:\Users\Administrator\AppData\Local\Programs\Python\Python311\Lib\site-packages\sqlalchemy\pool\base.py", line 896, in __connect
    self.dbapi_connection = connection = pool._invoke_creator(self)
                                         ^^^^^^^^^^^^^^^^^^^^^^^^^^
  File "C:\Users\Administrator\AppData\Local\Programs\Python\Python311\Lib\site-packages\sqlalchemy\engine\create.py", line 667, in connect
    return dialect.connect(*cargs_tup, **cparams)
           ^^^^^^^^^^^^^^^^^^^^^^^^^^^^^^^^^^^^^^
  File "C:\Users\Administrator\AppData\Local\Programs\Python\Python311\Lib\site-packages\sqlalchemy\engine\default.py", line 630, in connect
    return self.loaded_dbapi.connect(*cargs, **cparams)  # type: ignore[no-any-return]  # NOQA: E501
           ^^^^^^^^^^^^^^^^^^^^^^^^^^^^^^^^^^^^^^^^^^^^
  File "C:\Users\Administrator\AppData\Local\Programs\Python\Python311\Lib\site-packages\psycopg2\__init__.py", line 135, in connect
    conn = _connect(dsn, connection_factory=connection_factory, **kwasync)
           ^^^^^^^^^^^^^^^^^^^^^^^^^^^^^^^^^^^^^^^^^^^^^^^^^^^^^^^^^^^^^^^
sqlalchemy.exc.OperationalError: (psycopg2.OperationalError) connection to server at "localhost" (::1), port 5432 failed: Connection refused (0x0000274D/10061)
	Is the server running on that host and accepting TCP/IP connections?
connection to server at "localhost" (127.0.0.1), port 5432 failed: Connection refused (0x0000274D/10061)
	Is the server running on that host and accepting TCP/IP connections?

(Background on this error at: https://sqlalche.me/e/20/e3q8)
Could not verify/create bucket mlflow: HTTPConnectionPool(host='localhost', port=9000): Max retries exceeded with url: /mlflow?location= (Caused by NewConnectionError("HTTPConnection(host='localhost', port=9000): Failed to establish a new connection: [WinError 10061] No connection could be made because the target machine actively refused it"))
Could not verify/create bucket datasets: HTTPConnectionPool(host='localhost', port=9000): Max retries exceeded with url: /datasets?location= (Caused by NewConnectionError("HTTPConnection(host='localhost', port=9000): Failed to establish a new connection: [WinError 10061] No connection could be made because the target machine actively refused it"))
Could not verify/create bucket mlflow: HTTPConnectionPool(host='localhost', port=9000): Max retries exceeded with url: /mlflow?location= (Caused by NewConnectionError("HTTPConnection(host='localhost', port=9000): Failed to establish a new connection: [WinError 10061] No connection could be made because the target machine actively refused it"))
Could not verify/create bucket reports: HTTPConnectionPool(host='localhost', port=9000): Max retries exceeded with url: /reports?location= (Caused by NewConnectionError("HTTPConnection(host='localhost', port=9000): Failed to establish a new connection: [WinError 10061] No connection could be made because the target machine actively refused it"))
Could not verify/create bucket mlflow: HTTPConnectionPool(host='localhost', port=9000): Max retries exceeded with url: /mlflow?location= (Caused by NewConnectionError("HTTPConnection(host='localhost', port=9000): Failed to establish a new connection: [WinError 10061] No connection could be made because the target machine actively refused it"))
WARNING:  Invalid HTTP request received.
WARNING:  Invalid HTTP request received.
WARNING:  Invalid HTTP request received.
WARNING:  Invalid HTTP request received.
WARNING:  Invalid HTTP request received.
WARNING:  Invalid HTTP request received.
INFO:     117.7.62.150:0 - "WebSocket /ws/live" [accepted]
INFO:     connection open
INFO:     connection closed
INFO:     117.7.62.150:0 - "WebSocket /ws/live" [accepted]
INFO:     connection open
INFO:     connection closed
INFO:     117.7.62.150:0 - "WebSocket /ws/live" [accepted]
INFO:     connection open
INFO:     connection closed
WARNING:  Invalid HTTP request received.
WARNING:  Invalid HTTP request received.
WARNING:  Invalid HTTP request received.
WARNING:  Invalid HTTP request received.
WARNING:  Invalid HTTP request received.
WARNING:  Invalid HTTP request received.
WARNING:  Invalid HTTP request received.
WARNING:  Invalid HTTP request received.
WARNING:  Invalid HTTP request received.
WARNING:  Invalid HTTP request received.
WARNING:  Invalid HTTP request received.
WARNING:  Invalid HTTP request received.
WARNING:  Invalid HTTP request received.
WARNING:  Invalid HTTP request received.
WARNING:  Invalid HTTP request received.
WARNING:  Invalid HTTP request received.
WARNING:  Invalid HTTP request received.
WARNING:  Invalid HTTP request received.
WARNING:  Invalid HTTP request received.
Exception in callback _ProactorBasePipeTransport._call_connection_lost(None)
handle: <Handle _ProactorBasePipeTransport._call_connection_lost(None)>
Traceback (most recent call last):
  File "C:\Users\Administrator\AppData\Local\Programs\Python\Python311\Lib\asyncio\events.py", line 84, in _run
    self._context.run(self._callback, *self._args)
  File "C:\Users\Administrator\AppData\Local\Programs\Python\Python311\Lib\asyncio\proactor_events.py", line 165, in _call_connection_lost
    self._sock.shutdown(socket.SHUT_RDWR)
ConnectionResetError: [WinError 10054] An existing connection was forcibly closed by the remote host
WARNING:  Invalid HTTP request received.
WARNING:  Invalid HTTP request received.
WARNING:  Invalid HTTP request received.
WARNING:  Invalid HTTP request received.
WARNING:  Invalid HTTP request received.
WARNING:  Invalid HTTP request received.
WARNING:  Invalid HTTP request received.
WARNING:  Invalid HTTP request received.
INFO:     42.113.156.47:0 - "WebSocket /ws/live" [accepted]
INFO:     connection open
WARNING:  Invalid HTTP request received.
WARNING:  Invalid HTTP request received.
WARNING:  Invalid HTTP request received.
INFO:     connection closed
INFO:     42.113.156.47:0 - "WebSocket /ws/live" [accepted]
INFO:     connection open
INFO:     connection closed
WARNING:  Invalid HTTP request received.
WARNING:  Invalid HTTP request received.
WARNING:  Invalid HTTP request received.
WARNING:  Invalid HTTP request received.
WARNING:  Invalid HTTP request received.
WARNING:  Invalid HTTP request received.
WARNING:  Invalid HTTP request received.
WARNING:  Invalid HTTP request received.
WARNING:  Invalid HTTP request received.
WARNING:  Invalid HTTP request received.
WARNING:  Invalid HTTP request received.
WARNING:  Invalid HTTP request received.
WARNING:  Invalid HTTP request received.
WARNING:  Invalid HTTP request received.
WARNING:  Invalid HTTP request received.
WARNING:  Invalid HTTP request received.
WARNING:  Invalid HTTP request received.
WARNING:  Invalid HTTP request received.
WARNING:  Invalid HTTP request received.
WARNING:  Invalid HTTP request received.
WARNING:  Invalid HTTP request received.
WARNING:  Invalid HTTP request received.
WARNING:  Invalid HTTP request received.
WARNING:  Invalid HTTP request received.
WARNING:  Invalid HTTP request received.
WARNING:  Invalid HTTP request received.
WARNING:  Invalid HTTP request received.
WARNING:  Invalid HTTP request received.
WARNING:  Invalid HTTP request received.
WARNING:  Invalid HTTP request received.
WARNING:  Invalid HTTP request received.
WARNING:  Invalid HTTP request received.
WARNING:  Invalid HTTP request received.
WARNING:  Invalid HTTP request received.
WARNING:  Invalid HTTP request received.
WARNING:  Invalid HTTP request received.
WARNING:  Invalid HTTP request received.
WARNING:  Invalid HTTP request received.
WARNING:  Invalid HTTP request received.
WARNING:  Invalid HTTP request received.
WARNING:  Invalid HTTP request received.
WARNING:  Invalid HTTP request received.
WARNING:  Invalid HTTP request received.
WARNING:  Invalid HTTP request received.
WARNING:  Invalid HTTP request received.
WARNING:  Invalid HTTP request received.
Exception in callback _ProactorBasePipeTransport._call_connection_lost(None)
handle: <Handle _ProactorBasePipeTransport._call_connection_lost(None)>
Traceback (most recent call last):
  File "C:\Users\Administrator\AppData\Local\Programs\Python\Python311\Lib\asyncio\events.py", line 84, in _run
    self._context.run(self._callback, *self._args)
  File "C:\Users\Administrator\AppData\Local\Programs\Python\Python311\Lib\asyncio\proactor_events.py", line 165, in _call_connection_lost
    self._sock.shutdown(socket.SHUT_RDWR)
ConnectionResetError: [WinError 10054] An existing connection was forcibly closed by the remote host
WARNING:  Invalid HTTP request received.
WARNING:  Invalid HTTP request received.
WARNING:  Invalid HTTP request received.
WARNING:  Invalid HTTP request received.
WARNING:  Invalid HTTP request received.
WARNING:  Invalid HTTP request received.
WARNING:  Invalid HTTP request received.
WARNING:  Invalid HTTP request received.
WARNING:  Invalid HTTP request received.
WARNING:  Invalid HTTP request received.
WARNING:  Invalid HTTP request received.
WARNING:  Invalid HTTP request received.
WARNING:  Invalid HTTP request received.
WARNING:  Invalid HTTP request received.
WARNING:  Invalid HTTP request received.
WARNING:  Invalid HTTP request received.
WARNING:  Invalid HTTP request received.
WARNING:  Invalid HTTP request received.
WARNING:  Invalid HTTP request received.
WARNING:  Invalid HTTP request received.
WARNING:  Invalid HTTP request received.
WARNING:  Invalid HTTP request received.
WARNING:  Invalid HTTP request received.
WARNING:  Invalid HTTP request received.
WARNING:  Invalid HTTP request received.
WARNING:  Invalid HTTP request received.
WARNING:  Invalid HTTP request received.
WARNING:  Invalid HTTP request received.
WARNING:  Invalid HTTP request received.
WARNING:  Invalid HTTP request received.
INFO:     42.113.156.47:0 - "WebSocket /ws/live" [accepted]
INFO:     connection open
WARNING:  Invalid HTTP request received.
WARNING:  Invalid HTTP request received.
WARNING:  Invalid HTTP request received.
WARNING:  Invalid HTTP request received.
WARNING:  Invalid HTTP request received.
WARNING:  Invalid HTTP request received.
WARNING:  Invalid HTTP request received.
WARNING:  Invalid HTTP request received.
WARNING:  Invalid HTTP request received.
WARNING:  Invalid HTTP request received.
WARNING:  Invalid HTTP request received.
WARNING:  Invalid HTTP request received.
WARNING:  Invalid HTTP request received.
WARNING:  Invalid HTTP request received.
WARNING:  Invalid HTTP request received.
WARNING:  Invalid HTTP request received.
WARNING:  Invalid HTTP request received.
WARNING:  Invalid HTTP request received.
WARNING:  Invalid HTTP request received.
WARNING:  Invalid HTTP request received.
WARNING:  Invalid HTTP request received.
WARNING:  Invalid HTTP request received.
WARNING:  Invalid HTTP request received.
WARNING:  Invalid HTTP request received.
WARNING:  Invalid HTTP request received.
WARNING:  Invalid HTTP request received.
WARNING:  Invalid HTTP request received.
WARNING:  Invalid HTTP request received.
WARNING:  Invalid HTTP request received.
WARNING:  Invalid HTTP request received.
WARNING:  Invalid HTTP request received.
WARNING:  Invalid HTTP request received.
WARNING:  Invalid HTTP request received.
WARNING:  Invalid HTTP request received.
WARNING:  Invalid HTTP request received.
WARNING:  Invalid HTTP request received.
WARNING:  Invalid HTTP request received.
WARNING:  Invalid HTTP request received.
INFO:     connection closed
INFO:     42.113.156.47:0 - "WebSocket /ws/live" [accepted]
INFO:     connection open
INFO:     connection closed
INFO:     42.113.156.47:0 - "WebSocket /ws/live" [accepted]
INFO:     connection open
WARNING:  Invalid HTTP request received.
WARNING:  Invalid HTTP request received.
WARNING:  Invalid HTTP request received.
WARNING:  Invalid HTTP request received.
WARNING:  Invalid HTTP request received.
WARNING:  Invalid HTTP request received.
WARNING:  Invalid HTTP request received.
WARNING:  Invalid HTTP request received.
WARNING:  Invalid HTTP request received.
WARNING:  Invalid HTTP request received.
WARNING:  Invalid HTTP request received.
WARNING:  Invalid HTTP request received.
WARNING:  Invalid HTTP request received.
WARNING:  Invalid HTTP request received.
WARNING:  Invalid HTTP request received.
WARNING:  Invalid HTTP request received.
WARNING:  Invalid HTTP request received.
WARNING:  Invalid HTTP request received.
WARNING:  Invalid HTTP request received.
WARNING:  Invalid HTTP request received.
WARNING:  Invalid HTTP request received.
WARNING:  Invalid HTTP request received.
WARNING:  Invalid HTTP request received.
WARNING:  Invalid HTTP request received.
WARNING:  Invalid HTTP request received.
WARNING:  Invalid HTTP request received.
WARNING:  Invalid HTTP request received.
WARNING:  Invalid HTTP request received.
WARNING:  Invalid HTTP request received.
WARNING:  Invalid HTTP request received.
WARNING:  Invalid HTTP request received.
WARNING:  Invalid HTTP request received.
WARNING:  Invalid HTTP request received.
WARNING:  Invalid HTTP request received.
WARNING:  Invalid HTTP request received.
WARNING:  Invalid HTTP request received.
WARNING:  Invalid HTTP request received.
WARNING:  Invalid HTTP request received.
WARNING:  Invalid HTTP request received.
WARNING:  Invalid HTTP request received.
INFO:     connection closed
INFO:     42.113.156.47:0 - "WebSocket /ws/live" [accepted]
INFO:     connection open
WARNING:  Invalid HTTP request received.
WARNING:  Invalid HTTP request received.
WARNING:  Invalid HTTP request received.
WARNING:  Invalid HTTP request received.
WARNING:  Invalid HTTP request received.
WARNING:  Invalid HTTP request received.
INFO:     connection closed
INFO:     42.113.156.47:0 - "WebSocket /ws/live" [accepted]
INFO:     connection open
INFO:     connection closed
WARNING:  Invalid HTTP request received.
WARNING:  Invalid HTTP request received.
WARNING:  Invalid HTTP request received.
INFO:     42.113.156.47:0 - "WebSocket /ws/live" [accepted]
INFO:     connection open
WARNING:  Invalid HTTP request received.
WARNING:  Invalid HTTP request received.
WARNING:  Invalid HTTP request received.
WARNING:  Invalid HTTP request received.
WARNING:  Invalid HTTP request received.
WARNING:  Invalid HTTP request received.
WARNING:  Invalid HTTP request received.
WARNING:  Invalid HTTP request received.
WARNING:  Invalid HTTP request received.
WARNING:  Invalid HTTP request received.
WARNING:  Invalid HTTP request received.
WARNING:  Invalid HTTP request received.
WARNING:  Invalid HTTP request received.
WARNING:  Invalid HTTP request received.
WARNING:  Invalid HTTP request received.
WARNING:  Invalid HTTP request received.
INFO:     connection closed
INFO:     42.113.156.47:0 - "WebSocket /ws/live" [accepted]
INFO:     connection open
INFO:     connection closed
WARNING:  Invalid HTTP request received.
WARNING:  Invalid HTTP request received.
INFO:     42.113.156.47:0 - "WebSocket /ws/live" [accepted]
INFO:     connection open
INFO:     connection closed
INFO:     42.113.156.47:0 - "WebSocket /ws/live" [accepted]
INFO:     connection open
INFO:     42.113.156.47:0 - "WebSocket /ws/live" [accepted]
INFO:     connection open
INFO:     42.113.156.47:0 - "WebSocket /ws/live" [accepted]
INFO:     connection open
INFO:     42.113.156.47:0 - "WebSocket /ws/live" [accepted]
INFO:     connection open
INFO:     42.113.156.47:0 - "WebSocket /ws/live" [accepted]
INFO:     connection open
INFO:     42.113.156.47:0 - "WebSocket /ws/live" [accepted]
INFO:     connection open
INFO:     42.113.156.47:0 - "WebSocket /ws/live" [accepted]
INFO:     connection open
INFO:     42.113.156.47:0 - "WebSocket /ws/live" [accepted]
INFO:     connection open
INFO:     42.113.156.47:0 - "WebSocket /ws/live" [accepted]
INFO:     connection open
INFO:     42.113.156.47:0 - "WebSocket /ws/live" [accepted]
INFO:     connection open
INFO:     42.113.156.47:0 - "WebSocket /ws/live" [accepted]
INFO:     connection open
INFO:     42.113.156.47:0 - "WebSocket /ws/live" [accepted]
INFO:     connection open
INFO:     42.113.156.47:0 - "WebSocket /ws/live" [accepted]
INFO:     connection open
INFO:     42.113.156.47:0 - "WebSocket /ws/live" [accepted]
INFO:     connection open
INFO:     42.113.156.47:0 - "WebSocket /ws/live" [accepted]
INFO:     connection open
INFO:     42.113.156.47:0 - "WebSocket /ws/live" [accepted]
INFO:     connection open
INFO:     42.113.156.47:0 - "WebSocket /ws/live" [accepted]
INFO:     connection open
INFO:     42.113.156.47:0 - "WebSocket /ws/live" [accepted]
INFO:     connection open
INFO:     42.113.156.47:0 - "WebSocket /ws/live" [accepted]
INFO:     connection open
INFO:     42.113.156.47:0 - "WebSocket /ws/live" [accepted]
INFO:     connection open
INFO:     42.113.156.47:0 - "WebSocket /ws/live" [accepted]
INFO:     connection open
INFO:     42.113.156.47:0 - "WebSocket /ws/live" [accepted]
INFO:     connection open
INFO:     42.113.156.47:0 - "WebSocket /ws/live" [accepted]
INFO:     connection open
INFO:     42.113.156.47:0 - "WebSocket /ws/live" [accepted]
INFO:     connection open
INFO:     connection closed
INFO:     42.113.156.47:0 - "WebSocket /ws/live" [accepted]
INFO:     connection open
INFO:     connection closed
INFO:     connection closed
INFO:     42.113.156.47:0 - "WebSocket /ws/live" [accepted]
INFO:     connection open
INFO:     connection closed
INFO:     connection closed
INFO:     connection closed
INFO:     42.113.156.47:0 - "WebSocket /ws/live" [accepted]
INFO:     connection open
INFO:     42.113.156.47:0 - "WebSocket /ws/live" [accepted]
INFO:     connection open
INFO:     connection closed
INFO:     42.113.156.47:0 - "WebSocket /ws/live" [accepted]
INFO:     connection open
INFO:     connection closed
INFO:     42.113.156.47:0 - "WebSocket /ws/live" [accepted]
INFO:     connection open
INFO:     connection closed
INFO:     connection closed
INFO:     connection closed
INFO:     connection closed
INFO:     42.113.156.47:0 - "WebSocket /ws/live" [accepted]
INFO:     connection open
INFO:     42.113.156.47:0 - "WebSocket /ws/live" [accepted]
INFO:     connection open
INFO:     42.113.156.47:0 - "WebSocket /ws/live" [accepted]
INFO:     connection open
INFO:     connection closed
INFO:     connection closed
INFO:     connection closed
INFO:     connection closed
INFO:     connection closed
INFO:     connection closed
INFO:     connection closed
INFO:     connection closed
INFO:     connection closed
INFO:     connection closed
INFO:     connection closed
INFO:     connection closed
INFO:     connection closed
INFO:     connection closed
INFO:     connection closed
INFO:     connection closed
INFO:     connection closed
INFO:     connection closed
INFO:     connection closed
INFO:     connection closed
INFO:     connection closed
WARNING:  Invalid HTTP request received.
WARNING:  Invalid HTTP request received.
WARNING:  Invalid HTTP request received.
WARNING:  Invalid HTTP request received.
WARNING:  Invalid HTTP request received.
WARNING:  Invalid HTTP request received.
WARNING:  Invalid HTTP request received.
WARNING:  Invalid HTTP request received.
WARNING:  Invalid HTTP request received.
WARNING:  Invalid HTTP request received.
WARNING:  Invalid HTTP request received.
WARNING:  Invalid HTTP request received.
WARNING:  Invalid HTTP request received.
WARNING:  Invalid HTTP request received.
WARNING:  Invalid HTTP request received.
WARNING:  Invalid HTTP request received.
INFO:     42.113.156.47:0 - "WebSocket /ws/live" [accepted]
INFO:     connection open
INFO:     42.113.156.47:0 - "WebSocket /ws/live" [accepted]
INFO:     connection open
INFO:     42.113.156.47:0 - "WebSocket /ws/live" [accepted]
INFO:     connection open
INFO:     42.113.156.47:0 - "WebSocket /ws/live" [accepted]
INFO:     connection open
INFO:     42.113.156.47:0 - "WebSocket /ws/live" [accepted]
INFO:     connection open
INFO:     42.113.156.47:0 - "WebSocket /ws/live" [accepted]
INFO:     connection open
INFO:     42.113.156.47:0 - "WebSocket /ws/live" [accepted]
INFO:     connection open
INFO:     42.113.156.47:0 - "WebSocket /ws/live" [accepted]
INFO:     connection open
INFO:     connection closed
INFO:     connection closed
INFO:     connection closed
INFO:     connection closed
INFO:     connection closed
INFO:     connection closed
INFO:     connection closed
INFO:     connection closed
WARNING:  Invalid HTTP request received.
WARNING:  Invalid HTTP request received.
WARNING:  Invalid HTTP request received.
WARNING:  Invalid HTTP request received.
WARNING:  Invalid HTTP request received.
WARNING:  Invalid HTTP request received.
WARNING:  Invalid HTTP request received.
WARNING:  Invalid HTTP request received.
WARNING:  Invalid HTTP request received.
WARNING:  Invalid HTTP request received.
WARNING:  Invalid HTTP request received.
WARNING:  Invalid HTTP request received.
WARNING:  Invalid HTTP request received.
WARNING:  Invalid HTTP request received.
WARNING:  Invalid HTTP request received.
WARNING:  Invalid HTTP request received.
WARNING:  Invalid HTTP request received.
WARNING:  Invalid HTTP request received.
WARNING:  Invalid HTTP request received.
WARNING:  Invalid HTTP request received.
WARNING:  Invalid HTTP request received.
WARNING:  Invalid HTTP request received.
WARNING:  Invalid HTTP request received.
WARNING:  Invalid HTTP request received.
WARNING:  Invalid HTTP request received.
WARNING:  Invalid HTTP request received.
WARNING:  Invalid HTTP request received.
WARNING:  Invalid HTTP request received.
WARNING:  Invalid HTTP request received.
WARNING:  Invalid HTTP request received.
WARNING:  Invalid HTTP request received.
INFO:     42.113.156.47:0 - "WebSocket /ws/live" [accepted]
INFO:     connection open
INFO:     42.113.156.47:0 - "WebSocket /ws/live" [accepted]
INFO:     connection open
INFO:     42.113.156.47:0 - "WebSocket /ws/live" [accepted]
INFO:     connection open
INFO:     42.113.156.47:0 - "WebSocket /ws/live" [accepted]
INFO:     connection open
INFO:     42.113.156.47:0 - "WebSocket /ws/live" [accepted]
INFO:     connection open
INFO:     42.113.156.47:0 - "WebSocket /ws/live" [accepted]
INFO:     connection open
INFO:     42.113.156.47:0 - "WebSocket /ws/live" [accepted]
INFO:     connection open
INFO:     42.113.156.47:0 - "WebSocket /ws/live" [accepted]
INFO:     connection open
INFO:     42.113.156.47:0 - "WebSocket /ws/live" [accepted]
INFO:     connection open
INFO:     42.113.156.47:0 - "WebSocket /ws/live" [accepted]
INFO:     connection open
INFO:     42.113.156.47:0 - "WebSocket /ws/live" [accepted]
INFO:     connection open
INFO:     42.113.156.47:0 - "WebSocket /ws/live" [accepted]
INFO:     connection open
INFO:     connection closed
INFO:     42.113.156.47:0 - "WebSocket /ws/live" [accepted]
INFO:     connection open
INFO:     42.113.156.47:0 - "WebSocket /ws/live" [accepted]
INFO:     connection open
INFO:     42.113.156.47:0 - "WebSocket /ws/live" [accepted]
INFO:     connection open
INFO:     42.113.156.47:0 - "WebSocket /ws/live" [accepted]
INFO:     connection open
INFO:     42.113.156.47:0 - "WebSocket /ws/live" [accepted]
INFO:     connection open
INFO:     42.113.156.47:0 - "WebSocket /ws/live" [accepted]
INFO:     connection open
INFO:     42.113.156.47:0 - "WebSocket /ws/live" [accepted]
INFO:     connection open
INFO:     42.113.156.47:0 - "WebSocket /ws/live" [accepted]
INFO:     connection open
INFO:     connection closed
INFO:     42.113.156.47:0 - "WebSocket /ws/live" [accepted]
INFO:     connection open
INFO:     42.113.156.47:0 - "WebSocket /ws/live" [accepted]
INFO:     connection open
INFO:     connection closed
INFO:     42.113.156.47:0 - "WebSocket /ws/live" [accepted]
INFO:     connection open
INFO:     42.113.156.47:0 - "WebSocket /ws/live" [accepted]
INFO:     connection open
INFO:     connection closed
INFO:     42.113.156.47:0 - "WebSocket /ws/live" [accepted]
INFO:     connection open
INFO:     42.113.156.47:0 - "WebSocket /ws/live" [accepted]
INFO:     connection open
INFO:     42.113.156.47:0 - "WebSocket /ws/live" [accepted]
INFO:     connection open
INFO:     42.113.156.47:0 - "WebSocket /ws/live" [accepted]
INFO:     connection open
INFO:     42.113.156.47:0 - "WebSocket /ws/live" [accepted]
INFO:     connection open
INFO:     42.113.156.47:0 - "WebSocket /ws/live" [accepted]
INFO:     connection open
INFO:     42.113.156.47:0 - "WebSocket /ws/live" [accepted]
INFO:     connection open
INFO:     42.113.156.47:0 - "WebSocket /ws/live" [accepted]
INFO:     connection open
INFO:     42.113.156.47:0 - "WebSocket /ws/live" [accepted]
INFO:     connection open
INFO:     42.113.156.47:0 - "WebSocket /ws/live" [accepted]
INFO:     connection open
INFO:     42.113.156.47:0 - "WebSocket /ws/live" [accepted]
INFO:     connection open
INFO:     42.113.156.47:0 - "WebSocket /ws/live" [accepted]
INFO:     connection open
INFO:     42.113.156.47:0 - "WebSocket /ws/live" [accepted]
INFO:     connection open
INFO:     42.113.156.47:0 - "WebSocket /ws/live" [accepted]
INFO:     connection open
INFO:     42.113.156.47:0 - "WebSocket /ws/live" [accepted]
INFO:     connection open
INFO:     42.113.156.47:0 - "WebSocket /ws/live" [accepted]
INFO:     connection open
INFO:     42.113.156.47:0 - "WebSocket /ws/live" [accepted]
INFO:     connection open
INFO:     42.113.156.47:0 - "WebSocket /ws/live" [accepted]
INFO:     connection open
INFO:     42.113.156.47:0 - "WebSocket /ws/live" [accepted]
INFO:     connection open
INFO:     42.113.156.47:0 - "WebSocket /ws/live" [accepted]
INFO:     connection open
INFO:     42.113.156.47:0 - "WebSocket /ws/live" [accepted]
INFO:     connection open
INFO:     42.113.156.47:0 - "WebSocket /ws/live" [accepted]
INFO:     connection open
INFO:     42.113.156.47:0 - "WebSocket /ws/live" [accepted]
INFO:     connection open
INFO:     42.113.156.47:0 - "WebSocket /ws/live" [accepted]
INFO:     connection open
INFO:     42.113.156.47:0 - "WebSocket /ws/live" [accepted]
INFO:     connection open
INFO:     42.113.156.47:0 - "WebSocket /ws/live" [accepted]
INFO:     connection open
INFO:     42.113.156.47:0 - "WebSocket /ws/live" [accepted]
INFO:     connection open
INFO:     42.113.156.47:0 - "WebSocket /ws/live" [accepted]
INFO:     connection open
INFO:     42.113.156.47:0 - "WebSocket /ws/live" [accepted]
INFO:     connection open
INFO:     42.113.156.47:0 - "WebSocket /ws/live" [accepted]
INFO:     connection open
INFO:     42.113.156.47:0 - "WebSocket /ws/live" [accepted]
INFO:     connection open
INFO:     42.113.156.47:0 - "WebSocket /ws/live" [accepted]
INFO:     connection open
INFO:     42.113.156.47:0 - "WebSocket /ws/live" [accepted]
INFO:     connection open
INFO:     42.113.156.47:0 - "WebSocket /ws/live" [accepted]
INFO:     connection open
INFO:     42.113.156.47:0 - "WebSocket /ws/live" [accepted]
INFO:     connection open
INFO:     42.113.156.47:0 - "WebSocket /ws/live" [accepted]
INFO:     connection open
INFO:     42.113.156.47:0 - "WebSocket /ws/live" [accepted]
INFO:     connection open
INFO:     42.113.156.47:0 - "WebSocket /ws/live" [accepted]
INFO:     connection open
INFO:     42.113.156.47:0 - "WebSocket /ws/live" [accepted]
INFO:     connection open
INFO:     42.113.156.47:0 - "WebSocket /ws/live" [accepted]
INFO:     connection open
INFO:     42.113.156.47:0 - "WebSocket /ws/live" [accepted]
INFO:     connection open
INFO:     42.113.156.47:0 - "WebSocket /ws/live" [accepted]
INFO:     connection open
INFO:     42.113.156.47:0 - "WebSocket /ws/live" [accepted]
INFO:     connection open
INFO:     42.113.156.47:0 - "WebSocket /ws/live" [accepted]
INFO:     connection open
INFO:     42.113.156.47:0 - "WebSocket /ws/live" [accepted]
INFO:     connection open
INFO:     42.113.156.47:0 - "WebSocket /ws/live" [accepted]
INFO:     connection open
INFO:     42.113.156.47:0 - "WebSocket /ws/live" [accepted]
INFO:     connection open
INFO:     42.113.156.47:0 - "WebSocket /ws/live" [accepted]
INFO:     connection open
INFO:     42.113.156.47:0 - "WebSocket /ws/live" [accepted]
INFO:     connection open
INFO:     42.113.156.47:0 - "WebSocket /ws/live" [accepted]
INFO:     connection open
INFO:     42.113.156.47:0 - "WebSocket /ws/live" [accepted]
INFO:     connection open
INFO:     42.113.156.47:0 - "WebSocket /ws/live" [accepted]
INFO:     connection open
INFO:     42.113.156.47:0 - "WebSocket /ws/live" [accepted]
INFO:     connection open
INFO:     42.113.156.47:0 - "WebSocket /ws/live" [accepted]
INFO:     connection open
INFO:     42.113.156.47:0 - "WebSocket /ws/live" [accepted]
INFO:     connection open
INFO:     42.113.156.47:0 - "WebSocket /ws/live" [accepted]
INFO:     connection open
INFO:     42.113.156.47:0 - "WebSocket /ws/live" [accepted]
INFO:     connection open
INFO:     42.113.156.47:0 - "WebSocket /ws/live" [accepted]
INFO:     connection open
INFO:     42.113.156.47:0 - "WebSocket /ws/live" [accepted]
INFO:     connection open
INFO:     42.113.156.47:0 - "WebSocket /ws/live" [accepted]
INFO:     connection open
INFO:     42.113.156.47:0 - "WebSocket /ws/live" [accepted]
INFO:     connection open
INFO:     42.113.156.47:0 - "WebSocket /ws/live" [accepted]
INFO:     connection open
INFO:     42.113.156.47:0 - "WebSocket /ws/live" [accepted]
INFO:     connection open
INFO:     42.113.156.47:0 - "WebSocket /ws/live" [accepted]
INFO:     connection open
INFO:     42.113.156.47:0 - "WebSocket /ws/live" [accepted]
INFO:     connection open
INFO:     42.113.156.47:0 - "WebSocket /ws/live" [accepted]
INFO:     connection open
INFO:     42.113.156.47:0 - "WebSocket /ws/live" [accepted]
INFO:     connection open
INFO:     42.113.156.47:0 - "WebSocket /ws/live" [accepted]
INFO:     connection open
INFO:     42.113.156.47:0 - "WebSocket /ws/live" [accepted]
INFO:     connection open
INFO:     42.113.156.47:0 - "WebSocket /ws/live" [accepted]
INFO:     connection open
INFO:     42.113.156.47:0 - "WebSocket /ws/live" [accepted]
INFO:     connection open
INFO:     42.113.156.47:0 - "WebSocket /ws/live" [accepted]
INFO:     connection open
INFO:     42.113.156.47:0 - "WebSocket /ws/live" [accepted]
INFO:     connection open
INFO:     42.113.156.47:0 - "WebSocket /ws/live" [accepted]
INFO:     connection open
INFO:     42.113.156.47:0 - "WebSocket /ws/live" [accepted]
INFO:     connection open
INFO:     42.113.156.47:0 - "WebSocket /ws/live" [accepted]
INFO:     connection open
INFO:     42.113.156.47:0 - "WebSocket /ws/live" [accepted]
INFO:     connection open
INFO:     42.113.156.47:0 - "WebSocket /ws/live" [accepted]
INFO:     connection open
INFO:     42.113.156.47:0 - "WebSocket /ws/live" [accepted]
INFO:     connection open
INFO:     42.113.156.47:0 - "WebSocket /ws/live" [accepted]
INFO:     connection open
INFO:     42.113.156.47:0 - "WebSocket /ws/live" [accepted]
INFO:     connection open
INFO:     42.113.156.47:0 - "WebSocket /ws/live" [accepted]
INFO:     connection open
INFO:     42.113.156.47:0 - "WebSocket /ws/live" [accepted]
INFO:     connection open
INFO:     42.113.156.47:0 - "WebSocket /ws/live" [accepted]
INFO:     connection open
INFO:     42.113.156.47:0 - "WebSocket /ws/live" [accepted]
INFO:     connection open
INFO:     42.113.156.47:0 - "WebSocket /ws/live" [accepted]
INFO:     connection open
INFO:     42.113.156.47:0 - "WebSocket /ws/live" [accepted]
INFO:     connection open
INFO:     42.113.156.47:0 - "WebSocket /ws/live" [accepted]
INFO:     connection open
INFO:     42.113.156.47:0 - "WebSocket /ws/live" [accepted]
INFO:     connection open
INFO:     42.113.156.47:0 - "WebSocket /ws/live" [accepted]
INFO:     connection open
INFO:     42.113.156.47:0 - "WebSocket /ws/live" [accepted]
INFO:     connection open
INFO:     42.113.156.47:0 - "WebSocket /ws/live" [accepted]
INFO:     connection open
INFO:     42.113.156.47:0 - "WebSocket /ws/live" [accepted]
INFO:     connection open
INFO:     42.113.156.47:0 - "WebSocket /ws/live" [accepted]
INFO:     connection open
INFO:     42.113.156.47:0 - "WebSocket /ws/live" [accepted]
INFO:     connection open
INFO:     42.113.156.47:0 - "WebSocket /ws/live" [accepted]
INFO:     connection open
INFO:     42.113.156.47:0 - "WebSocket /ws/live" [accepted]
INFO:     connection open
INFO:     42.113.156.47:0 - "WebSocket /ws/live" [accepted]
INFO:     connection open
INFO:     42.113.156.47:0 - "WebSocket /ws/live" [accepted]
INFO:     connection open
INFO:     42.113.156.47:0 - "WebSocket /ws/live" [accepted]
INFO:     connection open
INFO:     42.113.156.47:0 - "WebSocket /ws/live" [accepted]
INFO:     connection open
INFO:     42.113.156.47:0 - "WebSocket /ws/live" [accepted]
INFO:     connection open
INFO:     42.113.156.47:0 - "WebSocket /ws/live" [accepted]
INFO:     connection open
INFO:     42.113.156.47:0 - "WebSocket /ws/live" [accepted]
INFO:     connection open
INFO:     42.113.156.47:0 - "WebSocket /ws/live" [accepted]
INFO:     connection open
INFO:     42.113.156.47:0 - "WebSocket /ws/live" [accepted]
INFO:     connection open
INFO:     42.113.156.47:0 - "WebSocket /ws/live" [accepted]
INFO:     connection open
INFO:     42.113.156.47:0 - "WebSocket /ws/live" [accepted]
INFO:     connection open
INFO:     42.113.156.47:0 - "WebSocket /ws/live" [accepted]
INFO:     connection open
INFO:     42.113.156.47:0 - "WebSocket /ws/live" [accepted]
INFO:     connection open
INFO:     42.113.156.47:0 - "WebSocket /ws/live" [accepted]
INFO:     connection open
INFO:     42.113.156.47:0 - "WebSocket /ws/live" [accepted]
INFO:     connection open
INFO:     42.113.156.47:0 - "WebSocket /ws/live" [accepted]
INFO:     connection open
INFO:     42.113.156.47:0 - "WebSocket /ws/live" [accepted]
INFO:     connection open
INFO:     42.113.156.47:0 - "WebSocket /ws/live" [accepted]
INFO:     connection open
INFO:     42.113.156.47:0 - "WebSocket /ws/live" [accepted]
INFO:     connection open
INFO:     42.113.156.47:0 - "WebSocket /ws/live" [accepted]
INFO:     connection open
INFO:     42.113.156.47:0 - "WebSocket /ws/live" [accepted]
INFO:     connection open
INFO:     42.113.156.47:0 - "WebSocket /ws/live" [accepted]
INFO:     connection open
INFO:     42.113.156.47:0 - "WebSocket /ws/live" [accepted]
INFO:     connection open
INFO:     42.113.156.47:0 - "WebSocket /ws/live" [accepted]
INFO:     connection open
INFO:     42.113.156.47:0 - "WebSocket /ws/live" [accepted]
INFO:     connection open
INFO:     42.113.156.47:0 - "WebSocket /ws/live" [accepted]
INFO:     connection open
INFO:     42.113.156.47:0 - "WebSocket /ws/live" [accepted]
INFO:     connection open
INFO:     42.113.156.47:0 - "WebSocket /ws/live" [accepted]
INFO:     connection open
INFO:     42.113.156.47:0 - "WebSocket /ws/live" [accepted]
INFO:     connection open
INFO:     42.113.156.47:0 - "WebSocket /ws/live" [accepted]
INFO:     connection open
INFO:     42.113.156.47:0 - "WebSocket /ws/live" [accepted]
INFO:     connection open
INFO:     42.113.156.47:0 - "WebSocket /ws/live" [accepted]
INFO:     connection open
INFO:     42.113.156.47:0 - "WebSocket /ws/live" [accepted]
INFO:     connection open
INFO:     42.113.156.47:0 - "WebSocket /ws/live" [accepted]
INFO:     connection open
INFO:     42.113.156.47:0 - "WebSocket /ws/live" [accepted]
INFO:     connection open
INFO:     42.113.156.47:0 - "WebSocket /ws/live" [accepted]
INFO:     connection open
INFO:     42.113.156.47:0 - "WebSocket /ws/live" [accepted]
INFO:     connection open
INFO:     42.113.156.47:0 - "WebSocket /ws/live" [accepted]
INFO:     connection open
INFO:     42.113.156.47:0 - "WebSocket /ws/live" [accepted]
INFO:     connection open
INFO:     42.113.156.47:0 - "WebSocket /ws/live" [accepted]
INFO:     connection open
INFO:     42.113.156.47:0 - "WebSocket /ws/live" [accepted]
INFO:     connection open
INFO:     42.113.156.47:0 - "WebSocket /ws/live" [accepted]
INFO:     connection open
INFO:     42.113.156.47:0 - "WebSocket /ws/live" [accepted]
INFO:     connection open
INFO:     42.113.156.47:0 - "WebSocket /ws/live" [accepted]
INFO:     connection open
INFO:     42.113.156.47:0 - "WebSocket /ws/live" [accepted]
INFO:     connection open
INFO:     42.113.156.47:0 - "WebSocket /ws/live" [accepted]
INFO:     connection open
INFO:     42.113.156.47:0 - "WebSocket /ws/live" [accepted]
INFO:     connection open
INFO:     42.113.156.47:0 - "WebSocket /ws/live" [accepted]
INFO:     connection open
INFO:     42.113.156.47:0 - "WebSocket /ws/live" [accepted]
INFO:     connection open
INFO:     42.113.156.47:0 - "WebSocket /ws/live" [accepted]
INFO:     connection open
INFO:     42.113.156.47:0 - "WebSocket /ws/live" [accepted]
INFO:     connection open
INFO:     42.113.156.47:0 - "WebSocket /ws/live" [accepted]
INFO:     connection open
INFO:     42.113.156.47:0 - "WebSocket /ws/live" [accepted]
INFO:     connection open
INFO:     42.113.156.47:0 - "WebSocket /ws/live" [accepted]
INFO:     connection open
INFO:     42.113.156.47:0 - "WebSocket /ws/live" [accepted]
INFO:     connection open
INFO:     42.113.156.47:0 - "WebSocket /ws/live" [accepted]
INFO:     connection open
INFO:     42.113.156.47:0 - "WebSocket /ws/live" [accepted]
INFO:     connection open
INFO:     42.113.156.47:0 - "WebSocket /ws/live" [accepted]
INFO:     connection open
INFO:     42.113.156.47:0 - "WebSocket /ws/live" [accepted]
INFO:     connection open
INFO:     42.113.156.47:0 - "WebSocket /ws/live" [accepted]
INFO:     connection open
INFO:     42.113.156.47:0 - "WebSocket /ws/live" [accepted]
INFO:     connection open
INFO:     42.113.156.47:0 - "WebSocket /ws/live" [accepted]
INFO:     connection open
INFO:     42.113.156.47:0 - "WebSocket /ws/live" [accepted]
INFO:     connection open
INFO:     42.113.156.47:0 - "WebSocket /ws/live" [accepted]
INFO:     connection open
INFO:     42.113.156.47:0 - "WebSocket /ws/live" [accepted]
INFO:     connection open
INFO:     42.113.156.47:0 - "WebSocket /ws/live" [accepted]
INFO:     connection open
INFO:     42.113.156.47:0 - "WebSocket /ws/live" [accepted]
INFO:     connection open
INFO:     42.113.156.47:0 - "WebSocket /ws/live" [accepted]
INFO:     connection open
INFO:     42.113.156.47:0 - "WebSocket /ws/live" [accepted]
INFO:     connection open
INFO:     42.113.156.47:0 - "WebSocket /ws/live" [accepted]
INFO:     connection open
INFO:     42.113.156.47:0 - "WebSocket /ws/live" [accepted]
INFO:     connection open
INFO:     42.113.156.47:0 - "WebSocket /ws/live" [accepted]
INFO:     connection open
INFO:     42.113.156.47:0 - "WebSocket /ws/live" [accepted]
INFO:     connection open
INFO:     42.113.156.47:0 - "WebSocket /ws/live" [accepted]
INFO:     connection open
INFO:     42.113.156.47:0 - "WebSocket /ws/live" [accepted]
INFO:     connection open
INFO:     42.113.156.47:0 - "WebSocket /ws/live" [accepted]
INFO:     connection open
INFO:     42.113.156.47:0 - "WebSocket /ws/live" [accepted]
INFO:     connection open
INFO:     42.113.156.47:0 - "WebSocket /ws/live" [accepted]
INFO:     connection open
INFO:     42.113.156.47:0 - "WebSocket /ws/live" [accepted]
INFO:     connection open
INFO:     42.113.156.47:0 - "WebSocket /ws/live" [accepted]
INFO:     connection open
INFO:     42.113.156.47:0 - "WebSocket /ws/live" [accepted]
INFO:     connection open
INFO:     42.113.156.47:0 - "WebSocket /ws/live" [accepted]
INFO:     connection open
INFO:     42.113.156.47:0 - "WebSocket /ws/live" [accepted]
INFO:     connection open
WARNING:  Invalid HTTP request received.
WARNING:  Invalid HTTP request received.
WARNING:  Invalid HTTP request received.
INFO:     connection closed
INFO:     connection closed
INFO:     connection closed
INFO:     connection closed
INFO:     connection closed
INFO:     connection closed
INFO:     connection closed
INFO:     connection closed
INFO:     connection closed
INFO:     connection closed
INFO:     connection closed
INFO:     connection closed
INFO:     connection closed
INFO:     connection closed
INFO:     connection closed
INFO:     connection closed
INFO:     connection closed
INFO:     42.113.156.47:0 - "WebSocket /ws/live" [accepted]
INFO:     connection open
INFO:     42.113.156.47:0 - "WebSocket /ws/live" [accepted]
INFO:     connection open
INFO:     42.113.156.47:0 - "WebSocket /ws/live" [accepted]
INFO:     connection open
INFO:     42.113.156.47:0 - "WebSocket /ws/live" [accepted]
INFO:     connection open
INFO:     connection closed
INFO:     connection closed
INFO:     42.113.156.47:0 - "WebSocket /ws/live" [accepted]
INFO:     connection open
INFO:     42.113.156.47:0 - "WebSocket /ws/live" [accepted]
INFO:     connection open
INFO:     42.113.156.47:0 - "WebSocket /ws/live" [accepted]
INFO:     connection open
INFO:     42.113.156.47:0 - "WebSocket /ws/live" [accepted]
INFO:     connection open
INFO:     42.113.156.47:0 - "WebSocket /ws/live" [accepted]
INFO:     connection open
INFO:     42.113.156.47:0 - "WebSocket /ws/live" [accepted]
INFO:     connection open
INFO:     42.113.156.47:0 - "WebSocket /ws/live" [accepted]
INFO:     connection open
INFO:     42.113.156.47:0 - "WebSocket /ws/live" [accepted]
INFO:     connection open
INFO:     42.113.156.47:0 - "WebSocket /ws/live" [accepted]
INFO:     connection open
INFO:     42.113.156.47:0 - "WebSocket /ws/live" [accepted]
INFO:     connection open
INFO:     42.113.156.47:0 - "WebSocket /ws/live" [accepted]
INFO:     connection open
INFO:     42.113.156.47:0 - "WebSocket /ws/live" [accepted]
INFO:     connection open
INFO:     42.113.156.47:0 - "WebSocket /ws/live" [accepted]
INFO:     connection open
INFO:     42.113.156.47:0 - "WebSocket /ws/live" [accepted]
INFO:     connection open
INFO:     42.113.156.47:0 - "WebSocket /ws/live" [accepted]
INFO:     connection open
INFO:     connection closed
INFO:     connection closed
INFO:     connection closed
INFO:     connection closed
INFO:     42.113.156.47:0 - "WebSocket /ws/live" [accepted]
INFO:     connection open
INFO:     42.113.156.47:0 - "WebSocket /ws/live" [accepted]
INFO:     connection open
INFO:     42.113.156.47:0 - "WebSocket /ws/live" [accepted]
INFO:     connection open
INFO:     connection closed
INFO:     42.113.156.47:0 - "WebSocket /ws/live" [accepted]
INFO:     connection open
INFO:     42.113.156.47:0 - "WebSocket /ws/live" [accepted]
INFO:     connection open
INFO:     connection closed
INFO:     42.113.156.47:0 - "WebSocket /ws/live" [accepted]
INFO:     connection open
INFO:     connection closed
INFO:     connection closed
INFO:     connection closed
INFO:     connection closed
INFO:     connection closed
INFO:     connection closed
INFO:     connection closed
INFO:     connection closed
INFO:     connection closed
INFO:     connection closed
INFO:     connection closed
INFO:     connection closed
INFO:     connection closed
INFO:     connection closed
INFO:     connection closed
INFO:     connection closed
INFO:     connection closed
INFO:     connection closed
INFO:     connection closed
INFO:     connection closed
INFO:     connection closed
INFO:     connection closed
INFO:     connection closed
INFO:     connection closed
INFO:     connection closed
INFO:     connection closed
INFO:     connection closed
INFO:     connection closed
INFO:     connection closed
INFO:     connection closed
INFO:     connection closed
INFO:     connection closed
INFO:     connection closed
INFO:     connection closed
INFO:     connection closed
INFO:     connection closed
INFO:     connection closed
INFO:     connection closed
INFO:     connection closed
INFO:     connection closed
INFO:     connection closed
INFO:     connection closed
INFO:     connection closed
INFO:     connection closed
INFO:     connection closed
INFO:     connection closed
INFO:     connection closed
INFO:     connection closed
INFO:     connection closed
INFO:     connection closed
INFO:     connection closed
INFO:     connection closed
INFO:     connection closed
INFO:     connection closed
INFO:     connection closed
INFO:     connection closed
INFO:     connection closed
INFO:     connection closed
INFO:     connection closed
INFO:     connection closed
INFO:     connection closed
INFO:     connection closed
INFO:     connection closed
INFO:     connection closed
INFO:     connection closed
INFO:     connection closed
INFO:     connection closed
INFO:     connection closed
INFO:     connection closed
INFO:     connection closed
INFO:     connection closed
INFO:     connection closed
INFO:     connection closed
INFO:     connection closed
INFO:     connection closed
INFO:     connection closed
INFO:     connection closed
INFO:     connection closed
INFO:     connection closed
INFO:     connection closed
INFO:     connection closed
INFO:     connection closed
INFO:     connection closed
INFO:     connection closed
INFO:     connection closed
INFO:     connection closed
INFO:     connection closed
INFO:     connection closed
INFO:     connection closed
INFO:     connection closed
INFO:     connection closed
INFO:     connection closed
INFO:     connection closed
INFO:     connection closed
INFO:     connection closed
INFO:     connection closed
INFO:     connection closed
INFO:     connection closed
INFO:     connection closed
INFO:     connection closed
INFO:     connection closed
INFO:     connection closed
INFO:     connection closed
INFO:     connection closed
INFO:     connection closed
INFO:     connection closed
INFO:     connection closed
INFO:     connection closed
INFO:     connection closed
INFO:     connection closed
INFO:     connection closed
INFO:     connection closed
INFO:     connection closed
INFO:     connection closed
INFO:     connection closed
INFO:     connection closed
INFO:     connection closed
INFO:     connection closed
INFO:     connection closed
INFO:     connection closed
INFO:     connection closed
INFO:     connection closed
INFO:     connection closed
INFO:     connection closed
INFO:     connection closed
INFO:     connection closed
INFO:     connection closed
INFO:     connection closed
INFO:     connection closed
INFO:     connection closed
INFO:     connection closed
INFO:     connection closed
INFO:     connection closed
INFO:     connection closed
INFO:     connection closed
INFO:     connection closed
INFO:     connection closed
INFO:     connection closed
INFO:     connection closed
INFO:     connection closed
INFO:     connection closed
INFO:     connection closed
INFO:     connection closed
INFO:     connection closed
INFO:     connection closed
INFO:     connection closed
INFO:     connection closed
INFO:     connection closed
INFO:     connection closed
INFO:     connection closed
INFO:     connection closed
INFO:     connection closed
INFO:     connection closed
INFO:     connection closed
INFO:     connection closed
INFO:     connection closed
INFO:     connection closed
INFO:     connection closed
INFO:     connection closed
INFO:     connection closed
INFO:     connection closed
INFO:     connection closed
INFO:     connection closed
INFO:     connection closed
INFO:     connection closed
INFO:     connection closed
INFO:     connection closed
INFO:     connection closed
INFO:     connection closed
INFO:     connection closed
INFO:     connection closed
INFO:     connection closed
INFO:     connection closed
INFO:     connection closed
INFO:     connection closed
INFO:     connection closed
INFO:     connection closed
INFO:     connection closed
INFO:     connection closed
INFO:     connection closed
INFO:     connection closed
INFO:     connection closed
INFO:     connection closed
INFO:     connection closed
INFO:     connection closed
INFO:     connection closed
INFO:     connection closed
INFO:     connection closed
INFO:     connection closed
INFO:     connection closed
INFO:     connection closed
INFO:     connection closed
INFO:     connection closed
INFO:     connection closed
INFO:     connection closed
INFO:     connection closed
INFO:     connection closed
INFO:     connection closed
INFO:     connection closed
INFO:     connection closed
INFO:     42.113.156.47:0 - "WebSocket /ws/live" [accepted]
INFO:     connection open
INFO:     42.113.156.47:0 - "WebSocket /ws/live" [accepted]
INFO:     connection open
INFO:     42.113.156.47:0 - "WebSocket /ws/live" [accepted]
INFO:     connection open
INFO:     42.113.156.47:0 - "WebSocket /ws/live" [accepted]
INFO:     connection open
INFO:     42.113.156.47:0 - "WebSocket /ws/live" [accepted]
INFO:     connection open
INFO:     42.113.156.47:0 - "WebSocket /ws/live" [accepted]
INFO:     connection open
INFO:     42.113.156.47:0 - "WebSocket /ws/live" [accepted]
INFO:     connection open
INFO:     42.113.156.47:0 - "WebSocket /ws/live" [accepted]
INFO:     connection open
INFO:     42.113.156.47:0 - "WebSocket /ws/live" [accepted]
INFO:     connection open
INFO:     42.113.156.47:0 - "WebSocket /ws/live" [accepted]
INFO:     connection open
INFO:     42.113.156.47:0 - "WebSocket /ws/live" [accepted]
INFO:     connection open
INFO:     42.113.156.47:0 - "WebSocket /ws/live" [accepted]
INFO:     connection open
INFO:     42.113.156.47:0 - "WebSocket /ws/live" [accepted]
INFO:     connection open
INFO:     42.113.156.47:0 - "WebSocket /ws/live" [accepted]
INFO:     connection open
INFO:     42.113.156.47:0 - "WebSocket /ws/live" [accepted]
INFO:     connection open
INFO:     42.113.156.47:0 - "WebSocket /ws/live" [accepted]
INFO:     connection open
INFO:     42.113.156.47:0 - "WebSocket /ws/live" [accepted]
INFO:     connection open
INFO:     42.113.156.47:0 - "WebSocket /ws/live" [accepted]
INFO:     connection open
INFO:     42.113.156.47:0 - "WebSocket /ws/live" [accepted]
INFO:     connection open
INFO:     42.113.156.47:0 - "WebSocket /ws/live" [accepted]
INFO:     connection open
INFO:     42.113.156.47:0 - "WebSocket /ws/live" [accepted]
INFO:     connection open
INFO:     42.113.156.47:0 - "WebSocket /ws/live" [accepted]
INFO:     connection open
INFO:     42.113.156.47:0 - "WebSocket /ws/live" [accepted]
INFO:     connection open
INFO:     42.113.156.47:0 - "WebSocket /ws/live" [accepted]
INFO:     connection open
INFO:     42.113.156.47:0 - "WebSocket /ws/live" [accepted]
INFO:     connection open
INFO:     42.113.156.47:0 - "WebSocket /ws/live" [accepted]
INFO:     connection open
INFO:     42.113.156.47:0 - "WebSocket /ws/live" [accepted]
INFO:     connection open
INFO:     42.113.156.47:0 - "WebSocket /ws/live" [accepted]
INFO:     connection open
INFO:     42.113.156.47:0 - "WebSocket /ws/live" [accepted]
INFO:     connection open
INFO:     42.113.156.47:0 - "WebSocket /ws/live" [accepted]
INFO:     connection open
INFO:     42.113.156.47:0 - "WebSocket /ws/live" [accepted]
INFO:     connection open
INFO:     42.113.156.47:0 - "WebSocket /ws/live" [accepted]
INFO:     connection open
INFO:     42.113.156.47:0 - "WebSocket /ws/live" [accepted]
INFO:     connection open
INFO:     42.113.156.47:0 - "WebSocket /ws/live" [accepted]
INFO:     connection open
INFO:     42.113.156.47:0 - "WebSocket /ws/live" [accepted]
INFO:     connection open
INFO:     42.113.156.47:0 - "WebSocket /ws/live" [accepted]
INFO:     connection open
INFO:     42.113.156.47:0 - "WebSocket /ws/live" [accepted]
INFO:     connection open
INFO:     42.113.156.47:0 - "WebSocket /ws/live" [accepted]
INFO:     connection open
INFO:     42.113.156.47:0 - "WebSocket /ws/live" [accepted]
INFO:     connection open
INFO:     42.113.156.47:0 - "WebSocket /ws/live" [accepted]
INFO:     connection open
INFO:     42.113.156.47:0 - "WebSocket /ws/live" [accepted]
INFO:     connection open
INFO:     42.113.156.47:0 - "WebSocket /ws/live" [accepted]
INFO:     connection open
INFO:     42.113.156.47:0 - "WebSocket /ws/live" [accepted]
INFO:     connection open
INFO:     42.113.156.47:0 - "WebSocket /ws/live" [accepted]
INFO:     connection open
INFO:     42.113.156.47:0 - "WebSocket /ws/live" [accepted]
INFO:     connection open
INFO:     42.113.156.47:0 - "WebSocket /ws/live" [accepted]
INFO:     connection open
INFO:     42.113.156.47:0 - "WebSocket /ws/live" [accepted]
INFO:     connection open
INFO:     42.113.156.47:0 - "WebSocket /ws/live" [accepted]
INFO:     connection open
INFO:     42.113.156.47:0 - "WebSocket /ws/live" [accepted]
INFO:     connection open
INFO:     42.113.156.47:0 - "WebSocket /ws/live" [accepted]
INFO:     connection open
INFO:     42.113.156.47:0 - "WebSocket /ws/live" [accepted]
INFO:     connection open
INFO:     42.113.156.47:0 - "WebSocket /ws/live" [accepted]
INFO:     connection open
INFO:     42.113.156.47:0 - "WebSocket /ws/live" [accepted]
INFO:     connection open
INFO:     42.113.156.47:0 - "WebSocket /ws/live" [accepted]
INFO:     connection open
INFO:     42.113.156.47:0 - "WebSocket /ws/live" [accepted]
INFO:     connection open
INFO:     42.113.156.47:0 - "WebSocket /ws/live" [accepted]
INFO:     connection open
INFO:     42.113.156.47:0 - "WebSocket /ws/live" [accepted]
INFO:     connection open
INFO:     42.113.156.47:0 - "WebSocket /ws/live" [accepted]
INFO:     connection open
INFO:     42.113.156.47:0 - "WebSocket /ws/live" [accepted]
INFO:     connection open
INFO:     42.113.156.47:0 - "WebSocket /ws/live" [accepted]
INFO:     connection open
INFO:     42.113.156.47:0 - "WebSocket /ws/live" [accepted]
INFO:     connection open
INFO:     42.113.156.47:0 - "WebSocket /ws/live" [accepted]
INFO:     connection open
INFO:     42.113.156.47:0 - "WebSocket /ws/live" [accepted]
INFO:     connection open
INFO:     42.113.156.47:0 - "WebSocket /ws/live" [accepted]
INFO:     connection open
INFO:     42.113.156.47:0 - "WebSocket /ws/live" [accepted]
INFO:     connection open
INFO:     42.113.156.47:0 - "WebSocket /ws/live" [accepted]
INFO:     connection open
INFO:     42.113.156.47:0 - "WebSocket /ws/live" [accepted]
INFO:     connection open
INFO:     42.113.156.47:0 - "WebSocket /ws/live" [accepted]
INFO:     connection open
INFO:     42.113.156.47:0 - "WebSocket /ws/live" [accepted]
INFO:     connection open
INFO:     42.113.156.47:0 - "WebSocket /ws/live" [accepted]
INFO:     connection open
INFO:     42.113.156.47:0 - "WebSocket /ws/live" [accepted]
INFO:     connection open
INFO:     42.113.156.47:0 - "WebSocket /ws/live" [accepted]
INFO:     connection open
INFO:     42.113.156.47:0 - "WebSocket /ws/live" [accepted]
INFO:     connection open
INFO:     42.113.156.47:0 - "WebSocket /ws/live" [accepted]
INFO:     connection open
INFO:     42.113.156.47:0 - "WebSocket /ws/live" [accepted]
INFO:     connection open
INFO:     42.113.156.47:0 - "WebSocket /ws/live" [accepted]
INFO:     connection open
INFO:     42.113.156.47:0 - "WebSocket /ws/live" [accepted]
INFO:     connection open
INFO:     42.113.156.47:0 - "WebSocket /ws/live" [accepted]
INFO:     connection open
INFO:     42.113.156.47:0 - "WebSocket /ws/live" [accepted]
INFO:     connection open
INFO:     42.113.156.47:0 - "WebSocket /ws/live" [accepted]
INFO:     connection open
INFO:     42.113.156.47:0 - "WebSocket /ws/live" [accepted]
INFO:     connection open
INFO:     42.113.156.47:0 - "WebSocket /ws/live" [accepted]
INFO:     connection open
INFO:     42.113.156.47:0 - "WebSocket /ws/live" [accepted]
INFO:     connection open
INFO:     42.113.156.47:0 - "WebSocket /ws/live" [accepted]
INFO:     connection open
INFO:     42.113.156.47:0 - "WebSocket /ws/live" [accepted]
INFO:     connection open
INFO:     42.113.156.47:0 - "WebSocket /ws/live" [accepted]
INFO:     connection open
INFO:     42.113.156.47:0 - "WebSocket /ws/live" [accepted]
INFO:     connection open
INFO:     42.113.156.47:0 - "WebSocket /ws/live" [accepted]
INFO:     connection open
INFO:     42.113.156.47:0 - "WebSocket /ws/live" [accepted]
INFO:     connection open
INFO:     42.113.156.47:0 - "WebSocket /ws/live" [accepted]
INFO:     connection open
INFO:     42.113.156.47:0 - "WebSocket /ws/live" [accepted]
INFO:     connection open
INFO:     42.113.156.47:0 - "WebSocket /ws/live" [accepted]
INFO:     connection open
INFO:     42.113.156.47:0 - "WebSocket /ws/live" [accepted]
INFO:     connection open
INFO:     42.113.156.47:0 - "WebSocket /ws/live" [accepted]
INFO:     connection open
INFO:     42.113.156.47:0 - "WebSocket /ws/live" [accepted]
INFO:     connection open
INFO:     42.113.156.47:0 - "WebSocket /ws/live" [accepted]
INFO:     connection open
INFO:     42.113.156.47:0 - "WebSocket /ws/live" [accepted]
INFO:     connection open
INFO:     42.113.156.47:0 - "WebSocket /ws/live" [accepted]
INFO:     connection open
INFO:     42.113.156.47:0 - "WebSocket /ws/live" [accepted]
INFO:     connection open
INFO:     42.113.156.47:0 - "WebSocket /ws/live" [accepted]
INFO:     connection open
INFO:     42.113.156.47:0 - "WebSocket /ws/live" [accepted]
INFO:     connection open
INFO:     42.113.156.47:0 - "WebSocket /ws/live" [accepted]
INFO:     connection open
INFO:     42.113.156.47:0 - "WebSocket /ws/live" [accepted]
INFO:     connection open
INFO:     42.113.156.47:0 - "WebSocket /ws/live" [accepted]
INFO:     connection open
INFO:     42.113.156.47:0 - "WebSocket /ws/live" [accepted]
INFO:     connection open
INFO:     42.113.156.47:0 - "WebSocket /ws/live" [accepted]
INFO:     connection open
INFO:     42.113.156.47:0 - "WebSocket /ws/live" [accepted]
INFO:     connection open
INFO:     42.113.156.47:0 - "WebSocket /ws/live" [accepted]
INFO:     connection open
INFO:     42.113.156.47:0 - "WebSocket /ws/live" [accepted]
INFO:     connection open
INFO:     42.113.156.47:0 - "WebSocket /ws/live" [accepted]
INFO:     connection open
INFO:     42.113.156.47:0 - "WebSocket /ws/live" [accepted]
INFO:     connection open
INFO:     42.113.156.47:0 - "WebSocket /ws/live" [accepted]
INFO:     connection open
INFO:     42.113.156.47:0 - "WebSocket /ws/live" [accepted]
INFO:     connection open
INFO:     42.113.156.47:0 - "WebSocket /ws/live" [accepted]
INFO:     connection open
INFO:     42.113.156.47:0 - "WebSocket /ws/live" [accepted]
INFO:     connection open
INFO:     42.113.156.47:0 - "WebSocket /ws/live" [accepted]
INFO:     connection open
INFO:     42.113.156.47:0 - "WebSocket /ws/live" [accepted]
INFO:     connection open
INFO:     42.113.156.47:0 - "WebSocket /ws/live" [accepted]
INFO:     connection open
INFO:     42.113.156.47:0 - "WebSocket /ws/live" [accepted]
INFO:     connection open
INFO:     42.113.156.47:0 - "WebSocket /ws/live" [accepted]
INFO:     connection open
INFO:     42.113.156.47:0 - "WebSocket /ws/live" [accepted]
INFO:     connection open
INFO:     42.113.156.47:0 - "WebSocket /ws/live" [accepted]
INFO:     connection open
INFO:     42.113.156.47:0 - "WebSocket /ws/live" [accepted]
INFO:     connection open
INFO:     42.113.156.47:0 - "WebSocket /ws/live" [accepted]
INFO:     connection open
INFO:     connection closed
INFO:     42.113.156.47:0 - "WebSocket /ws/live" [accepted]
INFO:     connection open
INFO:     42.113.156.47:0 - "WebSocket /ws/live" [accepted]
INFO:     connection open
INFO:     connection closed
INFO:     42.113.156.47:0 - "WebSocket /ws/live" [accepted]
INFO:     connection open
INFO:     connection closed
INFO:     42.113.156.47:0 - "WebSocket /ws/live" [accepted]
INFO:     connection open
INFO:     connection closed
INFO:     42.113.156.47:0 - "WebSocket /ws/live" [accepted]
INFO:     connection open
INFO:     connection closed
INFO:     42.113.156.47:0 - "WebSocket /ws/live" [accepted]
INFO:     connection open
INFO:     connection closed
INFO:     42.113.156.47:0 - "WebSocket /ws/live" [accepted]
INFO:     connection open
INFO:     connection closed
INFO:     42.113.156.47:0 - "WebSocket /ws/live" [accepted]
INFO:     connection open
INFO:     42.113.156.47:0 - "WebSocket /ws/live" [accepted]
INFO:     connection open
INFO:     connection closed
INFO:     42.113.156.47:0 - "WebSocket /ws/live" [accepted]
INFO:     connection open
INFO:     connection closed
INFO:     42.113.156.47:0 - "WebSocket /ws/live" [accepted]
INFO:     connection open
INFO:     connection closed
INFO:     42.113.156.47:0 - "WebSocket /ws/live" [accepted]
INFO:     connection open
INFO:     connection closed
INFO:     connection closed
INFO:     42.113.156.47:0 - "WebSocket /ws/live" [accepted]
INFO:     connection open
INFO:     42.113.156.47:0 - "WebSocket /ws/live" [accepted]
INFO:     connection open
INFO:     connection closed
INFO:     42.113.156.47:0 - "WebSocket /ws/live" [accepted]
INFO:     connection open
INFO:     connection closed
INFO:     42.113.156.47:0 - "WebSocket /ws/live" [accepted]
INFO:     connection open
INFO:     connection closed
INFO:     42.113.156.47:0 - "WebSocket /ws/live" [accepted]
INFO:     connection open
INFO:     connection closed
INFO:     42.113.156.47:0 - "WebSocket /ws/live" [accepted]
INFO:     connection open
INFO:     connection closed
INFO:     connection closed
INFO:     connection closed
INFO:     connection closed
INFO:     connection closed
INFO:     connection closed
INFO:     connection closed
INFO:     connection closed
INFO:     connection closed
INFO:     connection closed
INFO:     connection closed
INFO:     connection closed
INFO:     connection closed
INFO:     connection closed
INFO:     connection closed
INFO:     connection closed
INFO:     connection closed
INFO:     connection closed
INFO:     connection closed
INFO:     connection closed
INFO:     connection closed
INFO:     connection closed
INFO:     connection closed
INFO:     connection closed
INFO:     connection closed
INFO:     connection closed
INFO:     connection closed
INFO:     connection closed
INFO:     connection closed
INFO:     connection closed
INFO:     connection closed
INFO:     connection closed
INFO:     connection closed
INFO:     connection closed
INFO:     connection closed
INFO:     connection closed
INFO:     connection closed
INFO:     connection closed
INFO:     connection closed
INFO:     connection closed
INFO:     connection closed
INFO:     connection closed
INFO:     connection closed
INFO:     connection closed
INFO:     connection closed
INFO:     connection closed
INFO:     connection closed
INFO:     connection closed
INFO:     connection closed
INFO:     connection closed
INFO:     connection closed
INFO:     connection closed
INFO:     connection closed
INFO:     connection closed
INFO:     connection closed
INFO:     connection closed
INFO:     connection closed
INFO:     connection closed
INFO:     connection closed
INFO:     connection closed
INFO:     connection closed
INFO:     connection closed
INFO:     connection closed
INFO:     connection closed
INFO:     connection closed
INFO:     connection closed
INFO:     connection closed
INFO:     connection closed
INFO:     connection closed
INFO:     connection closed
INFO:     connection closed
INFO:     connection closed
INFO:     connection closed
INFO:     connection closed
INFO:     connection closed
INFO:     connection closed
INFO:     connection closed
INFO:     connection closed
INFO:     connection closed
INFO:     connection closed
INFO:     connection closed
INFO:     connection closed
INFO:     connection closed
INFO:     connection closed
INFO:     connection closed
INFO:     connection closed
INFO:     connection closed
INFO:     connection closed
INFO:     connection closed
INFO:     connection closed
INFO:     connection closed
INFO:     connection closed
INFO:     connection closed
INFO:     connection closed
INFO:     connection closed
INFO:     connection closed
INFO:     connection closed
INFO:     connection closed
INFO:     connection closed
INFO:     connection closed
INFO:     connection closed
INFO:     connection closed
INFO:     connection closed
INFO:     connection closed
INFO:     connection closed
INFO:     connection closed
INFO:     connection closed
INFO:     connection closed
INFO:     connection closed
INFO:     connection closed
INFO:     connection closed
INFO:     connection closed
INFO:     connection closed
INFO:     connection closed
INFO:     connection closed
INFO:     connection closed
INFO:     connection closed
INFO:     connection closed
INFO:     connection closed
INFO:     connection closed
INFO:     connection closed
INFO:     connection closed
INFO:     connection closed
INFO:     connection closed
INFO:     connection closed
INFO:     connection closed
INFO:     42.113.156.47:0 - "WebSocket /ws/live" [accepted]
INFO:     connection open
INFO:     42.113.156.47:0 - "WebSocket /ws/live" [accepted]
INFO:     connection open
INFO:     42.113.156.47:0 - "WebSocket /ws/live" [accepted]
INFO:     connection open
INFO:     42.113.156.47:0 - "WebSocket /ws/live" [accepted]
INFO:     connection open
INFO:     42.113.156.47:0 - "WebSocket /ws/live" [accepted]
INFO:     connection open
INFO:     42.113.156.47:0 - "WebSocket /ws/live" [accepted]
INFO:     connection open
INFO:     42.113.156.47:0 - "WebSocket /ws/live" [accepted]
INFO:     connection open
INFO:     42.113.156.47:0 - "WebSocket /ws/live" [accepted]
INFO:     connection open
INFO:     42.113.156.47:0 - "WebSocket /ws/live" [accepted]
INFO:     connection open
INFO:     42.113.156.47:0 - "WebSocket /ws/live" [accepted]
INFO:     connection open
INFO:     42.113.156.47:0 - "WebSocket /ws/live" [accepted]
INFO:     connection open
INFO:     42.113.156.47:0 - "WebSocket /ws/live" [accepted]
INFO:     connection open
INFO:     42.113.156.47:0 - "WebSocket /ws/live" [accepted]
INFO:     connection open
INFO:     42.113.156.47:0 - "WebSocket /ws/live" [accepted]
INFO:     connection open
INFO:     42.113.156.47:0 - "WebSocket /ws/live" [accepted]
INFO:     connection open
INFO:     42.113.156.47:0 - "WebSocket /ws/live" [accepted]
INFO:     connection open
INFO:     42.113.156.47:0 - "WebSocket /ws/live" [accepted]
INFO:     connection open
INFO:     42.113.156.47:0 - "WebSocket /ws/live" [accepted]
INFO:     connection open
INFO:     42.113.156.47:0 - "WebSocket /ws/live" [accepted]
INFO:     connection open
INFO:     42.113.156.47:0 - "WebSocket /ws/live" [accepted]
INFO:     connection open
INFO:     42.113.156.47:0 - "WebSocket /ws/live" [accepted]
INFO:     connection open
INFO:     42.113.156.47:0 - "WebSocket /ws/live" [accepted]
INFO:     connection open
INFO:     42.113.156.47:0 - "WebSocket /ws/live" [accepted]
INFO:     connection open
INFO:     42.113.156.47:0 - "WebSocket /ws/live" [accepted]
INFO:     connection open
INFO:     42.113.156.47:0 - "WebSocket /ws/live" [accepted]
INFO:     connection open
INFO:     42.113.156.47:0 - "WebSocket /ws/live" [accepted]
INFO:     connection open
INFO:     42.113.156.47:0 - "WebSocket /ws/live" [accepted]
INFO:     connection open
INFO:     42.113.156.47:0 - "WebSocket /ws/live" [accepted]
INFO:     connection open
INFO:     42.113.156.47:0 - "WebSocket /ws/live" [accepted]
INFO:     connection open
INFO:     42.113.156.47:0 - "WebSocket /ws/live" [accepted]
INFO:     connection open
INFO:     42.113.156.47:0 - "WebSocket /ws/live" [accepted]
INFO:     connection open
INFO:     42.113.156.47:0 - "WebSocket /ws/live" [accepted]
INFO:     connection open
INFO:     42.113.156.47:0 - "WebSocket /ws/live" [accepted]
INFO:     connection open
INFO:     42.113.156.47:0 - "WebSocket /ws/live" [accepted]
INFO:     connection open
INFO:     42.113.156.47:0 - "WebSocket /ws/live" [accepted]
INFO:     connection open
INFO:     42.113.156.47:0 - "WebSocket /ws/live" [accepted]
INFO:     connection open
INFO:     42.113.156.47:0 - "WebSocket /ws/live" [accepted]
INFO:     connection open
INFO:     42.113.156.47:0 - "WebSocket /ws/live" [accepted]
INFO:     connection open
INFO:     42.113.156.47:0 - "WebSocket /ws/live" [accepted]
INFO:     connection open
INFO:     42.113.156.47:0 - "WebSocket /ws/live" [accepted]
INFO:     connection open
INFO:     42.113.156.47:0 - "WebSocket /ws/live" [accepted]
INFO:     connection open
INFO:     42.113.156.47:0 - "WebSocket /ws/live" [accepted]
INFO:     connection open
INFO:     42.113.156.47:0 - "WebSocket /ws/live" [accepted]
INFO:     connection open
INFO:     42.113.156.47:0 - "WebSocket /ws/live" [accepted]
INFO:     connection open
INFO:     42.113.156.47:0 - "WebSocket /ws/live" [accepted]
INFO:     connection open
INFO:     42.113.156.47:0 - "WebSocket /ws/live" [accepted]
INFO:     connection open
INFO:     42.113.156.47:0 - "WebSocket /ws/live" [accepted]
INFO:     connection open
INFO:     42.113.156.47:0 - "WebSocket /ws/live" [accepted]
INFO:     connection open
INFO:     42.113.156.47:0 - "WebSocket /ws/live" [accepted]
INFO:     connection open
INFO:     42.113.156.47:0 - "WebSocket /ws/live" [accepted]
INFO:     connection open
INFO:     42.113.156.47:0 - "WebSocket /ws/live" [accepted]
INFO:     connection open
INFO:     42.113.156.47:0 - "WebSocket /ws/live" [accepted]
INFO:     connection open
INFO:     42.113.156.47:0 - "WebSocket /ws/live" [accepted]
INFO:     connection open
INFO:     42.113.156.47:0 - "WebSocket /ws/live" [accepted]
INFO:     connection open
INFO:     42.113.156.47:0 - "WebSocket /ws/live" [accepted]
INFO:     connection open
INFO:     42.113.156.47:0 - "WebSocket /ws/live" [accepted]
INFO:     connection open
INFO:     42.113.156.47:0 - "WebSocket /ws/live" [accepted]
INFO:     connection open
INFO:     42.113.156.47:0 - "WebSocket /ws/live" [accepted]
INFO:     connection open
INFO:     42.113.156.47:0 - "WebSocket /ws/live" [accepted]
INFO:     connection open
INFO:     42.113.156.47:0 - "WebSocket /ws/live" [accepted]
INFO:     connection open
INFO:     42.113.156.47:0 - "WebSocket /ws/live" [accepted]
INFO:     connection open
INFO:     42.113.156.47:0 - "WebSocket /ws/live" [accepted]
INFO:     connection open
INFO:     42.113.156.47:0 - "WebSocket /ws/live" [accepted]
INFO:     connection open
INFO:     42.113.156.47:0 - "WebSocket /ws/live" [accepted]
INFO:     connection open
INFO:     42.113.156.47:0 - "WebSocket /ws/live" [accepted]
INFO:     connection open
INFO:     42.113.156.47:0 - "WebSocket /ws/live" [accepted]
INFO:     connection open
INFO:     42.113.156.47:0 - "WebSocket /ws/live" [accepted]
INFO:     connection open
INFO:     42.113.156.47:0 - "WebSocket /ws/live" [accepted]
INFO:     connection open
INFO:     42.113.156.47:0 - "WebSocket /ws/live" [accepted]
INFO:     connection open
INFO:     42.113.156.47:0 - "WebSocket /ws/live" [accepted]
INFO:     connection open
INFO:     42.113.156.47:0 - "WebSocket /ws/live" [accepted]
INFO:     connection open
INFO:     42.113.156.47:0 - "WebSocket /ws/live" [accepted]
INFO:     connection open
INFO:     42.113.156.47:0 - "WebSocket /ws/live" [accepted]
INFO:     connection open
INFO:     42.113.156.47:0 - "WebSocket /ws/live" [accepted]
INFO:     connection open
INFO:     42.113.156.47:0 - "WebSocket /ws/live" [accepted]
INFO:     connection open
INFO:     42.113.156.47:0 - "WebSocket /ws/live" [accepted]
INFO:     connection open
INFO:     42.113.156.47:0 - "WebSocket /ws/live" [accepted]
INFO:     connection open
INFO:     42.113.156.47:0 - "WebSocket /ws/live" [accepted]
INFO:     connection open
INFO:     42.113.156.47:0 - "WebSocket /ws/live" [accepted]
INFO:     connection open
INFO:     42.113.156.47:0 - "WebSocket /ws/live" [accepted]
INFO:     connection open
INFO:     42.113.156.47:0 - "WebSocket /ws/live" [accepted]
INFO:     connection open
INFO:     42.113.156.47:0 - "WebSocket /ws/live" [accepted]
INFO:     connection open
INFO:     42.113.156.47:0 - "WebSocket /ws/live" [accepted]
INFO:     connection open
INFO:     42.113.156.47:0 - "WebSocket /ws/live" [accepted]
INFO:     connection open
INFO:     42.113.156.47:0 - "WebSocket /ws/live" [accepted]
INFO:     connection open
INFO:     42.113.156.47:0 - "WebSocket /ws/live" [accepted]
INFO:     connection open
INFO:     42.113.156.47:0 - "WebSocket /ws/live" [accepted]
INFO:     connection open
INFO:     42.113.156.47:0 - "WebSocket /ws/live" [accepted]
INFO:     connection open
INFO:     42.113.156.47:0 - "WebSocket /ws/live" [accepted]
INFO:     connection open
INFO:     42.113.156.47:0 - "WebSocket /ws/live" [accepted]
INFO:     connection open
INFO:     42.113.156.47:0 - "WebSocket /ws/live" [accepted]
INFO:     connection open
INFO:     42.113.156.47:0 - "WebSocket /ws/live" [accepted]
INFO:     connection open
INFO:     42.113.156.47:0 - "WebSocket /ws/live" [accepted]
INFO:     connection open
INFO:     42.113.156.47:0 - "WebSocket /ws/live" [accepted]
INFO:     connection open
INFO:     42.113.156.47:0 - "WebSocket /ws/live" [accepted]
INFO:     connection open
INFO:     42.113.156.47:0 - "WebSocket /ws/live" [accepted]
INFO:     connection open
INFO:     42.113.156.47:0 - "WebSocket /ws/live" [accepted]
INFO:     connection open
INFO:     42.113.156.47:0 - "WebSocket /ws/live" [accepted]
INFO:     connection open
INFO:     42.113.156.47:0 - "WebSocket /ws/live" [accepted]
INFO:     connection open
INFO:     42.113.156.47:0 - "WebSocket /ws/live" [accepted]
INFO:     connection open
INFO:     42.113.156.47:0 - "WebSocket /ws/live" [accepted]
INFO:     connection open
INFO:     42.113.156.47:0 - "WebSocket /ws/live" [accepted]
INFO:     connection open
INFO:     42.113.156.47:0 - "WebSocket /ws/live" [accepted]
INFO:     connection open
INFO:     42.113.156.47:0 - "WebSocket /ws/live" [accepted]
INFO:     connection open
INFO:     42.113.156.47:0 - "WebSocket /ws/live" [accepted]
INFO:     connection open
INFO:     42.113.156.47:0 - "WebSocket /ws/live" [accepted]
INFO:     connection open
INFO:     42.113.156.47:0 - "WebSocket /ws/live" [accepted]
INFO:     connection open
INFO:     42.113.156.47:0 - "WebSocket /ws/live" [accepted]
INFO:     connection open
INFO:     42.113.156.47:0 - "WebSocket /ws/live" [accepted]
INFO:     connection open
INFO:     42.113.156.47:0 - "WebSocket /ws/live" [accepted]
INFO:     connection open
INFO:     42.113.156.47:0 - "WebSocket /ws/live" [accepted]
INFO:     connection open
INFO:     42.113.156.47:0 - "WebSocket /ws/live" [accepted]
INFO:     connection open
INFO:     42.113.156.47:0 - "WebSocket /ws/live" [accepted]
INFO:     connection open
INFO:     42.113.156.47:0 - "WebSocket /ws/live" [accepted]
INFO:     connection open
INFO:     connection closed
INFO:     connection closed
INFO:     connection closed
INFO:     connection closed
INFO:     connection closed
INFO:     connection closed
INFO:     connection closed
INFO:     connection closed
INFO:     connection closed
INFO:     connection closed
INFO:     connection closed
INFO:     connection closed
INFO:     connection closed
INFO:     connection closed
INFO:     connection closed
INFO:     connection closed
INFO:     connection closed
INFO:     connection closed
INFO:     connection closed
INFO:     connection closed
INFO:     connection closed
INFO:     connection closed
INFO:     connection closed
INFO:     connection closed
INFO:     connection closed
INFO:     connection closed
INFO:     connection closed
INFO:     connection closed
INFO:     connection closed
INFO:     connection closed
INFO:     connection closed
INFO:     connection closed
INFO:     connection closed
INFO:     connection closed
INFO:     connection closed
INFO:     connection closed
INFO:     connection closed
INFO:     connection closed
INFO:     connection closed
INFO:     connection closed
INFO:     connection closed
INFO:     connection closed
INFO:     connection closed
INFO:     connection closed
INFO:     connection closed
INFO:     connection closed
INFO:     connection closed
INFO:     connection closed
INFO:     connection closed
INFO:     connection closed
INFO:     connection closed
INFO:     connection closed
INFO:     connection closed
INFO:     connection closed
INFO:     connection closed
INFO:     connection closed
INFO:     connection closed
INFO:     connection closed
INFO:     connection closed
INFO:     connection closed
INFO:     connection closed
INFO:     connection closed
INFO:     connection closed
INFO:     connection closed
INFO:     connection closed
INFO:     connection closed
INFO:     connection closed
INFO:     connection closed
INFO:     connection closed
INFO:     connection closed
INFO:     connection closed
INFO:     connection closed
INFO:     connection closed
INFO:     connection closed
INFO:     connection closed
INFO:     connection closed
INFO:     connection closed
INFO:     connection closed
INFO:     connection closed
INFO:     connection closed
INFO:     connection closed
INFO:     connection closed
INFO:     connection closed
INFO:     connection closed
INFO:     connection closed
INFO:     connection closed
INFO:     connection closed
INFO:     connection closed
INFO:     connection closed
INFO:     connection closed
INFO:     connection closed
INFO:     connection closed
INFO:     connection closed
INFO:     connection closed
INFO:     connection closed
INFO:     connection closed
INFO:     connection closed
INFO:     connection closed
INFO:     connection closed
INFO:     connection closed
INFO:     connection closed
INFO:     connection closed
INFO:     connection closed
INFO:     connection closed
INFO:     connection closed
INFO:     connection closed
INFO:     connection closed
INFO:     connection closed
INFO:     connection closed
INFO:     connection closed
INFO:     connection closed
INFO:     connection closed
INFO:     connection closed
INFO:     connection closed
INFO:     42.113.156.47:0 - "WebSocket /ws/live" [accepted]
INFO:     connection open
INFO:     42.113.156.47:0 - "WebSocket /ws/live" [accepted]
INFO:     connection open
INFO:     42.113.156.47:0 - "WebSocket /ws/live" [accepted]
INFO:     connection open
INFO:     42.113.156.47:0 - "WebSocket /ws/live" [accepted]
INFO:     connection open
INFO:     42.113.156.47:0 - "WebSocket /ws/live" [accepted]
INFO:     connection open
INFO:     42.113.156.47:0 - "WebSocket /ws/live" [accepted]
INFO:     connection open
INFO:     42.113.156.47:0 - "WebSocket /ws/live" [accepted]
INFO:     connection open
INFO:     42.113.156.47:0 - "WebSocket /ws/live" [accepted]
INFO:     connection open
INFO:     42.113.156.47:0 - "WebSocket /ws/live" [accepted]
INFO:     connection open
INFO:     42.113.156.47:0 - "WebSocket /ws/live" [accepted]
INFO:     connection open
INFO:     42.113.156.47:0 - "WebSocket /ws/live" [accepted]
INFO:     connection open
INFO:     42.113.156.47:0 - "WebSocket /ws/live" [accepted]
INFO:     connection open
INFO:     42.113.156.47:0 - "WebSocket /ws/live" [accepted]
INFO:     connection open
INFO:     42.113.156.47:0 - "WebSocket /ws/live" [accepted]
INFO:     connection open
INFO:     42.113.156.47:0 - "WebSocket /ws/live" [accepted]
INFO:     connection open
INFO:     42.113.156.47:0 - "WebSocket /ws/live" [accepted]
INFO:     connection open
INFO:     42.113.156.47:0 - "WebSocket /ws/live" [accepted]
INFO:     connection open
INFO:     42.113.156.47:0 - "WebSocket /ws/live" [accepted]
INFO:     connection open
INFO:     42.113.156.47:0 - "WebSocket /ws/live" [accepted]
INFO:     connection open
INFO:     42.113.156.47:0 - "WebSocket /ws/live" [accepted]
INFO:     connection open
INFO:     42.113.156.47:0 - "WebSocket /ws/live" [accepted]
INFO:     connection open
INFO:     42.113.156.47:0 - "WebSocket /ws/live" [accepted]
INFO:     connection open
INFO:     42.113.156.47:0 - "WebSocket /ws/live" [accepted]
INFO:     connection open
INFO:     42.113.156.47:0 - "WebSocket /ws/live" [accepted]
INFO:     connection open
INFO:     42.113.156.47:0 - "WebSocket /ws/live" [accepted]
INFO:     connection open
INFO:     42.113.156.47:0 - "WebSocket /ws/live" [accepted]
INFO:     connection open
INFO:     42.113.156.47:0 - "WebSocket /ws/live" [accepted]
INFO:     connection open
INFO:     42.113.156.47:0 - "WebSocket /ws/live" [accepted]
INFO:     connection open
INFO:     42.113.156.47:0 - "WebSocket /ws/live" [accepted]
INFO:     connection open
INFO:     42.113.156.47:0 - "WebSocket /ws/live" [accepted]
INFO:     connection open
INFO:     42.113.156.47:0 - "WebSocket /ws/live" [accepted]
INFO:     connection open
INFO:     42.113.156.47:0 - "WebSocket /ws/live" [accepted]
INFO:     connection open
INFO:     42.113.156.47:0 - "WebSocket /ws/live" [accepted]
INFO:     connection open
INFO:     42.113.156.47:0 - "WebSocket /ws/live" [accepted]
INFO:     connection open
INFO:     42.113.156.47:0 - "WebSocket /ws/live" [accepted]
INFO:     connection open
INFO:     42.113.156.47:0 - "WebSocket /ws/live" [accepted]
INFO:     connection open
INFO:     42.113.156.47:0 - "WebSocket /ws/live" [accepted]
INFO:     connection open
INFO:     42.113.156.47:0 - "WebSocket /ws/live" [accepted]
INFO:     connection open
INFO:     42.113.156.47:0 - "WebSocket /ws/live" [accepted]
INFO:     connection open
INFO:     42.113.156.47:0 - "WebSocket /ws/live" [accepted]
INFO:     connection open
INFO:     42.113.156.47:0 - "WebSocket /ws/live" [accepted]
INFO:     connection open
INFO:     42.113.156.47:0 - "WebSocket /ws/live" [accepted]
INFO:     connection open
INFO:     42.113.156.47:0 - "WebSocket /ws/live" [accepted]
INFO:     connection open
INFO:     42.113.156.47:0 - "WebSocket /ws/live" [accepted]
INFO:     connection open
INFO:     42.113.156.47:0 - "WebSocket /ws/live" [accepted]
INFO:     connection open
INFO:     42.113.156.47:0 - "WebSocket /ws/live" [accepted]
INFO:     connection open
INFO:     42.113.156.47:0 - "WebSocket /ws/live" [accepted]
INFO:     connection open
INFO:     42.113.156.47:0 - "WebSocket /ws/live" [accepted]
INFO:     connection open
INFO:     42.113.156.47:0 - "WebSocket /ws/live" [accepted]
INFO:     connection open
INFO:     42.113.156.47:0 - "WebSocket /ws/live" [accepted]
INFO:     connection open
INFO:     42.113.156.47:0 - "WebSocket /ws/live" [accepted]
INFO:     connection open
INFO:     42.113.156.47:0 - "WebSocket /ws/live" [accepted]
INFO:     connection open
INFO:     42.113.156.47:0 - "WebSocket /ws/live" [accepted]
INFO:     connection open
INFO:     42.113.156.47:0 - "WebSocket /ws/live" [accepted]
INFO:     connection open
INFO:     42.113.156.47:0 - "WebSocket /ws/live" [accepted]
INFO:     connection open
INFO:     42.113.156.47:0 - "WebSocket /ws/live" [accepted]
INFO:     connection open
INFO:     42.113.156.47:0 - "WebSocket /ws/live" [accepted]
INFO:     connection open
INFO:     42.113.156.47:0 - "WebSocket /ws/live" [accepted]
INFO:     connection open
INFO:     42.113.156.47:0 - "WebSocket /ws/live" [accepted]
INFO:     connection open
INFO:     42.113.156.47:0 - "WebSocket /ws/live" [accepted]
INFO:     connection open
INFO:     42.113.156.47:0 - "WebSocket /ws/live" [accepted]
INFO:     connection open
INFO:     42.113.156.47:0 - "WebSocket /ws/live" [accepted]
INFO:     connection open
INFO:     42.113.156.47:0 - "WebSocket /ws/live" [accepted]
INFO:     connection open
INFO:     42.113.156.47:0 - "WebSocket /ws/live" [accepted]
INFO:     connection open
INFO:     42.113.156.47:0 - "WebSocket /ws/live" [accepted]
INFO:     connection open
INFO:     42.113.156.47:0 - "WebSocket /ws/live" [accepted]
INFO:     connection open
INFO:     42.113.156.47:0 - "WebSocket /ws/live" [accepted]
INFO:     connection open
INFO:     42.113.156.47:0 - "WebSocket /ws/live" [accepted]
INFO:     connection open
INFO:     42.113.156.47:0 - "WebSocket /ws/live" [accepted]
INFO:     connection open
INFO:     42.113.156.47:0 - "WebSocket /ws/live" [accepted]
INFO:     connection open
INFO:     42.113.156.47:0 - "WebSocket /ws/live" [accepted]
INFO:     connection open
INFO:     42.113.156.47:0 - "WebSocket /ws/live" [accepted]
INFO:     connection open
INFO:     42.113.156.47:0 - "WebSocket /ws/live" [accepted]
INFO:     connection open
INFO:     42.113.156.47:0 - "WebSocket /ws/live" [accepted]
INFO:     connection open
INFO:     42.113.156.47:0 - "WebSocket /ws/live" [accepted]
INFO:     connection open
INFO:     42.113.156.47:0 - "WebSocket /ws/live" [accepted]
INFO:     connection open
INFO:     42.113.156.47:0 - "WebSocket /ws/live" [accepted]
INFO:     connection open
INFO:     42.113.156.47:0 - "WebSocket /ws/live" [accepted]
INFO:     connection open
INFO:     42.113.156.47:0 - "WebSocket /ws/live" [accepted]
INFO:     connection open
INFO:     42.113.156.47:0 - "WebSocket /ws/live" [accepted]
INFO:     connection open
INFO:     42.113.156.47:0 - "WebSocket /ws/live" [accepted]
INFO:     connection open
INFO:     42.113.156.47:0 - "WebSocket /ws/live" [accepted]
INFO:     connection open
INFO:     42.113.156.47:0 - "WebSocket /ws/live" [accepted]
INFO:     connection open
INFO:     42.113.156.47:0 - "WebSocket /ws/live" [accepted]
INFO:     connection open
INFO:     42.113.156.47:0 - "WebSocket /ws/live" [accepted]
INFO:     connection open
INFO:     42.113.156.47:0 - "WebSocket /ws/live" [accepted]
INFO:     connection open
INFO:     42.113.156.47:0 - "WebSocket /ws/live" [accepted]
INFO:     connection open
INFO:     42.113.156.47:0 - "WebSocket /ws/live" [accepted]
INFO:     connection open
INFO:     42.113.156.47:0 - "WebSocket /ws/live" [accepted]
INFO:     connection open
INFO:     42.113.156.47:0 - "WebSocket /ws/live" [accepted]
INFO:     connection open
INFO:     42.113.156.47:0 - "WebSocket /ws/live" [accepted]
INFO:     connection open
INFO:     42.113.156.47:0 - "WebSocket /ws/live" [accepted]
INFO:     connection open
INFO:     42.113.156.47:0 - "WebSocket /ws/live" [accepted]
INFO:     connection open
INFO:     42.113.156.47:0 - "WebSocket /ws/live" [accepted]
INFO:     connection open
INFO:     42.113.156.47:0 - "WebSocket /ws/live" [accepted]
INFO:     connection open
INFO:     42.113.156.47:0 - "WebSocket /ws/live" [accepted]
INFO:     connection open
INFO:     42.113.156.47:0 - "WebSocket /ws/live" [accepted]
INFO:     connection open
INFO:     42.113.156.47:0 - "WebSocket /ws/live" [accepted]
INFO:     connection open
INFO:     42.113.156.47:0 - "WebSocket /ws/live" [accepted]
INFO:     connection open
INFO:     42.113.156.47:0 - "WebSocket /ws/live" [accepted]
INFO:     connection open
INFO:     42.113.156.47:0 - "WebSocket /ws/live" [accepted]
INFO:     connection open
INFO:     42.113.156.47:0 - "WebSocket /ws/live" [accepted]
INFO:     connection open
INFO:     42.113.156.47:0 - "WebSocket /ws/live" [accepted]
INFO:     connection open
INFO:     42.113.156.47:0 - "WebSocket /ws/live" [accepted]
INFO:     connection open
INFO:     42.113.156.47:0 - "WebSocket /ws/live" [accepted]
INFO:     connection open
INFO:     42.113.156.47:0 - "WebSocket /ws/live" [accepted]
INFO:     connection open
INFO:     42.113.156.47:0 - "WebSocket /ws/live" [accepted]
INFO:     connection open
INFO:     42.113.156.47:0 - "WebSocket /ws/live" [accepted]
INFO:     connection open
INFO:     42.113.156.47:0 - "WebSocket /ws/live" [accepted]
INFO:     connection open
INFO:     42.113.156.47:0 - "WebSocket /ws/live" [accepted]
INFO:     connection open
INFO:     42.113.156.47:0 - "WebSocket /ws/live" [accepted]
INFO:     connection open
INFO:     42.113.156.47:0 - "WebSocket /ws/live" [accepted]
INFO:     connection open
INFO:     42.113.156.47:0 - "WebSocket /ws/live" [accepted]
INFO:     connection open
INFO:     42.113.156.47:0 - "WebSocket /ws/live" [accepted]
INFO:     connection open
INFO:     42.113.156.47:0 - "WebSocket /ws/live" [accepted]
INFO:     connection open
INFO:     42.113.156.47:0 - "WebSocket /ws/live" [accepted]
INFO:     connection open
INFO:     42.113.156.47:0 - "WebSocket /ws/live" [accepted]
INFO:     connection open
INFO:     42.113.156.47:0 - "WebSocket /ws/live" [accepted]
INFO:     connection open
INFO:     42.113.156.47:0 - "WebSocket /ws/live" [accepted]
INFO:     connection open
INFO:     connection closed
INFO:     connection closed
INFO:     connection closed
INFO:     connection closed
INFO:     connection closed
INFO:     connection closed
INFO:     connection closed
INFO:     connection closed
INFO:     connection closed
INFO:     connection closed
INFO:     connection closed
INFO:     connection closed
INFO:     connection closed
INFO:     connection closed
INFO:     connection closed
INFO:     connection closed
INFO:     connection closed
INFO:     connection closed
INFO:     connection closed
INFO:     connection closed
INFO:     connection closed
INFO:     connection closed
INFO:     connection closed
INFO:     connection closed
INFO:     connection closed
INFO:     connection closed
INFO:     connection closed
INFO:     connection closed
INFO:     connection closed
INFO:     connection closed
INFO:     connection closed
INFO:     connection closed
INFO:     connection closed
INFO:     connection closed
INFO:     connection closed
INFO:     connection closed
INFO:     connection closed
INFO:     connection closed
INFO:     connection closed
INFO:     connection closed
INFO:     connection closed
INFO:     connection closed
INFO:     connection closed
INFO:     connection closed
INFO:     connection closed
INFO:     connection closed
INFO:     connection closed
INFO:     connection closed
INFO:     connection closed
INFO:     connection closed
INFO:     connection closed
INFO:     connection closed
INFO:     connection closed
INFO:     connection closed
INFO:     connection closed
INFO:     connection closed
INFO:     connection closed
INFO:     connection closed
INFO:     connection closed
INFO:     connection closed
INFO:     connection closed
INFO:     connection closed
INFO:     connection closed
INFO:     connection closed
INFO:     connection closed
INFO:     connection closed
INFO:     connection closed
INFO:     connection closed
INFO:     connection closed
INFO:     connection closed
INFO:     connection closed
INFO:     connection closed
INFO:     connection closed
INFO:     connection closed
INFO:     connection closed
INFO:     connection closed
INFO:     connection closed
INFO:     connection closed
INFO:     connection closed
INFO:     connection closed
INFO:     connection closed
INFO:     connection closed
INFO:     connection closed
INFO:     connection closed
INFO:     connection closed
INFO:     connection closed
INFO:     connection closed
INFO:     connection closed
INFO:     connection closed
INFO:     connection closed
INFO:     connection closed
INFO:     connection closed
INFO:     connection closed
INFO:     connection closed
INFO:     connection closed
INFO:     connection closed
INFO:     connection closed
INFO:     connection closed
INFO:     connection closed
INFO:     connection closed
INFO:     connection closed
INFO:     connection closed
INFO:     connection closed
INFO:     connection closed
INFO:     connection closed
INFO:     connection closed
INFO:     connection closed
INFO:     connection closed
INFO:     connection closed
INFO:     connection closed
INFO:     connection closed
INFO:     connection closed
INFO:     connection closed
INFO:     connection closed
INFO:     connection closed
INFO:     connection closed
INFO:     connection closed
INFO:     connection closed
INFO:     connection closed
INFO:     42.113.156.47:0 - "WebSocket /ws/live" [accepted]
INFO:     connection open
INFO:     42.113.156.47:0 - "WebSocket /ws/live" [accepted]
INFO:     connection open
INFO:     42.113.156.47:0 - "WebSocket /ws/live" [accepted]
INFO:     connection open
INFO:     42.113.156.47:0 - "WebSocket /ws/live" [accepted]
INFO:     connection open
INFO:     42.113.156.47:0 - "WebSocket /ws/live" [accepted]
INFO:     connection open
INFO:     42.113.156.47:0 - "WebSocket /ws/live" [accepted]
INFO:     connection open
INFO:     42.113.156.47:0 - "WebSocket /ws/live" [accepted]
INFO:     connection open
INFO:     42.113.156.47:0 - "WebSocket /ws/live" [accepted]
INFO:     connection open
INFO:     42.113.156.47:0 - "WebSocket /ws/live" [accepted]
INFO:     connection open
INFO:     42.113.156.47:0 - "WebSocket /ws/live" [accepted]
INFO:     connection open
INFO:     42.113.156.47:0 - "WebSocket /ws/live" [accepted]
INFO:     connection open
INFO:     42.113.156.47:0 - "WebSocket /ws/live" [accepted]
INFO:     connection open
INFO:     42.113.156.47:0 - "WebSocket /ws/live" [accepted]
INFO:     connection open
INFO:     42.113.156.47:0 - "WebSocket /ws/live" [accepted]
INFO:     connection open
INFO:     42.113.156.47:0 - "WebSocket /ws/live" [accepted]
INFO:     connection open
INFO:     42.113.156.47:0 - "WebSocket /ws/live" [accepted]
INFO:     connection open
INFO:     42.113.156.47:0 - "WebSocket /ws/live" [accepted]
INFO:     connection open
INFO:     42.113.156.47:0 - "WebSocket /ws/live" [accepted]
INFO:     connection open
INFO:     42.113.156.47:0 - "WebSocket /ws/live" [accepted]
INFO:     connection open
INFO:     42.113.156.47:0 - "WebSocket /ws/live" [accepted]
INFO:     connection open
INFO:     42.113.156.47:0 - "WebSocket /ws/live" [accepted]
INFO:     connection open
INFO:     42.113.156.47:0 - "WebSocket /ws/live" [accepted]
INFO:     connection open
INFO:     42.113.156.47:0 - "WebSocket /ws/live" [accepted]
INFO:     connection open
INFO:     42.113.156.47:0 - "WebSocket /ws/live" [accepted]
INFO:     connection open
INFO:     42.113.156.47:0 - "WebSocket /ws/live" [accepted]
INFO:     connection open
INFO:     42.113.156.47:0 - "WebSocket /ws/live" [accepted]
INFO:     connection open
INFO:     42.113.156.47:0 - "WebSocket /ws/live" [accepted]
INFO:     connection open
INFO:     42.113.156.47:0 - "WebSocket /ws/live" [accepted]
INFO:     connection open
INFO:     42.113.156.47:0 - "WebSocket /ws/live" [accepted]
INFO:     connection open
INFO:     42.113.156.47:0 - "WebSocket /ws/live" [accepted]
INFO:     connection open
INFO:     42.113.156.47:0 - "WebSocket /ws/live" [accepted]
INFO:     connection open
INFO:     42.113.156.47:0 - "WebSocket /ws/live" [accepted]
INFO:     connection open
INFO:     42.113.156.47:0 - "WebSocket /ws/live" [accepted]
INFO:     connection open
INFO:     42.113.156.47:0 - "WebSocket /ws/live" [accepted]
INFO:     connection open
INFO:     42.113.156.47:0 - "WebSocket /ws/live" [accepted]
INFO:     connection open
INFO:     42.113.156.47:0 - "WebSocket /ws/live" [accepted]
INFO:     connection open
INFO:     42.113.156.47:0 - "WebSocket /ws/live" [accepted]
INFO:     connection open
INFO:     42.113.156.47:0 - "WebSocket /ws/live" [accepted]
INFO:     connection open
INFO:     42.113.156.47:0 - "WebSocket /ws/live" [accepted]
INFO:     connection open
INFO:     42.113.156.47:0 - "WebSocket /ws/live" [accepted]
INFO:     connection open
INFO:     42.113.156.47:0 - "WebSocket /ws/live" [accepted]
INFO:     connection open
INFO:     42.113.156.47:0 - "WebSocket /ws/live" [accepted]
INFO:     connection open
INFO:     42.113.156.47:0 - "WebSocket /ws/live" [accepted]
INFO:     connection open
INFO:     42.113.156.47:0 - "WebSocket /ws/live" [accepted]
INFO:     connection open
INFO:     42.113.156.47:0 - "WebSocket /ws/live" [accepted]
INFO:     connection open
INFO:     42.113.156.47:0 - "WebSocket /ws/live" [accepted]
INFO:     connection open
INFO:     42.113.156.47:0 - "WebSocket /ws/live" [accepted]
INFO:     connection open
INFO:     42.113.156.47:0 - "WebSocket /ws/live" [accepted]
INFO:     connection open
INFO:     42.113.156.47:0 - "WebSocket /ws/live" [accepted]
INFO:     connection open
INFO:     42.113.156.47:0 - "WebSocket /ws/live" [accepted]
INFO:     connection open
INFO:     42.113.156.47:0 - "WebSocket /ws/live" [accepted]
INFO:     connection open
INFO:     42.113.156.47:0 - "WebSocket /ws/live" [accepted]
INFO:     connection open
INFO:     42.113.156.47:0 - "WebSocket /ws/live" [accepted]
INFO:     connection open
INFO:     42.113.156.47:0 - "WebSocket /ws/live" [accepted]
INFO:     connection open
INFO:     42.113.156.47:0 - "WebSocket /ws/live" [accepted]
INFO:     connection open
INFO:     42.113.156.47:0 - "WebSocket /ws/live" [accepted]
INFO:     connection open
INFO:     42.113.156.47:0 - "WebSocket /ws/live" [accepted]
INFO:     connection open
INFO:     42.113.156.47:0 - "WebSocket /ws/live" [accepted]
INFO:     connection open
INFO:     42.113.156.47:0 - "WebSocket /ws/live" [accepted]
INFO:     connection open
INFO:     42.113.156.47:0 - "WebSocket /ws/live" [accepted]
INFO:     connection open
INFO:     42.113.156.47:0 - "WebSocket /ws/live" [accepted]
INFO:     connection open
INFO:     42.113.156.47:0 - "WebSocket /ws/live" [accepted]
INFO:     connection open
INFO:     42.113.156.47:0 - "WebSocket /ws/live" [accepted]
INFO:     connection open
INFO:     42.113.156.47:0 - "WebSocket /ws/live" [accepted]
INFO:     connection open
INFO:     42.113.156.47:0 - "WebSocket /ws/live" [accepted]
INFO:     connection open
INFO:     42.113.156.47:0 - "WebSocket /ws/live" [accepted]
INFO:     connection open
INFO:     42.113.156.47:0 - "WebSocket /ws/live" [accepted]
INFO:     connection open
INFO:     42.113.156.47:0 - "WebSocket /ws/live" [accepted]
INFO:     connection open
INFO:     42.113.156.47:0 - "WebSocket /ws/live" [accepted]
INFO:     connection open
INFO:     42.113.156.47:0 - "WebSocket /ws/live" [accepted]
INFO:     connection open
INFO:     42.113.156.47:0 - "WebSocket /ws/live" [accepted]
INFO:     connection open
INFO:     42.113.156.47:0 - "WebSocket /ws/live" [accepted]
INFO:     connection open
INFO:     42.113.156.47:0 - "WebSocket /ws/live" [accepted]
INFO:     connection open
INFO:     42.113.156.47:0 - "WebSocket /ws/live" [accepted]
INFO:     connection open
INFO:     42.113.156.47:0 - "WebSocket /ws/live" [accepted]
INFO:     connection open
INFO:     42.113.156.47:0 - "WebSocket /ws/live" [accepted]
INFO:     connection open
INFO:     42.113.156.47:0 - "WebSocket /ws/live" [accepted]
INFO:     connection open
INFO:     42.113.156.47:0 - "WebSocket /ws/live" [accepted]
INFO:     connection open
INFO:     42.113.156.47:0 - "WebSocket /ws/live" [accepted]
INFO:     connection open
INFO:     42.113.156.47:0 - "WebSocket /ws/live" [accepted]
INFO:     connection open
INFO:     42.113.156.47:0 - "WebSocket /ws/live" [accepted]
INFO:     connection open
INFO:     42.113.156.47:0 - "WebSocket /ws/live" [accepted]
INFO:     connection open
INFO:     42.113.156.47:0 - "WebSocket /ws/live" [accepted]
INFO:     connection open
INFO:     42.113.156.47:0 - "WebSocket /ws/live" [accepted]
INFO:     connection open
INFO:     42.113.156.47:0 - "WebSocket /ws/live" [accepted]
INFO:     connection open
INFO:     42.113.156.47:0 - "WebSocket /ws/live" [accepted]
INFO:     connection open
INFO:     42.113.156.47:0 - "WebSocket /ws/live" [accepted]
INFO:     connection open
INFO:     42.113.156.47:0 - "WebSocket /ws/live" [accepted]
INFO:     connection open
INFO:     42.113.156.47:0 - "WebSocket /ws/live" [accepted]
INFO:     connection open
INFO:     42.113.156.47:0 - "WebSocket /ws/live" [accepted]
INFO:     connection open
INFO:     42.113.156.47:0 - "WebSocket /ws/live" [accepted]
INFO:     connection open
INFO:     42.113.156.47:0 - "WebSocket /ws/live" [accepted]
INFO:     connection open
INFO:     42.113.156.47:0 - "WebSocket /ws/live" [accepted]
INFO:     connection open
INFO:     42.113.156.47:0 - "WebSocket /ws/live" [accepted]
INFO:     connection open
INFO:     42.113.156.47:0 - "WebSocket /ws/live" [accepted]
INFO:     connection open
INFO:     42.113.156.47:0 - "WebSocket /ws/live" [accepted]
INFO:     connection open
INFO:     42.113.156.47:0 - "WebSocket /ws/live" [accepted]
INFO:     connection open
INFO:     42.113.156.47:0 - "WebSocket /ws/live" [accepted]
INFO:     connection open
INFO:     42.113.156.47:0 - "WebSocket /ws/live" [accepted]
INFO:     connection open
INFO:     42.113.156.47:0 - "WebSocket /ws/live" [accepted]
INFO:     connection open
INFO:     42.113.156.47:0 - "WebSocket /ws/live" [accepted]
INFO:     connection open
INFO:     42.113.156.47:0 - "WebSocket /ws/live" [accepted]
INFO:     connection open
INFO:     42.113.156.47:0 - "WebSocket /ws/live" [accepted]
INFO:     connection open
INFO:     42.113.156.47:0 - "WebSocket /ws/live" [accepted]
INFO:     connection open
INFO:     42.113.156.47:0 - "WebSocket /ws/live" [accepted]
INFO:     connection open
INFO:     42.113.156.47:0 - "WebSocket /ws/live" [accepted]
INFO:     connection open
INFO:     42.113.156.47:0 - "WebSocket /ws/live" [accepted]
INFO:     connection open
INFO:     42.113.156.47:0 - "WebSocket /ws/live" [accepted]
INFO:     connection open
INFO:     42.113.156.47:0 - "WebSocket /ws/live" [accepted]
INFO:     connection open
INFO:     connection closed
INFO:     connection closed
INFO:     connection closed
INFO:     connection closed
INFO:     connection closed
INFO:     connection closed
INFO:     connection closed
INFO:     connection closed
INFO:     connection closed
INFO:     connection closed
INFO:     connection closed
INFO:     connection closed
INFO:     connection closed
INFO:     connection closed
INFO:     connection closed
INFO:     connection closed
INFO:     connection closed
INFO:     connection closed
INFO:     connection closed
INFO:     connection closed
INFO:     connection closed
INFO:     connection closed
INFO:     connection closed
INFO:     connection closed
INFO:     connection closed
INFO:     connection closed
INFO:     connection closed
INFO:     connection closed
INFO:     connection closed
INFO:     connection closed
INFO:     connection closed
INFO:     connection closed
INFO:     connection closed
INFO:     connection closed
INFO:     connection closed
INFO:     connection closed
INFO:     connection closed
INFO:     connection closed
INFO:     connection closed
INFO:     connection closed
INFO:     connection closed
INFO:     connection closed
INFO:     connection closed
INFO:     connection closed
INFO:     connection closed
INFO:     connection closed
INFO:     connection closed
INFO:     connection closed
INFO:     connection closed
INFO:     connection closed
INFO:     connection closed
INFO:     connection closed
INFO:     connection closed
INFO:     connection closed
INFO:     connection closed
INFO:     connection closed
INFO:     connection closed
INFO:     connection closed
INFO:     connection closed
INFO:     connection closed
INFO:     connection closed
INFO:     connection closed
INFO:     connection closed
INFO:     connection closed
INFO:     connection closed
INFO:     connection closed
INFO:     connection closed
INFO:     connection closed
INFO:     connection closed
INFO:     connection closed
INFO:     connection closed
INFO:     connection closed
INFO:     connection closed
INFO:     connection closed
INFO:     connection closed
INFO:     connection closed
INFO:     connection closed
INFO:     connection closed
INFO:     connection closed
INFO:     connection closed
INFO:     connection closed
INFO:     connection closed
INFO:     connection closed
INFO:     connection closed
INFO:     connection closed
INFO:     connection closed
INFO:     connection closed
INFO:     connection closed
INFO:     connection closed
INFO:     connection closed
INFO:     connection closed
INFO:     connection closed
INFO:     connection closed
INFO:     connection closed
INFO:     connection closed
INFO:     connection closed
INFO:     connection closed
INFO:     connection closed
INFO:     connection closed
INFO:     connection closed
INFO:     connection closed
INFO:     connection closed
INFO:     connection closed
INFO:     connection closed
INFO:     connection closed
INFO:     connection closed
INFO:     connection closed
INFO:     connection closed
INFO:     connection closed
WARNING:  Invalid HTTP request received.
WARNING:  Invalid HTTP request received.
WARNING:  Invalid HTTP request received.
WARNING:  Invalid HTTP request received.
