open_time,direction,entry_price,sl_price,tp_price,atr,probability
2011.05.30 02:35,1,1535.89300,1535.50529,1536.86229,0.38771,0.53725
2011.05.30 13:05,1,1536.98200,1536.36093,1538.53468,0.62107,0.52872
2011.05.31 02:05,1,1538.98200,1538.49200,1540.20700,0.49000,0.50304
2011.05.31 04:50,1,1537.11000,1536.62836,1538.31411,0.48164,0.59619
2011.05.31 06:20,1,1536.19100,1535.70621,1537.40296,0.48479,0.58106
2011.06.01 02:50,-1,1530.14300,1530.62229,1528.94479,0.47929,0.52925
2011.06.01 20:20,1,1539.28700,1537.50264,1543.74789,1.78436,0.54597
2011.06.01 22:35,1,1540.32200,1539.86364,1541.46789,0.45836,0.55415
2011.06.02 02:20,1,1538.67200,1538.12071,1540.05021,0.55129,0.52335
2011.06.02 14:05,-1,1536.78800,1538.54021,1532.40746,1.75221,0.56033
2011.06.02 16:05,1,1526.71300,1523.99557,1533.50657,2.71743,0.53758
2011.06.02 19:50,1,1534.02400,1533.29950,1535.83525,0.72450,0.52567
2011.06.06 13:10,1,1544.26500,1542.92000,1547.62750,1.34500,0.64262
2011.06.06 14:55,1,1551.41000,1549.90664,1555.16839,1.50336,0.57440
2011.06.07 02:45,1,1544.20100,1543.70707,1545.43582,0.49393,0.53604
2011.06.09 14:45,1,1538.48900,1537.24779,1541.59204,1.24121,0.50395
2011.06.10 02:35,1,1543.27300,1542.95236,1544.07461,0.32064,0.50110
2011.06.16 08:40,-1,1525.62300,1526.21957,1524.13157,0.59657,0.50947
2011.06.17 09:45,1,1525.09200,1524.40700,1526.80450,0.68500,0.53187
2011.06.21 16:35,1,1544.47000,1543.12471,1547.83321,1.34529,0.51525
2011.06.21 19:20,1,1546.45300,1545.85000,1547.96050,0.60300,0.51159
2011.06.22 02:40,1,1546.86000,1546.56307,1547.60232,0.29693,0.50839
2011.06.22 08:40,-1,1546.87200,1547.27971,1545.85271,0.40771,0.50577
2011.06.22 14:25,1,1556.91900,1555.23021,1561.14096,1.68879,0.65720
2011.06.22 15:55,1,1554.56700,1553.59879,1556.98754,0.96821,0.56131
2011.06.23 08:55,-1,1543.62000,1544.31314,1541.88714,0.69314,0.58519
2011.06.23 13:10,-1,1525.14200,1527.91207,1518.21682,2.77007,0.58621
2011.06.23 14:40,-1,1516.80600,1519.68436,1509.61011,2.87836,0.62784
2011.06.24 13:10,-1,1517.78300,1519.69364,1513.00639,1.91064,0.54676
2011.06.27 04:20,-1,1503.95600,1504.73429,1502.01029,0.77829,0.58984
2011.06.27 05:50,-1,1500.62200,1501.51657,1498.38557,0.89457,0.64388
2011.06.27 07:50,-1,1494.09000,1495.32986,1490.99036,1.23986,0.63785
2011.06.29 04:25,1,1504.50400,1504.13421,1505.42846,0.36979,0.53422
2011.06.29 06:25,1,1505.15900,1504.72186,1506.25186,0.43714,0.52604
2011.06.29 07:55,1,1507.16700,1506.41136,1509.05611,0.75564,0.51577
2011.06.29 13:25,1,1506.62200,1505.13936,1510.32861,1.48264,0.52424
2011.06.29 14:55,1,1507.15200,1505.80971,1510.50771,1.34229,0.54793
2011.06.30 04:25,-1,1513.49800,1513.90293,1512.48568,0.40493,0.51004
2011.06.30 05:55,-1,1510.47300,1510.92650,1509.33925,0.45350,0.52895
2011.07.01 04:55,-1,1499.51400,1499.99414,1498.31364,0.48014,0.59246
2011.07.01 06:55,-1,1499.85000,1500.51714,1498.18214,0.66714,0.61425
2011.07.01 09:25,-1,1490.63700,1491.68771,1488.01021,1.05071,0.62888
2011.07.01 10:55,-1,1490.54600,1491.74236,1487.55511,1.19636,0.55152
2011.07.05 02:55,1,1497.34000,1496.87836,1498.49411,0.46164,0.55267
2011.07.05 09:25,1,1498.38700,1497.68793,1500.13468,0.69907,0.63069
2011.07.05 11:40,1,1502.48000,1501.64636,1504.56411,0.83364,0.61836
2011.07.06 05:55,1,1515.43800,1514.93079,1516.70604,0.50721,0.59042
2011.07.06 07:40,1,1517.04600,1516.17000,1519.23600,0.87600,0.54547
2011.07.06 09:40,-1,1516.35800,1517.05007,1514.62782,0.69207,0.54875
2011.07.06 11:40,-1,1511.69000,1512.78543,1508.95143,1.09543,0.50324
2011.07.06 14:55,1,1529.70400,1528.13671,1533.62221,1.56729,0.50203
2011.07.08 14:10,1,1541.77100,1540.50050,1544.94725,1.27050,0.60204
2011.07.08 15:40,1,1543.50800,1542.15029,1546.90229,1.35771,0.57026
2011.07.11 04:25,1,1545.22800,1544.92343,1545.98943,0.30457,0.57512
2011.07.11 06:40,1,1546.26900,1545.84321,1547.33346,0.42579,0.58395
2011.07.11 08:25,1,1545.03200,1544.48979,1546.38754,0.54221,0.60070
2011.07.11 09:55,1,1543.57400,1542.91336,1545.22561,0.66064,0.61083
2011.07.11 16:10,1,1547.15600,1545.65843,1550.89993,1.49757,0.54604
2011.07.11 17:40,1,1548.59700,1547.55757,1551.19557,1.03943,0.50580
2011.07.12 16:10,1,1553.37700,1552.18250,1556.36325,1.19450,0.52650
2011.07.12 17:40,1,1562.74100,1561.14493,1566.73118,1.59607,0.57087
2011.07.12 19:10,1,1570.75100,1568.80421,1575.61796,1.94679,0.60341
2011.07.13 02:25,1,1566.26300,1565.72693,1567.60318,0.53607,0.52421
2011.07.13 04:55,1,1565.16200,1564.76600,1566.15200,0.39600,0.53930
2011.07.13 14:25,1,1585.02600,1582.65150,1590.96225,2.37450,0.53339
2011.07.13 20:25,1,1580.73700,1579.72964,1583.25539,1.00736,0.58290
2011.07.13 22:40,1,1582.80100,1581.94757,1584.93457,0.85343,0.60967
2011.07.15 02:40,1,1583.56300,1582.99357,1584.98657,0.56943,0.51390
2011.07.18 02:10,1,1592.61600,1591.91179,1594.37654,0.70421,0.52529
2011.07.18 09:25,1,1598.42200,1597.50100,1600.72450,0.92100,0.61898
2011.07.19 01:25,1,1601.36100,1600.80171,1602.75921,0.55929,0.51407
2011.07.19 04:10,1,1603.24400,1602.82564,1604.28989,0.41836,0.58722
2011.07.19 06:25,1,1605.12300,1604.45893,1606.78318,0.66407,0.62623
2011.07.19 07:55,1,1607.83900,1606.74207,1610.58132,1.09693,0.53645
2011.07.22 08:25,1,1588.42300,1587.35693,1591.08818,1.06607,0.52423
2011.07.22 10:10,1,1589.68000,1588.92714,1591.56214,0.75286,0.51613
2011.07.24 21:10,1,1598.69700,1598.03357,1600.35557,0.66343,0.56959
2011.07.24 22:55,1,1612.31500,1608.92857,1620.78107,3.38643,0.52746
2011.07.25 02:25,1,1612.18800,1611.33443,1614.32193,0.85357,0.51771
2011.07.26 02:55,1,1614.88700,1614.08964,1616.88039,0.79736,0.53456
2011.07.27 02:25,1,1622.00500,1621.52007,1623.21732,0.48493,0.58961
2011.07.27 14:40,1,1616.06300,1614.31914,1620.42264,1.74386,0.51881
2011.07.29 14:40,1,1622.57300,1620.34564,1628.14139,2.22736,0.50500
2011.08.01 02:55,1,1615.09600,1614.45793,1616.69118,0.63807,0.50885
2011.08.02 08:10,1,1626.89800,1625.71093,1629.86568,1.18707,0.55454
2011.08.02 09:40,1,1625.90300,1625.13121,1627.83246,0.77179,0.67206
2011.08.02 11:10,1,1627.53200,1626.78164,1629.40789,0.75036,0.60430
2011.08.02 13:40,1,1635.48800,1633.62836,1640.13711,1.85964,0.60403
2011.08.02 17:10,1,1640.62100,1638.60429,1645.66279,2.01671,0.55246
2011.08.02 18:55,1,1646.78700,1646.01757,1648.71057,0.76943,0.54714
2011.08.03 04:55,1,1658.16900,1657.53907,1659.74382,0.62993,0.58953
2011.08.04 09:10,1,1664.52300,1663.30857,1667.55907,1.21443,0.55092
2011.08.04 10:40,1,1663.42000,1661.84721,1667.35196,1.57279,0.54283
2011.08.05 16:55,1,1656.13300,1651.72850,1667.14425,4.40450,0.50935
2011.08.07 22:55,1,1687.27800,1683.81014,1695.94764,3.46786,0.52887
2011.08.08 04:40,1,1701.47200,1699.68171,1705.94771,1.79029,0.54741
2011.08.08 06:40,1,1709.27400,1706.83264,1715.37739,2.44136,0.57426
2011.08.08 18:55,1,1710.66000,1707.70457,1718.04857,2.95543,0.53122
2011.08.08 21:30,1,1716.36500,1715.62036,1718.22661,0.74464,0.51451
2011.08.09 01:05,1,1727.13900,1725.66536,1730.82311,1.47364,0.58840
2011.08.09 02:50,1,1764.28200,1761.52507,1771.17432,2.75693,0.57542
2011.08.09 20:35,1,1737.81300,1731.80679,1752.82854,6.00621,0.54721
2011.08.09 22:20,1,1744.80500,1743.94979,1746.94304,0.85521,0.55614
2011.08.10 13:20,1,1775.83200,1771.87207,1785.73182,3.95993,0.56115
2011.08.10 14:50,1,1775.54800,1772.05900,1784.27050,3.48900,0.50637
2011.08.15 20:10,1,1761.44500,1759.91057,1765.28107,1.53443,0.51848
2011.08.16 04:40,1,1764.29400,1763.62800,1765.95900,0.66600,0.59354
2011.08.16 06:40,1,1768.00500,1767.09321,1770.28446,0.91179,0.60336
2011.08.16 09:25,1,1779.07500,1777.45343,1783.12893,1.62157,0.54560
2011.08.16 10:55,1,1775.92200,1773.90300,1780.96950,2.01900,0.60364
2011.08.17 04:00,1,1785.18600,1784.49286,1786.91886,0.69314,0.63606
2011.08.17 05:30,1,1786.15200,1785.38771,1788.06271,0.76429,0.56785
2011.08.17 07:30,1,1787.73600,1786.02721,1792.00796,1.70879,0.52897
2011.08.17 17:00,1,1786.39800,1784.58007,1790.94282,1.81793,0.57265
2011.08.17 19:45,1,1790.96600,1789.91400,1793.59600,1.05200,0.57020
2011.08.18 04:50,1,1790.76700,1790.13100,1792.35700,0.63600,0.60997
2011.08.18 06:35,1,1793.02800,1792.13014,1795.27264,0.89786,0.54487
2011.08.18 09:05,1,1794.27500,1793.27679,1796.77054,0.99821,0.65132
2011.08.18 11:20,1,1807.16600,1805.26950,1811.90725,1.89650,0.52080
2011.08.19 01:55,1,1833.50000,1832.15207,1836.86982,1.34793,0.53967
2011.08.19 04:25,1,1841.87000,1840.44464,1845.43339,1.42536,0.62022
2011.08.19 06:55,1,1851.96000,1850.04043,1856.75893,1.91957,0.57204
2011.08.22 04:00,1,1872.66300,1870.64414,1877.71014,2.01886,0.65387
2011.08.22 06:00,1,1881.19300,1879.39836,1885.67961,1.79464,0.60492
2011.08.22 07:45,1,1885.41300,1882.33557,1893.10657,3.07743,0.55684
2011.08.22 13:00,1,1865.87200,1862.68093,1873.84968,3.19107,0.52170
2011.08.22 17:00,1,1887.01800,1883.73657,1895.22157,3.28143,0.57196
2011.08.22 19:15,1,1889.78900,1888.47200,1893.08150,1.31700,0.54834
2011.08.22 21:00,1,1897.09900,1895.50064,1901.09489,1.59836,0.51042
2011.08.24 13:00,-1,1834.56200,1837.74871,1826.59521,3.18671,0.57662
2011.08.24 14:45,-1,1783.47900,1791.96229,1762.27079,8.48329,0.56245
2011.08.24 16:30,-1,1767.83400,1771.83721,1757.82596,4.00321,0.52150
2011.08.25 04:20,-1,1751.32900,1753.58936,1745.67811,2.26036,0.50638
2011.08.25 08:05,-1,1740.10900,1743.23114,1732.30364,3.12214,0.57881
2011.08.25 09:35,-1,1712.07100,1717.39707,1698.75582,5.32607,0.54904
2011.08.25 11:50,-1,1732.06200,1735.51600,1723.42700,3.45400,0.52401
2011.08.26 16:05,1,1782.84000,1778.32886,1794.11786,4.51114,0.61062
2011.08.26 17:35,1,1796.88500,1794.05686,1803.95536,2.82814,0.56054
2011.08.26 19:05,1,1811.77700,1809.00500,1818.70700,2.77200,0.60324
2011.08.26 20:50,1,1827.90300,1825.55536,1833.77211,2.34764,0.51767
2011.08.29 01:35,1,1813.03400,1809.90507,1820.85632,3.12893,0.50248
2011.08.30 17:20,1,1826.51500,1823.84957,1833.17857,2.66543,0.66407
2011.08.30 19:35,1,1839.21900,1837.07957,1844.56757,2.13943,0.63340
2011.08.31 02:55,1,1833.64000,1832.54221,1836.38446,1.09779,0.53317
2011.08.31 07:40,1,1824.73300,1823.06157,1828.91157,1.67143,0.50289
2011.09.02 05:05,1,1828.82200,1828.12079,1830.57504,0.70121,0.65346
2011.09.02 06:35,1,1834.75700,1833.66950,1837.47575,1.08750,0.60233
2011.09.02 09:05,1,1853.91700,1852.06357,1858.55057,1.85343,0.52863
2011.09.02 11:05,1,1854.23400,1852.75771,1857.92471,1.47629,0.52860
2011.09.02 14:05,1,1876.50200,1873.32293,1884.44968,3.17907,0.56584
2011.09.02 15:35,1,1874.24900,1872.38114,1878.91864,1.86786,0.52552
2011.09.02 17:50,1,1876.24800,1874.68893,1880.14568,1.55907,0.61339
2011.09.02 19:35,1,1880.94700,1879.13450,1885.47825,1.81250,0.59503
2011.09.04 21:05,1,1883.22100,1882.59136,1884.79511,0.62964,0.57713
2011.09.04 22:50,1,1878.41900,1876.28436,1883.75561,2.13464,0.53489
2011.09.05 04:05,1,1878.34700,1877.10529,1881.45129,1.24171,0.66302
2011.09.05 06:20,1,1878.73800,1877.19264,1882.60139,1.54536,0.66985
2011.09.05 13:05,1,1886.76600,1885.24043,1890.57993,1.52557,0.52871
2011.09.05 15:50,1,1899.82000,1898.21614,1903.82964,1.60386,0.50201
2011.09.06 02:25,1,1899.87200,1898.93850,1902.20575,0.93350,0.72209
2011.09.07 07:55,-1,1843.47200,1847.64386,1833.04236,4.17186,0.54176
2011.09.07 13:10,-1,1816.64900,1821.18564,1805.30739,4.53664,0.55651
2011.09.07 14:55,-1,1805.84400,1811.98229,1790.49829,6.13829,0.56831
2011.09.09 04:00,1,1860.89100,1859.93814,1863.27314,0.95286,0.67294
2011.09.09 05:30,1,1870.15300,1868.54643,1874.16943,1.60657,0.51432
2011.09.09 07:00,1,1876.96500,1874.29764,1883.63339,2.66736,0.60276
2011.09.09 14:00,1,1854.34000,1848.10457,1869.92857,6.23543,0.52384
2011.09.12 02:15,1,1849.42600,1847.95086,1853.11386,1.47514,0.51598
2011.09.12 13:15,-1,1835.43800,1839.79629,1824.54229,4.35829,0.61674
2011.09.12 15:00,-1,1833.41000,1837.30321,1823.67696,3.89321,0.50727
2011.09.15 08:15,-1,1814.28200,1817.04021,1807.38646,2.75821,0.61866
2011.09.15 09:45,-1,1809.75200,1811.68236,1804.92611,1.93036,0.55391
2011.09.15 13:45,-1,1786.93000,1792.93157,1771.92607,6.00157,0.51010
2011.09.18 21:00,1,1810.86700,1809.27243,1814.85343,1.59457,0.55035
2011.09.18 22:45,1,1818.25400,1816.39521,1822.90096,1.85879,0.50908
2011.09.21 02:35,1,1801.08400,1799.91057,1804.01757,1.17343,0.57618
2011.09.22 04:00,-1,1778.71000,1780.17314,1775.05214,1.46314,0.54942
2011.09.22 06:00,-1,1773.64700,1775.42614,1769.19914,1.77914,0.58792
2011.09.22 08:00,-1,1772.57500,1775.10414,1766.25214,2.52914,0.60699
2011.09.22 09:45,-1,1766.30700,1769.37764,1758.63039,3.07064,0.58906
2011.09.23 08:50,-1,1733.20300,1736.96871,1723.78871,3.76571,0.57834
2011.09.23 13:05,-1,1693.18800,1698.92864,1678.83639,5.74064,0.50070
2011.09.26 04:05,-1,1619.81300,1622.45700,1613.20300,2.64400,0.56811
2011.09.26 07:35,-1,1587.04600,1597.28000,1561.46100,10.23400,0.57538
2011.10.03 04:00,1,1630.10800,1628.15657,1634.98657,1.95143,0.59983
2011.10.03 05:30,1,1633.89700,1632.36129,1637.73629,1.53571,0.65121
2011.10.03 07:45,1,1650.46100,1647.02564,1659.04939,3.43536,0.53242
2011.10.03 11:15,1,1658.01600,1655.89943,1663.30743,2.11657,0.55793
2011.10.03 20:00,1,1654.01600,1651.41264,1660.52439,2.60336,0.63085
2011.10.03 22:55,1,1659.92400,1658.34629,1663.86829,1.57771,0.57347
2011.10.04 13:55,-1,1639.45600,1642.92571,1630.78171,3.46971,0.50998
2011.10.07 01:05,1,1653.12700,1652.08850,1655.72325,1.03850,0.53257
2011.10.10 14:15,1,1666.13900,1663.52664,1672.66989,2.61236,0.55097
2011.10.10 15:45,1,1674.67800,1672.35721,1680.47996,2.32079,0.52331
2011.10.10 17:30,1,1672.21800,1670.50821,1676.49246,1.70979,0.51130
2011.10.14 04:15,1,1666.16100,1665.46393,1667.90368,0.69707,0.58778
2011.10.14 06:45,1,1672.16800,1670.61400,1676.05300,1.55400,0.56183
2011.10.14 16:15,1,1673.35400,1671.64686,1677.62186,1.70714,0.52800
2011.10.14 19:00,1,1680.05400,1678.96379,1682.77954,1.09021,0.52313
2011.10.17 05:20,1,1680.80200,1679.94221,1682.95146,0.85979,0.65014
2011.10.17 06:50,1,1681.00700,1679.88771,1683.80521,1.11929,0.62132
2011.10.18 04:35,-1,1671.24600,1672.13857,1669.01457,0.89257,0.56835
2011.10.18 08:50,-1,1659.57700,1661.53821,1654.67396,1.96121,0.57758
2011.10.18 10:35,-1,1658.30300,1659.45479,1655.42354,1.15179,0.61521
2011.10.20 02:55,-1,1622.38300,1623.80007,1618.84032,1.41707,0.53989
2011.10.24 05:20,1,1647.53600,1646.54393,1650.01618,0.99207,0.53689
2011.10.24 08:20,-1,1650.23100,1651.86443,1646.14743,1.63343,0.52186
2011.10.25 01:15,1,1650.99400,1649.37279,1655.04704,1.62121,0.53296
2011.10.25 02:45,1,1655.93700,1654.62986,1659.20486,1.30714,0.54891
2011.10.25 14:00,1,1667.74100,1664.88736,1674.87511,2.85364,0.68355
2011.10.25 15:30,1,1692.89400,1690.04921,1700.00596,2.84479,0.50826
2011.10.26 01:25,1,1709.95500,1707.80100,1715.34000,2.15400,0.64778
2011.10.26 02:55,1,1711.34800,1710.26900,1714.04550,1.07900,0.65527
2011.10.26 15:55,1,1718.90900,1715.86886,1726.50936,3.04014,0.52843
2011.10.27 13:05,1,1725.75400,1722.59964,1733.63989,3.15436,0.64733
2011.10.27 14:35,1,1727.72700,1723.85521,1737.40646,3.87179,0.60232
2011.10.27 17:20,1,1745.79900,1743.44486,1751.68436,2.35414,0.53117
2011.10.27 19:35,1,1741.70400,1739.73957,1746.61507,1.96443,0.57945
2011.10.28 06:15,1,1739.29400,1737.67614,1743.33864,1.61786,0.53481
2011.10.28 16:45,1,1741.95700,1739.74450,1747.48825,2.21250,0.58505
2011.10.28 19:30,1,1743.54000,1742.25543,1746.75143,1.28457,0.57604
2011.10.31 01:25,-1,1731.94300,1733.27800,1728.60550,1.33500,0.54219
2011.11.01 09:20,-1,1708.78300,1710.63079,1704.16354,1.84779,0.59202
2011.11.01 11:50,-1,1688.22600,1689.75350,1684.40725,1.52750,0.58254
2011.11.02 05:00,1,1722.89300,1721.79000,1725.65050,1.10300,0.53594
2011.11.02 06:45,1,1725.73300,1724.61907,1728.51782,1.11393,0.51596
2011.11.02 13:00,1,1727.97000,1725.29621,1734.65446,2.67379,0.58165
2011.11.02 15:45,1,1737.83500,1736.09443,1742.18643,1.74057,0.51503
2011.11.03 02:05,1,1725.50900,1723.20107,1731.27882,2.30793,0.51870
2011.11.03 08:20,1,1731.12600,1728.65536,1737.30261,2.47064,0.71557
2011.11.03 10:20,1,1732.40100,1730.20179,1737.89904,2.19921,0.71607
2011.11.03 11:50,1,1761.53000,1758.00679,1770.33804,3.52321,0.55932
2011.11.04 07:30,1,1758.11200,1756.83207,1761.31182,1.27993,0.52918
2011.11.07 01:05,1,1765.57600,1764.19957,1769.01707,1.37643,0.54578
2011.11.07 02:35,1,1766.43500,1765.56764,1768.60339,0.86736,0.54014
2011.11.07 13:50,1,1776.84700,1775.00836,1781.44361,1.83864,0.62254
2011.11.07 17:20,1,1782.41200,1781.40507,1784.92932,1.00693,0.58758
2011.11.07 19:35,1,1793.09700,1791.93850,1795.99325,1.15850,0.50333
2011.11.08 02:20,1,1792.46300,1791.64986,1794.49586,0.81314,0.52522
2011.11.08 07:20,1,1788.79400,1787.93164,1790.94989,0.86236,0.53213
2011.11.08 20:20,1,1784.71200,1782.06114,1791.33914,2.65086,0.53573
2011.11.08 21:50,1,1785.40400,1784.72093,1787.11168,0.68307,0.59660
2011.11.09 02:10,1,1793.76400,1792.77121,1796.24596,0.99279,0.50778
2011.11.09 16:55,-1,1788.70900,1791.55429,1781.59579,2.84529,0.55877
2011.11.09 18:55,-1,1782.22800,1784.26471,1777.13621,2.03671,0.51137
2011.11.10 01:40,-1,1768.93700,1770.44650,1765.16325,1.50950,0.60419
2011.11.10 09:25,1,1767.01400,1765.17143,1771.62043,1.84257,0.53535
2011.11.10 13:10,-1,1770.21200,1771.83900,1766.14450,1.62700,0.60578
2011.11.10 14:40,-1,1761.94100,1764.05700,1756.65100,2.11600,0.60586
2011.11.11 01:05,1,1757.80100,1756.60236,1760.79761,1.19864,0.54771
2011.11.11 02:50,1,1766.85000,1765.58321,1770.01696,1.26679,0.55371
2011.11.13 22:10,1,1787.08500,1786.47386,1788.61286,0.61114,0.50503
2011.11.14 02:30,1,1794.11300,1793.46286,1795.73836,0.65014,0.50930
2011.11.14 07:45,1,1781.80300,1780.43057,1785.23407,1.37243,0.50496
2011.11.15 04:10,-1,1775.78400,1776.62171,1773.68971,0.83771,0.56568
2011.11.15 05:40,-1,1770.86700,1772.39329,1767.05129,1.52629,0.52755
2011.11.15 07:25,-1,1769.62800,1771.06800,1766.02800,1.44000,0.59567
2011.11.16 22:45,-1,1761.76700,1762.60693,1759.66718,0.83993,0.50709
2011.11.17 09:25,-1,1760.41800,1761.98829,1756.49229,1.57029,0.54623
2011.11.17 10:55,-1,1757.87500,1759.51821,1753.76696,1.64321,0.51410
2011.11.17 13:25,-1,1746.40700,1749.51407,1738.63932,3.10707,0.58904
2011.11.17 14:55,-1,1745.18400,1748.56593,1736.72918,3.38193,0.61314
2011.11.21 08:00,-1,1717.00000,1718.70693,1712.73268,1.70693,0.61925
2011.11.21 09:30,-1,1713.76700,1715.79436,1708.69861,2.02736,0.66782
2011.11.21 11:15,-1,1705.48200,1707.47650,1700.49575,1.99450,0.57137
2011.11.21 14:00,-1,1711.20200,1713.34164,1705.85289,2.13964,0.54068
2011.11.28 01:20,1,1707.18400,1704.99064,1712.66739,2.19336,0.51320
2011.11.28 08:05,1,1712.74000,1711.44814,1715.96964,1.29186,0.62906
2011.11.28 09:50,1,1715.81800,1714.13207,1720.03282,1.68593,0.62668
2011.11.28 11:50,1,1714.27900,1713.06479,1717.31454,1.21421,0.59619
2011.11.29 17:05,1,1714.96400,1712.84636,1720.25811,2.11764,0.51391
2011.11.30 01:10,1,1724.52300,1722.46521,1729.66746,2.05779,0.54302
2011.11.30 02:40,1,1724.67000,1723.56936,1727.42161,1.10064,0.52834
2011.11.30 05:25,-1,1722.44000,1723.30421,1720.27946,0.86421,0.50977
2011.11.30 10:10,1,1706.23800,1704.60479,1710.32104,1.63321,0.50348
2011.11.30 13:10,1,1736.98200,1734.08486,1744.22486,2.89714,0.61034
2011.11.30 15:25,1,1747.00500,1743.93579,1754.67804,3.06921,0.60644
2011.12.05 08:15,-1,1744.77300,1745.95821,1741.80996,1.18521,0.54334
2011.12.05 09:45,-1,1745.83600,1746.86629,1743.26029,1.03029,0.67905
2011.12.05 11:45,-1,1734.83600,1736.49779,1730.68154,1.66179,0.63523
2011.12.05 16:15,-1,1738.84200,1740.24829,1735.32629,1.40629,0.63122
2011.12.05 18:00,-1,1733.40200,1735.10129,1729.15379,1.69929,0.58477
2011.12.05 19:45,-1,1724.21600,1726.66314,1718.09814,2.44714,0.50592
2011.12.06 01:00,-1,1721.36000,1722.55836,1718.36411,1.19836,0.54400
2011.12.06 02:45,-1,1713.70100,1715.04386,1710.34386,1.34286,0.61759
2011.12.06 13:15,-1,1712.27000,1713.75936,1708.54661,1.48936,0.63977
2011.12.06 15:45,-1,1705.95700,1708.51386,1699.56486,2.55686,0.61334
2011.12.07 17:30,1,1737.67700,1736.57586,1740.42986,1.10114,0.51207
2011.12.08 13:55,-1,1723.59200,1726.56971,1716.14771,2.97771,0.53150
2011.12.08 18:25,-1,1710.12400,1712.18214,1704.97864,2.05814,0.51614
2011.12.08 19:55,-1,1706.21300,1708.02414,1701.68514,1.81114,0.50272
2011.12.12 02:15,-1,1709.03100,1710.09614,1706.36814,1.06514,0.60947
2011.12.12 04:45,-1,1692.02100,1694.36579,1686.15904,2.34479,0.58974
2011.12.12 07:00,-1,1689.34400,1690.51107,1686.42632,1.16707,0.62855
2011.12.12 08:45,-1,1687.98200,1689.85271,1683.30521,1.87071,0.68180
2011.12.12 10:15,-1,1679.93300,1681.98379,1674.80604,2.05079,0.60841
2011.12.12 13:15,-1,1675.47600,1676.76386,1672.25636,1.28786,0.52742
2011.12.13 01:10,-1,1663.23500,1664.98586,1658.85786,1.75086,0.56425
2011.12.13 02:55,-1,1655.16700,1656.65743,1651.44093,1.49043,0.58917
2011.12.13 16:55,-1,1662.70700,1665.04029,1656.87379,2.33329,0.52029
2011.12.13 18:25,-1,1659.29600,1661.16164,1654.63189,1.86564,0.51475
2011.12.14 13:35,-1,1627.92300,1630.26443,1622.06943,2.34143,0.57383
2011.12.14 16:05,-1,1570.91000,1575.89200,1558.45500,4.98200,0.54451
2011.12.20 13:35,1,1611.96300,1610.19571,1616.38121,1.76729,0.53335
2011.12.20 15:20,1,1614.95200,1613.04757,1619.71307,1.90443,0.52097
2011.12.21 01:50,1,1623.45000,1622.27021,1626.39946,1.17979,0.53217
2011.12.21 05:20,1,1624.95000,1623.83736,1627.73161,1.11264,0.58378
2011.12.21 06:50,1,1625.80300,1624.91114,1628.03264,0.89186,0.62055
2011.12.21 09:20,-1,1633.02300,1634.25636,1629.93961,1.23336,0.51713
2011.12.27 01:10,-1,1596.47300,1598.28043,1591.95443,1.80743,0.57537
2011.12.27 02:40,-1,1594.09000,1595.30107,1591.06232,1.21107,0.63065
2011.12.28 02:15,-1,1587.33900,1588.44500,1584.57400,1.10600,0.61291
2011.12.28 13:15,-1,1589.10300,1590.35457,1585.97407,1.25157,0.62206
2011.12.28 14:45,-1,1577.67500,1579.92029,1572.06179,2.24529,0.58065
2011.12.28 16:30,-1,1563.86200,1566.09736,1558.27361,2.23536,0.58126
2011.12.28 18:45,-1,1560.61300,1562.68279,1555.43854,2.06979,0.62022
2011.12.29 04:20,-1,1557.60000,1558.47279,1555.41804,0.87279,0.52434
2011.12.29 09:05,-1,1552.28000,1553.70371,1548.72071,1.42371,0.69357
2011.12.29 11:35,-1,1526.07300,1529.00350,1518.74675,2.93050,0.63063
2012.01.03 04:10,1,1578.81300,1577.57221,1581.91496,1.24079,0.52454
2012.01.03 05:55,1,1587.65000,1586.53314,1590.44214,1.11686,0.55107
2012.01.03 07:55,1,1590.71300,1589.22021,1594.44496,1.49279,0.51776
2012.01.03 09:40,1,1589.04300,1587.85171,1592.02121,1.19129,0.50743
2012.01.03 11:10,1,1591.99100,1590.72436,1595.15761,1.26664,0.52622
2012.01.03 17:40,1,1600.27300,1598.48236,1604.74961,1.79064,0.52767
2012.01.03 19:10,1,1603.48300,1601.70100,1607.93800,1.78200,0.54412
2012.01.04 01:05,-1,1599.26200,1601.16521,1594.50396,1.90321,0.52315
2012.01.04 02:50,-1,1599.24300,1600.56514,1595.93764,1.32214,0.56694
2012.01.04 09:20,-1,1608.72300,1610.26264,1604.87389,1.53964,0.56887
2012.01.04 11:20,-1,1599.15300,1601.15379,1594.15104,2.00079,0.54175
2012.01.05 05:25,1,1619.30600,1618.61707,1621.02832,0.68893,0.56563
2012.01.05 06:55,1,1623.02400,1621.93729,1625.74079,1.08671,0.50973
2012.01.05 16:25,1,1608.38300,1606.10871,1614.06871,2.27429,0.56058
2012.01.05 18:55,1,1622.95200,1621.12193,1627.52718,1.83007,0.50265
2012.01.09 04:25,1,1608.26300,1607.39229,1610.43979,0.87071,0.55530
2012.01.09 05:55,1,1611.76300,1610.82779,1614.10104,0.93521,0.59675
2012.01.10 08:20,1,1620.04300,1618.84421,1623.03996,1.19879,0.59765
2012.01.10 10:05,1,1625.29700,1623.61064,1629.51289,1.68636,0.57622
2012.01.10 11:50,1,1637.06500,1635.41379,1641.19304,1.65121,0.54367
2012.01.10 14:20,1,1634.75200,1632.55329,1640.24879,2.19871,0.50415
2012.01.11 05:25,1,1637.79600,1637.17971,1639.33671,0.61629,0.57246
2012.01.11 07:55,1,1643.51500,1642.19793,1646.80768,1.31707,0.51124
2012.01.12 08:55,1,1645.69300,1644.61864,1648.37889,1.07436,0.59749
2012.01.12 11:10,1,1653.73300,1652.62357,1656.50657,1.10943,0.55203
2012.01.13 05:20,1,1641.75200,1641.13643,1643.29093,0.61557,0.50732
2012.01.13 14:20,-1,1639.40800,1641.35479,1634.54104,1.94679,0.58390
2012.01.13 15:50,-1,1632.80500,1635.67729,1625.62429,2.87229,0.51259
2012.01.17 01:15,1,1650.16300,1648.61879,1654.02354,1.54421,0.61475
2012.01.17 02:45,1,1657.17300,1655.81943,1660.55693,1.35357,0.56486
2012.01.17 05:45,1,1658.12300,1657.31700,1660.13800,0.80600,0.55950
2012.01.20 08:00,-1,1654.31600,1655.22943,1652.03243,0.91343,0.61452
2012.01.20 09:30,-1,1647.84300,1649.35714,1644.05764,1.51414,0.52416
2012.01.20 11:00,-1,1646.68300,1648.03271,1643.30871,1.34971,0.61373
2012.01.23 01:05,1,1665.25200,1664.37893,1667.43468,0.87307,0.57164
2012.01.23 02:50,1,1668.45200,1667.52014,1670.78164,0.93186,0.51680
2012.01.23 08:50,1,1670.09100,1668.59929,1673.82029,1.49171,0.63810
2012.01.23 10:50,1,1676.13800,1674.96571,1679.06871,1.17229,0.59322
2012.01.24 01:05,-1,1676.25300,1677.30207,1673.63032,1.04907,0.54210
2012.01.24 02:35,-1,1676.19300,1676.98700,1674.20800,0.79400,0.51771
2012.01.24 08:20,-1,1673.03900,1674.34679,1669.76954,1.30779,0.55458
2012.01.25 02:35,1,1666.19800,1665.50229,1667.93729,0.69571,0.50844
2012.01.25 05:35,1,1666.82200,1666.29121,1668.14896,0.53079,0.51608
2012.01.25 08:20,-1,1667.66600,1668.44057,1665.72957,0.77457,0.60786
2012.01.25 10:05,-1,1660.68000,1662.31971,1656.58071,1.63971,0.51171
2012.01.25 11:35,-1,1654.55900,1656.06143,1650.80293,1.50243,0.55707
2012.01.25 16:50,1,1658.75300,1656.95821,1663.23996,1.79479,0.57359
2012.01.25 18:50,1,1695.85200,1691.10771,1707.71271,4.74429,0.51255
2012.01.25 20:50,1,1710.41700,1708.52707,1715.14182,1.88993,0.58244
2012.01.26 08:05,1,1705.82100,1704.35907,1709.47582,1.46193,0.58953
2012.01.26 09:35,1,1712.66400,1711.14443,1716.46293,1.51957,0.62733
2012.01.26 11:05,1,1719.18000,1717.44143,1723.52643,1.73857,0.59993
2012.01.26 13:35,1,1723.41500,1720.90486,1729.69036,2.51014,0.55514
2012.01.26 15:05,1,1728.10300,1724.95807,1735.96532,3.14493,0.55430
2012.01.27 17:25,1,1731.41600,1729.79943,1735.45743,1.61657,0.59271
2012.01.27 19:10,1,1734.69700,1733.45157,1737.81057,1.24543,0.57780
2012.01.27 20:40,1,1736.66500,1735.90193,1738.57268,0.76307,0.55270
2012.02.01 11:25,1,1745.95600,1744.87321,1748.66296,1.08279,0.53983
2012.02.02 02:45,1,1748.11000,1747.31186,1750.10536,0.79814,0.53408
2012.02.02 13:15,1,1745.81400,1744.27314,1749.66614,1.54086,0.60056
2012.02.02 14:45,1,1750.06600,1748.49914,1753.98314,1.56686,0.57425
2012.02.06 08:15,-1,1727.00900,1728.20707,1724.01382,1.19807,0.62213
2012.02.06 10:30,-1,1716.76600,1718.42043,1712.62993,1.65443,0.59363
2012.02.07 05:05,1,1721.18300,1720.41579,1723.10104,0.76721,0.54889
2012.02.07 08:20,-1,1723.97000,1725.43114,1720.31714,1.46114,0.50056
2012.02.07 09:50,-1,1723.07800,1724.30621,1720.00746,1.22821,0.55836
2012.02.07 13:20,1,1720.13300,1718.73064,1723.63889,1.40236,0.56252
2012.02.07 15:05,1,1730.63300,1728.17414,1736.78014,2.45886,0.50684
2012.02.07 17:05,1,1740.36800,1738.22371,1745.72871,2.14429,0.57932
2012.02.07 19:20,1,1747.11300,1745.42114,1751.34264,1.69186,0.59220
2012.02.09 13:00,1,1736.92300,1735.41986,1740.68086,1.50314,0.51722
2012.02.10 04:55,-1,1730.50800,1731.24050,1728.67675,0.73250,0.63405
2012.02.10 07:10,-1,1730.59600,1731.54000,1728.23600,0.94400,0.61816
2012.02.15 13:00,1,1726.28700,1724.88364,1729.79539,1.40336,0.50807
2012.02.16 02:00,-1,1722.80300,1723.79521,1720.32246,0.99221,0.56518
2012.02.17 02:25,1,1731.85500,1731.05729,1733.84929,0.79771,0.51948
2012.02.21 05:05,1,1735.80800,1735.29214,1737.09764,0.51586,0.58801
2012.02.21 07:35,1,1741.43600,1740.38221,1744.07046,1.05379,0.58088
2012.02.21 13:05,1,1739.75200,1738.52471,1742.82021,1.22729,0.65629
2012.02.21 15:20,1,1753.94000,1751.90907,1759.01732,2.03093,0.60189
2012.02.21 18:05,1,1755.22100,1753.97886,1758.32636,1.24214,0.58685
2012.02.21 19:35,1,1756.33100,1755.31650,1758.86725,1.01450,0.54927
2012.02.22 08:30,-1,1755.37300,1756.40907,1752.78282,1.03607,0.53056
2012.02.22 10:15,-1,1754.58500,1755.79600,1751.55750,1.21100,0.52143
2012.02.22 16:15,1,1756.91600,1755.22614,1761.14064,1.68986,0.69173
2012.02.22 17:45,1,1756.96000,1755.79014,1759.88464,1.16986,0.70968
2012.02.22 19:45,1,1778.05200,1775.95621,1783.29146,2.09579,0.68950
2012.02.23 06:15,1,1773.60300,1773.17329,1774.67729,0.42971,0.50512
2012.02.23 13:00,1,1778.08900,1777.20407,1780.30132,0.88493,0.55439
2012.02.23 14:30,1,1773.71800,1771.45986,1779.36336,2.25814,0.53821
2012.02.24 02:00,1,1778.07600,1777.42600,1779.70100,0.65000,0.50325
2012.02.27 08:15,-1,1770.45600,1771.51671,1767.80421,1.06071,0.58871
2012.02.27 10:00,-1,1767.24300,1768.47536,1764.16211,1.23236,0.56409
2012.02.27 11:45,-1,1768.20300,1769.68921,1764.48746,1.48621,0.52751
2012.02.28 01:25,1,1767.34700,1766.53243,1769.38343,0.81457,0.50756
2012.02.28 02:55,1,1768.88000,1768.44879,1769.95804,0.43121,0.50239
2012.02.28 13:55,1,1780.91300,1779.09836,1785.44961,1.81464,0.52434
2012.02.29 13:55,-1,1781.84300,1783.38007,1778.00032,1.53707,0.51991
2012.03.01 01:55,1,1718.06200,1716.30043,1722.46593,1.76157,0.50290
2012.03.05 08:10,-1,1706.97300,1707.94221,1704.54996,0.96921,0.61050
2012.03.05 10:55,-1,1696.89000,1698.27179,1693.43554,1.38179,0.59664
2012.03.06 08:05,-1,1698.46500,1699.48279,1695.92054,1.01779,0.66647
2012.03.06 09:35,-1,1694.38300,1695.83614,1690.75014,1.45314,0.63176
2012.03.06 13:05,-1,1684.59400,1686.33150,1680.25025,1.73750,0.63272
2012.03.06 15:05,-1,1670.27300,1673.96621,1661.03996,3.69321,0.63688
2012.03.09 01:45,1,1700.98400,1700.10507,1703.18132,0.87893,0.50095
2012.03.09 13:15,1,1699.70200,1698.67057,1702.28057,1.03143,0.51484
2012.03.13 16:45,-1,1695.75200,1697.42171,1691.57771,1.66971,0.60651
2012.03.13 18:30,-1,1683.26100,1686.23064,1675.83689,2.96964,0.55951
2012.03.14 09:05,-1,1666.45200,1668.50293,1661.32468,2.05093,0.64209
2012.03.14 10:50,-1,1656.25800,1658.20607,1651.38782,1.94807,0.56711
2012.03.14 13:50,-1,1648.58300,1651.57321,1641.10746,2.99021,0.53559
2012.03.14 15:35,-1,1646.76300,1649.19457,1640.68407,2.43157,0.56912
2012.03.19 04:20,-1,1662.34300,1663.11050,1660.42425,0.76750,0.57548
2012.03.19 07:05,-1,1662.12300,1662.91164,1660.15139,0.78864,0.58578
2012.03.20 01:10,-1,1663.79900,1664.32807,1662.47632,0.52907,0.56070
2012.03.20 08:55,-1,1652.66300,1654.12143,1649.01693,1.45843,0.64863
2012.03.20 10:55,-1,1650.04300,1651.16843,1647.22943,1.12543,0.61223
2012.03.22 08:10,-1,1643.78500,1645.45186,1639.61786,1.66686,0.58410
2012.03.22 09:55,-1,1637.44500,1639.33593,1632.71768,1.89093,0.61261
2012.03.22 11:40,-1,1635.60700,1637.05150,1631.99575,1.44450,0.55911
2012.03.25 21:40,1,1661.25200,1660.85214,1662.25164,0.39986,0.57672
2012.03.26 01:40,-1,1663.75200,1664.99393,1660.64718,1.24193,0.54852
2012.03.26 14:25,1,1684.75200,1682.39493,1690.64468,2.35707,0.57917
2012.03.26 17:25,1,1685.35200,1684.16143,1688.32843,1.19057,0.55107
2012.03.28 09:50,-1,1675.33300,1676.64736,1672.04711,1.31436,0.56173
2012.03.28 13:20,-1,1674.82300,1677.08000,1669.18050,2.25700,0.57949
2012.03.28 14:50,-1,1673.46300,1675.82514,1667.55764,2.36214,0.55786
2012.03.28 16:20,-1,1667.45200,1669.84407,1661.47182,2.39207,0.50663
2012.03.29 13:50,-1,1657.75100,1659.88193,1652.42368,2.13093,0.61778
2012.03.29 15:20,-1,1647.22500,1650.42086,1639.23536,3.19586,0.56573
2012.04.01 21:05,1,1672.69500,1672.18614,1673.96714,0.50886,0.58644
2012.04.02 13:25,1,1668.38200,1667.07321,1671.65396,1.30879,0.60484
2012.04.02 14:55,1,1682.11800,1679.93950,1687.56425,2.17850,0.55828
2012.04.03 17:40,-1,1671.33100,1672.79757,1667.66457,1.46657,0.50854
2012.04.04 04:10,-1,1643.41200,1643.92343,1642.13343,0.51143,0.60628
2012.04.04 05:40,-1,1643.93800,1644.51200,1642.50300,0.57400,0.63916
2012.04.04 07:25,-1,1637.22100,1638.73821,1633.42796,1.51721,0.61954
2012.04.04 08:55,-1,1631.80000,1633.55979,1627.40054,1.75979,0.69056
2012.04.04 10:25,-1,1632.87600,1634.24871,1629.44421,1.37271,0.61762
2012.04.04 11:55,-1,1620.20100,1622.38471,1614.74171,2.18371,0.58197
2012.04.04 15:40,-1,1620.02000,1622.69029,1613.34429,2.67029,0.54501
2012.04.06 14:50,1,1637.20400,1635.02443,1642.65293,2.17957,0.50753
2012.04.08 22:25,1,1644.55500,1642.58379,1649.48304,1.97121,0.54907
2012.04.10 04:10,-1,1652.32500,1653.05700,1650.49500,0.73200,0.57853
2012.04.10 05:40,-1,1653.07700,1653.67507,1651.58182,0.59807,0.55437
2012.04.10 07:55,-1,1646.58200,1647.94950,1643.16325,1.36750,0.57452
2012.04.10 16:10,1,1641.02100,1639.03829,1645.97779,1.98271,0.59432
2012.04.10 18:55,1,1660.65200,1659.18157,1664.32807,1.47043,0.59051
2012.04.12 13:25,1,1658.45200,1656.73807,1662.73682,1.71393,0.60420
2012.04.12 15:10,1,1673.09400,1671.22264,1677.77239,1.87136,0.52852
2012.04.16 04:10,-1,1649.06200,1649.56671,1647.80021,0.50471,0.54173
2012.04.16 05:40,-1,1647.66300,1648.77286,1644.88836,1.10986,0.53364
2012.04.16 07:25,-1,1644.16200,1645.50493,1640.80468,1.34293,0.60059
2012.04.17 10:25,-1,1654.33000,1655.09543,1652.41643,0.76543,0.50995
2012.04.19 08:10,-1,1643.68000,1645.02043,1640.32893,1.34043,0.63042
2012.04.19 09:55,-1,1642.41400,1643.62007,1639.39882,1.20607,0.65269
2012.04.19 11:55,-1,1643.75200,1645.52221,1639.32646,1.77021,0.55645
2012.04.23 05:00,-1,1642.22100,1642.58793,1641.30368,0.36693,0.53052
2012.04.23 06:45,-1,1641.60200,1642.23614,1640.01664,0.63414,0.60263
2012.04.23 08:30,-1,1634.13200,1635.36850,1631.04075,1.23650,0.67554
2012.04.23 10:15,-1,1632.83100,1633.96929,1629.98529,1.13829,0.67679
2012.04.23 11:45,-1,1627.77500,1628.93871,1624.86571,1.16371,0.62681
2012.04.25 16:15,1,1638.26400,1636.75721,1642.03096,1.50679,0.51719
2012.04.26 01:50,1,1644.11600,1643.53207,1645.57582,0.58393,0.56457
2012.04.26 05:35,1,1647.85200,1647.41779,1648.93754,0.43421,0.53613
2012.04.26 13:20,1,1653.05200,1651.59986,1656.68236,1.45214,0.53475
2012.04.26 15:50,1,1658.35200,1656.79643,1662.24093,1.55557,0.51126
2012.04.27 13:05,1,1665.41900,1663.66343,1669.80793,1.75557,0.54854
2012.04.27 15:20,1,1664.26100,1662.78814,1667.94314,1.47286,0.51236
2012.05.02 01:30,-1,1658.19300,1658.88407,1656.46532,0.69107,0.52933
2012.05.02 16:30,1,1652.27600,1651.10279,1655.20904,1.17321,0.55807
2012.05.03 05:00,-1,1648.85200,1649.31364,1647.69789,0.46164,0.56596
2012.05.03 07:30,-1,1646.29700,1647.86600,1642.37450,1.56900,0.56583
2012.05.03 13:00,-1,1639.55500,1641.87100,1633.76500,2.31600,0.55707
2012.05.03 14:45,-1,1635.34200,1637.90286,1628.93986,2.56086,0.53885
2012.05.04 04:15,-1,1635.71500,1636.04086,1634.90036,0.32586,0.58075
2012.05.04 05:45,-1,1634.32600,1634.74821,1633.27046,0.42221,0.54790
2012.05.04 07:15,-1,1632.69200,1633.47036,1630.74611,0.77836,0.60042
2012.05.07 07:55,-1,1638.32400,1639.29057,1635.90757,0.96657,0.50823
2012.05.08 05:40,-1,1637.74200,1638.05429,1636.96129,0.31229,0.53875
2012.05.08 07:55,-1,1630.02700,1631.31779,1626.80004,1.29079,0.62945
2012.05.08 13:40,-1,1607.37200,1609.70036,1601.55111,2.32836,0.60757
2012.05.08 15:40,-1,1602.23800,1604.61336,1596.29961,2.37536,0.61195
2012.05.09 01:10,-1,1598.49500,1599.70807,1595.46232,1.21307,0.56208
2012.05.09 02:55,-1,1589.06300,1590.15300,1586.33800,1.09000,0.61611
2012.05.09 08:25,-1,1586.23700,1587.66157,1582.67557,1.42457,0.64940
2012.05.09 10:55,-1,1585.93100,1587.48029,1582.05779,1.54929,0.62784
2012.05.11 04:35,-1,1585.50000,1585.93171,1584.42071,0.43171,0.53216
2012.05.11 06:20,-1,1582.91200,1583.99093,1580.21468,1.07893,0.57223
2012.05.11 07:50,-1,1578.29000,1580.06957,1573.84107,1.77957,0.65649
2012.05.14 04:35,-1,1580.88400,1581.35264,1579.71239,0.46864,0.60705
2012.05.14 06:05,-1,1578.66500,1579.42750,1576.75875,0.76250,0.63324
2012.05.14 08:35,-1,1563.68000,1565.38150,1559.42625,1.70150,0.62444
2012.05.14 10:35,-1,1562.77000,1564.10486,1559.43286,1.33486,0.60710
2012.05.15 02:50,-1,1554.37800,1555.21186,1552.29336,0.83386,0.54960
2012.05.15 16:20,-1,1557.24500,1558.81221,1553.32696,1.56721,0.66516
2012.05.15 18:05,-1,1553.61700,1554.86129,1550.50629,1.24429,0.59725
2012.05.15 19:35,-1,1542.82900,1544.56643,1538.48543,1.73743,0.55148
2012.05.16 01:10,-1,1542.81800,1544.30914,1539.09014,1.49114,0.54889
2012.05.16 02:40,-1,1540.00900,1540.76143,1538.12793,0.75243,0.57625
2012.05.17 07:55,-1,1548.85700,1550.44043,1544.89843,1.58343,0.52256
2012.05.17 13:55,1,1568.48800,1566.30764,1573.93889,2.18036,0.57938
2012.05.18 08:40,1,1587.57300,1584.72250,1594.69925,2.85050,0.50357
2012.05.18 11:55,1,1588.34700,1586.69614,1592.47414,1.65086,0.50144
2012.05.22 01:40,-1,1591.45200,1592.26271,1589.42521,0.81071,0.60656
2012.05.22 04:55,-1,1588.78500,1589.38000,1587.29750,0.59500,0.50108
2012.05.22 07:55,-1,1583.51300,1585.16279,1579.38854,1.64979,0.55868
2012.05.22 16:40,-1,1581.32800,1583.19721,1576.65496,1.86921,0.65363
2012.05.22 18:10,-1,1574.15000,1575.74543,1570.16143,1.59543,0.58281
2012.05.22 19:40,-1,1565.50400,1567.08043,1561.56293,1.57643,0.53576
2012.05.23 01:25,-1,1559.96600,1562.05521,1554.74296,2.08921,0.56541
2012.05.23 02:55,-1,1559.40000,1560.56657,1556.48357,1.16657,0.63324
2012.05.23 13:25,-1,1561.55300,1563.61136,1556.40711,2.05836,0.65156
2012.05.23 14:55,-1,1543.50600,1547.63529,1533.18279,4.12929,0.64497
2012.05.25 04:40,1,1553.63500,1552.71364,1555.93839,0.92136,0.51290
2012.05.28 04:25,1,1577.28300,1576.19164,1580.01139,1.09136,0.53815
2012.05.28 06:25,1,1580.94800,1580.09079,1583.09104,0.85721,0.57123
2012.05.29 15:15,-1,1574.21900,1576.08843,1569.54543,1.86943,0.60840
2012.05.30 01:00,-1,1553.96300,1554.85436,1551.73461,0.89136,0.61675
2012.05.30 02:45,-1,1546.94200,1548.01586,1544.25736,1.07386,0.58606
2012.06.01 08:15,-1,1556.37300,1558.36000,1551.40550,1.98700,0.63807
2012.06.01 09:45,-1,1552.39300,1554.40014,1547.37514,2.00714,0.56161
2012.06.01 11:15,-1,1554.86300,1556.08200,1551.81550,1.21900,0.53048
2012.06.01 14:30,1,1611.45200,1606.22236,1624.52611,5.22964,0.53826
2012.06.01 16:45,1,1616.45200,1614.84457,1620.47057,1.60743,0.57453
2012.06.01 19:45,1,1622.05200,1619.64336,1628.07361,2.40864,0.60005
2012.06.04 02:45,1,1619.74800,1618.88800,1621.89800,0.86000,0.51086
2012.06.06 02:05,1,1624.95300,1623.52857,1628.51407,1.42443,0.60737
2012.06.06 04:35,1,1626.23000,1625.44550,1628.19125,0.78450,0.64359
2012.06.06 06:35,1,1625.09700,1624.14579,1627.47504,0.95121,0.60397
2012.06.07 13:50,-1,1607.00300,1609.58671,1600.54371,2.58371,0.60485
2012.06.07 15:50,-1,1587.28100,1591.90264,1575.72689,4.62164,0.52904
2012.06.08 01:50,-1,1581.95200,1583.38771,1578.36271,1.43571,0.58706
2012.06.12 14:20,1,1607.05200,1604.55850,1613.28575,2.49350,0.56761
2012.06.13 14:30,1,1621.67100,1619.18514,1627.88564,2.48586,0.53544
2012.06.20 08:15,-1,1616.97300,1618.34121,1613.55246,1.36821,0.60022
2012.06.20 10:30,-1,1614.91300,1616.20100,1611.69300,1.28800,0.58517
2012.06.20 13:15,-1,1607.38300,1609.64871,1601.71871,2.26571,0.56154
2012.06.20 14:45,-1,1601.10600,1603.63221,1594.79046,2.52621,0.58668
2012.06.21 02:30,-1,1600.23300,1601.24664,1597.69889,1.01364,0.50141
2012.06.21 13:00,-1,1584.71300,1587.84807,1576.87532,3.13507,0.56070
2012.06.21 15:15,-1,1571.80100,1574.39964,1565.30439,2.59864,0.53741
2012.06.25 02:10,-1,1574.18400,1575.02286,1572.08686,0.83886,0.51461
2012.06.25 13:55,1,1573.96300,1572.43336,1577.78711,1.52964,0.52633
2012.06.25 15:55,1,1584.88800,1582.63407,1590.52282,2.25393,0.53030
2012.06.25 18:55,1,1583.69200,1583.02407,1585.36182,0.66793,0.56008
2012.06.27 02:25,-1,1573.47800,1574.07950,1571.97425,0.60150,0.50367
2012.06.28 01:40,-1,1576.33300,1577.06950,1574.49175,0.73650,0.50375
2012.06.28 04:10,-1,1575.26600,1575.93379,1573.59654,0.66779,0.51738
2012.06.28 07:25,-1,1572.30300,1573.12564,1570.24639,0.82264,0.66279
2012.06.28 13:10,-1,1564.06300,1566.58893,1557.74818,2.52593,0.71566
2012.06.28 14:40,-1,1553.71000,1557.43707,1544.39232,3.72707,0.69139
2012.06.29 11:40,1,1578.93800,1576.90050,1584.03175,2.03750,0.51174
2012.06.29 15:40,1,1596.07300,1594.57114,1599.82764,1.50186,0.50386
2012.07.03 06:45,1,1606.39600,1605.35250,1609.00475,1.04350,0.51028
2012.07.03 08:15,1,1607.22400,1605.64957,1611.16007,1.57443,0.50016
2012.07.03 11:00,1,1609.11700,1608.52664,1610.59289,0.59036,0.52742
2012.07.04 01:15,1,1618.06900,1617.18314,1620.28364,0.88586,0.52196
2012.07.05 13:45,-1,1604.53300,1607.39486,1597.37836,2.86186,0.53257
2012.07.05 15:45,-1,1606.95200,1608.65964,1602.68289,1.70764,0.54036
2012.07.06 02:30,1,1606.04500,1605.38871,1607.68571,0.65629,0.50390
2012.07.06 08:00,-1,1602.93300,1604.24107,1599.66282,1.30807,0.58681
2012.07.06 10:45,-1,1592.34300,1593.15393,1590.31568,0.81093,0.53546
2012.07.06 13:30,-1,1586.02300,1591.14914,1573.20764,5.12614,0.58757
2012.07.06 15:00,-1,1587.34300,1589.57071,1581.77371,2.22771,0.56299
2012.07.10 08:30,1,1587.94400,1586.90621,1590.53846,1.03779,0.55226
2012.07.10 14:00,-1,1592.79800,1594.56393,1588.38318,1.76593,0.51334
2012.07.10 17:15,-1,1579.73400,1581.57236,1575.13811,1.83836,0.51909
2012.07.10 18:45,-1,1565.76900,1568.09250,1559.96025,2.32350,0.51379
2012.07.11 02:45,-1,1573.39300,1574.05907,1571.72782,0.66607,0.51698
2012.07.12 02:40,-1,1572.32900,1573.26579,1569.98704,0.93679,0.50081
2012.07.12 08:10,-1,1569.09400,1570.67829,1565.13329,1.58429,0.67745
2012.07.12 10:55,-1,1564.47000,1565.93150,1560.81625,1.46150,0.58123
2012.07.16 07:25,-1,1587.21100,1588.33764,1584.39439,1.12664,0.50337
2012.07.17 13:10,-1,1587.05200,1589.08079,1581.98004,2.02879,0.51377
2012.07.17 15:55,-1,1585.61000,1587.63100,1580.55750,2.02100,0.52144
2012.07.18 01:40,-1,1582.34900,1583.09014,1580.49614,0.74114,0.57872
2012.07.18 08:55,-1,1581.69700,1582.63264,1579.35789,0.93564,0.57806
2012.07.18 10:40,-1,1578.39300,1579.44014,1575.77514,1.04714,0.55338
2012.07.20 08:40,-1,1584.70300,1585.66521,1582.29746,0.96221,0.58483
2012.07.20 10:10,-1,1581.32700,1582.39243,1578.66343,1.06543,0.55715
2012.07.20 11:40,-1,1578.40600,1579.79536,1574.93261,1.38936,0.53253
2012.07.23 04:10,-1,1578.77200,1579.44164,1577.09789,0.66964,0.56998
2012.07.23 06:10,-1,1575.08800,1576.08993,1572.58318,1.00193,0.61187
2012.07.23 07:55,-1,1572.76700,1574.17871,1569.23771,1.41171,0.68905
2012.07.25 01:40,1,1583.05200,1582.17064,1585.25539,0.88136,0.53923
2012.07.25 04:25,1,1582.95300,1582.24857,1584.71407,0.70443,0.51370
2012.07.25 05:55,1,1583.90300,1583.30800,1585.39050,0.59500,0.58373
2012.07.25 08:10,1,1588.91300,1586.86486,1594.03336,2.04814,0.57072
2012.07.25 10:10,1,1589.58500,1588.55521,1592.15946,1.02979,0.52855
2012.07.25 11:55,1,1601.76000,1600.70443,1604.39893,1.05557,0.52123
2012.07.25 14:55,1,1600.70400,1599.13286,1604.63186,1.57114,0.55760
2012.07.26 09:10,1,1604.87200,1603.70979,1607.77754,1.16221,0.62137
2012.07.26 11:55,1,1613.78300,1611.38686,1619.77336,2.39614,0.54931
2012.07.27 09:25,1,1620.62300,1619.15264,1624.29889,1.47036,0.64070
2012.07.27 10:55,1,1626.54300,1625.07943,1630.20193,1.46357,0.55754
2012.07.30 02:25,1,1621.16700,1620.41057,1623.05807,0.75643,0.51989
2012.08.01 13:00,-1,1605.28100,1607.35200,1600.10350,2.07100,0.54174
2012.08.01 15:30,-1,1602.25200,1603.90014,1598.13164,1.64814,0.57542
2012.08.02 15:00,-1,1593.98400,1596.49950,1587.69525,2.51550,0.53632
2012.08.06 08:50,1,1610.14300,1609.03150,1612.92175,1.11150,0.57946
2012.08.06 11:05,1,1607.65900,1606.54550,1610.44275,1.11350,0.58862
2012.08.06 13:35,1,1607.64800,1606.05350,1611.63425,1.59450,0.56797
2012.08.06 15:50,1,1612.31200,1610.90507,1615.82932,1.40693,0.50239
2012.08.07 01:05,1,1609.86800,1609.39057,1611.06157,0.47743,0.50355
2012.08.08 09:20,-1,1607.29300,1608.15414,1605.14014,0.86114,0.58984
2012.08.08 10:50,-1,1606.55200,1607.34107,1604.57932,0.78907,0.56746
2012.08.09 16:05,1,1613.93300,1612.94993,1616.39068,0.98307,0.54267
2012.08.09 17:50,1,1617.57300,1616.63936,1619.90711,0.93364,0.55515
2012.08.09 19:20,1,1616.74400,1616.08357,1618.39507,0.66043,0.52511
2012.08.10 02:35,1,1614.23200,1613.77079,1615.38504,0.46121,0.50821
2012.08.10 13:05,1,1618.25300,1616.23607,1623.29532,2.01693,0.61386
2012.08.10 14:50,1,1621.63200,1619.68879,1626.49004,1.94321,0.60383
2012.08.13 01:20,1,1620.62600,1620.03450,1622.10475,0.59150,0.51075
2012.08.14 13:05,-1,1598.21500,1601.58936,1589.77911,3.37436,0.51181
2012.08.14 14:35,-1,1599.54000,1601.42336,1594.83161,1.88336,0.58012
2012.08.15 04:05,-1,1600.77600,1601.21200,1599.68600,0.43600,0.52952
2012.08.15 07:05,-1,1599.35500,1600.15407,1597.35732,0.79907,0.56308
2012.08.16 07:35,-1,1602.08300,1602.92471,1599.97871,0.84171,0.50567
2012.08.16 14:05,1,1608.05200,1606.64679,1611.56504,1.40521,0.57766
2012.08.21 04:35,1,1621.52100,1621.08264,1622.61689,0.43836,0.60646
2012.08.21 06:35,1,1623.28000,1622.70943,1624.70643,0.57057,0.61190
2012.08.21 13:35,1,1639.04000,1637.34321,1643.28196,1.69679,0.58455
2012.08.21 15:20,1,1638.49500,1637.39043,1641.25643,1.10457,0.53067
2012.08.22 16:05,1,1640.35200,1639.29514,1642.99414,1.05686,0.58236
2012.08.22 17:50,1,1646.61800,1645.31529,1649.87479,1.30271,0.54997
2012.08.22 19:50,1,1654.85200,1653.35864,1658.58539,1.49336,0.51767
2012.08.23 01:20,1,1659.37800,1658.58921,1661.34996,0.78879,0.53738
2012.08.23 02:50,1,1664.69700,1663.29536,1668.20111,1.40164,0.62263
2012.08.23 13:50,1,1664.52900,1662.75350,1668.96775,1.77550,0.61310
2012.08.23 15:50,1,1673.37300,1671.88914,1677.08264,1.48386,0.52099
2012.08.27 01:05,1,1675.33300,1674.60086,1677.16336,0.73214,0.55949
2012.08.27 02:35,1,1675.35300,1674.74514,1676.87264,0.60786,0.61301
2012.08.27 18:05,-1,1670.16700,1671.08814,1667.86414,0.92114,0.50897
2012.08.27 19:50,-1,1664.11000,1665.29643,1661.14393,1.18643,0.50839
2012.08.28 01:50,-1,1659.36600,1660.39179,1656.80154,1.02579,0.58630
2012.08.28 16:50,-1,1668.79900,1669.81814,1666.25114,1.01914,0.52350
2012.08.28 18:50,-1,1667.62600,1668.33743,1665.84743,0.71143,0.55436
2012.08.31 13:05,1,1661.63900,1660.32736,1664.91811,1.31164,0.62769
2012.08.31 15:50,1,1679.86300,1677.11807,1686.72532,2.74493,0.56833
2012.08.31 17:35,1,1685.82900,1684.57286,1688.96936,1.25614,0.57940
2012.08.31 19:20,1,1689.74400,1688.78450,1692.14275,0.95950,0.51896
2012.09.03 13:05,1,1690.75300,1689.99407,1692.65032,0.75893,0.56216
2012.09.03 14:50,1,1691.85100,1691.10386,1693.71886,0.74714,0.55999
2012.09.04 02:00,1,1695.98500,1695.06429,1698.28679,0.92071,0.64888
2012.09.06 05:00,1,1696.50900,1696.16936,1697.35811,0.33964,0.61211
2012.09.06 06:30,1,1702.75200,1701.61636,1705.59111,1.13564,0.53797
2012.09.06 09:15,1,1708.34300,1707.44064,1710.59889,0.90236,0.59002
2012.09.06 11:15,1,1708.86000,1707.90279,1711.25304,0.95721,0.58286
2012.09.06 15:45,-1,1703.29700,1704.85221,1699.40896,1.55521,0.50566
2012.09.07 13:45,1,1726.59600,1723.85507,1733.44832,2.74093,0.58436
2012.09.07 15:15,1,1734.95200,1732.75671,1740.44021,2.19529,0.57521
2012.09.12 04:10,1,1735.40300,1734.82279,1736.85354,0.58021,0.59094
2012.09.12 05:55,1,1737.30300,1736.73393,1738.72568,0.56907,0.61734
2012.09.12 07:40,1,1738.56900,1737.59879,1740.99454,0.97021,0.60656
2012.09.12 09:25,1,1742.66700,1740.58786,1747.86486,2.07914,0.60537
2012.09.12 10:55,1,1743.36900,1742.25950,1746.14275,1.10950,0.59762
2012.09.13 17:40,1,1768.45200,1762.94014,1782.23164,5.51186,0.58017
2012.09.13 19:10,1,1765.55200,1762.80879,1772.41004,2.74321,0.63802
2012.09.14 02:55,1,1773.32700,1772.54593,1775.27968,0.78107,0.62396
2012.09.17 17:10,-1,1768.05200,1768.83793,1766.08718,0.78593,0.60136
2012.09.17 19:10,-1,1757.38600,1759.75821,1751.45546,2.37221,0.55175
2012.09.19 04:40,1,1771.35200,1770.12236,1774.42611,1.22964,0.64414
2012.09.19 06:55,1,1777.30300,1776.10607,1780.29532,1.19693,0.66512
2012.09.19 07:40,1,1776.45200,1775.06293,1779.92468,1.38907,0.57856
2012.09.26 14:25,-1,1744.51700,1746.40871,1739.78771,1.89171,0.55736
2012.09.26 15:55,-1,1746.97000,1749.05200,1741.76500,2.08200,0.55517
2012.09.27 13:10,1,1763.77300,1761.33179,1769.87604,2.44121,0.54943
2012.09.27 14:55,1,1765.38300,1763.49679,1770.09854,1.88621,0.53883
2012.09.27 17:25,1,1778.18500,1776.31650,1782.85625,1.86850,0.57785
2012.09.27 19:25,1,1778.00900,1776.95407,1780.64632,1.05493,0.52559
2012.10.01 05:55,1,1765.85900,1765.29436,1767.27061,0.56464,0.52117
2012.10.04 05:05,1,1781.75200,1781.07607,1783.44182,0.67593,0.61144
2012.10.04 07:50,1,1787.69200,1786.26971,1791.24771,1.42229,0.51009
2012.10.05 06:50,-1,1791.78800,1792.42536,1790.19461,0.63736,0.51106
2012.10.08 01:35,-1,1772.50000,1773.86743,1769.08143,1.36743,0.52073
2012.10.09 05:20,-1,1778.74300,1779.14679,1777.73354,0.40379,0.53026
2012.10.09 07:05,-1,1775.95200,1776.73714,1773.98914,0.78514,0.59742
2012.10.09 14:35,-1,1771.75300,1773.26664,1767.96889,1.51364,0.54632
2012.10.10 15:20,-1,1762.23500,1763.87264,1758.14089,1.63764,0.50879
2012.10.12 16:00,-1,1761.47600,1762.83364,1758.08189,1.35764,0.51048
2012.10.14 21:35,-1,1752.87400,1753.37714,1751.61614,0.50314,0.56918
2012.10.15 13:25,-1,1744.23500,1745.70807,1740.55232,1.47307,0.64133
2012.10.15 15:55,-1,1734.09300,1735.32893,1731.00318,1.23593,0.61358
2012.10.18 05:55,-1,1749.35200,1749.84471,1748.12021,0.49271,0.50404
2012.10.18 07:25,-1,1747.20200,1747.90336,1745.44861,0.70136,0.63793
2012.10.18 08:55,-1,1746.85200,1747.68136,1744.77861,0.82936,0.58713
2012.10.18 10:25,-1,1746.25300,1746.87536,1744.69711,0.62236,0.50725
2012.10.18 11:55,-1,1740.35200,1741.43214,1737.65164,1.08014,0.59114
2012.10.18 16:25,-1,1745.45200,1746.44907,1742.95932,0.99707,0.52631
2012.10.19 01:40,-1,1740.55200,1741.26471,1738.77021,0.71271,0.65823
2012.10.19 13:40,-1,1735.15300,1736.33350,1732.20175,1.18050,0.62900
2012.10.19 15:40,-1,1721.28000,1723.11107,1716.70232,1.83107,0.60377
2012.10.23 08:25,-1,1718.60300,1720.05107,1714.98282,1.44807,0.70044
2012.10.23 10:10,-1,1713.07300,1714.66514,1709.09264,1.59214,0.59143
2012.10.23 11:40,-1,1709.39700,1710.67836,1706.19361,1.28136,0.66093
2012.10.24 13:50,-1,1705.88300,1707.22743,1702.52193,1.34443,0.57379
2012.10.24 15:20,-1,1701.95200,1703.56336,1697.92361,1.61136,0.51629
2012.10.26 02:05,-1,1713.88100,1714.65193,1711.95368,0.77093,0.51828
2012.10.29 07:50,-1,1711.54400,1712.30214,1709.64864,0.75814,0.54715
2012.10.30 01:20,-1,1709.78300,1710.73293,1707.40818,0.94993,0.51243
2012.10.30 02:50,-1,1709.12300,1709.77200,1707.50050,0.64900,0.50860
2012.10.31 02:20,-1,1711.55200,1712.03729,1710.33879,0.48529,0.50986
2012.10.31 08:50,1,1715.27200,1714.09907,1718.20432,1.17293,0.50746
2012.10.31 13:50,1,1719.75200,1718.56714,1722.71414,1.18486,0.50801
2012.11.01 08:35,1,1722.37300,1721.19493,1725.31818,1.17807,0.52528
2012.11.01 10:05,1,1724.10300,1723.36064,1725.95889,0.74236,0.50372
2012.11.01 13:05,-1,1723.17300,1724.79093,1719.12818,1.61793,0.55746
2012.11.01 14:50,-1,1718.08300,1719.78579,1713.82604,1.70279,0.51847
2012.11.02 01:35,-1,1713.62300,1714.21686,1712.13836,0.59386,0.53839
2012.11.02 04:20,-1,1712.55200,1713.03693,1711.33968,0.48493,0.54513
2012.11.02 05:50,-1,1707.97300,1709.23064,1704.82889,1.25764,0.61734
2012.11.02 07:20,-1,1709.26300,1710.10293,1707.16318,0.83993,0.58657
2012.11.02 13:20,-1,1696.05200,1698.82657,1689.11557,2.77457,0.62968
2012.11.02 15:05,-1,1684.85300,1687.26171,1678.83121,2.40871,0.59370
2012.11.02 19:20,-1,1679.13400,1679.93107,1677.14132,0.79707,0.50041
2012.11.05 04:15,-1,1679.37300,1679.99321,1677.82246,0.62021,0.50734
2012.11.05 05:45,-1,1679.25200,1679.79443,1677.89593,0.54243,0.50699
2012.11.05 07:30,-1,1678.25300,1678.91221,1676.60496,0.65921,0.54623
2012.11.06 17:15,1,1713.95200,1711.90879,1719.06004,2.04321,0.51779
2012.11.07 05:45,1,1723.28600,1722.37221,1725.57046,0.91379,0.50799
2012.11.07 14:30,-1,1719.42700,1721.64757,1713.87557,2.22057,0.50120
2012.11.08 16:15,1,1723.55200,1721.94379,1727.57254,1.60821,0.50122
2012.11.09 08:00,1,1732.82800,1731.79314,1735.41514,1.03486,0.52863
2012.11.13 01:20,-1,1723.49000,1724.42786,1721.14536,0.93786,0.57762
2012.11.13 02:50,-1,1724.09800,1724.73993,1722.49318,0.64193,0.50961
2012.11.13 16:35,-1,1729.35200,1731.10250,1724.97575,1.75050,0.54391
2012.11.13 19:20,-1,1725.85200,1726.93493,1723.14468,1.08293,0.55479
2012.11.15 13:20,-1,1722.34300,1723.79064,1718.72389,1.44764,0.50484
2012.11.16 08:50,-1,1713.87300,1714.67371,1711.87121,0.80071,0.55096
2012.11.16 10:35,-1,1709.74300,1710.69900,1707.35300,0.95600,0.52049
2012.11.19 13:00,1,1724.78300,1724.24514,1726.12764,0.53786,0.50240
2012.11.20 09:15,1,1733.19300,1732.30964,1735.40139,0.88336,0.50586
2012.11.23 09:00,1,1732.85200,1732.01043,1734.95593,0.84157,0.55325
2012.11.23 11:30,1,1733.63300,1733.05807,1735.07032,0.57493,0.50708
2012.11.23 14:15,1,1733.47300,1732.68271,1735.44871,0.79029,0.56510
2012.11.23 15:45,1,1745.85200,1743.69286,1751.24986,2.15914,0.52120
2012.11.27 08:30,-1,1747.98300,1748.62307,1746.38282,0.64007,0.56631
2012.11.27 10:45,-1,1746.48300,1747.46207,1744.03532,0.97907,0.52119
2012.11.28 07:50,-1,1739.08200,1739.78514,1737.32414,0.70314,0.53326
2012.11.28 13:05,-1,1735.08300,1736.24479,1732.17854,1.16179,0.54326
2012.11.28 15:20,-1,1712.25200,1715.01164,1705.35289,2.75964,0.51325
2012.11.28 16:50,1,1715.20600,1713.62050,1719.16975,1.58550,0.54402
2012.12.04 04:05,-1,1713.29300,1713.87343,1711.84193,0.58043,0.53817
2012.12.04 06:20,-1,1702.53300,1704.69543,1697.12693,2.16243,0.61033
2012.12.04 07:50,-1,1705.99300,1706.89179,1703.74604,0.89879,0.58834
2012.12.05 13:50,-1,1697.14800,1698.92614,1692.70264,1.77814,0.66491
2012.12.05 15:20,-1,1690.89300,1693.06386,1685.46586,2.17086,0.63183
2012.12.10 08:00,1,1708.70300,1707.96500,1710.54800,0.73800,0.56166
2012.12.10 10:30,1,1709.05200,1708.37221,1710.75146,0.67979,0.51442
2012.12.10 14:45,1,1713.44700,1712.38664,1716.09789,1.06036,0.51405
2012.12.11 13:30,-1,1712.60300,1713.50979,1710.33604,0.90679,0.51371
2012.12.11 15:00,-1,1707.70300,1709.13886,1704.11336,1.43586,0.51399
2012.12.13 01:00,-1,1699.20300,1700.34457,1696.34907,1.14157,0.52442
2012.12.13 02:45,-1,1699.88100,1701.07879,1696.88654,1.19779,0.58885
2012.12.13 08:15,-1,1699.36600,1700.37336,1696.84761,1.00736,0.63740
2012.12.13 09:45,-1,1698.35200,1699.22921,1696.15896,0.87721,0.57971
2012.12.13 11:45,-1,1693.98000,1695.12107,1691.12732,1.14107,0.57996
2012.12.18 08:00,-1,1702.05300,1702.48343,1700.97693,0.43043,0.51566
2012.12.18 10:15,-1,1700.24800,1700.88421,1698.65746,0.63621,0.52676
2012.12.18 16:00,-1,1692.23300,1693.76479,1688.40354,1.53179,0.51554
2012.12.18 17:45,-1,1675.60200,1677.73100,1670.27950,2.12900,0.56302
2012.12.18 19:30,-1,1669.15200,1671.30343,1663.77343,2.15143,0.55747
2012.12.19 08:45,-1,1674.75200,1675.62743,1672.56343,0.87543,0.59481
2012.12.19 10:45,-1,1672.95200,1673.75950,1670.93325,0.80750,0.53293
2012.12.20 13:00,-1,1669.07300,1669.88364,1667.04639,0.81064,0.70137
2012.12.20 15:30,-1,1647.03300,1649.71921,1640.31746,2.68621,0.64663
2012.12.24 05:25,1,1656.75300,1656.44407,1657.52532,0.30893,0.50192
2012.12.31 09:55,-1,1666.53700,1667.25743,1664.73593,0.72043,0.56044
2012.12.31 16:55,1,1663.65300,1662.59850,1666.28925,1.05450,0.52107
2013.01.02 07:15,1,1682.49300,1681.38850,1685.25425,1.10450,0.53152
2013.01.02 14:45,1,1692.58300,1690.84743,1696.92193,1.73557,0.52764
2013.01.03 16:10,-1,1679.45200,1680.64864,1676.46039,1.19664,0.61021
2013.01.03 18:10,-1,1675.25200,1676.06850,1673.21075,0.81650,0.57578
2013.01.03 19:55,-1,1666.25200,1668.70164,1660.12789,2.44964,0.52347
2013.01.04 05:20,-1,1649.65200,1650.59100,1647.30450,0.93900,0.51943
2013.01.04 07:05,-1,1650.07600,1651.08529,1647.55279,1.00929,0.51340
2013.01.04 08:35,-1,1643.37600,1644.91836,1639.52011,1.54236,0.50359
2013.01.04 13:35,1,1642.15200,1639.37279,1649.10004,2.77921,0.50751
2013.01.08 08:15,1,1649.80300,1649.06736,1651.64211,0.73564,0.50799
2013.01.10 13:05,1,1660.84700,1659.67157,1663.78557,1.17543,0.56699
2013.01.10 14:35,1,1674.09200,1672.05014,1679.19664,2.04186,0.52145
2013.01.11 08:45,-1,1670.20300,1671.22071,1667.65871,1.01771,0.55710
2013.01.11 10:30,-1,1669.52300,1670.23543,1667.74193,0.71243,0.55666
2013.01.15 09:10,1,1680.66800,1678.82271,1685.28121,1.84529,0.54791
2013.01.16 02:25,1,1682.34200,1681.53071,1684.37021,0.81129,0.51018
2013.01.16 08:55,1,1678.65100,1677.56193,1681.37368,1.08907,0.52319
2013.01.17 04:50,1,1678.96300,1678.40929,1680.34729,0.55371,0.54675
2013.01.17 06:35,1,1678.85200,1678.25371,1680.34771,0.59829,0.53188
2013.01.22 04:25,1,1693.12200,1692.15857,1695.53057,0.96343,0.50304
2013.01.22 06:25,1,1693.75200,1693.26343,1694.97343,0.48857,0.52097
2013.01.22 07:55,1,1693.52100,1693.01914,1694.77564,0.50186,0.50238
2013.01.24 02:00,-1,1683.61300,1684.18579,1682.18104,0.57279,0.50051
2013.01.24 07:45,-1,1679.35300,1679.93393,1677.90068,0.58093,0.51790
2013.01.24 13:00,-1,1678.08000,1678.89814,1676.03464,0.81814,0.50100
2013.01.25 08:25,-1,1669.95200,1670.68093,1668.12968,0.72893,0.52883
2013.01.28 08:10,-1,1659.35300,1660.05436,1657.59961,0.70136,0.65758
2013.01.28 09:55,-1,1656.11200,1657.26229,1653.23629,1.15029,0.58259
2013.01.28 11:25,-1,1655.94700,1656.88271,1653.60771,0.93571,0.51699
2013.01.30 08:20,-1,1666.53500,1667.07457,1665.18607,0.53957,0.55283
2013.01.30 13:35,1,1676.44200,1674.32600,1681.73200,2.11600,0.62976
2013.01.30 15:50,1,1680.60700,1679.04286,1684.51736,1.56414,0.56424
2013.01.31 13:45,-1,1671.97900,1673.84414,1667.31614,1.86514,0.51174
2013.02.05 09:05,1,1673.72300,1672.98829,1675.55979,0.73471,0.57724
2013.02.05 13:35,-1,1683.76300,1685.21343,1680.13693,1.45043,0.53873
2013.02.05 15:05,-1,1673.16100,1675.22179,1668.00904,2.06079,0.51709
2013.02.07 16:55,-1,1675.70200,1677.44450,1671.34575,1.74250,0.51734
2013.02.07 19:25,-1,1670.99300,1671.73700,1669.13300,0.74400,0.52421
2013.02.08 20:05,-1,1668.47500,1668.87421,1667.47696,0.39921,0.51022
2013.02.11 08:10,-1,1667.18600,1667.73000,1665.82600,0.54400,0.71027
2013.02.11 09:40,-1,1664.02500,1665.03200,1661.50750,1.00700,0.63591
2013.02.11 11:25,-1,1660.70300,1661.64871,1658.33871,0.94571,0.68912
2013.02.11 15:25,-1,1648.38300,1650.12521,1644.02746,1.74221,0.50968
2013.02.13 07:30,-1,1648.15500,1648.68229,1646.83679,0.52729,0.57309
2013.02.14 08:40,1,1645.05200,1644.53393,1646.34718,0.51807,0.50236
2013.02.14 16:40,-1,1641.46000,1643.53279,1636.27804,2.07279,0.53584
2013.02.15 08:50,-1,1631.12600,1631.98943,1628.96743,0.86343,0.62352
2013.02.15 10:35,-1,1627.71800,1629.12007,1624.21282,1.40207,0.61331
2013.02.15 13:20,-1,1615.42600,1616.84557,1611.87707,1.41957,0.63292
2013.02.15 14:50,-1,1612.33600,1614.87986,1605.97636,2.54386,0.58371
2013.02.19 13:45,-1,1610.35200,1611.57450,1607.29575,1.22250,0.59435
2013.02.19 15:45,-1,1606.20600,1607.80279,1602.21404,1.59679,0.55653
2013.02.20 09:10,-1,1605.23000,1606.02300,1603.24750,0.79300,0.67212
2013.02.20 11:25,-1,1594.52400,1596.62164,1589.27989,2.09764,0.63081
2013.02.20 14:55,-1,1585.52400,1587.30071,1581.08221,1.77671,0.61086
2013.02.20 17:40,-1,1579.86300,1581.41750,1575.97675,1.55450,0.61254
2013.02.20 19:25,-1,1570.48300,1573.13357,1563.85657,2.65057,0.51613
2013.02.22 07:30,-1,1584.02800,1584.91257,1581.81657,0.88457,0.53059
2013.02.25 09:00,1,1589.36000,1588.12279,1592.45304,1.23721,0.55139
2013.02.26 13:00,1,1595.35200,1593.97736,1598.78861,1.37464,0.59004
2013.02.26 15:15,1,1590.04800,1587.37886,1596.72086,2.66914,0.53275
2013.02.27 09:25,-1,1609.01000,1609.84579,1606.92054,0.83579,0.55247
2013.02.28 08:20,-1,1598.65000,1599.73507,1595.93732,1.08507,0.59768
2013.02.28 10:20,-1,1590.94300,1592.74507,1586.43782,1.80207,0.56221
2013.02.28 11:50,-1,1591.92500,1593.19136,1588.75911,1.26636,0.51091
2013.03.01 08:30,-1,1578.24700,1579.45007,1575.23932,1.20307,0.66330
2013.03.01 10:15,-1,1570.70700,1572.83764,1565.38039,2.13064,0.57031
2013.03.01 11:45,-1,1571.34100,1572.53943,1568.34493,1.19843,0.53656
2013.03.05 07:40,-1,1580.94000,1581.91171,1578.51071,0.97171,0.52572
2013.03.06 07:35,-1,1577.45200,1578.11207,1575.80182,0.66007,0.53816
2013.03.11 07:40,-1,1581.95200,1582.51736,1580.53861,0.56536,0.50431
2013.03.12 08:10,1,1583.05100,1582.48436,1584.46761,0.56664,0.60129
2013.03.12 10:55,1,1591.78000,1591.06986,1593.55536,0.71014,0.61779
2013.03.13 13:05,-1,1597.85200,1599.54836,1593.61111,1.69636,0.50142
2013.03.13 14:50,-1,1589.38200,1591.63079,1583.76004,2.24879,0.50265
2013.03.14 08:00,-1,1588.56300,1589.33214,1586.64014,0.76914,0.57002
2013.03.14 09:45,-1,1588.13000,1588.88407,1586.24482,0.75407,0.57233
2013.03.19 01:20,1,1603.85200,1603.12329,1605.67379,0.72871,0.51676
2013.03.25 05:35,-1,1610.62000,1611.04929,1609.54679,0.42929,0.50416
2013.03.26 02:05,-1,1603.40500,1604.00986,1601.89286,0.60486,0.53688
2013.03.28 08:40,-1,1604.17700,1604.89236,1602.38861,0.71536,0.54321
2013.04.02 07:05,-1,1600.15200,1600.73979,1598.68254,0.58779,0.60754
2013.04.02 13:05,-1,1583.93100,1585.82986,1579.18386,1.89886,0.61535
2013.04.02 15:05,-1,1582.82300,1584.37786,1578.93586,1.55486,0.59558
2013.04.03 01:00,-1,1574.41500,1575.05329,1572.81929,0.63829,0.59345
2013.04.03 02:30,-1,1568.77600,1570.86564,1563.55189,2.08964,0.63355
2013.04.03 08:00,-1,1568.43800,1569.54221,1565.67746,1.10421,0.51252
2013.04.04 01:00,-1,1548.61400,1550.31107,1544.37132,1.69707,0.52611
2013.04.09 14:10,1,1583.45200,1581.94364,1587.22289,1.50836,0.56191
2013.04.10 16:25,-1,1563.97100,1565.28557,1560.68457,1.31457,0.66909
2013.04.10 17:55,-1,1561.47600,1563.33786,1556.82136,1.86186,0.63606
2013.04.10 19:25,-1,1559.45200,1560.36729,1557.16379,0.91529,0.65257
2013.04.12 02:30,-1,1561.44800,1562.04971,1559.94371,0.60171,0.50056
2013.04.12 08:15,-1,1557.70300,1558.66607,1555.29532,0.96307,0.69601
2013.04.12 11:00,-1,1549.12000,1550.27464,1546.23339,1.15464,0.61321
2013.04.12 13:30,-1,1536.32000,1538.98636,1529.65411,2.66636,0.63078
2013.04.12 15:45,-1,1506.04800,1511.36893,1492.74568,5.32093,0.57331
2013.04.15 01:15,-1,1482.64300,1485.44229,1475.64479,2.79929,0.60968
2013.04.15 02:45,-1,1441.39300,1451.38129,1416.42229,9.98829,0.57195
2013.04.15 08:00,-1,1440.95200,1445.03950,1430.73325,4.08750,0.55467
2013.04.15 09:30,-1,1403.25200,1410.35850,1385.48575,7.10650,0.52997
2013.04.15 13:30,-1,1411.75200,1416.93321,1398.79896,5.18121,0.54363
2013.04.15 15:45,-1,1379.20900,1387.17921,1359.28346,7.97021,0.51009
2013.04.19 07:55,1,1415.35200,1412.61214,1422.20164,2.73986,0.54406
2013.04.22 08:55,1,1424.55200,1423.26036,1427.78111,1.29164,0.57775
2013.04.22 10:40,1,1433.10200,1430.47457,1439.67057,2.62743,0.60105
2013.04.23 07:05,-1,1417.35200,1420.37250,1409.80075,3.02050,0.50758
2013.04.25 01:40,1,1434.37000,1432.54450,1438.93375,1.82550,0.61942
2013.04.26 02:35,1,1478.51500,1475.96821,1484.88196,2.54679,0.54277
2013.04.30 06:45,1,1465.63000,1464.13143,1469.37643,1.49857,0.50282
2013.05.01 13:00,-1,1457.25200,1459.86764,1450.71289,2.61564,0.50834
2013.05.01 15:45,-1,1440.87800,1443.16336,1435.16461,2.28536,0.56121
2013.05.07 15:30,-1,1445.89700,1447.83914,1441.04164,1.94214,0.51851
2013.05.10 08:45,-1,1446.85200,1448.57564,1442.54289,1.72364,0.61318
2013.05.10 10:15,-1,1449.16300,1450.52286,1445.76336,1.35986,0.62268
2013.05.15 05:05,-1,1425.85000,1426.44414,1424.36464,0.59414,0.57002
2013.05.15 07:35,-1,1411.25200,1413.67350,1405.19825,2.42150,0.65123
2013.05.15 13:05,-1,1414.45200,1417.18171,1407.62771,2.72971,0.59850
2013.05.15 15:35,-1,1395.94800,1399.29071,1387.59121,3.34271,0.55527
2013.05.16 05:00,-1,1393.68000,1394.71379,1391.09554,1.03379,0.50127
2013.05.16 06:30,-1,1393.53000,1394.80093,1390.35268,1.27093,0.53713
2013.05.16 08:00,-1,1377.23500,1379.76257,1370.91607,2.52757,0.62414
2013.05.16 10:15,-1,1373.67000,1375.35686,1369.45286,1.68686,0.50921
2013.05.17 01:10,-1,1387.42000,1388.55029,1384.59429,1.13029,0.51275
2013.05.17 13:55,-1,1371.49900,1375.45314,1361.61364,3.95414,0.64801
2013.05.17 15:40,-1,1363.65200,1366.54650,1356.41575,2.89450,0.58666
2013.05.17 17:25,-1,1367.24800,1369.35757,1361.97407,2.10957,0.53965
2013.05.19 22:25,-1,1343.05200,1345.58229,1336.72629,2.53029,0.55915
2013.05.20 19:25,1,1393.75200,1392.10586,1397.86736,1.64614,0.50929
2013.05.27 01:20,1,1387.01000,1385.90093,1389.78268,1.10907,0.50854
2013.05.28 08:10,-1,1385.25700,1386.44336,1382.29111,1.18636,0.59585
2013.05.28 10:10,-1,1380.65200,1382.13014,1376.95664,1.47814,0.53903
2013.05.28 16:25,-1,1390.45200,1393.74186,1382.22736,3.28986,0.52707
2013.05.28 18:55,-1,1381.47400,1382.75807,1378.26382,1.28407,0.51979
2013.05.30 01:25,1,1392.44700,1391.49143,1394.83593,0.95557,0.50922
2013.05.30 04:40,1,1395.31000,1394.60400,1397.07500,0.70600,0.60047
2013.05.30 06:40,1,1408.80000,1406.11150,1415.52125,2.68850,0.53739
2013.05.30 13:40,1,1412.95200,1409.87257,1420.65057,3.07943,0.51798
2013.05.30 15:55,1,1412.05200,1410.38700,1416.21450,1.66500,0.50343
2013.05.31 02:20,1,1420.36300,1419.20736,1423.25211,1.15564,0.51790
2013.06.04 01:20,1,1413.23400,1412.17514,1415.88114,1.05886,0.50053
2013.06.05 01:45,1,1402.63000,1401.70993,1404.93018,0.92007,0.51068
2013.06.05 06:45,-1,1403.16000,1404.11779,1400.76554,0.95779,0.50351
2013.06.07 13:00,-1,1394.48400,1398.97464,1383.25739,4.49064,0.52898
2013.06.07 15:00,-1,1380.87800,1383.58093,1374.12068,2.70293,0.56170
2013.06.10 05:15,-1,1384.39300,1384.94893,1383.00318,0.55593,0.51854
2013.06.10 07:00,-1,1381.30900,1382.55629,1378.19079,1.24729,0.54366
2013.06.11 06:25,-1,1383.70000,1384.44164,1381.84589,0.74164,0.58244
2013.06.11 07:55,-1,1373.20800,1375.07564,1368.53889,1.86764,0.52329
2013.06.12 13:50,1,1385.31000,1383.35679,1390.19304,1.95321,0.59336
2013.06.12 15:20,1,1391.76000,1389.67257,1396.97857,2.08743,0.53746
2013.06.14 08:00,-1,1383.71100,1384.58579,1381.52404,0.87479,0.56606
2013.06.14 10:45,-1,1379.96800,1380.72029,1378.08729,0.75229,0.54974
2013.06.17 01:30,1,1389.78900,1388.73043,1392.43543,1.05857,0.52561
2013.06.17 07:00,-1,1387.08200,1387.73743,1385.44343,0.65543,0.50966
2013.06.18 08:15,-1,1380.05600,1381.28886,1376.97386,1.23286,0.63309
2013.06.18 09:45,-1,1377.56000,1378.61529,1374.92179,1.05529,0.58792
2013.06.18 13:00,-1,1375.03800,1376.88457,1370.42157,1.84657,0.68767
2013.06.18 14:30,-1,1365.44400,1367.97357,1359.12007,2.52957,0.62386
2013.06.19 16:10,-1,1373.67700,1374.33557,1372.03057,0.65857,0.60871
2013.06.19 17:40,-1,1373.38000,1374.25907,1371.18232,0.87907,0.65750
2013.06.19 19:10,-1,1359.70000,1363.83271,1349.36821,4.13271,0.53280
2013.06.20 04:20,-1,1347.15100,1347.77879,1345.58154,0.62779,0.63275
2013.06.20 06:20,-1,1344.83400,1346.20229,1341.41329,1.36829,0.65748
2013.06.20 07:50,-1,1309.10500,1313.24550,1298.75375,4.14050,0.56134
2013.06.20 09:35,-1,1293.54300,1296.67507,1285.71282,3.13207,0.50485
2013.06.20 16:35,-1,1290.70300,1293.36571,1284.04621,2.66271,0.53930
2013.06.20 18:35,-1,1281.85800,1283.66400,1277.34300,1.80600,0.51178
2013.06.20 20:05,-1,1280.80200,1283.20329,1274.79879,2.40129,0.53601
2013.06.20 22:30,-1,1278.83300,1280.20486,1275.40336,1.37186,0.50091
2013.06.25 13:55,-1,1278.78000,1280.60564,1274.21589,1.82564,0.52046
2013.06.26 01:25,-1,1259.96700,1262.77693,1252.94218,2.80993,0.62392
2013.06.26 02:55,-1,1252.82700,1256.10007,1244.64432,3.27307,0.60142
2013.06.26 08:10,-1,1234.97000,1238.07471,1227.20821,3.10471,0.56928
2013.06.26 11:55,-1,1243.38000,1245.70671,1237.56321,2.32671,0.51246
2013.06.27 16:05,-1,1230.47000,1232.38736,1225.67661,1.91736,0.69700
2013.06.27 17:35,-1,1208.97000,1212.81000,1199.37000,3.84000,0.55099
2013.06.27 19:20,-1,1202.95000,1205.60207,1196.31982,2.65207,0.63633
2013.07.01 13:05,1,1240.40800,1238.37236,1245.49711,2.03564,0.54928
2013.07.01 14:35,1,1245.12000,1242.02093,1252.86768,3.09907,0.53986
2013.07.02 04:15,1,1257.22800,1256.06843,1260.12693,1.15957,0.56039
2013.07.02 06:00,1,1257.96000,1256.82450,1260.79875,1.13550,0.55296
2013.07.02 07:45,1,1262.93300,1261.20507,1267.25282,1.72793,0.51682
2013.07.05 07:20,-1,1240.61000,1242.05121,1237.00696,1.44121,0.56310
2013.07.05 13:20,-1,1218.84000,1223.35543,1207.55143,4.51543,0.65892
2013.07.05 15:20,-1,1213.97000,1216.00150,1208.89125,2.03150,0.69939
2013.07.09 01:20,1,1239.79000,1238.06857,1244.09357,1.72143,0.60525
2013.07.09 04:05,1,1253.03000,1251.95714,1255.71214,1.07286,0.54367
2013.07.09 05:50,1,1256.92000,1255.42314,1260.66214,1.49686,0.52186
2013.07.09 07:35,1,1255.93000,1254.66971,1259.08071,1.26029,0.53508
2013.07.10 01:20,1,1247.33000,1246.02471,1250.59321,1.30529,0.50841
2013.07.10 20:35,1,1259.78300,1258.49821,1262.99496,1.28479,0.61562
2013.07.21 22:15,1,1311.91300,1309.17814,1318.75014,2.73486,0.51920
2013.07.22 14:00,1,1326.88200,1325.26129,1330.93379,1.62071,0.51777
2013.07.29 08:00,1,1324.87000,1323.64914,1327.92214,1.22086,0.51669
2013.08.01 13:15,-1,1323.29000,1326.19793,1316.02018,2.90793,0.50303
2013.08.02 07:10,-1,1289.62900,1291.28907,1285.47882,1.66007,0.54380
2013.08.06 01:35,-1,1303.91300,1304.82214,1301.64014,0.90914,0.51578
2013.08.06 13:05,-1,1286.86300,1288.82736,1281.95211,1.96436,0.51427
2013.08.06 15:50,-1,1284.47300,1285.78236,1281.19961,1.30936,0.51968
2013.08.07 02:50,-1,1278.98300,1279.93407,1276.60532,0.95107,0.50667
2013.08.08 13:30,1,1293.83500,1291.80114,1298.91964,2.03386,0.59962
2013.08.11 22:15,1,1319.23100,1318.26679,1321.64154,0.96421,0.53894
2013.08.15 16:10,1,1338.91000,1336.65086,1344.55786,2.25914,0.56560
2013.08.15 18:55,1,1366.21000,1363.77643,1372.29393,2.43357,0.56693
2013.08.20 04:35,-1,1362.68000,1363.42293,1360.82268,0.74293,0.51946
2013.08.23 13:50,1,1385.90900,1384.27443,1389.99543,1.63457,0.56183
2013.08.28 04:30,1,1419.22300,1418.54393,1420.92068,0.67907,0.52701
2013.08.30 04:50,-1,1410.55500,1411.20750,1408.92375,0.65250,0.57569
2013.08.30 06:50,-1,1400.93300,1401.99857,1398.26907,1.06557,0.52819
2013.09.03 11:45,1,1398.01300,1397.16614,1400.13014,0.84686,0.50220
2013.09.05 13:30,-1,1390.62200,1392.90829,1384.90629,2.28629,0.62574
2013.09.10 01:10,-1,1385.14900,1385.81929,1383.47329,0.67029,0.52013
2013.09.10 02:40,-1,1383.24200,1384.00521,1381.33396,0.76321,0.50994
2013.09.10 06:40,-1,1379.02200,1379.96029,1376.67629,0.93829,0.52973
2013.09.10 08:10,-1,1375.20000,1376.29771,1372.45571,1.09771,0.62391
2013.09.10 10:25,-1,1372.07200,1372.99921,1369.75396,0.92721,0.53550
2013.09.10 13:25,-1,1364.72200,1366.45493,1360.38968,1.73293,0.53806
2013.09.10 15:40,-1,1364.21100,1365.43029,1361.16279,1.21929,0.55372
2013.09.11 08:25,-1,1367.31000,1368.14479,1365.22304,0.83479,0.55260
2013.09.12 01:05,-1,1361.24200,1361.93664,1359.50539,0.69464,0.50482
2013.09.12 04:20,-1,1357.90400,1359.64993,1353.53918,1.74593,0.66229
2013.09.12 06:20,-1,1357.35800,1358.44343,1354.64443,1.08543,0.68013
2013.09.12 07:50,-1,1342.67000,1345.91786,1334.55036,3.24786,0.62502
2013.09.12 14:35,-1,1330.74200,1332.58600,1326.13200,1.84400,0.50394
2013.09.12 16:05,-1,1331.96200,1333.13671,1329.02521,1.17471,0.52716
2013.09.12 18:20,-1,1329.24200,1330.14714,1326.97914,0.90514,0.51849
2013.09.13 05:35,-1,1310.82300,1313.18843,1304.90943,2.36543,0.54102
2013.09.13 07:35,-1,1317.15400,1318.60014,1313.53864,1.44614,0.51106
2013.09.16 05:20,-1,1330.00200,1330.84886,1327.88486,0.84686,0.56751
2013.09.16 07:35,-1,1324.45200,1325.96471,1320.67021,1.51271,0.55986
2013.09.17 13:05,-1,1313.74200,1315.72393,1308.78718,1.98193,0.52340
2013.09.17 14:50,-1,1311.50200,1313.27479,1307.07004,1.77279,0.52593
2013.09.18 01:00,-1,1298.28000,1301.08736,1291.26161,2.80736,0.50098
2013.09.18 16:45,1,1303.42300,1302.09243,1306.74943,1.33057,0.52997
2013.09.18 19:45,1,1366.34200,1361.70021,1377.94646,4.64179,0.54978
2013.09.19 04:25,1,1361.33700,1360.38486,1363.71736,0.95214,0.54769
2013.09.19 05:55,1,1362.94200,1361.81636,1365.75611,1.12564,0.51433
2013.09.20 16:25,-1,1332.44200,1334.33107,1327.71932,1.88907,0.50134
2013.09.20 19:25,-1,1332.04200,1333.38071,1328.69521,1.33871,0.51295
2013.09.23 01:10,-1,1318.34200,1320.40264,1313.19039,2.06064,0.53943
2013.09.23 02:40,-1,1321.94200,1323.13393,1318.96218,1.19193,0.56216
2013.09.23 17:25,-1,1327.39700,1328.34064,1325.03789,0.94364,0.50578
2013.09.25 13:00,1,1321.51200,1319.15029,1327.41629,2.36171,0.53939
2013.09.26 04:40,1,1333.05800,1332.57621,1334.26246,0.48179,0.60830
2013.09.26 06:10,1,1331.35200,1330.33236,1333.90111,1.01964,0.58931
2013.09.26 07:40,1,1337.32300,1335.51850,1341.83425,1.80450,0.51107
2013.09.30 08:35,-1,1340.71200,1341.54071,1338.64021,0.82871,0.54880
2013.10.01 10:05,-1,1331.22300,1332.43671,1328.18871,1.21371,0.53555
2013.10.01 14:05,-1,1293.34200,1296.54929,1285.32379,3.20729,0.64078
2013.10.01 15:35,-1,1290.78300,1293.28729,1284.52229,2.50429,0.55001
2013.10.04 01:05,1,1316.98500,1316.17907,1318.99982,0.80593,0.51377
2013.10.04 08:05,-1,1316.83200,1317.78721,1314.44396,0.95521,0.52957
2013.10.09 08:00,-1,1318.22200,1319.12036,1315.97611,0.89836,0.52574
2013.10.09 13:45,-1,1305.80300,1307.53764,1301.46639,1.73464,0.51366
2013.10.09 15:15,-1,1300.98700,1302.66500,1296.79200,1.67800,0.51953
2013.10.10 16:00,-1,1300.62300,1301.62314,1298.12264,1.00014,0.53983
2013.10.10 18:45,-1,1297.34600,1298.07393,1295.52618,0.72793,0.53689
2013.10.11 13:40,-1,1266.26300,1270.63786,1255.32586,4.37486,0.65136
2013.10.11 15:40,-1,1267.81700,1269.39771,1263.86521,1.58071,0.59020
2013.10.15 04:00,-1,1272.60700,1273.24793,1271.00468,0.64093,0.50720
2013.10.15 05:45,-1,1270.67800,1271.53357,1268.53907,0.85557,0.54465
2013.10.15 08:15,-1,1265.87300,1267.64500,1261.44300,1.77200,0.62156
2013.10.15 21:00,-1,1283.53700,1284.49379,1281.14504,0.95679,0.52424
2013.10.17 04:40,1,1280.81600,1280.28257,1282.14957,0.53343,0.61301
2013.10.17 06:40,1,1275.53200,1274.41550,1278.32325,1.11650,0.66906
2013.10.22 14:15,1,1336.54200,1334.97929,1340.44879,1.56271,0.60885
2013.10.22 15:45,1,1342.46200,1340.85579,1346.47754,1.60621,0.54213
2013.10.24 15:25,1,1350.33700,1349.18543,1353.21593,1.15157,0.50207
2013.10.29 07:15,-1,1353.46200,1354.24629,1351.50129,0.78429,0.51267
2013.10.31 08:25,-1,1333.93200,1335.54979,1329.88754,1.61779,0.53901
2013.10.31 11:40,-1,1331.90700,1332.69686,1329.93236,0.78986,0.50034
2013.11.01 08:05,-1,1322.11500,1322.87179,1320.22304,0.75679,0.58185
2013.11.01 09:35,-1,1318.42700,1319.72857,1315.17307,1.30157,0.50526
2013.11.07 08:20,-1,1315.99200,1316.61829,1314.42629,0.62629,0.59930
2013.11.07 11:35,-1,1314.25200,1315.13064,1312.05539,0.87864,0.52748
2013.11.08 13:15,-1,1293.41800,1294.61464,1290.42639,1.19664,0.71703
2013.11.08 15:45,-1,1286.34200,1288.37336,1281.26361,2.03136,0.63299
2013.11.11 06:45,-1,1286.53500,1287.04436,1285.26161,0.50936,0.50134
2013.11.11 14:30,-1,1283.60300,1284.46036,1281.45961,0.85736,0.53506
2013.11.12 08:55,-1,1279.00300,1280.21321,1275.97746,1.21021,0.50154
2013.11.12 16:25,-1,1276.04300,1277.58436,1272.18961,1.54136,0.67648
2013.11.12 18:10,-1,1273.89200,1274.96571,1271.20771,1.07371,0.63475
2013.11.12 19:55,-1,1267.14200,1268.88450,1262.78575,1.74250,0.63524
2013.11.13 07:05,-1,1272.65200,1273.45729,1270.63879,0.80529,0.54452
2013.11.14 07:30,-1,1282.05200,1283.10714,1279.41414,1.05514,0.56562
2013.11.14 13:00,1,1280.94900,1279.56821,1284.40096,1.38079,0.57402
2013.11.14 14:30,1,1286.34200,1284.69421,1290.46146,1.64779,0.60232
2013.11.15 06:10,-1,1287.79700,1288.37671,1286.34771,0.57971,0.50587
2013.11.15 07:40,-1,1285.00200,1285.79136,1283.02861,0.78936,0.52364
2013.11.18 13:55,-1,1284.93200,1286.53986,1280.91236,1.60786,0.56469
2013.11.18 16:10,-1,1279.82900,1280.95779,1277.00704,1.12879,0.64498
2013.11.18 18:25,-1,1274.60200,1275.78643,1271.64093,1.18443,0.69222
2013.11.18 19:55,-1,1271.95200,1272.64393,1270.22218,0.69193,0.61497
2013.11.19 07:05,-1,1272.24200,1273.05329,1270.21379,0.81129,0.50164
2013.11.20 08:45,-1,1271.95300,1273.10307,1269.07782,1.15007,0.70666
2013.11.20 11:00,-1,1270.27900,1271.13079,1268.14954,0.85179,0.70445
2013.11.20 16:00,-1,1263.52500,1266.08814,1257.11714,2.56314,0.62144
2013.11.20 17:30,-1,1261.39300,1262.45429,1258.73979,1.06129,0.62260
2013.11.20 19:00,-1,1249.78700,1252.13071,1243.92771,2.34371,0.61747
2013.11.21 07:00,-1,1247.17600,1247.95086,1245.23886,0.77486,0.51325
2013.11.25 04:10,-1,1240.39300,1240.90329,1239.11729,0.51029,0.51810
2013.11.25 05:40,-1,1238.52800,1239.21186,1236.81836,0.68386,0.57135
2013.11.25 07:10,-1,1231.34700,1232.65364,1228.08039,1.30664,0.60954
2013.11.26 08:05,-1,1252.45300,1253.44057,1249.98407,0.98757,0.52301
2013.11.27 07:45,-1,1245.08200,1245.65429,1243.65129,0.57229,0.58401
2013.11.29 13:30,1,1251.63900,1250.17164,1255.30739,1.46736,0.50614
2013.11.29 15:00,1,1253.24200,1252.47214,1255.16664,0.76986,0.50350
2013.12.02 08:00,-1,1243.14300,1243.92857,1241.17907,0.78557,0.52630
2013.12.02 14:00,-1,1238.35300,1239.48257,1235.52907,1.12957,0.59033
2013.12.02 15:30,-1,1228.62000,1230.56221,1223.76446,1.94221,0.54516
2013.12.02 17:00,-1,1225.87300,1227.22350,1222.49675,1.35050,0.66805
2013.12.02 19:00,-1,1223.10300,1224.69279,1219.12854,1.58979,0.63625
2013.12.03 07:25,-1,1223.34200,1224.04164,1221.59289,0.69964,0.51295
2013.12.04 08:20,-1,1215.44300,1216.83214,1211.97014,1.38914,0.61658
2013.12.04 09:50,-1,1214.12300,1214.94607,1212.06532,0.82307,0.54691
2013.12.04 13:05,1,1218.10300,1216.47507,1222.17282,1.62793,0.55223
2013.12.04 17:20,1,1242.35800,1240.78507,1246.29032,1.57293,0.50871
2013.12.10 04:10,1,1241.88000,1241.38336,1243.12161,0.49664,0.55729
2013.12.10 05:40,1,1242.03000,1241.71071,1242.82821,0.31929,0.58190
2013.12.10 13:10,1,1259.65600,1257.57229,1264.86529,2.08371,0.60177
2013.12.10 14:55,1,1264.61300,1262.82900,1269.07300,1.78400,0.53606
2013.12.12 08:30,-1,1253.76300,1254.76693,1251.25318,1.00393,0.66529
2013.12.12 11:15,-1,1242.24300,1243.06093,1240.19818,0.81793,0.62481
2013.12.12 13:45,-1,1235.31300,1236.77571,1231.65621,1.46271,0.51114
2013.12.16 13:40,1,1234.77300,1233.28043,1238.50443,1.49257,0.59128
2013.12.16 15:10,1,1242.33700,1240.93021,1245.85396,1.40679,0.55694
2013.12.17 08:05,-1,1243.85000,1245.00629,1240.95929,1.15629,0.52107
2013.12.18 20:00,-1,1231.20200,1237.59729,1215.21379,6.39529,0.63416
2013.12.18 21:45,-1,1218.08800,1220.29457,1212.57157,2.20657,0.55165
2013.12.19 08:10,-1,1213.67300,1215.76736,1208.43711,2.09436,0.63533
2013.12.19 09:40,-1,1204.55100,1206.92007,1198.62832,2.36907,0.50506
2013.12.19 13:10,-1,1202.07600,1203.55279,1198.38404,1.47679,0.56426
2013.12.19 15:40,-1,1196.64200,1198.87614,1191.05664,2.23414,0.50485
2013.12.23 07:35,-1,1201.66000,1202.31021,1200.03446,0.65021,0.53540
2013.12.26 13:15,1,1208.22200,1207.51000,1210.00200,0.71200,0.57438
2013.12.27 08:40,-1,1212.37300,1213.20779,1210.28604,0.83479,0.58137
2013.12.30 06:25,-1,1207.07500,1207.95921,1204.86446,0.88421,0.53417
2013.12.30 07:55,-1,1203.67200,1204.62600,1201.28700,0.95400,0.64892
2013.12.30 16:25,-1,1205.31300,1206.34907,1202.72282,1.03607,0.50595
2013.12.31 07:50,-1,1198.41400,1199.11807,1196.65382,0.70407,0.53253
2014.01.02 01:05,1,1211.34200,1210.61043,1213.17093,0.73157,0.59126
2014.01.02 02:35,1,1214.56300,1213.61543,1216.93193,0.94757,0.60512
2014.01.06 01:00,1,1237.10300,1235.82829,1240.28979,1.27471,0.53717
2014.01.07 18:10,1,1229.94200,1228.81279,1232.76504,1.12921,0.53851
2014.01.10 13:10,1,1233.98300,1233.15064,1236.06389,0.83236,0.65404
2014.01.10 14:40,1,1244.47900,1241.88357,1250.96757,2.59543,0.60523
2014.01.10 21:10,1,1246.14200,1245.55271,1247.61521,0.58929,0.50202
2014.01.14 14:20,1,1250.14200,1248.87893,1253.29968,1.26307,0.50055
2014.01.14 17:05,-1,1244.45100,1246.48207,1239.37332,2.03107,0.55316
2014.01.14 18:50,-1,1244.96300,1245.69950,1243.12175,0.73650,0.57119
2014.01.16 15:55,1,1241.35100,1240.02221,1244.67296,1.32879,0.50368
2014.01.17 13:20,1,1244.53300,1243.25336,1247.73211,1.27964,0.60757
2014.01.17 15:35,1,1249.38000,1248.18450,1252.36875,1.19550,0.59813
2014.01.17 19:35,1,1252.32600,1251.68693,1253.92368,0.63907,0.50568
2014.01.21 11:50,-1,1243.73300,1244.25543,1242.42693,0.52243,0.55838
2014.01.21 15:05,-1,1239.64300,1240.96964,1236.32639,1.32664,0.51662
2014.01.22 04:15,-1,1243.09400,1243.45500,1242.19150,0.36100,0.55020
2014.01.22 05:45,-1,1242.24200,1242.61593,1241.30718,0.37393,0.61954
2014.01.22 07:15,-1,1240.24200,1240.93350,1238.51325,0.69150,0.64149
2014.01.23 02:25,-1,1233.60300,1234.26357,1231.95157,0.66057,0.54647
2014.01.23 08:25,1,1239.00300,1238.32779,1240.69104,0.67521,0.57311
2014.01.23 10:10,1,1245.55700,1244.24950,1248.82575,1.30750,0.54869
2014.01.23 13:40,1,1256.42300,1255.03664,1259.88889,1.38636,0.62919
2014.01.23 15:25,1,1261.77300,1259.97864,1266.25889,1.79436,0.56019
2014.01.24 09:20,1,1259.48200,1258.58143,1261.73343,0.90057,0.62946
2014.01.24 11:20,1,1271.06200,1270.17514,1273.27914,0.88686,0.58532
2014.01.27 16:20,-1,1260.85300,1262.32443,1257.17443,1.47143,0.50914
2014.01.29 09:40,1,1254.49300,1253.70586,1256.46086,0.78714,0.60850
2014.01.29 11:10,1,1257.09300,1256.24300,1259.21800,0.85000,0.50250
2014.01.29 14:25,1,1266.13700,1264.40364,1270.47039,1.73336,0.56795
2014.01.30 13:05,-1,1251.73700,1252.81229,1249.04879,1.07529,0.50087
2014.02.03 13:45,1,1247.43300,1246.31150,1250.23675,1.12150,0.60814
2014.02.04 08:55,-1,1257.57200,1258.64886,1254.87986,1.07686,0.50347
2014.02.11 01:05,1,1282.58300,1281.50400,1285.28050,1.07900,0.54811
2014.02.11 02:35,1,1286.87300,1286.27157,1288.37657,0.60143,0.51688
2014.02.11 13:20,1,1282.01500,1280.75671,1285.16071,1.25829,0.51905
2014.02.11 14:50,1,1284.37000,1282.77664,1288.35339,1.59336,0.60196
2014.02.11 17:35,1,1291.36500,1290.00064,1294.77589,1.36436,0.52448
2014.02.11 19:20,1,1290.96300,1290.24950,1292.74675,0.71350,0.51912
2014.02.12 14:45,1,1290.20700,1288.98450,1293.26325,1.22250,0.51989
2014.02.13 09:10,1,1288.18200,1287.40379,1290.12754,0.77821,0.52521
2014.02.13 13:10,1,1293.67200,1292.74857,1295.98057,0.92343,0.61100
2014.02.13 14:40,1,1296.24200,1294.98000,1299.39700,1.26200,0.65767
2014.02.13 16:10,1,1296.90000,1295.82643,1299.58393,1.07357,0.60101
2014.02.13 17:40,1,1298.34200,1297.31014,1300.92164,1.03186,0.54782
2014.02.14 01:05,1,1304.42500,1303.73143,1306.15893,0.69357,0.61418
2014.02.14 02:50,1,1304.47200,1303.81464,1306.11539,0.65736,0.58073
2014.02.14 06:50,1,1308.71300,1308.06107,1310.34282,0.65193,0.56967
2014.02.14 09:35,1,1308.68300,1307.93136,1310.56211,0.75164,0.60271
2014.02.14 11:35,1,1316.93300,1315.91136,1319.48711,1.02164,0.53858
2014.02.17 01:05,1,1328.31000,1327.22607,1331.01982,1.08393,0.57152
2014.02.17 02:50,1,1325.66300,1325.05664,1327.17889,0.60636,0.52786
2014.02.18 10:00,-1,1313.54200,1314.49771,1311.15271,0.95571,0.58689
2014.02.18 14:15,1,1321.44000,1320.17579,1324.60054,1.26421,0.52217
2014.02.19 21:55,-1,1313.96300,1314.49614,1312.63014,0.53314,0.51723
2014.02.21 05:00,1,1316.90300,1316.54886,1317.78836,0.35414,0.53409
2014.02.21 06:45,1,1318.48300,1317.90700,1319.92300,0.57600,0.52181
2014.02.24 04:00,1,1320.35400,1319.83021,1321.66346,0.52379,0.58426
2014.02.24 05:30,1,1323.98300,1323.51129,1325.16229,0.47171,0.58132
2014.02.24 07:30,1,1330.22300,1329.43750,1332.18675,0.78550,0.57605
2014.02.24 09:15,1,1330.80300,1329.95686,1332.91836,0.84614,0.58385
2014.02.24 11:00,1,1336.34300,1335.74257,1337.84407,0.60043,0.50437
2014.02.25 13:00,1,1335.76800,1334.62714,1338.62014,1.14086,0.56459
2014.02.25 14:45,1,1337.68300,1336.66379,1340.23104,1.01921,0.61545
2014.02.25 16:15,1,1341.50000,1340.25214,1344.61964,1.24786,0.53883
2014.02.25 18:00,1,1343.14200,1342.47750,1344.80325,0.66450,0.53753
2014.02.25 19:30,1,1342.74200,1342.36400,1343.68700,0.37800,0.54003
2014.02.26 17:40,1,1328.54300,1327.67521,1330.71246,0.86779,0.54796
2014.02.26 19:10,1,1328.46300,1327.70421,1330.35996,0.75879,0.58711
2014.02.27 09:20,1,1327.63100,1326.75700,1329.81600,0.87400,0.61376
2014.02.27 10:50,1,1333.22100,1332.08221,1336.06796,1.13879,0.57650
2014.03.03 02:30,1,1342.36900,1341.20507,1345.27882,1.16393,0.52108
2014.03.03 05:15,1,1342.38300,1341.76900,1343.91800,0.61400,0.63937
2014.03.03 07:00,1,1347.14200,1346.51707,1348.70432,0.62493,0.62491
2014.03.03 13:00,1,1346.67800,1345.36814,1349.95264,1.30986,0.65488
2014.03.03 14:30,1,1348.63800,1347.34157,1351.87907,1.29643,0.65007
2014.03.06 07:00,-1,1334.91700,1335.83557,1332.62057,0.91857,0.50261
2014.03.06 13:45,1,1337.40500,1336.26150,1340.26375,1.14350,0.62821
2014.03.06 15:15,1,1346.42900,1344.83543,1350.41293,1.59357,0.64261
2014.03.06 16:45,1,1349.56300,1348.51643,1352.17943,1.04657,0.50147
2014.03.06 18:30,1,1350.50700,1349.50386,1353.01486,1.00314,0.52748
2014.03.10 09:40,1,1334.80000,1333.81486,1337.26286,0.98514,0.57092
2014.03.10 11:10,1,1336.25000,1335.51186,1338.09536,0.73814,0.58955
2014.03.11 09:20,1,1348.20000,1347.46621,1350.03446,0.73379,0.59871
2014.03.11 11:50,1,1347.88000,1346.97243,1350.14893,0.90757,0.58034
2014.03.11 17:20,1,1347.64200,1346.43729,1350.65379,1.20471,0.50878
2014.03.11 19:50,1,1347.33600,1346.78536,1348.71261,0.55064,0.52634
2014.03.12 01:00,1,1348.79000,1347.71000,1351.49000,1.08000,0.63187
2014.03.12 02:45,1,1357.33800,1355.87771,1360.98871,1.46029,0.56470
2014.03.12 13:00,1,1364.50000,1363.06821,1368.07946,1.43179,0.53116
2014.03.12 14:45,1,1365.76000,1364.54393,1368.80018,1.21607,0.56238
2014.03.13 01:00,1,1369.75900,1368.93621,1371.81596,0.82279,0.62238
2014.03.13 02:45,1,1372.68000,1371.77079,1374.95304,0.90921,0.56759
2014.03.13 11:00,-1,1369.22000,1370.10529,1367.00679,0.88529,0.50505
2014.03.14 04:10,1,1372.20400,1371.84850,1373.09275,0.35550,0.50137
2014.03.18 01:10,-1,1361.86300,1362.63579,1359.93104,0.77279,0.53735
2014.03.18 02:55,-1,1360.20700,1361.19100,1357.74700,0.98400,0.51894
2014.03.19 05:40,-1,1355.25100,1356.19214,1352.89814,0.94114,0.56367
2014.03.19 07:25,-1,1351.39900,1352.34429,1349.03579,0.94529,0.54379
2014.03.19 09:55,-1,1345.75100,1347.05164,1342.49939,1.30064,0.53654
2014.03.19 11:55,-1,1344.54200,1345.31121,1342.61896,0.76921,0.55718
2014.03.19 14:55,-1,1339.66900,1341.02450,1336.28025,1.35550,0.51112
2014.03.19 17:10,-1,1339.88300,1341.09450,1336.85425,1.21150,0.64877
2014.03.19 18:40,-1,1333.85400,1336.53079,1327.16204,2.67679,0.60255
2014.03.20 08:25,-1,1331.83900,1333.12671,1328.61971,1.28771,0.51715
2014.03.20 13:25,1,1324.81400,1322.96293,1329.44168,1.85107,0.52249
2014.03.24 14:15,-1,1317.14000,1318.42143,1313.93643,1.28143,0.65036
2014.03.24 15:45,-1,1310.61500,1312.16121,1306.74946,1.54621,0.52396
2014.03.26 14:15,-1,1309.84200,1311.03957,1306.84807,1.19757,0.56876
2014.03.26 15:45,-1,1303.54200,1305.50493,1298.63468,1.96293,0.57768
2014.03.27 08:10,-1,1299.49000,1300.32171,1297.41071,0.83171,0.60485
2014.03.27 10:25,-1,1295.29100,1296.25036,1292.89261,0.95936,0.55549
2014.03.27 11:55,-1,1298.36300,1299.33314,1295.93764,0.97014,0.57668
2014.03.28 08:10,-1,1295.89300,1296.62557,1294.06157,0.73257,0.54193
2014.03.28 09:40,-1,1296.93500,1297.49450,1295.53625,0.55950,0.51356
2014.03.31 14:25,-1,1292.94700,1294.94086,1287.96236,1.99386,0.55180
2014.03.31 16:10,-1,1287.84100,1289.10714,1284.67564,1.26614,0.60510
2014.03.31 18:55,-1,1283.94300,1284.69329,1282.06729,0.75029,0.60149
2014.04.02 10:25,1,1283.53000,1283.02129,1284.80179,0.50871,0.51419
2014.04.04 13:10,1,1300.27000,1296.81379,1308.91054,3.45621,0.55515
2014.04.04 14:55,1,1304.80000,1303.51800,1308.00500,1.28200,0.60291
2014.04.08 05:05,1,1300.72100,1300.25686,1301.88136,0.46414,0.53639
2014.04.08 11:50,1,1311.17000,1310.49886,1312.84786,0.67114,0.55644
2014.04.10 02:25,1,1315.34000,1314.68364,1316.98089,0.65636,0.62334
2014.04.10 04:55,1,1316.70000,1316.36586,1317.53536,0.33414,0.58765
2014.04.10 06:25,1,1317.28300,1316.73800,1318.64550,0.54500,0.59252
2014.04.10 08:40,1,1322.07000,1321.13450,1324.40875,0.93550,0.58906
2014.04.10 10:55,1,1321.00200,1320.33786,1322.66236,0.66414,0.60658
2014.04.14 13:10,1,1325.88100,1324.50164,1329.32939,1.37936,0.51096
2014.04.14 15:55,1,1327.14200,1326.46729,1328.82879,0.67471,0.51555
2014.04.15 04:10,-1,1320.42000,1321.09907,1318.72232,0.67907,0.51508
2014.04.15 06:10,-1,1316.14300,1316.83329,1314.41729,0.69029,0.59034
2014.04.15 07:40,-1,1310.95800,1312.53900,1307.00550,1.58100,0.59608
2014.04.15 09:40,-1,1308.74400,1309.61207,1306.57382,0.86807,0.51828
2014.04.15 11:25,-1,1304.49200,1305.88314,1301.01414,1.39114,0.51714
2014.04.16 02:55,-1,1298.92500,1299.66807,1297.06732,0.74307,0.50638
2014.04.17 08:25,1,1298.71000,1297.59843,1301.48893,1.11157,0.55703
2014.04.17 11:10,1,1301.26200,1300.65529,1302.77879,0.60671,0.54434
2014.04.21 01:00,-1,1292.04200,1293.60936,1288.12361,1.56736,0.50193
2014.04.21 09:00,-1,1287.43900,1288.66779,1284.36704,1.22879,0.57938
2014.04.21 10:30,-1,1287.60300,1288.18864,1286.13889,0.58564,0.59241
2014.04.22 13:40,-1,1288.27000,1289.26407,1285.78482,0.99407,0.57278
2014.04.22 15:55,-1,1280.69000,1281.94271,1277.55821,1.25271,0.51413
2014.04.23 14:05,-1,1283.99500,1284.93657,1281.64107,0.94157,0.54569
2014.04.23 15:35,-1,1283.28400,1284.24300,1280.88650,0.95900,0.56789
2014.04.24 08:15,-1,1282.91900,1283.77914,1280.76864,0.86014,0.62849
2014.04.24 10:00,-1,1281.22400,1281.74700,1279.91650,0.52300,0.63115
2014.04.24 13:15,1,1275.32200,1273.53429,1279.79129,1.78771,0.57740
2014.04.25 08:55,1,1292.43300,1291.63343,1294.43193,0.79957,0.55906
2014.04.25 10:25,1,1296.82300,1296.12429,1298.56979,0.69871,0.52412
2014.04.25 11:55,1,1299.31600,1298.07936,1302.40761,1.23664,0.50444
2014.04.29 04:35,-1,1295.09200,1295.31057,1294.54557,0.21857,0.53823
2014.04.29 06:05,-1,1295.58000,1296.04729,1294.41179,0.46729,0.57638
2014.04.29 07:35,-1,1290.41000,1291.57514,1287.49714,1.16514,0.53868
2014.05.01 04:10,-1,1288.94400,1289.26607,1288.13882,0.32207,0.56610
2014.05.01 06:25,-1,1288.43700,1288.95686,1287.13736,0.51986,0.61388
2014.05.01 07:55,-1,1282.03300,1283.33907,1278.76782,1.30607,0.63478
2014.05.02 14:20,1,1291.72200,1290.13479,1295.69004,1.58721,0.59786
2014.05.05 02:05,1,1307.66100,1306.55536,1310.42511,1.10564,0.53411
2014.05.05 04:35,1,1305.12900,1304.85893,1305.80418,0.27007,0.53377
2014.05.05 06:05,1,1306.32900,1305.65564,1308.01239,0.67336,0.54734
2014.05.05 07:35,1,1308.58400,1307.76557,1310.63007,0.81843,0.55569
2014.05.06 04:00,1,1309.18600,1308.96543,1309.73743,0.22057,0.51111
2014.05.06 09:30,-1,1308.40600,1309.04500,1306.80850,0.63900,0.52657
2014.05.07 01:10,1,1310.49200,1309.81214,1312.19164,0.67986,0.52844
2014.05.07 13:25,-1,1301.85400,1303.30729,1298.22079,1.45329,0.62775
2014.05.07 14:55,-1,1296.74500,1298.57800,1292.16250,1.83300,0.53650
2014.05.07 19:40,-1,1289.86000,1290.31436,1288.72411,0.45436,0.50082
2014.05.08 13:20,-1,1290.80300,1293.03129,1285.23229,2.22829,0.51187
2014.05.08 14:50,-1,1288.95300,1290.14443,1285.97443,1.19143,0.50341
2014.05.11 22:00,-1,1288.81500,1289.39800,1287.35750,0.58300,0.57042
2014.05.12 08:00,1,1290.31400,1289.29929,1292.85079,1.01471,0.55914
2014.05.12 09:45,1,1293.89200,1292.97286,1296.18986,0.91914,0.56374
2014.05.12 11:45,1,1300.66000,1300.02236,1302.25411,0.63764,0.56062
2014.05.12 14:15,1,1299.71000,1298.76664,1302.06839,0.94336,0.54286
2014.05.12 15:45,1,1298.62900,1297.93829,1300.35579,0.69071,0.50581
2014.05.14 08:50,1,1300.97800,1300.20250,1302.91675,0.77550,0.59313
2014.05.14 10:35,1,1303.87000,1303.30657,1305.27857,0.56343,0.58277
2014.05.15 08:00,1,1304.68800,1303.94321,1306.54996,0.74479,0.56483
2014.05.15 10:00,1,1304.00700,1303.32200,1305.71950,0.68500,0.51663
2014.05.15 11:45,1,1294.96300,1294.31493,1296.58318,0.64807,0.53234
2014.05.15 15:30,-1,1294.68500,1295.97614,1291.45714,1.29114,0.50568
2014.05.16 05:25,-1,1296.10800,1296.45779,1295.23354,0.34979,0.53777
2014.05.19 04:10,1,1295.16300,1294.72879,1296.24854,0.43421,0.58022
2014.05.19 06:10,1,1296.19900,1295.66257,1297.54007,0.53643,0.60501
2014.05.19 07:40,1,1300.88300,1300.30814,1302.32014,0.57486,0.57611
2014.05.20 04:20,-1,1294.27000,1294.52893,1293.62268,0.25893,0.52806
2014.05.20 06:05,-1,1293.26200,1293.73129,1292.08879,0.46929,0.54914
2014.05.20 07:35,-1,1289.69200,1290.66571,1287.25771,0.97371,0.54461
2014.05.22 09:30,1,1294.57300,1294.08221,1295.79996,0.49079,0.58891
2014.05.22 11:45,1,1300.40500,1299.71264,1302.13589,0.69236,0.57319
2014.05.27 04:05,-1,1291.89700,1292.43671,1290.54771,0.53971,0.61919
2014.05.27 06:05,-1,1286.62300,1287.25836,1285.03461,0.63536,0.59545
2014.05.27 07:35,-1,1284.85400,1285.98464,1282.02739,1.13064,0.63473
2014.05.27 10:20,-1,1283.91700,1284.73671,1281.86771,0.81971,0.58936
2014.05.27 13:35,-1,1275.72100,1276.91536,1272.73511,1.19436,0.59518
2014.05.27 16:05,-1,1267.06600,1267.92300,1264.92350,0.85700,0.58698
2014.05.27 18:55,-1,1266.94000,1267.49321,1265.55696,0.55321,0.61319
2014.05.27 20:40,-1,1264.73400,1265.23693,1263.47668,0.50293,0.55335
2014.05.28 13:05,-1,1263.34300,1264.45264,1260.56889,1.10964,0.59973
2014.05.29 04:30,-1,1258.33700,1258.86329,1257.02129,0.52629,0.58885
2014.05.29 06:00,-1,1257.52300,1257.98800,1256.36050,0.46500,0.61919
2014.05.29 07:45,-1,1252.92200,1253.95186,1250.34736,1.02986,0.54340
2014.05.30 13:25,-1,1253.93400,1255.27979,1250.56954,1.34579,0.58844
2014.05.30 15:40,-1,1242.69300,1243.66443,1240.26443,0.97143,0.52143
2014.06.05 13:25,1,1251.51400,1248.84221,1258.19346,2.67179,0.56922
2014.06.05 14:55,1,1254.24200,1253.28907,1256.62432,0.95293,0.50416
2014.06.06 08:35,-1,1254.67300,1255.13400,1253.52050,0.46100,0.52524
2014.06.10 13:30,1,1261.04300,1259.86643,1263.98443,1.17657,0.61586
2014.06.10 15:15,1,1260.92200,1260.28636,1262.51111,0.63564,0.58685
2014.06.12 08:20,1,1262.04000,1261.52686,1263.32286,0.51314,0.57362
2014.06.12 10:20,1,1264.06200,1263.53336,1265.38361,0.52864,0.54618
2014.06.12 13:05,1,1266.17100,1264.56343,1270.18993,1.60757,0.56222
2014.06.12 14:35,1,1273.09000,1272.06350,1275.65625,1.02650,0.52159
2014.06.13 16:30,1,1274.23000,1273.75871,1275.40821,0.47129,0.53314
2014.06.15 22:45,1,1279.04200,1278.33786,1280.80236,0.70414,0.61716
2014.06.16 02:30,1,1281.19000,1280.59393,1282.68018,0.59607,0.60538
2014.06.18 09:05,1,1267.20800,1266.62543,1268.66443,0.58257,0.59129
2014.06.18 10:50,1,1271.84700,1271.21343,1273.43093,0.63357,0.50946
2014.06.18 22:15,1,1276.75400,1275.95636,1278.74811,0.79764,0.54410
2014.06.19 05:15,1,1277.80300,1277.56243,1278.40443,0.24057,0.65080
2014.06.19 06:45,1,1280.66800,1280.06357,1282.17907,0.60443,0.55850
2014.06.19 14:00,1,1293.47500,1291.94864,1297.29089,1.52636,0.63225
2014.06.19 15:30,1,1297.94000,1296.52743,1301.47143,1.41257,0.64985
2014.06.19 17:00,1,1311.30000,1308.96550,1317.13625,2.33450,0.51783
2014.06.19 19:45,1,1318.34000,1316.97700,1321.74750,1.36300,0.57684
2014.06.24 08:25,1,1321.42300,1320.65536,1323.34211,0.76764,0.61171
2014.06.24 10:40,1,1324.76600,1323.92364,1326.87189,0.84236,0.59830
2014.06.24 13:55,-1,1317.95300,1319.05507,1315.19782,1.10207,0.52236
2014.06.26 13:15,1,1314.23500,1312.24050,1319.22125,1.99450,0.50250
2014.06.26 15:15,1,1315.38000,1314.33650,1317.98875,1.04350,0.54492
2014.06.27 11:55,1,1317.77100,1317.04736,1319.58011,0.72364,0.54022
2014.06.30 13:25,1,1313.73200,1312.60557,1316.54807,1.12643,0.55207
2014.06.30 15:25,1,1317.97100,1317.20629,1319.88279,0.76471,0.50465
2014.06.30 17:10,1,1319.53200,1318.87707,1321.16932,0.65493,0.55460
2014.06.30 19:25,1,1325.67100,1324.53843,1328.50243,1.13257,0.64324
2014.07.01 04:20,1,1326.85700,1326.47543,1327.81093,0.38157,0.50138
2014.07.03 10:55,-1,1320.19100,1320.74279,1318.81154,0.55179,0.50390
2014.07.04 04:05,1,1319.44500,1319.19757,1320.06357,0.24743,0.56127
2014.07.04 05:50,1,1319.51300,1319.30221,1320.03996,0.21079,0.56335
2014.07.04 07:50,1,1321.98300,1321.43993,1323.34068,0.54307,0.55163
2014.07.07 04:30,1,1316.49600,1316.28071,1317.03421,0.21529,0.50185
2014.07.08 08:10,1,1319.05500,1318.51064,1320.41589,0.54436,0.63456
2014.07.08 10:25,1,1319.15000,1318.73036,1320.19911,0.41964,0.60942
2014.07.08 11:55,1,1322.69300,1321.80657,1324.90907,0.88643,0.52514
2014.07.08 16:55,1,1315.90000,1315.25093,1317.52268,0.64907,0.51443
2014.07.09 01:20,1,1319.03800,1318.56743,1320.21443,0.47057,0.53230
2014.07.09 09:20,1,1322.62300,1322.10014,1323.93014,0.52286,0.67246
2014.07.09 11:35,1,1326.17600,1325.48393,1327.90618,0.69207,0.63110
2014.07.09 16:35,1,1321.99300,1321.28379,1323.76604,0.70921,0.64810
2014.07.09 18:05,1,1324.64800,1323.75807,1326.87282,0.88993,0.64331
2014.07.09 19:50,1,1327.94800,1326.82636,1330.75211,1.12164,0.64234
2014.07.10 04:15,1,1329.14300,1328.89929,1329.75229,0.24371,0.50187
2014.07.10 08:45,1,1330.34300,1329.76257,1331.79407,0.58043,0.71782
2014.07.10 10:30,1,1342.29100,1340.84843,1345.89743,1.44257,0.67101
2014.07.14 05:25,-1,1328.91600,1329.49300,1327.47350,0.57700,0.60367
2014.07.14 07:55,-1,1321.99700,1323.13771,1319.14521,1.14071,0.58826
2014.07.14 14:25,-1,1306.92100,1308.34129,1303.37029,1.42029,0.57769
2014.07.14 15:55,-1,1306.33200,1307.19907,1304.16432,0.86707,0.51787
2014.07.15 13:50,-1,1310.45300,1311.39557,1308.09657,0.94257,0.62784
2014.07.15 15:20,-1,1298.57300,1301.16850,1292.08425,2.59550,0.50963
2014.07.17 08:30,-1,1302.71200,1303.43914,1300.89414,0.72714,0.52036
2014.07.17 13:15,1,1304.43300,1302.92471,1308.20371,1.50829,0.61881
2014.07.17 15:15,1,1314.64200,1313.47443,1317.56093,1.16757,0.54157
2014.07.22 04:10,-1,1311.01500,1311.30107,1310.29982,0.28607,0.51108
2014.07.22 05:40,-1,1306.94300,1307.60893,1305.27818,0.66593,0.62439
2014.07.22 07:10,-1,1306.66300,1307.36000,1304.92050,0.69700,0.64862
2014.07.24 01:00,-1,1304.57100,1304.88829,1303.77779,0.31729,0.55209
2014.07.24 02:30,-1,1297.96100,1299.17764,1294.91939,1.21664,0.50541
2014.07.24 13:15,-1,1297.05200,1298.54029,1293.33129,1.48829,0.63753
2014.07.24 14:45,-1,1291.62300,1293.37564,1287.24139,1.75264,0.56498
2014.07.25 17:10,1,1302.48100,1301.66093,1304.53118,0.82007,0.57324
2014.07.28 09:25,1,1304.41800,1303.69064,1306.23639,0.72736,0.50517
2014.07.29 04:50,1,1304.68200,1304.40350,1305.37825,0.27850,0.53311
2014.07.29 06:20,1,1304.66400,1304.21214,1305.79364,0.45186,0.58157
2014.07.29 07:50,1,1310.96000,1310.03286,1313.27786,0.92714,0.50097
2014.07.29 13:35,-1,1303.00100,1304.06671,1300.33671,1.06571,0.62351
2014.07.29 15:20,-1,1299.74400,1300.76707,1297.18632,1.02307,0.52279
2014.07.30 14:20,-1,1293.82100,1295.03464,1290.78689,1.21364,0.57785
2014.07.30 15:50,-1,1293.67200,1294.51871,1291.55521,0.84671,0.56421
2014.07.31 15:00,-1,1286.09100,1287.17093,1283.39118,1.07993,0.58474
2014.07.31 16:45,-1,1282.20900,1283.02114,1280.17864,0.81214,0.61220
2014.07.31 19:30,-1,1285.20000,1285.82621,1283.63446,0.62621,0.61957
2014.08.04 09:00,-1,1294.21300,1294.76071,1292.84371,0.54771,0.51125
2014.08.05 13:40,-1,1286.61700,1287.88050,1283.45825,1.26350,0.63311
2014.08.05 15:10,-1,1284.35200,1285.49914,1281.48414,1.14714,0.61666
2014.08.06 14:20,1,1308.30000,1307.04793,1311.43018,1.25207,0.53459
2014.08.07 13:00,1,1304.51900,1302.80857,1308.79507,1.71043,0.53654
2014.08.07 14:30,1,1305.69700,1304.67750,1308.24575,1.01950,0.56522
2014.08.08 01:45,1,1310.92700,1310.22986,1312.66986,0.69714,0.55755
2014.08.08 04:30,1,1317.24600,1316.83793,1318.26618,0.40807,0.52354
2014.08.11 01:45,-1,1307.82600,1308.48857,1306.16957,0.66257,0.50468
2014.08.12 04:30,1,1306.15200,1305.92921,1306.70896,0.22279,0.54625
2014.08.12 06:30,1,1308.86100,1308.30179,1310.25904,0.55921,0.54308
2014.08.12 11:00,1,1311.83100,1311.21921,1313.36046,0.61179,0.54647
2014.08.12 13:45,1,1315.93000,1315.03993,1318.15518,0.89007,0.60727
2014.08.12 15:15,1,1315.77800,1314.68821,1318.50246,1.08979,0.58572
2014.08.15 14:15,-1,1293.25800,1294.34686,1290.53586,1.08886,0.52004
2014.08.19 02:25,1,1298.90800,1298.52050,1299.87675,0.38750,0.50759
2014.08.19 04:55,1,1299.78900,1299.51479,1300.47454,0.27421,0.50275
2014.08.20 04:05,-1,1295.27300,1295.53500,1294.61800,0.26200,0.60770
2014.08.20 05:35,-1,1295.81800,1296.18564,1294.89889,0.36764,0.62676
2014.08.20 07:05,-1,1295.44000,1296.00143,1294.03643,0.56143,0.61765
2014.08.20 17:20,-1,1294.09200,1294.47171,1293.14271,0.37971,0.58221
2014.08.20 19:50,-1,1291.27300,1291.97950,1289.50675,0.70650,0.56305
2014.08.21 01:00,-1,1289.20100,1289.53750,1288.35975,0.33650,0.57620
2014.08.21 04:15,-1,1286.87100,1287.49193,1285.31868,0.62093,0.61932
2014.08.21 06:00,-1,1280.74300,1282.19500,1277.11300,1.45200,0.54043
2014.08.21 07:45,-1,1280.20900,1281.10793,1277.96168,0.89893,0.58914
2014.08.26 04:50,1,1282.90400,1282.20936,1284.64061,0.69464,0.52832
2014.08.27 13:15,-1,1284.80800,1285.50450,1283.06675,0.69650,0.51306
2014.08.28 10:15,1,1291.40900,1290.47736,1293.73811,0.93164,0.57689
2014.09.01 08:10,-1,1289.40900,1289.82486,1288.36936,0.41586,0.55822
2014.09.01 09:40,-1,1287.53800,1287.95543,1286.49443,0.41743,0.50488
2014.09.01 11:10,-1,1287.75700,1288.09279,1286.91754,0.33579,0.58209
2014.09.02 02:25,-1,1282.93700,1283.45264,1281.64789,0.51564,0.66766
2014.09.02 05:40,-1,1282.91800,1283.37271,1281.78121,0.45471,0.63914
2014.09.02 08:10,-1,1276.47700,1277.21471,1274.63271,0.73771,0.61650
2014.09.02 09:40,-1,1277.14300,1277.73257,1275.66907,0.58957,0.62255
2014.09.02 11:25,-1,1272.03100,1273.42564,1268.54439,1.39464,0.52208
2014.09.02 13:55,-1,1266.66600,1267.54450,1264.46975,0.87850,0.62959
2014.09.02 15:25,-1,1264.58400,1265.47043,1262.36793,0.88643,0.53488
2014.09.03 11:10,-1,1269.71900,1270.34136,1268.16311,0.62236,0.50112
2014.09.03 13:40,-1,1266.22900,1267.01036,1264.27561,0.78136,0.50674
2014.09.04 22:00,-1,1261.33900,1261.81436,1260.15061,0.47536,0.56436
2014.09.05 10:00,-1,1265.02900,1265.39871,1264.10471,0.36971,0.50434
2014.09.08 13:00,-1,1264.51800,1265.27679,1262.62104,0.75879,0.59827
2014.09.08 14:45,-1,1257.21800,1258.59807,1253.76782,1.38007,0.54548
2014.09.09 13:55,-1,1255.26900,1256.45143,1252.31293,1.18243,0.61467
2014.09.09 15:40,-1,1251.20800,1251.90121,1249.47496,0.69321,0.53624
2014.09.10 14:35,-1,1249.70700,1251.00193,1246.46968,1.29493,0.51023
2014.09.11 09:15,-1,1248.17900,1248.72364,1246.81739,0.54464,0.61276
2014.09.11 13:30,-1,1243.16900,1244.52157,1239.78757,1.35257,0.61548
2014.09.12 01:15,-1,1237.03600,1237.66386,1235.46636,0.62786,0.60454
2014.09.12 02:45,-1,1234.17800,1235.26836,1231.45211,1.09036,0.58962
2014.09.12 11:15,-1,1238.69100,1239.11850,1237.62225,0.42750,0.55063
2014.09.15 11:00,-1,1235.47200,1235.87036,1234.47611,0.39836,0.50441
2014.09.17 16:25,-1,1236.01600,1236.71457,1234.26957,0.69857,0.54740
2014.09.17 19:10,-1,1228.07200,1230.14014,1222.90164,2.06814,0.63128
2014.09.17 22:10,-1,1218.11800,1219.39636,1214.92211,1.27836,0.53600
2014.09.18 09:25,-1,1222.59800,1223.34643,1220.72693,0.74843,0.58904
2014.09.18 11:10,-1,1223.51100,1224.05064,1222.16189,0.53964,0.61383
2014.09.19 04:25,-1,1224.74500,1225.57064,1222.68089,0.82564,0.59868
2014.09.19 06:10,-1,1223.75500,1225.29343,1219.90893,1.53843,0.57761
2014.09.19 07:40,-1,1222.94100,1223.87400,1220.60850,0.93300,0.63258
2014.09.19 13:10,-1,1223.14200,1224.23021,1220.42146,1.08821,0.56499
2014.09.19 15:55,-1,1218.03100,1219.37864,1214.66189,1.34764,0.55953
2014.09.22 01:10,-1,1215.10100,1215.89050,1213.12725,0.78950,0.57832
2014.09.22 02:55,-1,1213.90200,1214.73043,1211.83093,0.82843,0.61517
2014.09.22 11:10,-1,1212.69100,1213.26957,1211.24457,0.57857,0.52717
2014.09.22 17:40,-1,1217.14400,1217.83457,1215.41757,0.69057,0.62174
2014.09.22 19:10,-1,1216.67200,1217.14721,1215.48396,0.47521,0.57391
2014.09.23 08:05,1,1222.70900,1221.94429,1224.62079,0.76471,0.53234
2014.09.23 10:50,1,1231.84200,1231.06264,1233.79039,0.77936,0.51120
2014.09.25 01:25,-1,1213.79100,1214.62664,1211.70189,0.83564,0.62218
2014.09.25 02:55,-1,1214.58100,1215.05200,1213.40350,0.47100,0.61317
2014.09.25 05:40,-1,1213.52000,1213.86157,1212.66607,0.34157,0.61820
2014.09.25 07:55,-1,1208.50100,1209.66514,1205.59064,1.16414,0.57400
2014.09.25 11:55,-1,1210.51200,1211.15379,1208.90754,0.64179,0.52515
2014.09.26 08:05,-1,1224.02100,1224.82564,1222.00939,0.80464,0.54734
2014.09.29 11:05,-1,1221.58000,1222.19286,1220.04786,0.61286,0.51468
2014.09.29 13:35,-1,1219.58100,1220.79721,1216.54046,1.21621,0.55732
2014.09.29 15:50,-1,1216.68900,1217.59364,1214.42739,0.90464,0.55713
2014.09.30 08:45,-1,1217.02100,1217.52079,1215.77154,0.49979,0.67811
2014.09.30 10:30,-1,1209.21300,1210.12550,1206.93175,0.91250,0.62961
2014.10.01 11:00,-1,1208.48800,1209.13807,1206.86282,0.65007,0.54145
2014.10.02 04:25,-1,1218.75300,1219.26743,1217.46693,0.51443,0.55206
2014.10.02 06:10,-1,1218.10100,1218.89564,1216.11439,0.79464,0.55364
2014.10.03 04:05,-1,1212.55000,1212.95214,1211.54464,0.40214,0.60472
2014.10.03 06:35,-1,1210.20000,1210.69886,1208.95286,0.49886,0.62604
2014.10.03 11:20,-1,1207.71100,1208.42743,1205.91993,0.71643,0.53695
2014.10.03 13:50,-1,1195.43900,1197.80914,1189.51364,2.37014,0.53018
2014.10.05 22:05,-1,1185.81600,1186.75086,1183.47886,0.93486,0.54380
2014.10.06 11:50,-1,1196.84200,1197.57786,1195.00236,0.73586,0.52846
2014.10.07 07:15,1,1208.44800,1207.64271,1210.46121,0.80529,0.50670
2014.10.07 09:00,-1,1208.49900,1209.39121,1206.26846,0.89221,0.51053
2014.10.08 04:15,1,1212.05900,1211.59500,1213.21900,0.46400,0.53059
2014.10.08 05:45,1,1213.80200,1213.11857,1215.51057,0.68343,0.57415
2014.10.08 07:15,1,1216.17900,1215.28264,1218.41989,0.89636,0.60298
2014.10.09 01:55,1,1224.82200,1223.95329,1226.99379,0.86871,0.57892
2014.10.09 05:25,1,1225.10800,1224.62029,1226.32729,0.48771,0.54338
2014.10.09 07:55,1,1228.35700,1227.49036,1230.52361,0.86664,0.54995
2014.10.09 09:55,1,1228.06900,1227.36321,1229.83346,0.70579,0.58137
2014.10.10 08:50,1,1221.29400,1220.32614,1223.71364,0.96786,0.50016
2014.10.10 10:50,1,1223.21900,1222.60043,1224.76543,0.61857,0.53883
2014.10.13 11:35,1,1227.89000,1227.18979,1229.64054,0.70021,0.54447
2014.10.15 04:10,-1,1227.61200,1228.31100,1225.86450,0.69900,0.50942
2014.10.15 07:25,-1,1224.84700,1225.57293,1223.03218,0.72593,0.54148
2014.10.15 09:10,1,1223.83900,1222.97136,1226.00811,0.86764,0.55084
2014.10.15 10:55,1,1224.43100,1223.75457,1226.12207,0.67643,0.52877
2014.10.15 14:10,1,1238.05000,1234.77107,1246.24732,3.27893,0.57471
2014.10.15 15:55,1,1243.92700,1242.61329,1247.21129,1.31371,0.55364
2014.10.17 13:45,-1,1234.18200,1235.51807,1230.84182,1.33607,0.53515
2014.10.20 10:15,1,1241.56100,1241.05271,1242.83171,0.50829,0.58187
2014.10.21 04:15,1,1247.78800,1247.23229,1249.17729,0.55571,0.61739
2014.10.21 06:45,1,1248.70700,1248.04079,1250.37254,0.66621,0.64978
2014.10.21 13:15,1,1251.13100,1249.64936,1254.83511,1.48164,0.52629
2014.10.21 14:45,1,1252.27800,1251.20729,1254.95479,1.07071,0.58201
2014.10.22 14:40,-1,1243.80900,1244.61264,1241.79989,0.80364,0.51747
2014.10.23 08:10,-1,1238.96100,1239.82493,1236.80118,0.86393,0.57850
2014.10.23 09:40,-1,1239.38800,1240.00650,1237.84175,0.61850,0.59489
2014.10.23 11:10,-1,1237.00800,1237.68886,1235.30586,0.68086,0.57140
2014.10.23 13:55,-1,1232.84100,1233.72993,1230.61868,0.88893,0.55547
2014.10.28 08:20,-1,1230.14800,1230.67464,1228.83139,0.52664,0.55516
2014.10.28 10:50,-1,1228.33100,1228.85150,1227.02975,0.52050,0.60249
2014.10.29 16:00,-1,1223.12200,1223.71243,1221.64593,0.59043,0.52445
2014.10.29 17:30,-1,1224.72600,1225.28936,1223.31761,0.56336,0.54535
2014.10.30 04:25,-1,1213.08200,1213.38279,1212.33004,0.30079,0.65222
2014.10.30 07:10,-1,1205.45100,1206.55029,1202.70279,1.09929,0.56363
2014.10.30 13:10,-1,1204.94100,1206.78700,1200.32600,1.84600,0.53981
2014.10.31 04:10,-1,1198.87100,1199.28886,1197.82636,0.41786,0.62768
2014.10.31 06:40,-1,1186.38200,1188.05836,1182.19111,1.67636,0.57734
2014.10.31 14:25,-1,1166.08100,1167.82929,1161.71029,1.74829,0.56876
2014.10.31 15:55,-1,1165.54700,1167.01764,1161.87039,1.47064,0.52824
2014.11.05 01:05,-1,1168.86700,1169.43150,1167.45575,0.56450,0.55703
2014.11.05 02:50,-1,1163.64800,1164.19993,1162.26818,0.55193,0.65066
2014.11.05 05:20,-1,1155.05400,1155.84129,1153.08579,0.78729,0.61803
2014.11.05 07:50,-1,1148.30100,1149.96464,1144.14189,1.66364,0.59200
2014.11.05 09:20,-1,1147.11200,1148.57921,1143.44396,1.46721,0.50405
2014.11.05 11:20,-1,1144.11000,1145.02971,1141.81071,0.91971,0.55944
2014.11.07 13:10,1,1147.27900,1146.17286,1150.04436,1.10614,0.53717
2014.11.14 04:25,-1,1159.40800,1159.92543,1158.11443,0.51743,0.59199
2014.11.14 05:55,-1,1155.24100,1156.30136,1152.59011,1.06036,0.54569
2014.11.14 07:55,-1,1153.71900,1154.84136,1150.91311,1.12236,0.58765
2014.11.14 14:55,1,1168.49900,1166.83114,1172.66864,1.66786,0.54985
2014.11.14 19:25,1,1190.72800,1189.00429,1195.03729,1.72371,0.53547
2014.11.18 08:05,1,1193.28000,1191.77871,1197.03321,1.50129,0.50035
2014.11.18 09:35,1,1197.90800,1196.49236,1201.44711,1.41564,0.53367
2014.11.18 11:50,1,1196.52400,1195.69650,1198.59275,0.82750,0.51598
2014.11.21 13:40,1,1202.32900,1199.99514,1208.16364,2.33386,0.55723
2014.11.21 15:40,1,1204.51400,1203.23386,1207.71436,1.28014,0.54738
2014.11.24 11:25,1,1195.95200,1195.34050,1197.48075,0.61150,0.51583
2014.11.25 10:05,1,1201.22900,1200.42914,1203.22864,0.79986,0.54425
2014.11.25 20:20,1,1199.43200,1198.84793,1200.89218,0.58407,0.53366
2014.11.26 04:45,1,1198.64700,1198.26100,1199.61200,0.38600,0.50793
2014.11.28 02:35,-1,1184.93000,1185.49471,1183.51821,0.56471,0.56533
2014.12.01 13:05,1,1182.61200,1180.50114,1187.88914,2.11086,0.57078
2014.12.01 17:20,1,1204.54900,1202.44093,1209.81918,2.10807,0.52215
2014.12.08 17:15,1,1194.06100,1193.01550,1196.67475,1.04550,0.51185
2014.12.09 04:55,1,1201.10100,1200.43500,1202.76600,0.66600,0.55835
2014.12.09 07:40,1,1205.25100,1204.38457,1207.41707,0.86643,0.53643
2014.12.09 13:40,1,1215.42800,1213.10450,1221.23675,2.32350,0.56193
2014.12.09 15:40,1,1229.46100,1226.24850,1237.49225,3.21250,0.53508
2014.12.11 04:45,-1,1228.30000,1228.74457,1227.18857,0.44457,0.54179
2014.12.15 09:40,-1,1212.53800,1213.55971,1209.98371,1.02171,0.55613
2014.12.15 11:25,-1,1211.64100,1212.30543,1209.97993,0.66443,0.56134
2014.12.15 17:10,-1,1214.36200,1215.88736,1210.54861,1.52536,0.50755
2014.12.18 09:10,1,1199.41800,1198.20136,1202.45961,1.21664,0.57215
2014.12.18 10:40,1,1208.88800,1206.87614,1213.91764,2.01186,0.52570
2014.12.22 13:50,-1,1194.74100,1195.60207,1192.58832,0.86107,0.63370
2014.12.22 16:05,-1,1186.57100,1188.60207,1181.49332,2.03107,0.52880
2014.12.22 18:35,-1,1173.20600,1174.99136,1168.74261,1.78536,0.51591
2014.12.23 09:05,-1,1181.54200,1182.27357,1179.71307,0.73157,0.56707
2014.12.23 11:35,-1,1178.40800,1178.92464,1177.11639,0.51664,0.59321
2014.12.26 02:15,1,1183.74200,1182.76750,1186.17825,0.97450,0.59637
2014.12.26 05:30,1,1184.58900,1183.89693,1186.31918,0.69207,0.54737
2014.12.26 07:00,1,1186.39100,1185.65429,1188.23279,0.73671,0.64428
2014.12.26 08:45,1,1185.77800,1185.07329,1187.53979,0.70471,0.59344
2014.12.26 10:30,1,1192.60100,1191.88486,1194.39136,0.71614,0.59244
2014.12.30 13:15,1,1197.06800,1195.58479,1200.77604,1.48321,0.61544
2014.12.30 15:15,1,1205.17100,1202.90186,1210.84386,2.26914,0.51957
2015.01.05 05:00,1,1192.06800,1191.53043,1193.41193,0.53757,0.52848
2015.01.05 06:30,1,1195.62800,1194.58821,1198.22746,1.03979,0.67895
2015.01.05 08:45,-1,1193.54000,1194.54471,1191.02821,1.00471,0.53472
2015.01.05 13:00,1,1188.82100,1187.52921,1192.05046,1.29179,0.52773
2015.01.05 14:30,1,1197.30100,1194.99629,1203.06279,2.30471,0.51887
2015.01.05 17:30,1,1198.93800,1197.83314,1201.70014,1.10486,0.52832
2015.01.05 19:45,1,1203.97900,1203.19293,1205.94418,0.78607,0.51321
2015.01.06 05:10,1,1206.32400,1205.57343,1208.20043,0.75057,0.64047
2015.01.06 07:40,1,1209.23100,1207.99307,1212.32582,1.23793,0.62173
2015.01.06 16:25,1,1212.17100,1210.41357,1216.56457,1.75743,0.53958
2015.01.06 18:55,1,1214.95300,1213.60807,1218.31532,1.34493,0.56096
2015.01.07 16:50,1,1212.57700,1211.00714,1216.50164,1.56986,0.50012
2015.01.09 13:25,1,1212.81100,1211.48314,1216.13064,1.32786,0.56746
2015.01.09 20:25,1,1219.18100,1218.36893,1221.21118,0.81207,0.53243
2015.01.12 16:25,1,1226.06900,1225.11314,1228.45864,0.95586,0.52829
2015.01.12 17:55,1,1228.93200,1228.09171,1231.03271,0.84029,0.51987
2015.01.12 19:55,1,1233.98400,1233.05007,1236.31882,0.93393,0.55081
2015.01.13 02:25,1,1236.44100,1235.28986,1239.31886,1.15114,0.60451
2015.01.14 18:20,-1,1236.64800,1237.40757,1234.74907,0.75957,0.52510
2015.01.15 09:15,1,1227.63100,1226.85479,1229.57154,0.77621,0.62600
2015.01.15 10:45,1,1249.76100,1246.17550,1258.72475,3.58550,0.50415
2015.01.16 11:10,1,1257.51100,1256.77229,1259.35779,0.73871,0.51699
2015.01.20 08:05,1,1280.26200,1279.32514,1282.60414,0.93686,0.56423
2015.01.20 10:35,1,1291.72100,1290.51707,1294.73082,1.20393,0.51745
2015.01.21 04:15,1,1295.40100,1294.34236,1298.04761,1.05864,0.57050
2015.01.21 07:00,1,1300.72900,1299.50421,1303.79096,1.22479,0.55849
2015.01.22 05:15,-1,1292.19200,1292.65814,1291.02664,0.46614,0.50600
2015.01.26 10:25,-1,1282.37800,1283.81979,1278.77354,1.44179,0.52272
2015.01.29 08:45,-1,1279.87100,1280.95357,1277.16457,1.08257,0.59343
2015.01.29 11:15,-1,1273.83200,1274.77971,1271.46271,0.94771,0.55137
2015.02.02 18:10,1,1276.41400,1275.06986,1279.77436,1.34414,0.50434
2015.02.03 13:05,-1,1268.25100,1270.11950,1263.57975,1.86850,0.51535
2015.02.03 15:20,-1,1258.71800,1260.80614,1253.49764,2.08814,0.56089
2015.02.06 08:45,-1,1267.29100,1267.98971,1265.54421,0.69871,0.52482
2015.02.06 13:00,-1,1261.35400,1262.51836,1258.44311,1.16436,0.57611
2015.02.11 08:00,-1,1236.08700,1236.83329,1234.22129,0.74629,0.52952
2015.02.11 09:30,-1,1236.79300,1237.38457,1235.31407,0.59157,0.56686
2015.02.11 13:00,-1,1236.24800,1237.11564,1234.07889,0.86764,0.62657
2015.02.11 14:30,-1,1231.46100,1232.55764,1228.71939,1.09664,0.61132
2015.02.13 09:10,-1,1227.65900,1228.34771,1225.93721,0.68871,0.50373
2015.02.13 11:25,-1,1224.25900,1224.95529,1222.51829,0.69629,0.50139
2015.02.17 02:10,-1,1231.79900,1232.30021,1230.54596,0.50121,0.54266
2015.02.17 05:55,-1,1227.89400,1228.55107,1226.25132,0.65707,0.55704
2015.02.17 08:10,-1,1222.57700,1223.27914,1220.82164,0.70214,0.55113
2015.02.17 10:25,-1,1222.64200,1223.51600,1220.45700,0.87400,0.60009
2015.02.17 13:25,-1,1223.92100,1225.29771,1220.47921,1.37671,0.65109
2015.02.17 15:55,-1,1206.64100,1208.58064,1201.79189,1.93964,0.52660
2015.02.19 09:15,1,1217.32000,1216.16836,1220.19911,1.15164,0.56265
2015.02.19 11:15,1,1217.62100,1216.61736,1220.13011,1.00364,0.54070
2015.02.20 11:10,-1,1203.44800,1204.11236,1201.78711,0.66436,0.57748
2015.02.20 16:25,-1,1207.30000,1208.69743,1203.80643,1.39743,0.54186
2015.02.20 17:55,-1,1206.61200,1207.76571,1203.72771,1.15371,0.55625
2015.02.20 19:55,-1,1199.66500,1200.96914,1196.40464,1.30414,0.54423
2015.02.23 10:40,-1,1193.01200,1193.68579,1191.32754,0.67379,0.63289
2015.02.26 08:10,1,1213.03000,1212.23579,1215.01554,0.79421,0.60034
2015.02.26 09:40,1,1217.48800,1216.63429,1219.62229,0.85371,0.62036
2015.02.26 11:25,1,1216.98900,1215.99807,1219.46632,0.99093,0.53321
2015.02.27 11:20,1,1207.81900,1207.16664,1209.44989,0.65236,0.51013
2015.03.02 01:05,1,1217.96200,1217.21021,1219.84146,0.75179,0.57448
2015.03.02 02:35,1,1222.97500,1222.16764,1224.99339,0.80736,0.62581
2015.03.03 13:20,-1,1208.06200,1209.44043,1204.61593,1.37843,0.50539
2015.03.03 15:35,-1,1204.71800,1206.47164,1200.33389,1.75364,0.55836
2015.03.05 04:05,-1,1204.08900,1204.50564,1203.04739,0.41664,0.56316
2015.03.05 16:20,-1,1203.57800,1205.08657,1199.80657,1.50857,0.54416
2015.03.06 08:50,-1,1194.44200,1195.09786,1192.80236,0.65586,0.52645
2015.03.06 10:35,-1,1196.45900,1197.35629,1194.21579,0.89729,0.58003
2015.03.06 13:20,-1,1185.76900,1186.87886,1182.99436,1.10986,0.60560
2015.03.06 15:35,-1,1176.20800,1177.99986,1171.72836,1.79186,0.50175
2015.03.09 14:20,-1,1171.48900,1172.48350,1169.00275,0.99450,0.55352
2015.03.10 01:50,-1,1168.43000,1168.98436,1167.04411,0.55436,0.62556
2015.03.10 05:50,-1,1162.38100,1162.89707,1161.09082,0.51607,0.60740
2015.03.10 07:35,-1,1160.26500,1161.13479,1158.09054,0.86979,0.60762
2015.03.11 09:20,-1,1159.70000,1160.48829,1157.72929,0.78829,0.53333
2015.03.11 13:05,-1,1159.07800,1160.28621,1156.05746,1.20821,0.64549
2015.03.16 04:30,1,1159.32900,1158.96550,1160.23775,0.36350,0.56042
2015.03.16 06:15,1,1163.70800,1162.92250,1165.67175,0.78550,0.56301
2015.03.16 08:00,-1,1162.42800,1163.14450,1160.63675,0.71650,0.53292
2015.03.17 14:45,-1,1151.65800,1154.53057,1144.47657,2.87257,0.57940
2015.03.18 04:40,-1,1150.77300,1151.02707,1150.13782,0.25407,0.55314
2015.03.18 06:40,-1,1149.43400,1150.30300,1147.26150,0.86900,0.50323
2015.03.18 16:10,1,1152.09100,1150.73207,1155.48832,1.35893,0.53073
2015.03.18 18:25,1,1165.24200,1161.92514,1173.53414,3.31686,0.53487
2015.03.18 19:55,1,1172.98100,1170.57950,1178.98475,2.40150,0.51502
2015.03.19 04:10,-1,1171.88900,1172.54493,1170.24918,0.65593,0.51412
2015.03.19 05:55,-1,1172.33600,1173.12664,1170.35939,0.79064,0.51573
2015.03.20 13:10,1,1174.02800,1172.76071,1177.19621,1.26729,0.56324
2015.03.20 15:40,1,1183.61900,1182.66393,1186.00668,0.95507,0.52762
2015.03.23 16:55,1,1187.17900,1185.96843,1190.20543,1.21057,0.53881
2015.03.23 18:25,1,1189.12300,1188.52979,1190.60604,0.59321,0.54077
2015.03.23 19:55,1,1190.29100,1189.62179,1191.96404,0.66921,0.52075
2015.03.24 08:10,1,1189.61900,1188.86679,1191.49954,0.75221,0.55119
2015.03.24 09:40,1,1190.48800,1189.60400,1192.69800,0.88400,0.51265
2015.03.24 16:10,1,1190.19800,1189.30800,1192.42300,0.89000,0.52918
2015.03.24 19:40,1,1193.33900,1192.86571,1194.52221,0.47329,0.51164
2015.03.25 05:05,1,1190.17800,1189.50971,1191.84871,0.66829,0.53895
2015.03.25 06:50,1,1189.51000,1188.70393,1191.52518,0.80607,0.52147
2015.03.25 14:35,1,1196.34900,1195.33543,1198.88293,1.01357,0.54111
2015.03.26 05:15,1,1198.69100,1198.13957,1200.06957,0.55143,0.61888
2015.03.26 07:00,1,1203.18100,1202.31186,1205.35386,0.86914,0.57340
2015.03.26 08:45,1,1213.29600,1210.87214,1219.35564,2.42386,0.53546
2015.03.30 04:10,-1,1194.33400,1194.69050,1193.44275,0.35650,0.53715
2015.03.30 05:55,-1,1193.56600,1193.99657,1192.48957,0.43057,0.55436
2015.03.30 07:55,-1,1189.01200,1190.28514,1185.82914,1.27314,0.52206
2015.03.30 09:25,-1,1187.13800,1187.81279,1185.45104,0.67479,0.60586
2015.03.30 10:55,-1,1185.29900,1185.96786,1183.62686,0.66886,0.52158
2015.03.31 02:25,-1,1185.18800,1185.91764,1183.36389,0.72964,0.60936
2015.03.31 05:55,-1,1182.64600,1183.51593,1180.47118,0.86993,0.55343
2015.03.31 07:25,-1,1179.76200,1180.69443,1177.43093,0.93243,0.59526
2015.04.01 14:05,1,1201.37100,1199.95371,1204.91421,1.41729,0.51258
2015.04.01 16:05,1,1204.43800,1203.38243,1207.07693,1.05557,0.51580
2015.04.01 19:05,1,1204.35800,1203.84421,1205.64246,0.51379,0.54253
2015.04.06 04:10,1,1217.11100,1216.67636,1218.19761,0.43464,0.56628
2015.04.06 05:40,1,1216.98800,1216.57600,1218.01800,0.41200,0.59971
2015.04.06 07:10,1,1218.55900,1218.00650,1219.94025,0.55250,0.53512
2015.04.08 01:35,1,1209.53900,1209.11957,1210.58757,0.41943,0.50302
2015.04.08 08:05,-1,1210.40900,1211.14800,1208.56150,0.73900,0.61945
2015.04.08 10:35,-1,1211.01900,1211.65207,1209.43632,0.63307,0.60198
2015.04.08 13:35,-1,1208.62200,1209.79121,1205.69896,1.16921,0.54539
2015.04.09 04:05,-1,1198.14800,1198.55143,1197.13943,0.40343,0.57123
2015.04.09 07:50,-1,1195.59800,1196.45621,1193.45246,0.85821,0.55752
2015.04.10 13:00,1,1204.81600,1203.62786,1207.78636,1.18814,0.50806
2015.04.13 02:00,-1,1207.25900,1207.86536,1205.74311,0.60636,0.51540
2015.04.14 04:10,-1,1199.50300,1199.89479,1198.52354,0.39179,0.58627
2015.04.14 05:40,-1,1196.42100,1197.04979,1194.84904,0.62879,0.55147
2015.04.14 07:55,-1,1192.81400,1193.78157,1190.39507,0.96757,0.59060
2015.04.14 09:55,-1,1190.41800,1191.56914,1187.54014,1.15114,0.54846
2015.04.15 16:05,1,1196.39300,1195.54914,1198.50264,0.84386,0.57696
2015.04.15 18:20,1,1203.40800,1202.37736,1205.98461,1.03064,0.55306
2015.04.15 22:05,1,1202.98000,1202.63050,1203.85375,0.34950,0.58714
2015.04.16 04:05,1,1201.21800,1200.47886,1203.06586,0.73914,0.51268
2015.04.16 06:05,1,1205.53600,1204.61614,1207.83564,0.91986,0.58092
2015.04.16 07:35,1,1206.02900,1205.16357,1208.19257,0.86543,0.58796
2015.04.20 08:30,-1,1205.17000,1205.76414,1203.68464,0.59414,0.55964
2015.04.22 13:50,-1,1190.81900,1192.01557,1187.82757,1.19657,0.54166
2015.04.22 15:35,-1,1189.07800,1190.36579,1185.85854,1.28779,0.50067
2015.04.24 08:40,-1,1192.27800,1193.05371,1190.33871,0.77571,0.57008
2015.04.24 13:40,-1,1186.67800,1188.01950,1183.32425,1.34150,0.53502
2015.04.24 15:55,-1,1177.83800,1179.01643,1174.89193,1.17843,0.51758
2015.04.27 14:25,1,1199.21900,1196.96300,1204.85900,2.25600,0.55429
2015.04.28 14:35,1,1212.54800,1210.41621,1217.87746,2.13179,0.60309
2015.04.30 13:10,-1,1186.76300,1189.14779,1180.80104,2.38479,0.54847
2015.04.30 15:10,-1,1180.16000,1182.04643,1175.44393,1.88643,0.52419
2015.05.01 14:05,-1,1172.98000,1175.10421,1167.66946,2.12421,0.57597
2015.05.04 13:50,1,1188.23200,1186.60714,1192.29414,1.62486,0.53406
2015.05.05 13:00,1,1197.86200,1196.14243,1202.16093,1.71957,0.57449
2015.05.05 14:30,1,1198.91200,1197.27421,1203.00646,1.63779,0.61010
2015.05.06 04:55,-1,1195.77500,1196.11307,1194.92982,0.33807,0.52293
2015.05.06 07:25,-1,1193.78600,1194.64229,1191.64529,0.85629,0.51249
2015.05.07 05:25,-1,1187.76800,1188.04050,1187.08675,0.27250,0.57411
2015.05.11 13:05,-1,1190.66900,1191.61957,1188.29257,0.95057,0.54634
2015.05.12 08:00,1,1184.44800,1183.83650,1185.97675,0.61150,0.51106
2015.05.12 10:15,1,1194.04900,1192.58950,1197.69775,1.45950,0.52927
2015.05.13 13:10,1,1206.70200,1204.53614,1212.11664,2.16586,0.58765
2015.05.13 14:40,1,1213.34100,1211.39293,1218.21118,1.94807,0.61438
2015.05.18 04:05,1,1224.10200,1223.77293,1224.92468,0.32907,0.52715
2015.05.18 05:35,1,1228.82300,1228.49586,1229.64086,0.32714,0.57108
2015.05.18 07:05,1,1228.04800,1226.97200,1230.73800,1.07600,0.50464
2015.05.19 04:00,-1,1221.69300,1222.05479,1220.78854,0.36179,0.57406
2015.05.19 06:15,-1,1220.21100,1220.80107,1218.73582,0.59007,0.50285
2015.05.19 13:30,-1,1214.41200,1216.33314,1209.60914,1.92114,0.54610
2015.05.19 15:30,-1,1207.89200,1209.43364,1204.03789,1.54164,0.54859
2015.05.22 05:45,1,1208.31200,1207.99093,1209.11468,0.32107,0.55132
2015.05.22 07:15,1,1210.96900,1210.48629,1212.17579,0.48271,0.51671
2015.05.26 04:10,-1,1204.69200,1204.95050,1204.04575,0.25850,0.56837
2015.05.26 05:55,-1,1204.45800,1204.90557,1203.33907,0.44757,0.67347
2015.05.26 07:40,-1,1197.66800,1198.85429,1194.70229,1.18629,0.60824
2015.05.26 13:40,-1,1188.49100,1190.13571,1184.37921,1.64471,0.57428
2015.05.26 15:10,-1,1188.26900,1189.45471,1185.30471,1.18571,0.51735
2015.05.27 08:20,-1,1188.71900,1189.60271,1186.50971,0.88371,0.52134
2015.05.27 11:05,-1,1186.26100,1187.19486,1183.92636,0.93386,0.52723
2015.05.28 08:00,-1,1192.01900,1192.72350,1190.25775,0.70450,0.55779
2015.05.28 09:30,-1,1188.97900,1189.60814,1187.40614,0.62914,0.61077
2015.06.03 18:20,-1,1184.73800,1185.54300,1182.72550,0.80500,0.50588
2015.06.04 13:30,-1,1177.17100,1179.12264,1172.29189,1.95164,0.54669
2015.06.05 14:40,-1,1169.29900,1170.81657,1165.50507,1.51757,0.52269
2015.06.09 08:20,1,1178.21100,1177.66079,1179.58654,0.55021,0.55713
2015.06.09 10:05,1,1181.61200,1180.76500,1183.72950,0.84700,0.53748
2015.06.10 05:00,1,1180.54000,1179.52586,1183.07536,1.01414,0.58755
2015.06.10 07:15,1,1184.23900,1183.34036,1186.48561,0.89864,0.56663
2015.06.10 09:15,1,1183.56900,1182.92186,1185.18686,0.64714,0.56716
2015.06.10 11:45,1,1190.71100,1189.76350,1193.07975,0.94750,0.53069
2015.06.15 02:50,-1,1181.59100,1181.95650,1180.67725,0.36550,0.53926
2015.06.15 13:50,1,1181.52100,1180.27557,1184.63457,1.24543,0.50010
2015.06.15 16:50,-1,1188.58900,1189.29643,1186.82043,0.70743,0.54785
2015.06.16 07:30,-1,1183.27900,1184.18100,1181.02400,0.90200,0.51286
2015.06.18 04:05,1,1187.42900,1187.07257,1188.32007,0.35643,0.56459
2015.06.18 06:05,1,1187.57900,1186.95800,1189.13150,0.62100,0.59898
2015.06.18 08:50,1,1197.33800,1196.07357,1200.49907,1.26443,0.50533
2015.06.19 08:00,1,1199.44900,1198.72850,1201.25025,0.72050,0.53570
2015.06.19 09:30,1,1200.63900,1200.04579,1202.12204,0.59321,0.52629
2015.06.22 05:00,-1,1198.83100,1199.05079,1198.28154,0.21979,0.52579
2015.06.22 09:15,-1,1195.40900,1196.06936,1193.75811,0.66036,0.59920
2015.06.22 10:45,-1,1194.47800,1195.39021,1192.19746,0.91221,0.57388
2015.06.22 13:15,-1,1186.83900,1187.99000,1183.96150,1.15100,0.50443
2015.06.23 04:10,-1,1186.34800,1186.73836,1185.37211,0.39036,0.58334
2015.06.23 06:10,-1,1185.50800,1185.98014,1184.32764,0.47214,0.54934
2015.06.23 09:25,-1,1183.73800,1184.41050,1182.05675,0.67250,0.58042
2015.06.23 14:40,-1,1178.89800,1179.89157,1176.41407,0.99357,0.54266
2015.06.24 05:35,-1,1177.88800,1178.27114,1176.93014,0.38314,0.54067
2015.06.24 07:05,-1,1175.67800,1176.27729,1174.17979,0.59929,0.51088
2015.06.24 13:35,-1,1174.38900,1175.79364,1170.87739,1.40464,0.50067
2015.06.28 22:30,1,1184.14900,1182.08764,1189.30239,2.06136,0.56651
2015.06.30 08:00,-1,1176.60800,1177.38336,1174.66961,0.77536,0.56229
2015.06.30 10:45,-1,1173.31800,1174.29471,1170.87621,0.97671,0.52331
2015.06.30 16:30,-1,1174.68800,1176.22871,1170.83621,1.54071,0.52815
2015.06.30 18:45,-1,1172.03800,1172.55293,1170.75068,0.51493,0.55000
2015.07.02 05:25,-1,1167.72900,1167.97486,1167.11436,0.24586,0.54930
2015.07.02 06:55,-1,1163.75800,1164.40186,1162.14836,0.64386,0.50365
2015.07.02 08:55,-1,1165.13800,1165.88829,1163.26229,0.75029,0.58899
2015.07.05 22:20,1,1173.30000,1172.19500,1176.06250,1.10500,0.53261
2015.07.07 02:30,-1,1167.49900,1167.85936,1166.59811,0.36036,0.53878
2015.07.07 13:00,-1,1157.12200,1158.81886,1152.87986,1.69686,0.63885
2015.07.07 14:30,-1,1153.42800,1155.63164,1147.91889,2.20364,0.53269
2015.07.08 11:30,1,1157.15800,1156.37286,1159.12086,0.78514,0.52290
2015.07.13 05:30,-1,1160.00900,1160.67043,1158.35543,0.66143,0.56771
2015.07.13 07:15,-1,1155.62900,1156.37493,1153.76418,0.74593,0.59967
2015.07.13 11:30,-1,1156.53800,1157.27286,1154.70086,0.73486,0.51080
2015.07.15 13:00,-1,1149.18800,1150.42271,1146.10121,1.23471,0.61052
2015.07.15 14:30,-1,1148.77900,1149.99629,1145.73579,1.21729,0.53971
2015.07.17 13:05,-1,1137.77800,1139.13157,1134.39407,1.35357,0.59858
2015.07.17 15:05,-1,1132.87800,1134.31400,1129.28800,1.43600,0.51495
2015.07.20 01:20,-1,1105.12900,1105.55850,1104.05525,0.42950,0.57864
2015.07.20 02:50,-1,1108.14900,1111.25086,1100.39436,3.10186,0.59685
2015.07.22 01:05,-1,1101.56900,1102.29821,1099.74596,0.72921,0.56185
2015.07.22 08:35,-1,1094.15900,1095.07164,1091.87739,0.91264,0.53552
2015.07.22 10:05,-1,1094.99900,1095.77771,1093.05221,0.77871,0.56300
2015.07.22 11:35,-1,1089.27900,1090.20786,1086.95686,0.92886,0.51238
2015.07.24 02:45,-1,1083.62800,1085.07593,1080.00818,1.44793,0.53700
2015.07.24 08:00,-1,1083.55100,1084.61679,1080.88654,1.06579,0.53918
2015.07.24 09:30,-1,1082.95800,1083.80679,1080.83604,0.84879,0.51136
2015.07.27 04:30,1,1097.15000,1096.68943,1098.30143,0.46057,0.58118
2015.07.27 06:00,1,1099.65000,1098.83379,1101.69054,0.81621,0.50671
2015.07.27 08:30,-1,1103.10200,1103.93357,1101.02307,0.83157,0.55507
2015.07.27 10:00,-1,1099.15100,1100.05821,1096.88296,0.90721,0.51043
2015.07.30 01:15,-1,1097.38000,1097.96229,1095.92429,0.58229,0.55450
2015.07.30 02:45,-1,1093.11100,1094.04179,1090.78404,0.93079,0.53089
2015.07.30 05:45,-1,1092.66900,1093.31457,1091.05507,0.64557,0.57448
2015.07.30 07:45,-1,1086.22900,1087.35729,1083.40829,1.12829,0.54136
2015.07.30 11:15,-1,1086.87900,1087.38171,1085.62221,0.50271,0.50846
2015.07.31 02:30,-1,1084.29000,1084.99343,1082.53143,0.70343,0.54352
2015.08.03 17:15,-1,1090.01100,1090.81093,1088.01118,0.79993,0.53424
2015.08.04 16:00,-1,1092.56200,1093.09521,1091.22896,0.53321,0.54843
2015.08.04 19:45,-1,1088.26100,1088.87307,1086.73082,0.61207,0.50719
2015.08.05 13:45,-1,1087.73100,1088.80407,1085.04832,1.07307,0.57125
2015.08.05 15:15,-1,1084.76000,1085.65364,1082.52589,0.89364,0.54284
2015.08.07 08:55,-1,1092.11800,1092.61136,1090.88461,0.49336,0.63752
2015.08.07 10:40,-1,1090.64900,1091.11386,1089.48686,0.46486,0.54701
2015.08.09 22:10,-1,1092.37900,1093.02293,1090.76918,0.64393,0.54166
2015.08.10 01:40,1,1093.07900,1092.33414,1094.94114,0.74486,0.51577
2015.08.10 13:40,1,1096.77100,1095.81864,1099.15189,0.95236,0.56852
2015.08.11 04:40,1,1100.58000,1100.15186,1101.65036,0.42814,0.58613
2015.08.11 07:25,1,1106.54900,1105.43250,1109.34025,1.11650,0.60082
2015.08.13 09:25,1,1117.87800,1117.25007,1119.44782,0.62793,0.50691
2015.08.19 04:50,1,1117.64900,1117.22243,1118.71543,0.42657,0.54827
2015.08.19 06:20,1,1119.60800,1119.14307,1120.77032,0.46493,0.51832
2015.08.19 07:50,1,1123.43800,1122.70400,1125.27300,0.73400,0.55475
2015.08.19 13:35,1,1128.08800,1126.58343,1131.84943,1.50457,0.62828
2015.08.19 15:05,1,1127.79800,1126.57764,1130.84889,1.22036,0.55063
2015.08.20 01:15,1,1134.36800,1133.73500,1135.95050,0.63300,0.51429
2015.08.20 02:45,1,1138.09200,1137.68557,1139.10807,0.40643,0.53129
2015.08.20 07:45,1,1137.88600,1137.26507,1139.43832,0.62093,0.50484
2015.08.20 13:00,1,1143.75800,1142.51621,1146.86246,1.24179,0.56939
2015.08.20 14:45,1,1149.24100,1147.68886,1153.12136,1.55214,0.54091
2015.08.25 04:55,-1,1153.55900,1154.04621,1152.34096,0.48721,0.50578
2015.08.26 09:10,-1,1136.59900,1137.59793,1134.10168,0.99893,0.61588
2015.08.26 10:55,-1,1132.60200,1133.82121,1129.55396,1.21921,0.59691
2015.09.01 01:10,1,1140.83900,1139.88186,1143.23186,0.95714,0.54554
2015.09.01 02:40,1,1140.15800,1139.35814,1142.15764,0.79986,0.57982
2015.09.01 05:55,1,1142.70900,1142.08593,1144.26668,0.62307,0.58564
2015.09.01 07:25,1,1143.77900,1142.82429,1146.16579,0.95471,0.52489
2015.09.02 09:40,1,1138.97900,1138.23150,1140.84775,0.74750,0.50394
2015.09.03 08:10,-1,1132.60900,1133.35007,1130.75632,0.74107,0.57065
2015.09.03 10:10,-1,1130.43800,1131.29043,1128.30693,0.85243,0.57912
2015.09.03 11:40,-1,1128.12800,1129.11236,1125.66711,0.98436,0.56104
2015.09.08 04:20,-1,1120.89800,1121.21057,1120.11657,0.31257,0.53714
2015.09.08 05:50,-1,1119.77900,1120.10971,1118.95221,0.33071,0.50125
2015.09.08 07:50,-1,1120.35800,1120.95307,1118.87032,0.59507,0.58345
2015.09.08 15:05,1,1124.94000,1123.98907,1127.31732,0.95093,0.51676
2015.09.08 16:35,-1,1124.40900,1125.09136,1122.70311,0.68236,0.51723
2015.09.09 05:50,-1,1122.65000,1123.20679,1121.25804,0.55679,0.51832
2015.09.09 07:35,-1,1121.45200,1122.05200,1119.95200,0.60000,0.57041
2015.09.09 13:35,-1,1112.29900,1114.01257,1108.01507,1.71357,0.60645
2015.09.11 04:50,-1,1112.46900,1112.74507,1111.77882,0.27607,0.57540
2015.09.11 06:20,-1,1110.70900,1111.21107,1109.45382,0.50207,0.58292
2015.09.11 07:50,-1,1108.27900,1109.01721,1106.43346,0.73821,0.53857
2015.09.11 13:05,-1,1103.28800,1104.47800,1100.31300,1.19000,0.50607
2015.09.16 14:05,1,1119.47100,1118.13157,1122.81957,1.33943,0.61272
2015.09.16 15:50,1,1122.23800,1121.15429,1124.94729,1.08371,0.52441
2015.09.17 08:35,-1,1119.72900,1120.28429,1118.34079,0.55529,0.51259
2015.09.17 16:20,1,1117.80000,1117.22843,1119.22893,0.57157,0.61000
2015.09.17 18:35,1,1130.41900,1127.66050,1137.31525,2.75850,0.59871
2015.09.22 09:00,-1,1133.58900,1134.08100,1132.35900,0.49200,0.59395
2015.09.22 10:30,-1,1129.54000,1130.68750,1126.67125,1.14750,0.61928
2015.09.24 13:30,1,1148.83900,1147.41271,1152.40471,1.42629,0.64364
2015.09.24 15:00,1,1154.65800,1153.16307,1158.39532,1.49493,0.51232
2015.09.28 04:00,-1,1145.37800,1145.81771,1144.27871,0.43971,0.51970
2015.09.28 06:15,-1,1144.94800,1145.39150,1143.83925,0.44350,0.53405
2015.09.28 09:45,-1,1137.93800,1138.65029,1136.15729,0.71229,0.55460
2015.09.28 11:15,-1,1131.67900,1132.82207,1128.82132,1.14307,0.53511
2015.09.29 04:00,-1,1131.97800,1132.29371,1131.18871,0.31571,0.55390
2015.09.29 07:15,-1,1126.75100,1127.50329,1124.87029,0.75229,0.53821
2015.10.02 04:00,-1,1112.13900,1112.45464,1111.34989,0.31564,0.52372
2015.10.02 05:30,-1,1111.85900,1112.07493,1111.31918,0.21593,0.54428
2015.10.02 08:15,-1,1107.74000,1108.38500,1106.12750,0.64500,0.54236
2015.10.02 11:00,-1,1106.96900,1107.57336,1105.45811,0.60436,0.55794
2015.10.06 13:45,1,1147.48100,1145.94793,1151.31368,1.53307,0.52986
2015.10.07 04:30,1,1148.38900,1148.05843,1149.21543,0.33057,0.52765
2015.10.08 16:30,-1,1143.89900,1144.60393,1142.13668,0.70493,0.54599
2015.10.09 13:30,1,1153.57800,1152.05536,1157.38461,1.52264,0.55221
2015.10.12 04:30,1,1157.79800,1157.36836,1158.87211,0.42964,0.54958
2015.10.12 07:30,1,1165.84000,1164.96964,1168.01589,0.87036,0.50401
2015.10.12 09:00,1,1165.88800,1165.35807,1167.21282,0.52993,0.50917
2015.10.13 13:30,1,1164.05800,1162.69964,1167.45389,1.35836,0.51284
2015.10.14 01:30,1,1172.62900,1171.38371,1175.74221,1.24529,0.59766
2015.10.16 16:15,-1,1181.41800,1182.19100,1179.48550,0.77300,0.50857
2015.10.16 18:30,-1,1182.02900,1182.58771,1180.63221,0.55871,0.54647
2015.10.19 01:00,-1,1176.51100,1177.31186,1174.50886,0.80086,0.59475
2015.10.19 02:30,-1,1173.62900,1174.67457,1171.01507,1.04557,0.64219
2015.10.20 04:45,1,1168.66800,1168.47486,1169.15086,0.19314,0.50435
2015.10.20 06:15,1,1171.25200,1170.59293,1172.89968,0.65907,0.54850
2015.10.21 13:30,-1,1170.83800,1172.08850,1167.71175,1.25050,0.55778
2015.10.21 15:00,-1,1166.35800,1167.68529,1163.03979,1.32729,0.53102
2015.10.23 02:00,1,1168.40800,1167.69329,1170.19479,0.71471,0.51913
2015.10.23 09:15,1,1172.37800,1171.71621,1174.03246,0.66179,0.52068
2015.10.23 13:00,-1,1171.91900,1173.32486,1168.40436,1.40586,0.53891
2015.10.28 04:45,1,1167.83900,1167.58364,1168.47739,0.25536,0.63881
2015.10.28 07:30,1,1171.17900,1170.54886,1172.75436,0.63014,0.55277
2015.10.28 13:30,1,1181.13900,1180.00086,1183.98436,1.13814,0.65483
2015.10.28 16:15,-1,1178.92900,1179.79293,1176.76918,0.86393,0.57104
2015.10.28 17:45,-1,1176.45900,1177.40057,1174.10507,0.94157,0.55639
2015.10.28 19:15,-1,1155.88900,1158.31021,1149.83596,2.42121,0.50305
2015.11.02 09:30,-1,1139.01800,1139.64571,1137.44871,0.62771,0.59885
2015.11.02 11:15,-1,1137.60800,1138.24471,1136.01621,0.63671,0.50870
2015.11.03 08:00,-1,1135.74800,1136.19407,1134.63282,0.44607,0.64531
2015.11.03 09:45,-1,1133.60000,1134.12921,1132.27696,0.52921,0.55060
2015.11.03 13:15,-1,1129.03900,1129.60393,1127.62668,0.56493,0.62207
2015.11.03 14:45,-1,1122.76100,1124.04857,1119.54207,1.28757,0.57519
2015.11.03 16:30,-1,1122.56800,1123.43700,1120.39550,0.86900,0.55814
2015.11.03 19:45,-1,1117.94900,1118.63607,1116.23132,0.68707,0.52715
2015.11.04 13:15,-1,1117.01000,1118.17893,1114.08768,1.16893,0.52895
2015.11.04 17:15,-1,1113.04000,1113.83014,1111.06464,0.79014,0.53861
2015.11.04 19:15,-1,1107.87800,1108.69393,1105.83818,0.81593,0.52061
2015.11.06 13:40,-1,1088.52100,1090.97471,1082.38671,2.45371,0.64797
2015.11.06 15:25,-1,1087.58900,1088.92500,1084.24900,1.33600,0.51989
2015.11.11 16:30,-1,1087.45800,1088.37743,1085.15943,0.91943,0.55653
2015.11.11 19:00,-1,1084.98900,1085.70843,1083.19043,0.71943,0.52784
2015.11.12 13:00,-1,1083.83900,1084.51950,1082.13775,0.68050,0.56995
2015.11.12 15:00,-1,1082.73100,1085.39821,1076.06296,2.66721,0.54145
2015.11.16 02:15,1,1091.92900,1091.21314,1093.71864,0.71586,0.50294
2015.11.16 04:45,1,1093.14800,1092.80643,1094.00193,0.34157,0.60269
2015.11.16 08:00,-1,1093.39800,1094.07386,1091.70836,0.67586,0.59961
2015.11.16 09:30,-1,1092.28000,1092.99000,1090.50500,0.71000,0.60842
2015.11.17 07:30,-1,1078.56800,1079.26743,1076.81943,0.69943,0.51587
2015.11.17 13:00,-1,1081.49900,1082.17386,1079.81186,0.67486,0.57482
2015.11.17 14:30,-1,1079.29800,1080.58914,1076.07014,1.29114,0.51457
2015.11.19 13:45,1,1071.03800,1070.04193,1073.52818,0.99607,0.64173
2015.11.19 15:45,1,1082.95900,1081.46764,1086.68739,1.49136,0.50676
2015.11.20 09:00,1,1082.03900,1081.44500,1083.52400,0.59400,0.50384
2015.11.20 11:00,1,1085.86800,1084.87950,1088.33925,0.98850,0.52217
2015.11.20 13:45,-1,1082.17900,1083.46850,1078.95525,1.28950,0.51574
2015.11.20 15:30,-1,1079.62800,1080.71493,1076.91068,1.08693,0.51110
2015.11.26 05:00,-1,1073.89900,1074.23921,1073.04846,0.34021,0.61955
2015.11.26 06:45,-1,1072.32900,1072.89207,1070.92132,0.56307,0.63340
2015.11.27 01:40,-1,1070.19900,1070.76550,1068.78275,0.56650,0.57709
2015.11.27 08:40,-1,1067.93000,1068.51329,1066.47179,0.58329,0.62468
2015.11.27 10:40,-1,1064.57200,1065.27664,1062.81039,0.70464,0.51996
2015.11.27 13:25,-1,1056.03900,1057.74371,1051.77721,1.70471,0.59792
2015.12.01 01:50,1,1068.42800,1067.32329,1071.18979,1.10471,0.62122
2015.12.02 13:05,-1,1061.50900,1061.98207,1060.32632,0.47307,0.61495
2015.12.02 14:35,-1,1057.61900,1058.64400,1055.05650,1.02500,0.53652
2015.12.04 13:05,1,1067.65700,1067.12664,1068.98289,0.53036,0.55356
2015.12.09 17:35,1,1075.40000,1074.47050,1077.72375,0.92950,0.50066
2015.12.11 02:20,-1,1066.82900,1067.68014,1064.70114,0.85114,0.57114
2015.12.11 05:20,1,1068.83000,1068.46964,1069.73089,0.36036,0.50148
2015.12.11 08:05,-1,1069.88000,1070.43779,1068.48554,0.55779,0.60616
2015.12.11 09:35,-1,1067.87800,1068.53243,1066.24193,0.65443,0.63495
2015.12.11 11:35,-1,1065.87800,1067.07571,1062.88371,1.19771,0.63945
2015.12.14 05:35,-1,1076.19900,1076.51657,1075.40507,0.31757,0.51810
2015.12.16 13:05,1,1068.79800,1068.06693,1070.62568,0.73107,0.63177
2015.12.16 14:50,1,1074.88800,1073.43979,1078.50854,1.44821,0.55950
2015.12.17 13:05,-1,1065.38800,1066.17557,1063.41907,0.78757,0.66293
2015.12.17 14:35,-1,1050.01900,1051.84821,1045.44596,1.82921,0.50575
2015.12.21 08:05,1,1071.42000,1070.81071,1072.94321,0.60929,0.55953
2015.12.21 10:50,1,1072.24100,1071.48943,1074.11993,0.75157,0.56446
2015.12.21 13:20,1,1073.30900,1072.05179,1076.45204,1.25721,0.52940
2015.12.23 13:05,-1,1072.07100,1072.84700,1070.13100,0.77600,0.56074
2015.12.29 08:30,-1,1072.66900,1073.12121,1071.53846,0.45221,0.51263
2015.12.30 13:15,-1,1065.72000,1066.29236,1064.28911,0.57236,0.56007
2015.12.31 11:00,-1,1062.42900,1062.84957,1061.37757,0.42057,0.51045
2016.01.04 05:30,1,1067.73900,1067.34914,1068.71364,0.38986,0.51017
2016.01.04 07:30,1,1069.23800,1068.74371,1070.47371,0.49429,0.52669
2016.01.04 13:45,1,1078.49800,1077.14936,1081.86961,1.34864,0.62855
2016.01.05 01:30,1,1075.38200,1074.66007,1077.18682,0.72193,0.54015
2016.01.05 08:30,1,1076.63100,1076.08579,1077.99404,0.54521,0.54361
2016.01.05 11:15,1,1078.20800,1077.50886,1079.95586,0.69914,0.53155
2016.01.06 08:00,1,1081.96800,1080.97800,1084.44300,0.99000,0.52912
2016.01.06 10:15,1,1083.99800,1083.40771,1085.47371,0.59029,0.52113
2016.01.07 01:15,1,1092.52200,1091.83129,1094.24879,0.69071,0.58665
2016.01.07 02:45,1,1097.75900,1096.12079,1101.85454,1.63821,0.53637
2016.01.07 13:45,1,1101.27100,1099.56071,1105.54671,1.71029,0.57439
2016.01.12 09:15,-1,1095.38900,1096.24557,1093.24757,0.85657,0.56970
2016.01.12 11:30,-1,1091.08900,1092.15979,1088.41204,1.07079,0.53123
2016.01.13 04:15,-1,1083.98100,1084.47586,1082.74386,0.49486,0.51476
2016.01.13 06:45,-1,1085.15900,1085.62564,1083.99239,0.46664,0.53786
2016.01.14 15:45,-1,1082.37200,1083.73679,1078.96004,1.36479,0.51876
2016.01.19 09:40,-1,1088.93800,1089.92914,1086.46014,0.99114,0.62284
2016.01.19 11:40,-1,1083.93000,1084.48607,1082.53982,0.55607,0.59539
2016.01.20 10:25,1,1093.77000,1092.93636,1095.85411,0.83364,0.52514
2016.01.20 11:55,1,1101.30800,1100.77643,1102.63693,0.53157,0.52293
2016.01.20 14:40,1,1101.73900,1100.18514,1105.62364,1.55386,0.55916
2016.01.22 05:25,-1,1099.41800,1099.84014,1098.36264,0.42214,0.50575
2016.01.25 01:10,1,1100.14900,1099.66679,1101.35454,0.48221,0.52847
2016.01.25 04:10,1,1101.46900,1101.07714,1102.44864,0.39186,0.50008
2016.01.25 05:55,1,1100.18900,1099.87136,1100.98311,0.31764,0.55052
2016.01.25 09:10,1,1103.45900,1102.73621,1105.26596,0.72279,0.53729
2016.01.26 02:10,1,1109.98100,1109.20664,1111.91689,0.77436,0.58296
2016.01.26 05:25,1,1111.88200,1111.47200,1112.90700,0.41000,0.58487
2016.01.26 07:55,1,1116.24000,1115.40879,1118.31804,0.83121,0.51280
2016.01.26 13:55,1,1112.41100,1111.26164,1115.28439,1.14936,0.63925
2016.01.27 16:25,1,1117.78100,1116.94786,1119.86386,0.83314,0.53852
2016.01.27 17:55,1,1116.42800,1115.85336,1117.86461,0.57464,0.51611
2016.02.01 01:10,1,1119.45900,1118.61664,1121.56489,0.84236,0.57046
2016.02.01 02:40,1,1121.22000,1120.69143,1122.54143,0.52857,0.53064
2016.02.01 05:40,1,1121.39900,1120.90836,1122.62561,0.49064,0.56854
2016.02.01 07:10,1,1123.44200,1122.87921,1124.84896,0.56279,0.53490
2016.02.01 13:10,1,1121.91100,1121.22379,1123.62904,0.68721,0.55832
2016.02.02 04:25,1,1126.09000,1125.63236,1127.23411,0.45764,0.50857
2016.02.03 04:10,-1,1127.17800,1127.59207,1126.14282,0.41407,0.50274
2016.02.03 06:55,-1,1127.38800,1127.93629,1126.01729,0.54829,0.51475
2016.02.03 09:25,1,1126.76900,1126.19021,1128.21596,0.57879,0.53233
2016.02.03 11:40,1,1128.48200,1127.90593,1129.92218,0.57607,0.52252
2016.02.03 14:10,1,1128.20000,1126.52336,1132.39161,1.67664,0.62156
2016.02.03 15:40,1,1137.90900,1136.18750,1142.21275,1.72150,0.53562
2016.02.04 02:40,1,1140.52800,1139.87929,1142.14979,0.64871,0.51260
2016.02.05 09:10,1,1156.18100,1155.30650,1158.36725,0.87450,0.56474
2016.02.05 11:10,1,1159.72200,1158.91050,1161.75075,0.81150,0.53638
2016.02.05 21:40,1,1173.03200,1171.67100,1176.43450,1.36100,0.51271
2016.02.08 08:10,1,1166.51900,1165.90543,1168.05293,0.61357,0.56176
2016.02.08 10:40,1,1175.32200,1174.28500,1177.91450,1.03700,0.57692
2016.02.08 14:10,1,1186.06800,1184.59664,1189.74639,1.47136,0.61263
2016.02.08 15:55,1,1195.71200,1193.22886,1201.91986,2.48314,0.53764
2016.02.10 11:25,-1,1184.00800,1184.83771,1181.93371,0.82971,0.53240
2016.02.11 01:55,1,1207.11000,1205.96350,1209.97625,1.14650,0.51959
2016.02.11 09:25,1,1217.17200,1215.19064,1222.12539,1.98136,0.56571
2016.02.11 10:55,1,1226.88000,1224.56814,1232.65964,2.31186,0.57258
2016.02.15 02:40,-1,1224.20900,1225.57457,1220.79507,1.36557,0.51318
2016.02.15 05:25,-1,1220.80900,1222.35800,1216.93650,1.54900,0.51342
2016.02.15 06:55,-1,1216.28900,1217.46950,1213.33775,1.18050,0.50655
2016.02.15 09:40,-1,1208.69900,1209.92629,1205.63079,1.22729,0.51771
2016.02.15 11:10,-1,1208.53800,1209.58907,1205.91032,1.05107,0.54263
2016.02.16 01:05,-1,1207.38000,1208.49143,1204.60143,1.11143,0.55102
2016.02.18 13:05,1,1207.33000,1206.25064,1210.02839,1.07936,0.56372
2016.02.18 14:35,1,1209.84800,1208.49564,1213.22889,1.35236,0.51940
2016.02.18 17:50,1,1225.13000,1223.69657,1228.71357,1.43343,0.51994
2016.02.18 19:50,1,1234.42900,1232.66086,1238.84936,1.76814,0.53558
2016.02.22 02:35,-1,1222.79800,1223.66279,1220.63604,0.86479,0.51970
2016.02.22 06:50,-1,1216.47100,1217.33779,1214.30404,0.86679,0.55789
2016.02.22 09:20,-1,1207.88800,1209.20993,1204.58318,1.32193,0.56008
2016.02.22 11:05,-1,1204.03900,1205.32693,1200.81918,1.28793,0.53592
2016.02.23 20:50,1,1224.28100,1223.49443,1226.24743,0.78657,0.51927
2016.02.24 09:20,1,1228.24900,1226.84986,1231.74686,1.39914,0.61220
2016.02.24 11:05,1,1236.17200,1234.48314,1240.39414,1.68886,0.57163
2016.02.24 15:50,1,1246.92800,1244.38357,1253.28907,2.54443,0.51089
2016.02.25 01:20,1,1232.13100,1230.62129,1235.90529,1.50971,0.50014
2016.02.25 02:50,1,1233.43100,1232.04171,1236.90421,1.38929,0.54160
2016.03.01 01:05,1,1242.41200,1241.41307,1244.90932,0.99893,0.58821
2016.03.01 02:35,1,1245.21800,1244.04486,1248.15086,1.17314,0.57745
2016.03.01 10:20,1,1239.92800,1239.04836,1242.12711,0.87964,0.59220
2016.03.03 08:20,1,1240.92000,1240.13657,1242.87857,0.78343,0.60124
2016.03.03 10:20,1,1241.74000,1240.86650,1243.92375,0.87350,0.59492
2016.03.03 14:05,1,1242.87900,1241.36829,1246.65579,1.51071,0.62592
2016.03.03 18:05,1,1257.35900,1256.29486,1260.01936,1.06414,0.50830
2016.03.04 08:05,1,1263.88200,1263.08071,1265.88521,0.80129,0.58980
2016.03.04 10:20,1,1272.14900,1270.89364,1275.28739,1.25536,0.54642
2016.03.08 04:20,1,1266.63800,1265.92343,1268.42443,0.71457,0.59078
2016.03.08 06:35,1,1269.53800,1268.50457,1272.12157,1.03343,0.59054
2016.03.08 08:20,1,1274.33900,1273.14307,1277.32882,1.19593,0.50996
2016.03.08 10:50,1,1273.11900,1272.02050,1275.86525,1.09850,0.59269
2016.03.09 09:20,-1,1257.41100,1258.10593,1255.67368,0.69493,0.51624
2016.03.10 14:20,1,1261.44100,1257.48586,1271.32886,3.95514,0.59228
2016.03.10 15:50,1,1266.57100,1263.75864,1273.60189,2.81236,0.55006
2016.03.14 13:20,-1,1256.62000,1257.80893,1253.64768,1.18893,0.54347
2016.03.14 17:35,-1,1240.87100,1241.81786,1238.50386,0.94686,0.50382
2016.03.15 01:20,-1,1229.62000,1231.06157,1226.01607,1.44157,0.57940
2016.03.15 02:50,-1,1228.98900,1230.16729,1226.04329,1.17829,0.58502
2016.03.16 17:35,1,1229.34900,1228.58386,1231.26186,0.76514,0.54255
2016.03.16 19:50,1,1261.74000,1259.69386,1266.85536,2.04614,0.53297
2016.03.17 04:50,1,1256.58900,1256.13279,1257.72954,0.45621,0.54841
2016.03.17 07:05,1,1260.56100,1259.75371,1262.57921,0.80729,0.53339
2016.03.17 09:50,1,1267.12200,1266.02800,1269.85700,1.09400,0.56653
2016.03.17 11:50,1,1267.68800,1266.44171,1270.80371,1.24629,0.54734
2016.03.21 04:05,-1,1251.93200,1252.68886,1250.03986,0.75686,0.55758
2016.03.21 05:35,-1,1247.05100,1247.60507,1245.66582,0.55407,0.57648
2016.03.21 07:50,-1,1242.69100,1243.80143,1239.91493,1.11043,0.55147
2016.03.22 11:50,-1,1252.91100,1253.82057,1250.63707,0.90957,0.50790
2016.03.23 02:50,-1,1241.83000,1242.59621,1239.91446,0.76621,0.52452
2016.03.23 05:35,-1,1234.23900,1235.15436,1231.95061,0.91536,0.51217
2016.03.23 07:05,-1,1234.23000,1234.96764,1232.38589,0.73764,0.57079
2016.03.24 04:35,-1,1219.05000,1219.53871,1217.82821,0.48871,0.55048
2016.03.24 06:20,-1,1218.42000,1218.92693,1217.15268,0.50693,0.57956
2016.03.24 07:50,-1,1215.17900,1216.49679,1211.88454,1.31779,0.54024
2016.03.28 02:35,-1,1210.87900,1211.68657,1208.86007,0.80757,0.56717
2016.03.29 01:05,-1,1220.54200,1221.28179,1218.69254,0.73979,0.51570
2016.03.29 02:50,-1,1218.50100,1219.07436,1217.06761,0.57336,0.54881
2016.03.30 04:35,1,1236.20000,1235.56221,1237.79446,0.63779,0.57491
2016.03.30 06:20,1,1237.80000,1237.15064,1239.42339,0.64936,0.54299
2016.03.30 09:05,-1,1238.94100,1239.85414,1236.65814,0.91314,0.57404
2016.04.05 05:20,1,1226.35100,1225.76979,1227.80404,0.58121,0.54128
2016.04.05 07:05,1,1225.48800,1224.75293,1227.32568,0.73507,0.52624
2016.04.05 10:20,1,1231.45100,1230.77557,1233.13957,0.67543,0.54831
2016.04.05 11:50,1,1232.16100,1231.25614,1234.42314,0.90486,0.53091
2016.04.07 08:35,1,1228.18100,1227.23079,1230.55654,0.95021,0.52728
2016.04.07 10:05,1,1235.54800,1234.09129,1239.18979,1.45671,0.50702
2016.04.07 11:50,1,1237.57000,1236.50900,1240.22250,1.06100,0.53405
2016.04.08 13:05,1,1233.24900,1232.08614,1236.15614,1.16286,0.53023
2016.04.11 01:05,1,1249.17200,1248.44829,1250.98129,0.72371,0.60362
2016.04.11 13:20,1,1250.31900,1248.73386,1254.28186,1.58514,0.60873
2016.04.11 14:50,1,1257.22900,1255.85207,1260.67132,1.37693,0.51389
2016.04.12 04:35,1,1253.90100,1253.40479,1255.14154,0.49621,0.58189
2016.04.12 07:05,1,1258.59800,1257.77579,1260.65354,0.82221,0.51514
2016.04.12 09:35,1,1258.98900,1258.03271,1261.37971,0.95629,0.57551
2016.04.13 09:35,-1,1244.96100,1245.93093,1242.53618,0.96993,0.51842
2016.04.14 02:50,-1,1232.77000,1233.51657,1230.90357,0.74657,0.54817
2016.04.14 05:20,1,1233.76000,1233.26057,1235.00857,0.49943,0.57218
2016.04.14 07:35,1,1239.28900,1237.65021,1243.38596,1.63879,0.50257
2016.04.14 13:50,-1,1233.92900,1235.77286,1229.31936,1.84386,0.57002
2016.04.14 16:05,-1,1224.87800,1226.47407,1220.88782,1.59607,0.51352
2016.04.14 17:35,-1,1224.90900,1225.89436,1222.44561,0.98536,0.57511
2016.04.14 19:05,-1,1225.63900,1226.64671,1223.11971,1.00771,0.54569
2016.04.19 01:05,1,1230.42800,1229.52293,1232.69068,0.90507,0.58587
2016.04.19 02:35,1,1231.04900,1230.49143,1232.44293,0.55757,0.55190
2016.04.19 05:35,1,1233.05000,1232.46929,1234.50179,0.58071,0.56964
2016.04.19 13:05,1,1250.89900,1249.32386,1254.83686,1.57514,0.64276
2016.04.19 14:50,1,1253.96200,1252.34436,1258.00611,1.61764,0.57530
2016.04.20 05:35,1,1247.11800,1246.22914,1249.34014,0.88886,0.50235
2016.04.22 13:50,-1,1243.38000,1245.35207,1238.44982,1.97207,0.50616
2016.04.22 18:05,-1,1229.97900,1231.38943,1226.45293,1.41043,0.55310
2016.04.22 19:35,-1,1232.65000,1233.52750,1230.45625,0.87750,0.51704
2016.04.26 13:05,1,1240.91900,1239.73300,1243.88400,1.18600,0.53249
2016.04.27 13:35,1,1246.67100,1245.31014,1250.07314,1.36086,0.51865
2016.04.28 04:35,1,1248.72000,1247.90264,1250.76339,0.81736,0.58785
2016.04.28 06:35,1,1254.90900,1253.34136,1258.82811,1.56764,0.53980
2016.04.28 13:50,1,1256.33100,1254.89136,1259.93011,1.43964,0.60028
2016.04.28 17:35,1,1264.34900,1263.34879,1266.84954,1.00021,0.57579
2016.04.28 19:35,1,1269.28000,1268.37200,1271.55000,0.90800,0.54702
2016.04.29 01:20,1,1274.77900,1273.97286,1276.79436,0.80614,0.56853
2016.04.29 02:50,1,1274.99000,1273.61721,1278.42196,1.37279,0.50022
2016.04.29 14:20,1,1285.92900,1283.95407,1290.86632,1.97493,0.63997
2016.04.29 15:50,1,1289.67900,1287.48521,1295.16346,2.19379,0.63218
2016.05.02 08:50,1,1294.99000,1294.24086,1296.86286,0.74914,0.56130
2016.05.05 09:50,1,1276.29900,1275.54107,1278.19382,0.75793,0.53948
2016.05.06 13:50,1,1288.92100,1285.77821,1296.77796,3.14279,0.64652
2016.05.06 15:50,1,1292.70900,1290.90614,1297.21614,1.80286,0.50871
2016.05.09 13:05,-1,1271.23100,1272.62557,1267.74457,1.39457,0.50921
2016.05.09 18:05,-1,1263.83000,1264.57657,1261.96357,0.74657,0.55715
2016.05.09 19:50,-1,1262.62900,1263.18750,1261.23275,0.55850,0.51323
2016.05.10 13:20,-1,1263.75900,1265.28014,1259.95614,1.52114,0.51140
2016.05.10 17:20,1,1264.73900,1263.91471,1266.79971,0.82429,0.51149
2016.05.11 01:20,1,1269.32800,1268.36607,1271.73282,0.96193,0.55531
2016.05.11 09:20,1,1272.20100,1271.55543,1273.81493,0.64557,0.51796
2016.05.16 04:05,1,1276.79000,1276.14586,1278.40036,0.64414,0.53844
2016.05.16 05:50,1,1279.18200,1278.61543,1280.59843,0.56657,0.52094
2016.05.16 07:50,1,1280.35100,1279.48236,1282.52261,0.86864,0.53940
2016.05.18 02:35,-1,1275.81000,1276.53571,1273.99571,0.72571,0.56380
2016.05.18 16:50,-1,1272.35200,1273.14486,1270.36986,0.79286,0.54157
2016.05.24 02:35,-1,1247.35900,1247.92500,1245.94400,0.56600,0.56903
2016.05.24 05:05,-1,1245.45000,1245.93321,1244.24196,0.48321,0.56356
2016.05.24 06:35,-1,1243.88900,1244.75436,1241.72561,0.86536,0.51832
2016.05.24 09:20,-1,1242.43000,1243.18343,1240.54643,0.75343,0.62335
2016.05.24 11:05,-1,1241.93000,1242.50700,1240.48750,0.57700,0.58412
2016.05.24 13:35,-1,1236.43000,1237.56979,1233.58054,1.13979,0.52115
2016.05.24 16:05,-1,1228.85800,1230.00900,1225.98050,1.15100,0.51760
2016.05.24 17:50,-1,1229.00800,1229.76393,1227.11818,0.75593,0.50140
2016.05.24 19:35,-1,1228.28000,1228.87836,1226.78411,0.59836,0.51506
2016.05.25 05:20,-1,1227.35900,1227.79629,1226.26579,0.43729,0.55907
2016.05.25 07:35,-1,1224.63100,1225.67821,1222.01296,1.04721,0.56728
2016.05.26 15:20,-1,1221.18900,1222.45064,1218.03489,1.26164,0.51589
2016.05.27 01:05,-1,1220.83900,1221.53579,1219.09704,0.69679,0.54622
2016.05.27 17:05,-1,1214.31900,1214.92193,1212.81168,0.60293,0.51606
2016.05.29 22:20,-1,1210.22900,1210.71771,1209.00721,0.48871,0.50711
2016.05.31 13:30,1,1211.78100,1210.63950,1214.63475,1.14150,0.55457
2016.05.31 15:00,1,1213.82100,1212.42807,1217.30332,1.39293,0.52412
2016.06.01 13:00,-1,1216.48000,1217.66614,1213.51464,1.18614,0.54092
2016.06.01 15:45,-1,1207.92900,1209.00536,1205.23811,1.07636,0.51026
2016.06.01 19:00,1,1211.34000,1210.65729,1213.04679,0.68271,0.52586
2016.06.02 13:45,-1,1212.96900,1214.53764,1209.04739,1.56864,0.51173
2016.06.03 16:30,1,1239.34900,1238.44814,1241.60114,0.90086,0.52536
2016.06.03 19:15,1,1242.11100,1241.52036,1243.58761,0.59064,0.54764
2016.06.05 22:15,1,1245.52900,1244.63479,1247.76454,0.89421,0.57881
2016.06.06 01:45,-1,1241.94900,1242.98050,1239.37025,1.03150,0.52528
2016.06.07 08:45,-1,1241.42000,1242.18100,1239.51750,0.76100,0.64418
2016.06.07 11:15,-1,1239.85000,1240.27171,1238.79571,0.42171,0.60620
2016.06.08 01:00,1,1244.56900,1243.85914,1246.34364,0.70986,0.60470
2016.06.08 04:30,1,1248.36800,1247.75114,1249.91014,0.61686,0.58989
2016.06.08 06:00,1,1249.69100,1249.09107,1251.19082,0.59993,0.57145
2016.06.08 08:15,1,1251.72200,1250.86614,1253.86164,0.85586,0.54533
2016.06.08 09:45,1,1252.50100,1251.94357,1253.89457,0.55743,0.61132
2016.06.08 11:30,1,1254.24100,1253.61636,1255.80261,0.62464,0.52012
2016.06.08 14:30,1,1260.63200,1259.14464,1264.35039,1.48736,0.58587
2016.06.08 20:00,1,1261.90000,1261.42700,1263.08250,0.47300,0.53922
2016.06.08 22:30,1,1261.98900,1261.50064,1263.20989,0.48836,0.59713
2016.06.09 13:30,1,1262.68000,1261.35607,1265.98982,1.32393,0.64475
2016.06.09 15:00,1,1269.38800,1268.02521,1272.79496,1.36279,0.56010
2016.06.13 04:15,1,1275.34200,1274.76229,1276.79129,0.57971,0.58747
2016.06.13 05:45,1,1282.84200,1281.78264,1285.49039,1.05936,0.55571
2016.06.13 08:15,1,1281.34900,1280.47536,1283.53311,0.87364,0.61219
2016.06.13 10:15,1,1284.33900,1283.76886,1285.76436,0.57014,0.53054
2016.06.13 11:45,1,1286.65100,1285.69121,1289.05046,0.95979,0.52550
2016.06.14 10:30,1,1280.16100,1279.46143,1281.90993,0.69957,0.52871
2016.06.15 17:15,1,1285.28000,1284.72536,1286.66661,0.55464,0.54079
2016.06.15 19:15,1,1293.02900,1290.80421,1298.59096,2.22479,0.66858
2016.06.16 01:15,1,1299.61100,1298.45950,1302.48975,1.15150,0.52574
2016.06.16 02:45,1,1300.12900,1299.21407,1302.41632,0.91493,0.61040
2016.06.16 05:30,1,1300.92200,1300.17107,1302.79932,0.75093,0.56965
2016.06.16 07:30,1,1308.75100,1307.25943,1312.47993,1.49157,0.55680
2016.06.16 09:45,1,1302.91200,1301.92579,1305.37754,0.98621,0.51984
2016.06.21 09:00,-1,1281.75100,1282.52864,1279.80689,0.77764,0.65391
2016.06.21 10:30,-1,1279.40800,1280.24279,1277.32104,0.83479,0.61436
2016.06.23 08:15,-1,1268.82900,1269.91721,1266.10846,1.08821,0.50176
2016.06.23 16:15,-1,1261.69900,1262.90450,1258.68525,1.20550,0.51162
2016.06.23 18:00,-1,1261.23900,1262.32729,1258.51829,1.08829,0.50268
2016.06.23 19:45,-1,1257.56900,1258.42186,1255.43686,0.85286,0.50883
2016.06.23 22:45,1,1271.52900,1269.21171,1277.32221,2.31729,0.50178
2016.06.24 02:15,1,1281.57200,1277.82929,1290.92879,3.74271,0.60043
2016.06.28 05:15,-1,1314.86000,1316.10714,1311.74214,1.24714,0.56285
2016.06.28 07:00,-1,1315.87900,1316.83107,1313.49882,0.95207,0.60304
2016.06.28 09:15,-1,1312.01900,1313.04921,1309.44346,1.03021,0.61226
2016.06.28 10:45,-1,1307.07200,1308.34871,1303.88021,1.27671,0.53724
2016.06.29 17:15,-1,1323.55900,1324.35850,1321.56025,0.79950,0.50587
2016.07.01 01:00,1,1324.02900,1323.17686,1326.15936,0.85214,0.62045
2016.07.01 02:45,1,1330.41000,1329.25914,1333.28714,1.15086,0.62016
2016.07.01 05:15,1,1330.18900,1329.64807,1331.54132,0.54093,0.55456
2016.07.01 07:00,1,1332.50000,1331.21014,1335.72464,1.28986,0.57598
2016.07.01 17:00,1,1336.03900,1335.16993,1338.21168,0.86907,0.60065
2016.07.01 18:45,1,1337.60000,1336.75636,1339.70911,0.84364,0.56823
2016.07.04 01:00,1,1345.02100,1343.57736,1348.63011,1.44364,0.53958
2016.07.04 02:45,1,1345.84900,1343.44179,1351.86704,2.40721,0.50310
2016.07.05 22:15,1,1357.72900,1356.95950,1359.65275,0.76950,0.56061
2016.07.06 02:45,1,1366.95100,1365.60121,1370.32546,1.34979,0.61628
2016.07.06 08:00,1,1368.17900,1367.00164,1371.12239,1.17736,0.64085
2016.07.06 09:30,1,1371.69100,1370.68843,1374.19743,1.00257,0.60704
2016.07.06 11:45,1,1370.84200,1369.66357,1373.78807,1.17843,0.61050
2016.07.07 10:45,1,1364.47900,1363.73200,1366.34650,0.74700,0.54192
2016.07.11 17:00,-1,1357.51800,1358.40243,1355.30693,0.88443,0.50375
2016.07.11 19:15,-1,1354.50800,1355.25336,1352.64461,0.74536,0.53768
2016.07.12 09:15,-1,1352.93800,1353.59971,1351.28371,0.66171,0.68906
2016.07.12 10:45,-1,1351.66200,1352.77964,1348.86789,1.11764,0.62463
2016.07.12 13:15,-1,1346.21200,1347.66457,1342.58057,1.45257,0.55219
2016.07.12 15:30,-1,1336.50900,1338.00579,1332.76704,1.49679,0.52753
2016.07.12 18:30,-1,1333.73200,1334.70264,1331.30539,0.97064,0.54410
2016.07.14 08:00,-1,1329.67900,1330.50764,1327.60739,0.82864,0.54196
2016.07.14 10:45,-1,1329.20100,1330.27979,1326.50404,1.07879,0.51000
2016.07.15 02:30,-1,1328.25900,1329.53407,1325.07132,1.27507,0.52516
2016.07.20 04:45,-1,1331.76000,1332.50150,1329.90625,0.74150,0.54774
2016.07.20 06:15,-1,1329.45800,1330.26407,1327.44282,0.80607,0.51692
2016.07.20 08:45,-1,1326.70000,1327.81607,1323.90982,1.11607,0.56621
2016.07.20 10:15,-1,1325.59900,1326.30771,1323.82721,0.70871,0.61236
2016.07.20 17:00,-1,1319.22800,1319.92657,1317.48157,0.69857,0.54682
2016.07.20 19:00,-1,1316.83800,1317.34914,1315.56014,0.51114,0.54781
2016.07.25 02:45,-1,1317.04900,1317.69543,1315.43293,0.64643,0.61030
2016.07.25 18:30,-1,1318.05900,1318.87000,1316.03150,0.81100,0.53345
2016.07.26 04:15,1,1319.91800,1319.41514,1321.17514,0.50286,0.50195
2016.07.27 13:45,1,1327.85100,1326.50393,1331.21868,1.34707,0.56480
2016.07.27 15:15,1,1327.20100,1326.41657,1329.16207,0.78443,0.55763
2016.07.27 17:00,1,1326.68900,1326.00500,1328.39900,0.68400,0.59565
2016.07.27 19:45,1,1341.02800,1339.18764,1345.62889,1.84036,0.53861
2016.07.28 04:45,1,1338.75800,1338.29321,1339.91996,0.46479,0.62386
2016.07.28 07:00,1,1341.23800,1340.46329,1343.17479,0.77471,0.53904
2016.07.29 05:00,-1,1334.81900,1336.36757,1330.94757,1.54857,0.53870
2016.07.29 07:45,-1,1332.90900,1333.95271,1330.29971,1.04371,0.57110
2016.07.29 14:00,1,1344.84800,1342.85000,1349.84300,1.99800,0.59964
2016.07.29 17:00,1,1348.04800,1347.16057,1350.26657,0.88743,0.57665
2016.07.29 18:30,1,1352.10800,1351.03421,1354.79246,1.07379,0.59012
2016.08.01 11:00,1,1348.38100,1347.85079,1349.70654,0.53021,0.52155
2016.08.02 05:15,1,1349.74900,1349.35529,1350.73329,0.39371,0.63554
2016.08.02 06:45,1,1353.53800,1352.73936,1355.53461,0.79864,0.55837
2016.08.02 13:45,1,1363.48000,1362.16107,1366.77732,1.31893,0.52467
2016.08.05 17:30,-1,1337.95000,1338.61114,1336.29714,0.66114,0.56840
2016.08.08 04:30,-1,1337.73800,1338.62629,1335.51729,0.88829,0.58493
2016.08.08 06:00,-1,1336.09800,1336.62171,1334.78871,0.52371,0.62982
2016.08.08 07:30,-1,1332.97900,1333.78314,1330.96864,0.80414,0.70209
2016.08.09 13:00,1,1336.31200,1335.48536,1338.37861,0.82664,0.66059
2016.08.09 14:30,1,1341.05800,1339.89464,1343.96639,1.16336,0.61539
2016.08.10 01:15,1,1346.02900,1344.92279,1348.79454,1.10621,0.59789
2016.08.10 02:45,1,1350.16800,1349.52814,1351.76764,0.63986,0.56620
2016.08.10 06:00,1,1351.74900,1351.14564,1353.25739,0.60336,0.56217
2016.08.10 07:45,1,1351.51200,1350.85336,1353.15861,0.65864,0.57028
2016.08.11 16:45,-1,1345.52800,1346.34764,1343.47889,0.81964,0.55440
2016.08.11 18:30,-1,1342.59900,1343.43214,1340.51614,0.83314,0.58494
2016.08.16 09:10,1,1349.08100,1348.30750,1351.01475,0.77350,0.53367
2016.08.16 11:25,1,1353.55200,1352.33564,1356.59289,1.21636,0.52263
2016.08.17 02:25,-1,1345.02900,1345.63586,1343.51186,0.60686,0.55376
2016.08.19 08:40,-1,1347.11800,1347.85714,1345.27014,0.73914,0.54015
2016.08.19 10:40,-1,1345.09800,1346.06679,1342.67604,0.96879,0.50600
2016.08.22 02:55,-1,1334.03900,1334.79593,1332.14668,0.75693,0.53086
2016.08.23 13:40,-1,1342.75800,1343.74771,1340.28371,0.98971,0.53549
2016.08.24 13:55,-1,1327.46800,1329.26293,1322.98068,1.79493,0.60811
2016.08.24 15:55,-1,1327.76200,1328.53214,1325.83664,0.77014,0.57006
2016.08.24 17:40,-1,1326.03800,1326.63450,1324.54675,0.59650,0.57152
2016.08.24 19:55,-1,1324.32900,1325.05493,1322.51418,0.72593,0.51874
2016.08.25 08:10,-1,1326.53800,1327.01307,1325.35032,0.47507,0.71844
2016.08.25 09:40,-1,1323.09900,1323.60164,1321.84239,0.50264,0.73615
2016.08.25 11:40,-1,1323.58900,1324.09079,1322.33454,0.50179,0.67146
2016.08.25 14:10,-1,1321.70900,1322.71536,1319.19311,1.00636,0.52585
2016.08.26 07:40,-1,1324.35800,1324.85550,1323.11425,0.49750,0.51292
2016.08.26 13:10,-1,1329.33900,1330.85814,1325.54114,1.51914,0.50400
2016.08.29 01:10,-1,1317.09900,1318.24843,1314.22543,1.14943,0.63327
2016.08.29 02:55,-1,1317.66800,1318.30986,1316.06336,0.64186,0.66109
2016.08.29 18:25,-1,1324.44900,1324.96086,1323.16936,0.51186,0.50230
2016.08.30 16:40,-1,1315.00800,1315.60807,1313.50782,0.60007,0.58663
2016.08.30 18:40,-1,1312.99800,1313.66443,1311.33193,0.66643,0.55611
2016.08.31 13:25,-1,1307.87900,1309.54450,1303.71525,1.66550,0.54331
2016.08.31 15:10,-1,1307.45900,1308.63236,1304.52561,1.17336,0.59203
2016.09.01 04:10,-1,1309.45000,1309.90879,1308.30304,0.45879,0.65002
2016.09.01 05:40,-1,1308.77900,1309.17486,1307.78936,0.39586,0.64119
2016.09.01 07:25,-1,1306.07900,1306.66221,1304.62096,0.58321,0.54646
2016.09.02 09:10,1,1310.85800,1310.47364,1311.81889,0.38436,0.51464
2016.09.02 14:10,1,1320.16100,1318.57107,1324.13582,1.58993,0.57838
2016.09.02 15:55,1,1318.52900,1317.46721,1321.18346,1.06179,0.57703
2016.09.06 09:05,1,1329.20800,1328.81721,1330.18496,0.39079,0.55937
2016.09.06 11:35,1,1332.91900,1332.34779,1334.34704,0.57121,0.53521
2016.09.06 14:20,1,1339.16900,1337.83950,1342.49275,1.32950,0.51132
2016.09.06 16:20,1,1343.17800,1342.49686,1344.88086,0.68114,0.54398
2016.09.06 17:50,1,1349.53100,1348.14450,1352.99725,1.38650,0.56274
2016.09.06 19:35,1,1348.83800,1348.29636,1350.19211,0.54164,0.56052
2016.09.08 19:05,-1,1336.91000,1337.39914,1335.68714,0.48914,0.51491
2016.09.09 04:50,-1,1338.59900,1338.96450,1337.68525,0.36550,0.64395
2016.09.09 06:20,-1,1335.71800,1336.19300,1334.53050,0.47500,0.55207
2016.09.09 08:20,-1,1335.29900,1335.83579,1333.95704,0.53679,0.63825
2016.09.09 10:20,-1,1335.87900,1336.29893,1334.82918,0.41993,0.58703
2016.09.09 17:05,-1,1331.80900,1332.35571,1330.44221,0.54671,0.54899
2016.09.09 18:35,-1,1329.75000,1330.47600,1327.93500,0.72600,0.50164
2016.09.12 09:35,-1,1327.78000,1328.38900,1326.25750,0.60900,0.50028
2016.09.12 13:05,-1,1324.21800,1325.53721,1320.91996,1.31921,0.56811
2016.09.12 15:05,-1,1323.86800,1324.97786,1321.09336,1.10986,0.63826
2016.09.13 16:05,-1,1324.13800,1324.93864,1322.13639,0.80064,0.53799
2016.09.15 05:00,-1,1321.15800,1321.60307,1320.04532,0.44507,0.63840
2016.09.15 06:30,-1,1320.68900,1321.09550,1319.67275,0.40650,0.66830
2016.09.21 04:15,1,1315.03000,1314.20271,1317.09821,0.82729,0.51732
2016.09.21 06:00,1,1317.76900,1316.92864,1319.86989,0.84036,0.53569
2016.09.21 07:30,1,1321.18800,1320.32386,1323.34836,0.86414,0.53657
2016.09.21 09:30,1,1320.63900,1320.08057,1322.03507,0.55843,0.56633
2016.09.21 13:15,1,1323.95100,1322.57529,1327.39029,1.37571,0.56938
2016.09.21 16:00,1,1327.65900,1326.93321,1329.47346,0.72579,0.57369
2016.09.21 17:45,1,1326.46900,1325.80536,1328.12811,0.66364,0.54063
2016.09.21 19:15,1,1331.92900,1329.38771,1338.28221,2.54129,0.52273
2016.09.22 13:15,1,1336.89100,1335.69450,1339.88225,1.19650,0.56743
2016.09.22 15:15,1,1340.23800,1339.27043,1342.65693,0.96757,0.53648
2016.09.26 01:30,-1,1336.56800,1337.11700,1335.19550,0.54900,0.55781
2016.09.27 04:00,1,1334.96900,1334.56429,1335.98079,0.40471,0.56535
2016.09.27 06:15,1,1334.77800,1334.32579,1335.90854,0.45221,0.52390
2016.09.27 14:15,-1,1327.44900,1328.56429,1324.66079,1.11529,0.53466
2016.09.28 04:00,-1,1325.12900,1325.33507,1324.61382,0.20607,0.50122
2016.09.28 05:45,-1,1325.63000,1325.90721,1324.93696,0.27721,0.59067
2016.09.28 07:15,-1,1322.60900,1323.28186,1320.92686,0.67286,0.53055
2016.09.28 08:45,1,1324.19800,1323.71829,1325.39729,0.47971,0.53427
2016.09.28 10:15,1,1325.25200,1324.83421,1326.29646,0.41779,0.50469
2016.09.28 13:45,-1,1323.58800,1324.45986,1321.40836,0.87186,0.62255
2016.09.28 15:45,-1,1321.42800,1322.37329,1319.06479,0.94529,0.50823
2016.09.29 15:45,-1,1317.77900,1318.73371,1315.39221,0.95471,0.53276
2016.10.03 15:15,-1,1312.22900,1313.23450,1309.71525,1.00550,0.50314
2016.10.11 09:15,-1,1257.10900,1257.86829,1255.21079,0.75929,0.57313
2016.10.11 10:45,-1,1255.24100,1255.97814,1253.39814,0.73714,0.53620
2016.10.11 17:30,-1,1255.35900,1256.25814,1253.11114,0.89914,0.56305
2016.10.11 19:45,-1,1253.46900,1254.06079,1251.98954,0.59179,0.58785
2016.10.13 01:30,1,1255.23800,1254.58429,1256.87229,0.65371,0.55753
2016.10.18 04:15,1,1258.79800,1258.21614,1260.25264,0.58186,0.51285
2016.10.18 05:45,1,1258.29800,1257.85407,1259.40782,0.44393,0.54848
2016.10.18 07:45,1,1261.23900,1260.63436,1262.75061,0.60464,0.50316
2016.10.18 15:30,1,1262.88900,1262.19429,1264.62579,0.69471,0.51843
2016.10.19 08:00,1,1262.49900,1262.08821,1263.52596,0.41079,0.51297
2016.10.20 05:15,-1,1271.19000,1271.58707,1270.19732,0.39707,0.57312
2016.10.20 07:00,-1,1269.01100,1269.58186,1267.58386,0.57086,0.55257
2016.10.20 14:00,-1,1267.63900,1268.96907,1264.31382,1.33007,0.56925
2016.10.25 13:00,1,1267.91100,1266.99664,1270.19689,0.91436,0.54734
2016.10.25 15:15,1,1272.22200,1271.25350,1274.64325,0.96850,0.53611
2016.10.26 08:15,-1,1273.94100,1274.35921,1272.89546,0.41821,0.50869
2016.10.27 04:30,1,1266.48800,1266.07750,1267.51425,0.41050,0.54516
2016.10.27 06:00,1,1268.66000,1268.31943,1269.51143,0.34057,0.51498
2016.10.28 05:30,-1,1270.47900,1270.79993,1269.67668,0.32093,0.61270
2016.10.28 07:45,-1,1267.35200,1267.98200,1265.77700,0.63000,0.50692
2016.10.28 17:00,1,1273.32100,1272.64050,1275.02225,0.68050,0.65352
2016.10.28 19:15,1,1276.24800,1274.77164,1279.93889,1.47636,0.63458
2016.11.01 08:00,1,1278.78900,1278.27271,1280.07971,0.51629,0.64014
2016.11.01 10:45,1,1284.43800,1283.71221,1286.25246,0.72579,0.55188
2016.11.02 04:00,1,1291.48900,1291.07886,1292.51436,0.41014,0.51258
2016.11.02 06:00,1,1291.47800,1291.01143,1292.64443,0.46657,0.62320
2016.11.02 10:15,1,1296.03800,1295.43607,1297.54282,0.60193,0.64650
2016.11.02 13:15,1,1297.76900,1296.60493,1300.67918,1.16407,0.68276
2016.11.02 14:45,1,1303.58800,1302.21207,1307.02782,1.37593,0.65717
2016.11.07 08:15,-1,1287.25900,1288.01079,1285.37954,0.75179,0.60766
2016.11.07 10:00,-1,1284.72900,1285.37386,1283.11686,0.64486,0.57108
2016.11.07 11:45,-1,1286.21800,1286.97900,1284.31550,0.76100,0.60316
2016.11.07 14:30,-1,1284.49900,1285.35364,1282.36239,0.85464,0.63406
2016.11.08 16:10,-1,1280.69100,1282.77850,1275.47225,2.08750,0.54441
2016.11.08 17:40,-1,1276.55400,1278.07721,1272.74596,1.52321,0.55385
2016.11.08 19:10,-1,1276.26200,1277.78114,1272.46414,1.51914,0.54674
2016.11.09 01:25,1,1276.54900,1272.97950,1285.47275,3.56950,0.58446
2016.11.09 04:25,-1,1321.14900,1325.48993,1310.29668,4.34093,0.51364
2016.11.09 06:10,-1,1314.91800,1319.62650,1303.14675,4.70850,0.51149
2016.11.10 17:10,-1,1266.01100,1268.41693,1259.99618,2.40593,0.52728
2016.11.10 18:40,-1,1265.81100,1267.82229,1260.78279,2.01129,0.50046
2016.11.11 14:10,-1,1254.08900,1256.10843,1249.04043,2.01943,0.55976
2016.11.11 16:55,-1,1230.78100,1233.87607,1223.04332,3.09507,0.51678
2016.11.14 02:55,-1,1215.97000,1217.22286,1212.83786,1.25286,0.50461
2016.11.14 13:55,-1,1218.55900,1220.77179,1213.02704,2.21279,0.59600
2016.11.17 14:25,-1,1225.79800,1227.30114,1222.04014,1.50314,0.50594
2016.11.17 16:25,-1,1225.73800,1227.12843,1222.26193,1.39043,0.56578
2016.11.17 17:55,-1,1217.23900,1218.73486,1213.49936,1.49586,0.52503
2016.11.18 01:05,-1,1213.35200,1214.58557,1210.26807,1.23357,0.52451
2016.11.22 01:05,1,1219.54800,1218.43436,1222.33211,1.11364,0.50849
2016.11.22 02:35,1,1217.31800,1216.38514,1219.65014,0.93286,0.59958
2016.11.22 13:35,-1,1213.82100,1214.84086,1211.27136,1.01986,0.60163
2016.11.22 15:05,-1,1209.70100,1210.75736,1207.06011,1.05636,0.56332
2016.11.23 13:05,-1,1208.06800,1208.95950,1205.83925,0.89150,0.61368
2016.11.23 15:20,-1,1183.62200,1186.19793,1177.18218,2.57593,0.54815
2016.11.25 02:55,-1,1176.80800,1178.00414,1173.81764,1.19614,0.50417
2016.11.29 01:05,-1,1191.62100,1192.48807,1189.45332,0.86707,0.50425
2016.11.29 02:50,-1,1189.53800,1190.16093,1187.98068,0.62293,0.57779
2016.11.29 08:50,-1,1188.37800,1189.27800,1186.12800,0.90000,0.54524
2016.11.29 11:50,-1,1184.46800,1185.15921,1182.73996,0.69121,0.52406
2016.11.30 17:15,-1,1173.74900,1175.12129,1170.31829,1.37229,0.55703
2016.11.30 18:45,-1,1174.59800,1175.69200,1171.86300,1.09400,0.53549
2016.12.01 08:10,-1,1170.42800,1171.43757,1167.90407,1.00957,0.55704
2016.12.01 10:25,-1,1168.27100,1169.35821,1165.55296,1.08721,0.51402
2016.12.01 11:55,-1,1168.58800,1169.29471,1166.82121,0.70671,0.57920
2016.12.05 08:20,-1,1168.22900,1169.46279,1165.14454,1.23379,0.50592
2016.12.05 10:20,-1,1165.03100,1165.99893,1162.61118,0.96793,0.55337
2016.12.07 13:15,1,1172.59100,1172.01557,1174.02957,0.57543,0.55901
2016.12.07 15:45,1,1178.20800,1176.81886,1181.68086,1.38914,0.54261
2016.12.07 19:15,-1,1174.49900,1175.22993,1172.67168,0.73093,0.51391
2016.12.09 08:25,-1,1168.70900,1169.37643,1167.04043,0.66743,0.51968
2016.12.09 10:10,-1,1170.40900,1171.05421,1168.79596,0.64521,0.54852
2016.12.09 17:55,-1,1161.29100,1162.32964,1158.69439,1.03864,0.55980
2016.12.12 05:25,-1,1158.40800,1159.00964,1156.90389,0.60164,0.67402
2016.12.12 06:55,-1,1157.79200,1158.41700,1156.22950,0.62500,0.64373
2016.12.14 17:05,-1,1163.33200,1163.91600,1161.87200,0.58400,0.64859
2016.12.14 18:50,-1,1157.55800,1158.38786,1155.48336,0.82986,0.61384
2016.12.15 08:35,-1,1137.13900,1138.16550,1134.57275,1.02650,0.57286
2016.12.15 10:05,-1,1135.32800,1135.97314,1133.71514,0.64514,0.63574
2016.12.15 11:50,-1,1127.86800,1129.18129,1124.58479,1.31329,0.60637
2016.12.16 13:50,-1,1133.89800,1134.65257,1132.01157,0.75457,0.54594
2016.12.16 15:20,-1,1130.77800,1131.64393,1128.61318,0.86593,0.50728
2016.12.20 04:00,-1,1138.07100,1138.87250,1136.06725,0.80150,0.55867
2016.12.20 05:45,-1,1135.24800,1135.93286,1133.53586,0.68486,0.59902
2016.12.20 07:30,-1,1134.71900,1135.61171,1132.48721,0.89271,0.52357
2016.12.22 16:30,-1,1130.04200,1130.80086,1128.14486,0.75886,0.55934
2016.12.22 18:00,-1,1129.23100,1130.04929,1127.18529,0.81829,0.55433
2016.12.22 19:30,-1,1128.58800,1129.05843,1127.41193,0.47043,0.58030
2016.12.23 13:45,1,1130.22900,1129.63900,1131.70400,0.59000,0.53859
2016.12.23 15:45,1,1135.41800,1134.57850,1137.51675,0.83950,0.52348
2016.12.23 18:00,-1,1132.34900,1132.82343,1131.16293,0.47443,0.51105
2016.12.27 01:30,1,1133.57100,1132.99807,1135.00332,0.57293,0.52427
2016.12.27 04:15,1,1137.14200,1136.77893,1138.04968,0.36307,0.53433
2016.12.27 05:45,1,1137.62800,1137.25043,1138.57193,0.37757,0.57062
2016.12.27 07:30,1,1139.25800,1138.73000,1140.57800,0.52800,0.58086
2016.12.29 01:10,1,1146.43900,1145.55207,1148.65632,0.88693,0.53826
2016.12.29 02:40,1,1147.18800,1146.42657,1149.09157,0.76143,0.58363
2016.12.29 06:10,1,1148.08900,1147.64429,1149.20079,0.44471,0.57601
2016.12.29 07:55,1,1149.43800,1148.83693,1150.94068,0.60107,0.56080
2016.12.29 16:10,1,1154.02800,1152.96357,1156.68907,1.06443,0.61598
2016.12.29 18:55,1,1155.05200,1154.22393,1157.12218,0.82807,0.63564
2016.12.29 20:40,1,1156.48200,1155.81650,1158.14575,0.66550,0.56203
2017.01.03 08:50,-1,1150.84900,1151.74150,1148.61775,0.89250,0.56723
2017.01.03 10:50,-1,1147.03800,1147.62307,1145.57532,0.58507,0.50236
2017.01.04 09:05,1,1166.32900,1165.31093,1168.87418,1.01807,0.55573
2017.01.04 10:50,1,1166.16900,1165.39150,1168.11275,0.77750,0.59905
2017.01.05 04:15,1,1173.49800,1172.95057,1174.86657,0.54743,0.58859
2017.01.05 06:00,1,1176.70800,1175.89100,1178.75050,0.81700,0.61431
2017.01.05 07:30,1,1178.09900,1177.21407,1180.31132,0.88493,0.60545
2017.01.05 13:45,1,1175.65100,1174.27179,1179.09904,1.37921,0.64302
2017.01.05 15:30,1,1179.98900,1178.31979,1184.16204,1.66921,0.64142
2017.01.09 16:10,1,1182.23800,1181.24336,1184.72461,0.99464,0.59411
2017.01.09 17:55,1,1183.38800,1182.64471,1185.24621,0.74329,0.59398
2017.01.09 19:55,1,1184.11900,1183.38729,1185.94829,0.73171,0.60078
2017.01.10 01:40,1,1181.52900,1180.73593,1183.51168,0.79307,0.57951
2017.01.10 13:40,1,1183.56900,1182.56179,1186.08704,1.00721,0.62687
2017.01.10 15:55,1,1187.90200,1186.85450,1190.52075,1.04750,0.56171
2017.01.11 17:05,1,1185.13900,1182.48479,1191.77454,2.65421,0.64189
2017.01.11 18:50,1,1195.36800,1192.90771,1201.51871,2.46029,0.60387
2017.01.12 05:15,1,1197.50900,1196.93300,1198.94900,0.57600,0.62878
2017.01.12 08:00,1,1202.17800,1201.32264,1204.31639,0.85536,0.59986
2017.01.12 09:45,1,1205.34100,1204.14671,1208.32671,1.19429,0.51320
2017.01.12 11:15,1,1204.42800,1203.48429,1206.78729,0.94371,0.56142
2017.01.17 04:55,1,1207.23900,1206.67357,1208.65257,0.56543,0.57421
2017.01.17 07:55,1,1213.19800,1212.45143,1215.06443,0.74657,0.60768
2017.01.17 09:25,1,1215.48100,1214.67286,1217.50136,0.80814,0.59559
2017.01.17 11:40,1,1214.74100,1213.81886,1217.04636,0.92214,0.57359
2017.01.17 17:10,1,1212.68800,1211.72171,1215.10371,0.96629,0.57473
2017.01.17 18:40,1,1213.97900,1213.38093,1215.47418,0.59807,0.52871
2017.01.18 16:20,-1,1213.59800,1214.52107,1211.29032,0.92307,0.50676
2017.01.18 19:05,-1,1209.46900,1210.38771,1207.17221,0.91871,0.52168
2017.01.19 18:30,1,1201.45900,1200.44871,1203.98471,1.01029,0.51252
2017.01.20 01:10,1,1206.09900,1205.17207,1208.41632,0.92693,0.57110
2017.01.20 16:40,1,1203.84100,1202.80443,1206.43243,1.03657,0.59509
2017.01.20 18:25,1,1205.44900,1203.90143,1209.31793,1.54757,0.59563
2017.01.20 19:55,1,1209.17900,1207.70507,1212.86382,1.47393,0.52082
2017.01.23 02:40,1,1217.64800,1216.70821,1219.99746,0.93979,0.55569
2017.01.24 16:55,-1,1212.84100,1213.68314,1210.73564,0.84214,0.59340
2017.01.24 18:25,-1,1210.74100,1211.47907,1208.89582,0.73807,0.53733
2017.01.25 02:05,-1,1209.22900,1209.92679,1207.48454,0.69779,0.58240
2017.01.25 04:35,-1,1205.80100,1206.32993,1204.47868,0.52893,0.50301
2017.01.25 06:50,-1,1203.08100,1203.57150,1201.85475,0.49050,0.55593
2017.01.25 13:05,-1,1204.49100,1205.44479,1202.10654,0.95379,0.60335
2017.01.25 15:35,-1,1197.53900,1199.03764,1193.79239,1.49864,0.57628
2017.01.26 08:20,-1,1196.35900,1197.00193,1194.75168,0.64293,0.58104
2017.01.26 11:50,-1,1187.56200,1188.20300,1185.95950,0.64100,0.51286
2017.01.26 15:05,-1,1187.44800,1188.87236,1183.88711,1.42436,0.56321
2017.01.30 13:00,1,1191.57100,1190.85493,1193.36118,0.71607,0.53794
2017.01.30 14:30,1,1193.33800,1192.36679,1195.76604,0.97121,0.58450
2017.01.31 01:30,1,1197.55100,1196.99550,1198.93975,0.55550,0.57946
2017.01.31 08:15,1,1199.78800,1199.19257,1201.27657,0.59543,0.57869
2017.01.31 10:45,1,1198.37900,1197.77993,1199.87668,0.59907,0.59422
2017.01.31 13:15,1,1203.78200,1202.90221,1205.98146,0.87979,0.62234
2017.01.31 14:45,1,1212.83800,1210.99614,1217.44264,1.84186,0.53053
2017.02.01 10:40,1,1210.83100,1210.23700,1212.31600,0.59400,0.60948
2017.02.01 13:10,-1,1205.86100,1206.39014,1204.53814,0.52914,0.54085
2017.02.01 17:40,1,1204.31900,1203.51457,1206.33007,0.80443,0.56645
2017.02.02 02:20,1,1213.34900,1212.74057,1214.87007,0.60843,0.64655
2017.02.02 08:05,1,1214.41900,1213.45014,1216.84114,0.96886,0.65435
2017.02.02 09:35,1,1217.09800,1216.17450,1219.40675,0.92350,0.60858
2017.02.02 11:50,1,1221.75800,1221.09107,1223.42532,0.66693,0.56883
2017.02.06 08:35,1,1222.64900,1221.98143,1224.31793,0.66757,0.65330
2017.02.06 10:05,1,1222.10900,1221.61064,1223.35489,0.49836,0.61905
2017.02.06 11:50,1,1228.04800,1227.22429,1230.10729,0.82371,0.60184
2017.02.06 15:05,1,1226.05800,1224.99507,1228.71532,1.06293,0.58173
2017.02.06 17:05,1,1229.73800,1228.93300,1231.75050,0.80500,0.60504
2017.02.06 19:05,1,1231.86800,1231.11964,1233.73889,0.74836,0.56239
2017.02.07 13:30,1,1229.56100,1228.68521,1231.75046,0.87579,0.52281
2017.02.08 04:15,-1,1233.52900,1233.98700,1232.38400,0.45800,0.54895
2017.02.08 08:00,1,1232.68100,1231.92150,1234.57975,0.75950,0.62481
2017.02.08 10:00,1,1236.04200,1235.38379,1237.68754,0.65821,0.62251
2017.02.08 13:45,1,1238.77100,1237.84893,1241.07618,0.92207,0.54320
2017.02.08 15:45,1,1241.70100,1240.59586,1244.46386,1.10514,0.53504
2017.02.09 20:40,-1,1231.09800,1231.91357,1229.05907,0.81557,0.50027
2017.02.10 02:10,-1,1225.20200,1226.17021,1222.78146,0.96821,0.53593
2017.02.10 05:10,-1,1224.37900,1224.75100,1223.44900,0.37200,0.61083
2017.02.10 07:10,-1,1222.98000,1223.51729,1221.63679,0.53729,0.59304
2017.02.14 17:05,1,1224.05100,1223.02650,1226.61225,1.02450,0.51349
2017.02.14 19:05,1,1227.40800,1226.64450,1229.31675,0.76350,0.52105
2017.02.15 19:45,1,1231.40900,1230.89029,1232.70579,0.51871,0.51270
2017.02.16 02:45,1,1235.21900,1234.59179,1236.78704,0.62721,0.54340
2017.02.16 08:15,1,1234.87800,1234.13264,1236.74139,0.74536,0.60821
2017.02.16 10:30,1,1237.16900,1236.55464,1238.70489,0.61436,0.62146
2017.02.16 14:15,1,1237.88800,1236.71629,1240.81729,1.17171,0.57778
2017.02.16 17:30,1,1238.49800,1237.75629,1240.35229,0.74171,0.50786
2017.02.17 08:30,1,1238.47900,1237.93300,1239.84400,0.54600,0.64463
2017.02.17 10:15,1,1242.14200,1241.21307,1244.46432,0.92893,0.59302
2017.02.21 08:10,-1,1234.37100,1234.85450,1233.16225,0.48350,0.65868
2017.02.21 11:10,-1,1229.27800,1229.81636,1227.93211,0.53836,0.52770
2017.02.22 11:35,1,1237.46100,1236.87850,1238.91725,0.58250,0.51595
2017.02.22 16:05,1,1233.55900,1232.05650,1237.31525,1.50250,0.50870
2017.02.22 18:20,1,1232.61800,1231.97336,1234.22961,0.64464,0.50431
2017.02.23 13:00,1,1243.04800,1241.84729,1246.04979,1.20071,0.65804
2017.02.23 15:30,1,1247.15100,1246.03421,1249.94296,1.11679,0.62019
2017.02.24 05:10,1,1249.69900,1249.41464,1250.40989,0.28436,0.63411
2017.02.24 07:55,1,1253.74800,1253.35464,1254.73139,0.39336,0.58513
2017.02.27 13:40,1,1256.62800,1255.89264,1258.46639,0.73536,0.54294
2017.02.27 18:40,-1,1257.40800,1258.23593,1255.33818,0.82793,0.56270
2017.02.28 16:20,-1,1256.96900,1258.04529,1254.27829,1.07629,0.50423
2017.02.28 18:20,-1,1251.04100,1252.08093,1248.44118,1.03993,0.50333
2017.02.28 21:20,-1,1248.38800,1249.52914,1245.53514,1.14114,0.60328
2017.03.01 02:45,-1,1243.18100,1244.62914,1239.56064,1.44814,0.51874
2017.03.02 16:10,-1,1239.13900,1240.09000,1236.76150,0.95100,0.51949
2017.03.02 19:40,-1,1233.18800,1233.86064,1231.50639,0.67264,0.51977
2017.03.03 04:20,-1,1233.24100,1233.65457,1232.20707,0.41357,0.55952
2017.03.03 06:35,-1,1232.29200,1232.86814,1230.85164,0.57614,0.59206
2017.03.03 08:50,-1,1226.83800,1227.76529,1224.51979,0.92729,0.50344
2017.03.03 10:20,-1,1228.31800,1228.91107,1226.83532,0.59307,0.59082
2017.03.03 11:50,-1,1228.98200,1229.64757,1227.31807,0.66557,0.53135
2017.03.07 08:45,-1,1224.59800,1225.11536,1223.30461,0.51736,0.55652
2017.03.07 11:45,-1,1222.87800,1223.30286,1221.81586,0.42486,0.56191
2017.03.07 17:45,-1,1217.83900,1218.46829,1216.26579,0.62929,0.54293
2017.03.08 05:10,-1,1217.42800,1217.70836,1216.72711,0.28036,0.58415
2017.03.08 06:40,-1,1217.20900,1217.50986,1216.45686,0.30086,0.60772
2017.03.08 15:40,-1,1208.25100,1209.11107,1206.10082,0.86007,0.50361
2017.03.09 06:05,-1,1204.33800,1204.75421,1203.29746,0.41621,0.55074
2017.03.09 07:50,-1,1206.10800,1206.74136,1204.52461,0.63336,0.53364
2017.03.09 17:50,-1,1203.67800,1204.13864,1202.52639,0.46064,0.54215
2017.03.10 04:30,-1,1198.26900,1198.73950,1197.09275,0.47050,0.50153
2017.03.10 07:00,-1,1197.43100,1197.85821,1196.36296,0.42721,0.57160
2017.03.13 04:00,1,1206.95800,1206.60864,1207.83139,0.34936,0.56003
2017.03.13 06:00,1,1208.05800,1207.71464,1208.91639,0.34336,0.54158
2017.03.13 08:00,-1,1210.02900,1210.54821,1208.73096,0.51921,0.56286
2017.03.13 10:15,-1,1207.66800,1208.13714,1206.49514,0.46914,0.53514
2017.03.14 04:40,-1,1202.64800,1202.83929,1202.16979,0.19129,0.52913
2017.03.14 06:40,-1,1202.04800,1202.47521,1200.97996,0.42721,0.51682
2017.03.14 16:55,-1,1204.43800,1205.04971,1202.90871,0.61171,0.61408
2017.03.14 18:55,-1,1197.65800,1198.19021,1196.32746,0.53221,0.56338
2017.03.15 16:10,1,1199.74800,1199.12829,1201.29729,0.61971,0.51184
2017.03.15 17:40,1,1203.23900,1202.39143,1205.35793,0.84757,0.52558
2017.03.16 01:10,1,1224.46800,1223.70671,1226.37121,0.76129,0.56652
2017.03.16 04:40,1,1224.87800,1224.48593,1225.85818,0.39207,0.59938
2017.03.16 06:55,1,1226.15800,1225.77350,1227.11925,0.38450,0.54042
2017.03.17 09:10,1,1227.80800,1227.09086,1229.60086,0.71714,0.52709
2017.03.17 10:55,1,1228.94100,1228.37293,1230.36118,0.56807,0.53115
2017.03.20 01:25,1,1232.34800,1231.76621,1233.80246,0.58179,0.53707
2017.03.20 02:55,1,1234.21900,1233.76750,1235.34775,0.45150,0.53031
2017.03.20 13:55,1,1231.93800,1231.31979,1233.48354,0.61821,0.58307
2017.03.21 13:10,1,1236.72800,1236.02629,1238.48229,0.70171,0.63738
2017.03.21 14:40,1,1240.89800,1239.62407,1244.08282,1.27393,0.61215
2017.03.21 16:25,1,1243.77100,1242.86264,1246.04189,0.90836,0.55948
2017.03.21 18:40,1,1243.98200,1243.06107,1246.28432,0.92093,0.63066
2017.03.22 10:10,1,1245.81800,1245.10500,1247.60050,0.71300,0.50186
2017.03.24 20:55,-1,1251.70100,1252.82229,1248.89779,1.12129,0.54073
2017.03.27 02:40,1,1256.53800,1256.09179,1257.65354,0.44621,0.60824
2017.03.28 16:25,-1,1255.20800,1256.00221,1253.22246,0.79421,0.62710
2017.03.28 18:40,-1,1248.12800,1249.28979,1245.22354,1.16179,0.59084
2017.03.30 16:25,-1,1249.45900,1250.21914,1247.55864,0.76014,0.56145
2017.03.30 17:55,-1,1245.91200,1246.90836,1243.42111,0.99636,0.55479
2017.03.30 19:40,-1,1244.51800,1245.06707,1243.14532,0.54907,0.50614
2017.03.31 02:40,-1,1240.62800,1241.13757,1239.35407,0.50957,0.60569
2017.04.03 04:25,-1,1248.36100,1248.60000,1247.76350,0.23900,0.54488
2017.04.03 06:40,-1,1246.77900,1247.19129,1245.74829,0.41229,0.55618
2017.04.03 13:40,1,1247.99100,1247.30886,1249.69636,0.68214,0.67911
2017.04.03 15:40,1,1252.86900,1251.97529,1255.10329,0.89371,0.63824
2017.04.03 20:25,1,1252.68200,1252.32821,1253.56646,0.35379,0.56478
2017.04.03 22:55,1,1256.52800,1255.86621,1258.18246,0.66179,0.54150
2017.04.04 04:25,1,1256.14800,1255.84086,1256.91586,0.30714,0.61627
2017.04.04 06:10,1,1256.08900,1255.68229,1257.10579,0.40671,0.62969
2017.04.04 08:25,1,1258.34800,1257.77500,1259.78050,0.57300,0.60296
2017.04.04 09:55,1,1258.90800,1258.44686,1260.06086,0.46114,0.61292
2017.04.04 11:25,1,1259.06100,1258.47536,1260.52511,0.58564,0.60879
2017.04.05 13:40,-1,1245.76100,1246.78850,1243.19225,1.02750,0.58228
2017.04.05 15:40,-1,1247.73800,1248.59050,1245.60675,0.85250,0.58331
2017.04.05 18:25,1,1250.21800,1248.89671,1253.52121,1.32129,0.50336
2017.04.06 01:10,-1,1254.91800,1255.59371,1253.22871,0.67571,0.50143
2017.04.06 02:55,-1,1253.33800,1253.82764,1252.11389,0.48964,0.51708
2017.04.06 20:40,-1,1251.80100,1252.11800,1251.00850,0.31700,0.50523
2017.04.07 02:55,1,1262.48100,1260.56836,1267.26261,1.91264,0.65920
2017.04.10 08:25,-1,1253.20800,1253.59721,1252.23496,0.38921,0.63411
2017.04.10 10:10,-1,1252.91900,1253.29714,1251.97364,0.37814,0.63837
2017.04.10 11:55,-1,1249.86800,1250.58764,1248.06889,0.71964,0.54689
2017.04.11 13:10,1,1264.81800,1263.99436,1266.87711,0.82364,0.53719
2017.04.11 14:40,1,1269.23200,1267.96721,1272.39396,1.26479,0.60886
2017.04.11 20:10,1,1273.26800,1272.71521,1274.64996,0.55279,0.65042
2017.04.11 22:55,1,1278.64800,1277.99229,1280.28729,0.65571,0.60351
2017.04.12 16:25,1,1274.40800,1273.52436,1276.61711,0.88364,0.60314
2017.04.12 18:10,1,1274.75200,1273.64293,1277.52468,1.10907,0.58735
2017.04.12 19:55,1,1282.87900,1281.28621,1286.86096,1.59279,0.53990
2017.04.12 22:40,1,1286.47200,1285.52407,1288.84182,0.94793,0.60937
2017.04.13 16:10,1,1285.68100,1284.98829,1287.41279,0.69271,0.51075
2017.04.13 18:10,1,1286.80800,1286.08121,1288.62496,0.72679,0.54793
2017.04.16 22:55,1,1291.61100,1290.40993,1294.61368,1.20107,0.56351
2017.04.17 16:10,-1,1287.88100,1288.65829,1285.93779,0.77729,0.51109
2017.04.17 19:25,-1,1282.07900,1283.01714,1279.73364,0.93814,0.50069
2017.04.19 13:10,-1,1284.82200,1285.56107,1282.97432,0.73907,0.61462
2017.04.19 15:55,-1,1279.59900,1280.69379,1276.86204,1.09479,0.59029
2017.04.21 08:10,1,1280.64200,1280.01650,1282.20575,0.62550,0.58696
2017.04.21 09:40,1,1280.50800,1279.95686,1281.88586,0.55114,0.64146
2017.04.21 11:55,1,1283.06100,1282.26836,1285.04261,0.79264,0.57040
2017.04.24 01:55,1,1274.73200,1273.71007,1277.28682,1.02193,0.52821
2017.04.24 05:10,-1,1274.99800,1275.40793,1273.97318,0.40993,0.55178
2017.04.24 06:40,-1,1271.33900,1272.45121,1268.55846,1.11221,0.54405
2017.04.25 02:10,-1,1273.73900,1274.34407,1272.22632,0.60507,0.54095
2017.04.25 10:55,-1,1270.72900,1271.27564,1269.36239,0.54664,0.50611
2017.04.25 17:55,-1,1264.17200,1265.01257,1262.07057,0.84057,0.53519
2017.04.25 19:55,-1,1263.40100,1264.01457,1261.86707,0.61357,0.51305
2017.04.28 16:35,1,1266.88800,1266.34086,1268.25586,0.54714,0.61434
2017.04.28 19:20,1,1267.72200,1267.28179,1268.82254,0.44021,0.60985
2017.04.30 22:35,1,1270.81100,1270.10529,1272.57529,0.70571,0.53963
2017.05.01 02:20,-1,1264.46100,1265.37093,1262.18618,0.90993,0.54611
2017.05.01 13:35,-1,1264.55200,1265.27829,1262.73629,0.72629,0.51588
2017.05.01 18:20,-1,1257.07800,1257.74707,1255.40532,0.66907,0.54454
2017.05.03 16:50,-1,1247.71900,1248.19564,1246.52739,0.47664,0.63015
2017.05.03 18:35,-1,1247.21100,1248.71607,1243.44832,1.50507,0.58102
2017.05.04 04:05,-1,1239.44100,1239.76393,1238.63368,0.32293,0.61148
2017.05.04 05:35,-1,1237.90800,1238.18879,1237.20604,0.28079,0.56188
2017.05.04 07:05,-1,1233.97100,1234.98629,1231.43279,1.01529,0.53250
2017.05.04 15:20,-1,1228.50800,1229.52557,1225.96407,1.01757,0.50294
2017.05.08 01:05,-1,1230.31800,1231.28121,1227.90996,0.96321,0.57776
2017.05.08 02:50,-1,1230.36800,1230.79043,1229.31193,0.42243,0.55054
2017.05.08 14:05,-1,1229.34900,1230.18721,1227.25346,0.83821,0.50403
2017.05.09 13:50,-1,1220.55200,1221.41293,1218.39968,0.86093,0.51583
2017.05.09 15:50,-1,1217.52800,1218.28757,1215.62907,0.75957,0.52904
2017.05.12 04:35,1,1226.76800,1226.54464,1227.32639,0.22336,0.59396
2017.05.12 06:05,1,1227.69200,1227.36879,1228.50004,0.32321,0.52355
2017.05.15 14:50,1,1234.09800,1233.34014,1235.99264,0.75786,0.54452
2017.05.15 17:05,-1,1231.12200,1231.69829,1229.68129,0.57629,0.51708
2017.05.16 20:05,1,1236.93200,1236.51757,1237.96807,0.41443,0.59938
2017.05.16 22:35,1,1238.01200,1237.49536,1239.30361,0.51664,0.58896
2017.05.17 08:50,1,1244.22200,1243.76571,1245.36271,0.45629,0.62383
2017.05.17 11:05,1,1245.61800,1244.85479,1247.52604,0.76321,0.61145
2017.05.17 14:20,1,1257.64800,1256.26150,1261.11425,1.38650,0.61543
2017.05.17 15:50,1,1257.10100,1255.77886,1260.40636,1.32214,0.64748
2017.05.22 13:35,1,1258.58100,1257.74521,1260.67046,0.83579,0.61411
2017.05.22 15:20,1,1259.69800,1258.90450,1261.68175,0.79350,0.58906
2017.05.22 22:20,1,1260.29200,1259.82343,1261.46343,0.46857,0.64135
2017.05.24 05:20,-1,1251.63200,1251.96693,1250.79468,0.33493,0.56187
2017.05.24 07:20,-1,1250.11200,1250.75257,1248.51057,0.64057,0.56883
2017.05.26 01:05,1,1255.03200,1254.61193,1256.08218,0.42007,0.50823
2017.05.26 04:05,1,1258.11200,1257.76721,1258.97396,0.34479,0.64785
2017.05.26 05:35,1,1258.38800,1258.03221,1259.27746,0.35579,0.69461
2017.05.26 07:20,1,1261.23200,1260.31971,1263.51271,0.91229,0.51210
2017.05.26 08:50,1,1264.01100,1263.24564,1265.92439,0.76536,0.61571
2017.05.26 10:35,1,1266.97200,1266.36993,1268.47718,0.60207,0.65048
2017.05.29 01:20,-1,1266.44800,1266.88000,1265.36800,0.43200,0.52167
2017.05.30 04:00,-1,1267.70100,1268.15814,1266.55814,0.45714,0.59918
2017.05.30 05:30,-1,1267.19100,1267.53086,1266.34136,0.33986,0.59718
2017.05.30 07:30,-1,1265.99100,1266.51086,1264.69136,0.51986,0.60177
2017.06.01 16:00,1,1263.87100,1263.07014,1265.87314,0.80086,0.58405
2017.06.01 18:15,1,1268.10800,1267.37229,1269.94729,0.73571,0.53467
2017.06.01 20:45,-1,1264.82900,1265.42671,1263.33471,0.59771,0.55247
2017.06.02 02:15,-1,1262.58200,1262.98964,1261.56289,0.40764,0.56488
2017.06.02 13:00,1,1273.75800,1271.95250,1278.27175,1.80550,0.54383
2017.06.02 14:30,1,1275.88200,1274.76450,1278.67575,1.11750,0.58724
2017.06.04 22:15,1,1279.62800,1278.93907,1281.35032,0.68893,0.59695
2017.06.06 01:30,1,1282.17800,1281.71936,1283.32461,0.45864,0.57567
2017.06.06 04:45,1,1284.53200,1284.34821,1284.99146,0.18379,0.63877
2017.06.06 07:30,1,1289.04800,1288.38193,1290.71318,0.66607,0.57818
2017.06.06 10:00,1,1289.09200,1288.66414,1290.16164,0.42786,0.64055
2017.06.06 13:15,1,1293.70100,1292.93814,1295.60814,0.76286,0.59458
2017.06.06 14:45,1,1293.92900,1292.84271,1296.64471,1.08629,0.53818
2017.06.07 18:30,1,1285.64800,1284.48386,1288.55836,1.16414,0.51133
2017.06.08 13:15,-1,1283.11800,1284.21714,1280.37014,1.09914,0.61286
2017.06.08 15:45,-1,1277.07200,1278.04000,1274.65200,0.96800,0.55559
2017.06.09 10:15,-1,1274.12100,1274.52307,1273.11582,0.40207,0.51813
2017.06.09 14:15,-1,1267.05100,1267.95686,1264.78636,0.90586,0.52070
2017.06.09 15:45,-1,1267.50800,1268.16493,1265.86568,0.65693,0.54531
2017.06.12 15:00,-1,1265.51100,1266.29829,1263.54279,0.78729,0.52079
2017.06.13 04:45,-1,1266.04800,1266.24371,1265.55871,0.19571,0.60212
2017.06.13 06:15,-1,1266.17200,1266.43514,1265.51414,0.26314,0.59365
2017.06.14 05:00,-1,1268.74800,1269.02543,1268.05443,0.27743,0.57839
2017.06.14 06:30,-1,1268.53800,1268.94471,1267.52121,0.40671,0.59597
2017.06.14 14:45,1,1277.65200,1276.53907,1280.43432,1.11293,0.60015
2017.06.14 16:30,-1,1275.30900,1275.93179,1273.75204,0.62279,0.59776
2017.06.14 18:45,-1,1267.00100,1270.13271,1259.17171,3.13171,0.56294
2017.06.15 08:30,-1,1261.99200,1262.65993,1260.32218,0.66793,0.54313
2017.06.19 05:15,-1,1252.84800,1253.01850,1252.42175,0.17050,0.55027
2017.06.19 13:45,-1,1248.05800,1248.94121,1245.84996,0.88321,0.56435
2017.06.19 16:30,-1,1247.64200,1248.09050,1246.52075,0.44850,0.55808
2017.06.19 18:15,-1,1245.85800,1246.37314,1244.57014,0.51514,0.52421
2017.06.19 20:00,-1,1244.87800,1245.24400,1243.96300,0.36600,0.51413
2017.06.20 09:15,-1,1246.74200,1247.06164,1245.94289,0.31964,0.59777
2017.06.20 11:00,-1,1245.34100,1245.75279,1244.31154,0.41179,0.58464
2017.06.21 22:15,1,1246.43900,1245.95143,1247.65793,0.48757,0.54835
2017.06.22 02:15,1,1253.79900,1253.28757,1255.07757,0.51143,0.57385
2017.06.22 08:00,-1,1251.93100,1252.44771,1250.63921,0.51671,0.54345
2017.06.22 10:45,-1,1250.67900,1251.14579,1249.51204,0.46679,0.53605
2017.06.23 09:15,1,1256.35900,1255.61121,1258.22846,0.74779,0.51838
2017.06.23 11:30,1,1257.23800,1256.71229,1258.55229,0.52571,0.55725
2017.06.26 01:45,-1,1255.81100,1256.19043,1254.86243,0.37943,0.56073
2017.06.26 08:15,-1,1245.13900,1247.45000,1239.36150,2.31100,0.62175
2017.06.26 09:45,-1,1241.48800,1242.71000,1238.43300,1.22200,0.60445
2017.06.26 11:45,-1,1243.27200,1243.94086,1241.59986,0.66886,0.61531
2017.06.29 05:00,-1,1251.72900,1251.95329,1251.16829,0.22429,0.56910
2017.06.29 09:30,-1,1247.52100,1248.05021,1246.19796,0.52921,0.55592
2017.06.29 11:00,-1,1244.96800,1245.56943,1243.46443,0.60143,0.55858
2017.06.30 04:00,-1,1246.75900,1247.26471,1245.49471,0.50571,0.52670
2017.06.30 05:45,-1,1244.30800,1244.76021,1243.17746,0.45221,0.56111
2017.07.03 04:15,-1,1238.06100,1238.41471,1237.17671,0.35371,0.50840
2017.07.03 05:45,-1,1236.52900,1236.83593,1235.76168,0.30693,0.51889
2017.07.03 08:30,-1,1235.90200,1236.43421,1234.57146,0.53221,0.56491
2017.07.03 10:45,-1,1233.67800,1234.16636,1232.45711,0.48836,0.51666
2017.07.03 13:15,-1,1225.52900,1226.63471,1222.76471,1.10571,0.66688
2017.07.03 15:30,-1,1221.76800,1222.92100,1218.88550,1.15300,0.59750
2017.07.05 04:55,-1,1225.78200,1226.16229,1224.83129,0.38029,0.56178
2017.07.05 06:25,-1,1225.28800,1225.75136,1224.12961,0.46336,0.56311
2017.07.06 04:55,-1,1226.22800,1226.53500,1225.46050,0.30700,0.56155
2017.07.06 06:40,-1,1224.50900,1225.00050,1223.28025,0.49150,0.61896
2017.07.07 14:25,-1,1214.24800,1215.43007,1211.29282,1.18207,0.65025
2017.07.07 15:55,-1,1212.39100,1213.58821,1209.39796,1.19721,0.61182
2017.07.11 22:25,1,1216.99900,1216.58907,1218.02382,0.40993,0.50379
2017.07.12 14:25,1,1221.61100,1220.31721,1224.84546,1.29379,0.54333
2017.07.13 04:55,1,1223.07200,1222.75571,1223.86271,0.31629,0.50902
2017.07.17 09:25,1,1229.84900,1229.47757,1230.77757,0.37143,0.62060
2017.07.17 10:55,1,1231.16200,1230.80557,1232.05307,0.35643,0.58380
2017.07.18 01:40,1,1237.46100,1236.76607,1239.19832,0.69493,0.59778
2017.07.18 13:25,1,1240.38100,1239.26650,1243.16725,1.11450,0.65129
2017.07.18 15:25,1,1242.58900,1241.75821,1244.66596,0.83079,0.61016
2017.07.19 08:10,1,1238.23900,1237.54629,1239.97079,0.69271,0.55533
2017.07.19 10:40,1,1239.84800,1239.47893,1240.77068,0.36907,0.56353
2017.07.20 13:25,1,1240.66800,1239.40750,1243.81925,1.26050,0.59745
2017.07.20 14:55,1,1245.70900,1244.09621,1249.74096,1.61279,0.55231
2017.07.21 04:40,1,1244.97100,1244.75000,1245.52350,0.22100,0.63775
2017.07.21 07:25,1,1247.06900,1246.49693,1248.49918,0.57207,0.65609
2017.07.21 09:25,1,1247.04900,1246.77107,1247.74382,0.27793,0.60727
2017.07.21 13:10,1,1251.08200,1250.26750,1253.11825,0.81450,0.63178
2017.07.21 14:40,1,1251.63900,1250.86543,1253.57293,0.77357,0.59154
2017.07.21 16:40,1,1253.52100,1253.04036,1254.72261,0.48064,0.60759
2017.07.21 19:25,1,1254.72200,1254.30921,1255.75396,0.41279,0.62482
2017.07.23 22:25,1,1253.53900,1253.11314,1254.60364,0.42586,0.63904
2017.07.25 08:25,-1,1251.74900,1252.55279,1249.73954,0.80379,0.52536
2017.07.25 10:25,-1,1251.04200,1251.76621,1249.23146,0.72421,0.54036
2017.07.25 11:55,-1,1252.11900,1252.61657,1250.87507,0.49757,0.50231
2017.07.25 22:10,-1,1250.33100,1250.75471,1249.27171,0.42371,0.53885
2017.07.26 04:10,-1,1247.05200,1247.41529,1246.14379,0.36329,0.55473
2017.07.26 05:55,-1,1245.58100,1245.96886,1244.61136,0.38786,0.52978
2017.07.26 07:25,-1,1245.72200,1246.43043,1243.95093,0.70843,0.57700
2017.07.26 16:40,1,1248.18900,1247.78929,1249.18829,0.39971,0.50312
2017.07.27 01:10,1,1261.68800,1260.87007,1263.73282,0.81793,0.59522
2017.07.27 02:40,1,1263.53100,1262.93664,1265.01689,0.59436,0.55379
2017.07.28 13:40,1,1265.62200,1264.45079,1268.55004,1.17121,0.63110
2017.07.28 15:40,1,1268.63200,1267.48450,1271.50075,1.14750,0.56280
2017.08.01 13:10,1,1266.86200,1265.84564,1269.40289,1.01636,0.61930
2017.08.01 15:10,1,1272.25200,1271.21864,1274.83539,1.03336,0.58462
2017.08.02 18:25,-1,1267.57900,1268.26286,1265.86936,0.68386,0.55788
2017.08.04 13:25,-1,1262.12100,1263.93071,1257.59671,1.80971,0.59123
2017.08.04 15:40,-1,1257.39100,1258.08000,1255.66850,0.68900,0.58056
2017.08.07 18:55,-1,1258.26900,1258.54336,1257.58311,0.27436,0.50178
2017.08.08 09:10,1,1261.07100,1260.71307,1261.96582,0.35793,0.61974
2017.08.08 10:55,1,1264.82200,1264.10621,1266.61146,0.71579,0.53508
2017.08.08 14:10,-1,1258.21200,1259.05693,1256.09968,0.84493,0.60122
2017.08.08 16:40,1,1255.83100,1255.05436,1257.77261,0.77664,0.51232
2017.08.08 18:10,1,1255.74200,1255.09893,1257.34968,0.64307,0.54327
2017.08.09 05:10,1,1264.93900,1264.64514,1265.67364,0.29386,0.67159
2017.08.09 07:40,1,1267.79900,1266.98064,1269.84489,0.81836,0.62663
2017.08.09 09:55,1,1266.87800,1266.41186,1268.04336,0.46614,0.63050
2017.08.09 13:40,1,1272.63900,1271.25529,1276.09829,1.38371,0.61704
2017.08.09 15:55,1,1272.55200,1271.68450,1274.72075,0.86750,0.59173
2017.08.10 08:25,1,1278.08100,1277.47286,1279.60136,0.60814,0.61878
2017.08.10 10:10,1,1279.00100,1278.52357,1280.19457,0.47743,0.59739
2017.08.10 11:40,1,1280.46900,1279.82929,1282.06829,0.63971,0.64402
2017.08.10 14:25,1,1285.91100,1284.86936,1288.51511,1.04164,0.54946
2017.08.10 15:55,1,1284.32900,1283.31586,1286.86186,1.01314,0.58720
2017.08.11 20:55,-1,1288.99100,1289.74129,1287.11529,0.75029,0.59512
2017.08.14 08:55,-1,1281.04100,1281.93771,1278.79921,0.89671,0.50414
2017.08.15 01:25,-1,1275.43800,1276.50364,1272.77389,1.06564,0.50431
2017.08.15 02:55,-1,1275.68100,1276.28664,1274.16689,0.60564,0.59079
2017.08.16 05:40,-1,1272.79800,1273.13586,1271.95336,0.33786,0.54901
2017.08.16 16:10,1,1272.42200,1271.63150,1274.39825,0.79050,0.60768
2017.08.16 17:40,1,1276.79900,1275.79079,1279.31954,1.00821,0.53612
2017.08.16 19:10,1,1281.76100,1280.51893,1284.86618,1.24207,0.58088
2017.08.17 01:10,1,1288.42900,1287.65364,1290.36739,0.77536,0.53271
2017.08.17 02:55,1,1287.43200,1286.89314,1288.77914,0.53886,0.61995
2017.08.17 16:25,1,1285.18900,1284.29707,1287.41882,0.89193,0.50247
2017.08.17 17:55,1,1285.29900,1284.38021,1287.59596,0.91879,0.57496
2017.08.18 04:10,1,1287.59900,1287.29864,1288.34989,0.30036,0.56126
2017.08.18 05:40,1,1287.29100,1286.91486,1288.23136,0.37614,0.66365
2017.08.18 08:25,1,1293.54800,1292.76207,1295.51282,0.78593,0.62749
2017.08.18 11:10,1,1295.12100,1294.55471,1296.53671,0.56629,0.61234
2017.08.18 15:40,-1,1289.24800,1290.82871,1285.29621,1.58071,0.51049
2017.08.22 20:25,-1,1285.37100,1285.83886,1284.20136,0.46786,0.51668
2017.08.25 18:40,1,1291.10800,1290.49971,1292.62871,0.60829,0.52686
2017.08.28 05:25,1,1294.64800,1294.39436,1295.28211,0.25364,0.66415
2017.08.28 07:40,1,1296.32100,1295.69336,1297.89011,0.62764,0.60878
2017.08.28 13:55,1,1298.79800,1298.02186,1300.73836,0.77614,0.67959
2017.08.28 16:25,1,1306.63800,1305.89721,1308.48996,0.74079,0.60130
2017.08.28 17:55,1,1309.40900,1308.63771,1311.33721,0.77129,0.60009
2017.08.28 19:25,1,1310.32200,1309.84093,1311.52468,0.48107,0.55788
2017.08.28 20:55,1,1316.82800,1316.34286,1318.04086,0.48514,0.59623
2017.08.29 04:40,1,1316.30800,1315.96729,1317.15979,0.34071,0.59265
2017.08.29 06:10,1,1317.29900,1316.81200,1318.51650,0.48700,0.57522
2017.08.29 07:40,1,1323.52900,1322.44679,1326.23454,1.08221,0.53328
2017.08.31 13:40,1,1311.19900,1310.04171,1314.09221,1.15729,0.57381
2017.08.31 15:10,1,1317.01900,1315.54736,1320.69811,1.47164,0.53985
2017.08.31 17:10,1,1317.05100,1316.40179,1318.67404,0.64921,0.60443
2017.08.31 18:40,1,1319.46800,1318.70136,1321.38461,0.76664,0.56511
2017.09.03 22:55,1,1335.05800,1332.90457,1340.44157,2.15343,0.50534
2017.09.04 04:25,1,1333.51200,1333.14179,1334.43754,0.37021,0.55746
2017.09.04 05:55,1,1337.60200,1336.97779,1339.16254,0.62421,0.53892
2017.09.04 07:40,1,1337.74800,1336.83393,1340.03318,0.91407,0.59399
2017.09.05 01:25,1,1334.08100,1333.51150,1335.50475,0.56950,0.58333
2017.09.05 02:55,1,1336.01900,1335.21257,1338.03507,0.80643,0.56759
2017.09.05 06:25,-1,1335.32200,1335.84957,1334.00307,0.52757,0.58043
2017.09.05 13:10,1,1332.53900,1331.53500,1335.04900,1.00400,0.53374
2017.09.05 16:55,1,1339.12100,1338.23700,1341.33100,0.88400,0.61289
2017.09.05 18:25,1,1340.78200,1339.80593,1343.22218,0.97607,0.60258
2017.09.05 19:55,1,1339.88800,1338.92021,1342.30746,0.96779,0.51240
2017.09.06 16:40,-1,1336.78900,1337.59036,1334.78561,0.80136,0.58309
2017.09.07 13:40,1,1341.82100,1340.37300,1345.44100,1.44800,0.57658
2017.09.07 15:25,1,1346.95800,1345.67064,1350.17639,1.28736,0.59037
2017.09.08 01:40,1,1348.33800,1347.54886,1350.31086,0.78914,0.59496
2017.09.11 16:10,-1,1332.82200,1333.57686,1330.93486,0.75486,0.60326
2017.09.11 17:40,-1,1330.09200,1330.91800,1328.02700,0.82600,0.57518
2017.09.11 19:55,-1,1326.89900,1327.67700,1324.95400,0.77800,0.53107
2017.09.12 02:25,-1,1325.24900,1325.77257,1323.94007,0.52357,0.55950
2017.09.13 13:10,-1,1329.57200,1330.56250,1327.09575,0.99050,0.57054
2017.09.13 14:40,-1,1322.47900,1324.01714,1318.63364,1.53814,0.53278
2017.09.13 22:55,-1,1319.90800,1320.32471,1318.86621,0.41671,0.51140
2017.09.14 04:10,1,1322.10200,1321.72707,1323.03932,0.37493,0.50725
2017.09.14 06:55,1,1321.51800,1321.04643,1322.69693,0.47157,0.51363
2017.09.14 08:40,-1,1323.02100,1323.68264,1321.36689,0.66164,0.56693
2017.09.14 15:40,1,1325.19100,1324.49757,1326.92457,0.69343,0.50463
2017.09.15 01:40,-1,1330.83100,1331.43200,1329.32850,0.60100,0.52713
2017.09.18 05:55,-1,1317.78100,1318.14229,1316.87779,0.36129,0.56170
2017.09.18 07:40,-1,1314.89100,1315.54350,1313.25975,0.65250,0.52100
2017.09.18 09:40,-1,1314.78200,1315.43143,1313.15843,0.64943,0.60803
2017.09.18 11:10,-1,1315.56100,1316.04529,1314.35029,0.48429,0.58209
2017.09.18 14:25,-1,1310.24800,1311.05800,1308.22300,0.81000,0.54779
2017.09.18 15:55,-1,1307.22200,1308.08850,1305.05575,0.86650,0.50650
2017.09.20 08:25,1,1313.02200,1312.61571,1314.03771,0.40629,0.56530
2017.09.20 10:40,1,1315.68900,1315.18507,1316.94882,0.50393,0.52637
2017.09.20 16:10,-1,1312.81900,1313.54464,1311.00489,0.72564,0.61393
2017.09.20 17:55,-1,1303.47100,1304.25014,1301.52314,0.77914,0.60637
2017.09.20 19:55,-1,1300.24800,1301.90886,1296.09586,1.66086,0.57361
2017.09.21 04:10,-1,1297.98100,1298.44500,1296.82100,0.46400,0.52233
2017.09.21 06:10,-1,1297.95800,1298.50950,1296.57925,0.55150,0.58990
2017.09.21 08:25,-1,1295.27900,1295.86221,1293.82096,0.58321,0.57270
2017.09.21 09:55,-1,1295.44200,1296.33200,1293.21700,0.89000,0.52959
2017.09.21 11:55,-1,1290.32100,1291.10321,1288.36546,0.78221,0.51250
2017.09.25 02:40,-1,1292.29100,1292.76007,1291.11832,0.46907,0.50942
2017.09.25 13:10,1,1292.12800,1291.19921,1294.44996,0.92879,0.56862
2017.09.25 14:55,1,1301.44100,1300.26529,1304.38029,1.17571,0.53075
2017.09.25 18:25,1,1308.72200,1307.88900,1310.80450,0.83300,0.50713
2017.09.26 01:40,1,1310.50100,1309.82429,1312.19279,0.67671,0.57212
2017.09.26 05:40,-1,1311.27100,1311.76457,1310.03707,0.49357,0.58578
2017.09.27 08:10,-1,1290.93200,1291.57214,1289.33164,0.64014,0.55233
2017.09.27 10:25,-1,1291.07200,1291.86343,1289.09343,0.79143,0.60404
2017.09.27 11:55,-1,1285.12100,1285.76750,1283.50475,0.64650,0.59674
2017.09.27 14:25,-1,1286.84900,1287.93064,1284.14489,1.08164,0.58229
2017.09.27 15:55,-1,1286.33900,1287.47864,1283.48989,1.13964,0.52568
2017.09.28 01:25,-1,1283.50100,1284.11357,1281.96957,0.61257,0.52465
2017.09.28 02:55,-1,1280.69200,1281.14843,1279.55093,0.45643,0.54937
2017.10.02 02:40,-1,1275.22900,1275.55286,1274.41936,0.32386,0.57738
2017.10.02 05:10,-1,1274.06100,1274.52271,1272.90671,0.46171,0.54730
2017.10.02 06:55,-1,1273.77100,1274.40200,1272.19350,0.63100,0.56166
2017.10.02 20:25,-1,1270.69100,1271.27321,1269.23546,0.58221,0.51468
2017.10.02 22:55,-1,1270.27100,1270.58186,1269.49386,0.31086,0.55128
2017.10.04 10:10,1,1277.33800,1276.91871,1278.38621,0.41929,0.52629
2017.10.04 13:55,-1,1272.31100,1273.21000,1270.06350,0.89900,0.56730
2017.10.04 15:55,-1,1273.25800,1274.02021,1271.35246,0.76221,0.51187
2017.10.05 19:55,-1,1268.48100,1269.12079,1266.88154,0.63979,0.50529
2017.10.09 02:10,1,1283.25100,1282.50721,1285.11046,0.74379,0.51373
2017.10.09 08:10,1,1279.96100,1279.48186,1281.15886,0.47914,0.53549
2017.10.09 09:40,1,1282.59200,1281.98636,1284.10611,0.60564,0.53207
2017.10.09 11:55,1,1280.76900,1280.19036,1282.21561,0.57864,0.51338
2017.10.10 02:25,1,1286.85800,1285.95857,1289.10657,0.89943,0.56309
2017.10.10 11:25,1,1291.21200,1290.71293,1292.45968,0.49907,0.51964
2017.10.12 01:10,1,1292.65800,1292.07757,1294.10907,0.58043,0.59960
2017.10.12 02:40,1,1293.34200,1292.99736,1294.20361,0.34464,0.58795
2017.10.12 05:10,1,1294.92100,1294.66529,1295.56029,0.25571,0.65262
2017.10.12 06:55,1,1294.85800,1294.32557,1296.18907,0.53243,0.63735
2017.10.13 13:55,1,1299.61100,1298.53814,1302.29314,1.07286,0.63698
2017.10.13 15:40,1,1299.94900,1299.20021,1301.82096,0.74879,0.57157
2017.10.13 17:10,1,1301.82900,1301.18000,1303.45150,0.64900,0.62821
2017.10.13 18:55,1,1301.70900,1301.21586,1302.94186,0.49314,0.57074
2017.10.15 22:40,1,1301.91800,1301.46093,1303.06068,0.45707,0.64918
2017.10.16 04:40,1,1302.11100,1301.85500,1302.75100,0.25600,0.65934
2017.10.16 06:55,1,1304.61100,1304.01221,1306.10796,0.59879,0.62718
2017.10.16 08:25,1,1304.23100,1303.69107,1305.58082,0.53993,0.61269
2017.10.16 09:55,1,1304.89800,1304.46236,1305.98711,0.43564,0.63577
2017.10.16 11:55,1,1305.42100,1305.05750,1306.32975,0.36350,0.58494
2017.10.18 05:10,-1,1284.58200,1285.02271,1283.48021,0.44071,0.50297
2017.10.18 08:25,-1,1281.55100,1282.07743,1280.23493,0.52643,0.50334
2017.10.18 10:10,-1,1279.96200,1280.53650,1278.52575,0.57450,0.51124
2017.10.19 20:10,1,1290.09200,1289.41543,1291.78343,0.67657,0.53855
2017.10.19 22:55,1,1289.15800,1288.73493,1290.21568,0.42307,0.58799
2017.10.20 13:10,-1,1281.16800,1281.83357,1279.50407,0.66557,0.50483
2017.10.26 04:10,-1,1279.87800,1280.22000,1279.02300,0.34200,0.53798
2017.10.26 07:25,-1,1278.70900,1279.40386,1276.97186,0.69486,0.53022
2017.10.26 16:10,-1,1272.11100,1272.80457,1270.37707,0.69357,0.53113
2017.10.26 18:10,-1,1267.47200,1268.35314,1265.26914,0.88114,0.52817
2017.10.26 19:40,-1,1266.09200,1266.59843,1264.82593,0.50643,0.54667
2017.10.30 17:40,1,1277.03800,1276.41936,1278.58461,0.61864,0.56722
2017.10.30 19:10,1,1276.96200,1276.44121,1278.26396,0.52079,0.59462
2017.10.31 09:25,-1,1275.07100,1275.51157,1273.96957,0.44057,0.56173
2017.11.02 04:10,-1,1279.68800,1280.20786,1278.38836,0.51986,0.51445
2017.11.02 06:10,-1,1278.00200,1278.52779,1276.68754,0.52579,0.54487
2017.11.02 07:40,-1,1276.94100,1277.53579,1275.45404,0.59479,0.52676
2017.11.03 14:10,-1,1275.59800,1276.62707,1273.02532,1.02907,0.57358
2017.11.06 16:10,1,1274.75200,1274.01543,1276.59343,0.73657,0.57136
2017.11.06 18:55,1,1281.85100,1281.19093,1283.50118,0.66007,0.60262
2017.11.08 13:55,1,1280.95800,1280.02257,1283.29657,0.93543,0.56714
2017.11.08 15:25,1,1284.21100,1283.15707,1286.84582,1.05393,0.57865
2017.11.09 04:25,1,1282.33100,1282.08550,1282.94475,0.24550,0.57296
2017.11.09 06:25,1,1283.41100,1282.82943,1284.86493,0.58157,0.58388
2017.11.09 07:55,1,1283.98200,1283.37979,1285.48754,0.60221,0.52081
2017.11.09 16:40,1,1285.56800,1284.69521,1287.74996,0.87279,0.53925
2017.11.09 18:40,1,1286.22200,1285.45629,1288.13629,0.76571,0.57945
2017.11.10 18:10,-1,1274.65200,1275.21721,1273.23896,0.56521,0.52809
2017.11.10 19:55,-1,1275.59100,1276.00514,1274.55564,0.41414,0.51991
2017.11.13 21:25,-1,1277.69200,1278.02614,1276.85664,0.33414,0.53119
2017.11.14 10:40,-1,1272.49100,1273.05143,1271.08993,0.56043,0.51081
2017.11.14 15:25,1,1277.63200,1275.93800,1281.86700,1.69400,0.51653
2017.11.15 09:10,1,1284.07100,1283.33400,1285.91350,0.73700,0.53251
2017.11.15 11:40,1,1285.18200,1284.54514,1286.77414,0.63686,0.59538
2017.11.15 14:55,-1,1281.80100,1283.26057,1278.15207,1.45957,0.54882
2017.11.17 13:10,1,1282.25200,1281.75114,1283.50414,0.50086,0.64018
2017.11.17 15:40,1,1286.18100,1285.32321,1288.32546,0.85779,0.63420
2017.11.17 17:25,1,1290.55200,1289.80771,1292.41271,0.74429,0.66450
2017.11.17 18:55,1,1293.89800,1292.75143,1296.76443,1.14657,0.66021
2017.11.21 14:55,1,1283.34200,1282.13036,1286.37111,1.21164,0.53416
2017.11.22 13:55,1,1287.07100,1286.24157,1289.14457,0.82943,0.56821
2017.11.22 15:55,1,1289.44100,1288.59757,1291.54957,0.84343,0.57172
2017.11.22 17:25,1,1290.95100,1290.22736,1292.76011,0.72364,0.65609
2017.11.22 18:55,1,1293.05200,1292.44400,1294.57200,0.60800,0.61802
2017.11.27 09:55,1,1293.57100,1293.11093,1294.72118,0.46007,0.56985
2017.11.27 11:55,1,1294.91800,1294.40257,1296.20657,0.51543,0.63788
2017.11.28 18:10,-1,1295.34100,1296.25471,1293.05671,0.91371,0.56416
2017.11.28 19:55,-1,1292.77200,1293.62257,1290.64557,0.85057,0.55119
2017.11.28 21:25,1,1293.82200,1293.37286,1294.94486,0.44914,0.50607
2017.11.30 11:40,-1,1281.16800,1281.66929,1279.91479,0.50129,0.52509
2017.12.05 02:55,-1,1275.08100,1275.33179,1274.45404,0.25079,0.50566
2017.12.05 14:10,-1,1268.10200,1269.34414,1264.99664,1.24214,0.61188
2017.12.05 15:40,-1,1265.11100,1266.64943,1261.26493,1.53843,0.54131
2017.12.06 10:10,-1,1268.65100,1269.04579,1267.66404,0.39479,0.50072
2017.12.07 05:10,-1,1262.46200,1262.71350,1261.83325,0.25150,0.60150
2017.12.07 07:40,-1,1258.78800,1259.37814,1257.31264,0.59014,0.53467
2017.12.07 09:25,-1,1257.68100,1258.07864,1256.68689,0.39764,0.60438
2017.12.07 10:55,-1,1255.42900,1255.93921,1254.15346,0.51021,0.58331
2017.12.07 13:40,-1,1254.34900,1255.07179,1252.54204,0.72279,0.60901
2017.12.07 15:40,-1,1253.42100,1254.48357,1250.76457,1.06257,0.52418
2017.12.07 17:25,-1,1252.94900,1253.47264,1251.63989,0.52364,0.53851
2017.12.07 18:55,-1,1250.51200,1251.16779,1248.87254,0.65579,0.55433
2017.12.08 11:40,-1,1246.69800,1247.06107,1245.79032,0.36307,0.53938
2017.12.11 17:40,-1,1245.57100,1246.11979,1244.19904,0.54879,0.55116
2017.12.11 19:55,-1,1241.24100,1241.83471,1239.75671,0.59371,0.51599
2017.12.12 13:25,-1,1242.09100,1242.49814,1241.07314,0.40714,0.55256
2017.12.12 14:55,-1,1239.95100,1240.80257,1237.82207,0.85157,0.60839
2017.12.13 16:10,1,1246.22800,1245.35179,1248.41854,0.87621,0.51095
2017.12.13 17:40,1,1246.02800,1245.25114,1247.97014,0.77686,0.55400
2017.12.13 19:25,1,1252.57200,1250.26814,1258.33164,2.30386,0.51369
2017.12.14 02:25,1,1257.12900,1256.44264,1258.84489,0.68636,0.55408
2017.12.19 04:55,1,1262.69200,1262.45386,1263.28736,0.23814,0.54870
2017.12.19 07:55,1,1263.89100,1263.57350,1264.68475,0.31750,0.50447
2017.12.21 05:40,-1,1265.82200,1266.11007,1265.10182,0.28807,0.54416
2017.12.21 07:25,-1,1265.06100,1265.46643,1264.04743,0.40543,0.50764
2017.12.22 04:25,1,1265.93900,1265.75879,1266.38954,0.18021,0.56435
2017.12.22 06:40,1,1267.11800,1266.86871,1267.74121,0.24929,0.52237
2017.12.22 07:40,1,1267.77100,1267.46414,1268.53814,0.30686,0.52373
2017.12.22 10:10,1,1268.35100,1268.06879,1269.05654,0.28221,0.51645
2017.12.22 13:40,1,1268.33100,1267.94743,1269.28993,0.38357,0.63761
2017.12.22 15:10,1,1271.69100,1270.95929,1273.52029,0.73171,0.59982
2017.12.22 16:55,1,1274.60800,1273.93093,1276.30068,0.67707,0.65889
2017.12.22 18:25,1,1275.24100,1274.70264,1276.58689,0.53836,0.61248
2017.12.22 19:55,1,1274.83100,1274.41936,1275.86011,0.41164,0.55716
2017.12.26 01:25,1,1278.72200,1278.20829,1280.00629,0.51371,0.51916
2017.12.26 02:55,1,1278.16100,1277.77979,1279.11404,0.38121,0.61421
2017.12.26 13:10,1,1279.99800,1279.62521,1280.92996,0.37279,0.55828
2017.12.26 15:10,1,1281.02100,1280.39950,1282.57475,0.62150,0.61837
2017.12.26 16:55,1,1282.05100,1281.56193,1283.27368,0.48907,0.63395
2017.12.26 18:55,1,1283.33800,1282.90486,1284.42086,0.43314,0.60556
2017.12.27 04:25,1,1281.87900,1281.64893,1282.45418,0.23007,0.67904
2017.12.27 05:55,1,1282.31200,1282.04536,1282.97861,0.26664,0.66929
2017.12.27 07:40,1,1284.77800,1284.37436,1285.78711,0.40364,0.53818
2017.12.27 13:40,1,1284.64100,1283.89421,1286.50796,0.74679,0.61488
2017.12.27 15:10,1,1285.56100,1284.87079,1287.28654,0.69021,0.57970
2017.12.27 16:55,1,1286.82800,1286.28271,1288.19121,0.54529,0.67538
2017.12.27 18:25,1,1287.92800,1287.46736,1289.07961,0.46064,0.60591
2017.12.27 19:55,1,1288.21200,1287.80350,1289.23325,0.40850,0.52502
2017.12.28 01:25,1,1288.15200,1287.87793,1288.83718,0.27407,0.57222
2017.12.28 04:10,1,1289.92100,1289.73407,1290.38832,0.18693,0.63190
2017.12.28 06:55,1,1291.48900,1291.06600,1292.54650,0.42300,0.64180
2017.12.28 13:25,1,1291.43800,1290.73743,1293.18943,0.70057,0.57654
2017.12.28 15:40,1,1293.54200,1292.75979,1295.49754,0.78221,0.58203
2017.12.29 02:25,1,1296.06200,1295.72786,1296.89736,0.33414,0.62013
2017.12.29 09:25,1,1297.06200,1296.73357,1297.88307,0.32843,0.65696
2017.12.29 10:55,1,1297.45100,1297.09229,1298.34779,0.35871,0.65652
2017.12.29 13:55,1,1300.09800,1299.51643,1301.55193,0.58157,0.57062
2017.12.29 15:55,1,1302.74200,1301.84036,1304.99611,0.90164,0.62319
2018.01.02 04:10,1,1306.53100,1306.15957,1307.45957,0.37143,0.62986
2018.01.02 05:55,1,1308.43100,1308.20286,1309.00136,0.22814,0.62021
2018.01.02 17:25,1,1311.46200,1310.85957,1312.96807,0.60243,0.61844
2018.01.02 19:40,1,1315.62100,1315.18700,1316.70600,0.43400,0.50950
2018.01.03 02:40,-1,1313.62200,1314.55107,1311.29932,0.92907,0.51232
2018.01.03 17:55,-1,1316.15100,1316.64171,1314.92421,0.49071,0.54507
2018.01.04 01:10,-1,1306.61900,1307.22536,1305.10311,0.60636,0.51731
2018.01.04 02:55,-1,1307.46100,1307.93286,1306.28136,0.47186,0.53266
2018.01.04 17:25,1,1319.14100,1318.56550,1320.57975,0.57550,0.56503
2018.01.04 19:10,1,1320.24200,1319.48357,1322.13807,0.75843,0.53855
2018.01.08 05:55,-1,1318.23200,1318.78200,1316.85700,0.55000,0.52787
2018.01.08 08:55,1,1316.51100,1315.84629,1318.17279,0.66471,0.56649
2018.01.09 13:10,-1,1314.53800,1315.06393,1313.22318,0.52593,0.51939
2018.01.10 08:55,1,1315.02200,1314.24850,1316.95575,0.77350,0.63753
2018.01.10 10:25,1,1322.27800,1321.55457,1324.08657,0.72343,0.64037
2018.01.10 11:55,-1,1322.85200,1324.44207,1318.87682,1.59007,0.53280
2018.01.12 01:25,1,1324.09200,1323.55443,1325.43593,0.53757,0.53576
2018.01.12 04:10,1,1328.93100,1328.52800,1329.93850,0.40300,0.57819
2018.01.12 06:10,1,1329.26900,1328.72164,1330.63739,0.54736,0.64635
2018.01.12 08:10,1,1328.19900,1327.53064,1329.86989,0.66836,0.61285
2018.01.12 10:10,1,1330.66200,1329.98379,1332.35754,0.67821,0.62025
2018.01.12 11:40,1,1330.91800,1330.17907,1332.76532,0.73893,0.62234
2018.01.12 16:55,1,1331.30200,1330.46943,1333.38343,0.83257,0.58772
2018.01.12 19:55,1,1338.09200,1337.23250,1340.24075,0.85950,0.50665
2018.01.15 01:25,1,1337.94200,1337.15171,1339.91771,0.79029,0.57104
2018.01.15 05:10,1,1343.79800,1343.22536,1345.22961,0.57264,0.65073
2018.01.15 06:40,1,1341.41100,1340.67807,1343.24332,0.73293,0.66686
2018.01.16 08:50,-1,1337.04200,1337.72907,1335.32432,0.68707,0.50346
2018.01.17 16:05,-1,1335.36800,1336.16936,1333.36461,0.80136,0.57890
2018.01.17 17:35,-1,1335.03200,1335.98479,1332.65004,0.95279,0.51097
2018.01.17 19:20,-1,1336.49200,1337.37121,1334.29396,0.87921,0.55527
2018.01.17 21:35,-1,1327.57100,1328.39100,1325.52100,0.82000,0.56228
2018.01.18 02:50,-1,1325.82200,1326.45850,1324.23075,0.63650,0.57356
2018.01.19 21:20,-1,1331.87900,1332.49600,1330.33650,0.61700,0.58747
2018.01.23 17:05,1,1337.99900,1337.21343,1339.96293,0.78557,0.59483
2018.01.23 18:50,1,1337.94100,1337.39093,1339.31618,0.55007,0.56332
2018.01.23 21:05,1,1341.02800,1340.46093,1342.44568,0.56707,0.55148
2018.01.24 04:35,1,1340.97200,1340.58843,1341.93093,0.38357,0.70506
2018.01.24 06:20,1,1341.61900,1341.14843,1342.79543,0.47057,0.65642
2018.01.24 08:20,1,1346.40800,1345.62471,1348.36621,0.78329,0.61307
2018.01.24 10:20,1,1350.03200,1349.21593,1352.07218,0.81607,0.63813
2018.01.24 11:50,1,1353.04100,1352.34671,1354.77671,0.69429,0.57629
2018.01.24 14:20,1,1354.59200,1353.60014,1357.07164,0.99186,0.56516
2018.01.24 16:50,1,1353.49100,1352.51007,1355.94332,0.98093,0.66029
2018.01.24 18:20,1,1357.60100,1356.75943,1359.70493,0.84157,0.54529
2018.01.25 01:20,1,1357.37100,1356.71214,1359.01814,0.65886,0.66617
2018.01.26 02:20,1,1351.86200,1350.97800,1354.07200,0.88400,0.50352
2018.01.29 13:50,-1,1344.74800,1345.58014,1342.66764,0.83214,0.54284
2018.01.29 15:20,-1,1343.50900,1344.40164,1341.27739,0.89264,0.55943
2018.01.30 01:20,-1,1339.09800,1339.71186,1337.56336,0.61386,0.52319
2018.01.30 09:05,1,1339.04800,1338.22957,1341.09407,0.81843,0.54547
2018.02.01 13:05,1,1340.13800,1339.37871,1342.03621,0.75929,0.50056
2018.02.01 14:50,1,1341.09200,1339.97557,1343.88307,1.11643,0.51167
2018.02.02 09:20,-1,1346.38800,1346.99214,1344.87764,0.60414,0.51661
2018.02.02 21:35,-1,1332.77900,1333.71107,1330.44882,0.93207,0.50343
2018.02.06 14:20,-1,1331.77100,1332.91929,1328.90029,1.14829,0.50525
2018.02.06 21:35,-1,1324.67800,1325.61071,1322.34621,0.93271,0.52035
2018.02.07 16:05,-1,1322.05800,1323.23857,1319.10657,1.18057,0.54066
2018.02.07 17:35,-1,1316.27100,1317.47014,1313.27314,1.19914,0.52182
2018.02.07 19:50,-1,1314.12200,1314.96457,1312.01557,0.84257,0.50732
2018.02.08 02:05,-1,1315.45100,1316.17836,1313.63261,0.72736,0.53575
2018.02.08 11:05,-1,1310.25900,1310.84164,1308.80239,0.58264,0.50440
2018.02.09 01:20,-1,1320.03900,1320.77686,1318.19436,0.73786,0.51783
2018.02.13 07:05,1,1325.26100,1324.59900,1326.91600,0.66200,0.55085
2018.02.13 20:05,1,1329.27100,1328.70829,1330.67779,0.56271,0.52011
2018.02.13 21:35,1,1329.39800,1328.99193,1330.41318,0.40607,0.53857
2018.02.14 02:05,1,1333.27800,1332.57557,1335.03407,0.70243,0.59901
2018.02.14 04:50,-1,1334.70200,1335.26421,1333.29646,0.56221,0.51351
2018.02.14 06:20,-1,1333.51200,1333.94643,1332.42593,0.43443,0.52906
2018.02.14 07:50,-1,1332.35800,1332.93071,1330.92621,0.57271,0.51432
2018.02.14 13:20,1,1321.29100,1320.62707,1322.95082,0.66393,0.60734
2018.02.14 17:20,1,1348.52200,1347.31257,1351.54557,1.20943,0.55997
2018.02.14 19:20,1,1355.13800,1353.59079,1359.00604,1.54721,0.53350
2018.02.16 04:05,1,1358.61100,1358.02857,1360.06707,0.58243,0.57211
2018.02.16 06:50,1,1358.01900,1357.61514,1359.02864,0.40386,0.64981
2018.02.20 04:00,-1,1341.42100,1341.90364,1340.21439,0.48264,0.55886
2018.02.20 05:30,-1,1341.05200,1341.51721,1339.88896,0.46521,0.57105
2018.02.20 16:00,-1,1336.13800,1337.25036,1333.35711,1.11236,0.51004
2018.02.21 01:30,-1,1328.67800,1329.36614,1326.95764,0.68814,0.52824
2018.02.21 08:30,1,1328.57800,1327.74750,1330.65425,0.83050,0.53905
2018.02.22 04:45,-1,1323.71100,1324.18943,1322.51493,0.47843,0.50130
2018.02.22 06:15,-1,1323.32100,1323.75000,1322.24850,0.42900,0.50374
2018.02.23 08:15,1,1328.60900,1327.98550,1330.16775,0.62350,0.50754
2018.02.26 01:00,1,1330.84900,1330.25700,1332.32900,0.59200,0.52431
2018.02.26 04:45,1,1336.79800,1336.42250,1337.73675,0.37550,0.51591
2018.02.26 06:45,1,1339.57800,1338.99714,1341.03014,0.58086,0.50577
2018.02.27 10:45,-1,1332.54100,1333.05036,1331.26761,0.50936,0.50814
2018.02.27 14:00,-1,1327.97900,1329.86357,1323.26757,1.88457,0.64103
2018.02.27 15:30,-1,1320.87200,1322.20007,1317.55182,1.32807,0.51903
2018.03.01 04:15,-1,1314.33100,1314.63793,1313.56368,0.30693,0.56700
2018.03.01 05:45,-1,1313.60800,1313.99864,1312.63139,0.39064,0.56607
2018.03.01 07:45,-1,1313.32800,1313.92493,1311.83568,0.59693,0.58776
2018.03.01 10:15,-1,1311.16900,1311.65043,1309.96543,0.48143,0.59340
2018.03.01 11:45,-1,1306.49100,1306.95257,1305.33707,0.46157,0.61820
2018.03.01 15:15,-1,1305.32900,1306.43121,1302.57346,1.10221,0.54085
2018.03.05 02:15,1,1326.24900,1325.64443,1327.76043,0.60457,0.62620
2018.03.06 08:15,1,1322.13900,1321.48786,1323.76686,0.65114,0.59310
2018.03.06 09:45,1,1324.19200,1323.80500,1325.15950,0.38700,0.51231
2018.03.06 13:00,1,1329.33100,1328.53257,1331.32707,0.79843,0.56329
2018.03.06 15:00,1,1334.19100,1333.17086,1336.74136,1.02014,0.54927
2018.03.06 20:00,1,1334.95800,1334.35879,1336.45604,0.59921,0.55837
2018.03.06 21:45,1,1336.62100,1336.28621,1337.45796,0.33479,0.60621
2018.03.08 13:00,-1,1325.38900,1326.18157,1323.40757,0.79257,0.55244
2018.03.08 14:30,-1,1323.23100,1324.18150,1320.85475,0.95050,0.54353
2018.03.09 02:30,-1,1318.17800,1318.66964,1316.94889,0.49164,0.56822
2018.03.13 02:00,-1,1323.52100,1323.82250,1322.76725,0.30150,0.50806
2018.03.15 14:30,-1,1318.87800,1319.86564,1316.40889,0.98764,0.56701
2018.03.16 13:00,-1,1316.50800,1317.22664,1314.71139,0.71864,0.59429
2018.03.16 14:30,-1,1311.40800,1312.75607,1308.03782,1.34807,0.57987
2018.03.19 05:00,-1,1311.58900,1311.89136,1310.83311,0.30236,0.58009
2018.03.19 06:45,-1,1309.50800,1310.10107,1308.02532,0.59307,0.60352
2018.03.21 13:15,1,1322.13100,1321.22236,1324.40261,0.90864,0.56113
2018.03.21 14:45,1,1321.67800,1320.62964,1324.29889,1.04836,0.57523
2018.03.21 17:00,1,1321.63900,1320.85779,1323.59204,0.78121,0.50987
2018.03.21 18:45,1,1330.48200,1327.75150,1337.30825,2.73050,0.53879
2018.03.22 20:15,1,1329.04900,1328.24021,1331.07096,0.80879,0.50257
2018.03.23 02:15,1,1337.52900,1336.88057,1339.15007,0.64843,0.60646
2018.03.23 04:45,1,1337.83200,1337.47000,1338.73700,0.36200,0.65211
2018.03.23 06:15,1,1340.93200,1340.49564,1342.02289,0.43636,0.56626
2018.03.23 07:45,1,1339.43900,1338.66750,1341.36775,0.77150,0.65129
2018.03.23 13:30,1,1346.18200,1344.78057,1349.68557,1.40143,0.61874
2018.03.23 15:00,1,1346.39900,1344.85193,1350.26668,1.54707,0.62513
2018.03.26 13:00,1,1348.71800,1347.99679,1350.52104,0.72121,0.65642
2018.03.26 15:00,1,1355.19100,1354.10529,1357.90529,1.08571,0.58317
2018.03.27 08:00,-1,1352.66200,1353.34300,1350.95950,0.68100,0.51580
2018.03.28 04:00,-1,1344.59800,1344.84564,1343.97889,0.24764,0.51864
2018.03.28 05:30,-1,1342.79100,1343.23314,1341.68564,0.44214,0.53208
2018.03.28 09:45,-1,1339.85800,1340.31914,1338.70514,0.46114,0.55343
2018.03.28 11:45,-1,1335.14100,1335.81971,1333.44421,0.67871,0.53823
2018.03.28 14:30,-1,1330.74100,1332.01900,1327.54600,1.27800,0.51342
2018.03.28 16:30,-1,1327.27900,1328.24943,1324.85293,0.97043,0.53710
2018.03.28 18:00,-1,1325.70900,1326.54621,1323.61596,0.83721,0.52378
2018.03.29 14:00,-1,1323.37200,1324.43157,1320.72307,1.05957,0.50601
2018.04.02 04:45,1,1329.47900,1329.23307,1330.09382,0.24593,0.53846
2018.04.02 06:30,1,1329.65800,1329.21100,1330.77550,0.44700,0.52698
2018.04.02 08:00,1,1331.86900,1331.32279,1333.23454,0.54621,0.55290
2018.04.02 09:30,1,1331.82100,1331.47464,1332.68689,0.34636,0.59955
2018.04.02 11:00,1,1332.78100,1332.54214,1333.37814,0.23886,0.55777
2018.04.02 14:00,1,1334.69200,1333.73129,1337.09379,0.96071,0.66362
2018.04.02 15:30,1,1337.44200,1336.51829,1339.75129,0.92371,0.58660
2018.04.02 17:00,1,1339.60100,1338.79286,1341.62136,0.80814,0.56802
2018.04.02 19:30,1,1340.50200,1339.87907,1342.05932,0.62293,0.52258
2018.04.04 09:00,1,1343.40200,1342.08236,1346.70111,1.31964,0.58011
2018.04.04 10:45,1,1342.87800,1342.00493,1345.06068,0.87307,0.64650
2018.04.04 14:00,-1,1340.82900,1342.62250,1336.34525,1.79350,0.50338
2018.04.09 13:45,1,1332.13800,1331.07586,1334.79336,1.06214,0.54053
2018.04.09 16:15,1,1333.25900,1332.61407,1334.87132,0.64493,0.60047
2018.04.09 18:00,1,1336.32100,1335.67386,1337.93886,0.64714,0.55782
2018.04.09 19:45,1,1337.24900,1336.64936,1338.74811,0.59964,0.55522
2018.04.11 04:00,1,1341.10900,1340.80336,1341.87311,0.30564,0.64937
2018.04.11 05:30,1,1341.78100,1341.47814,1342.53814,0.30286,0.68745
2018.04.11 07:15,1,1344.82100,1344.24379,1346.26404,0.57721,0.66919
2018.04.11 09:00,1,1343.22800,1342.52536,1344.98461,0.70264,0.65219
2018.04.11 10:30,1,1346.22100,1345.44093,1348.17118,0.78007,0.59092
2018.04.11 14:00,1,1353.87200,1352.69471,1356.81521,1.17729,0.67419
2018.04.11 15:30,1,1364.36200,1362.57971,1368.81771,1.78229,0.55211
2018.04.12 18:00,-1,1337.27100,1338.45514,1334.31064,1.18414,0.51160
2018.04.13 13:00,1,1338.19800,1337.06393,1341.03318,1.13407,0.50458
2018.04.16 02:00,1,1346.75800,1345.73329,1349.31979,1.02471,0.62130
2018.04.16 15:30,1,1346.84800,1346.04307,1348.86032,0.80493,0.55816
2018.04.18 08:45,1,1344.32800,1343.57779,1346.20354,0.75021,0.56722
2018.04.18 11:45,1,1353.13100,1352.16229,1355.55279,0.96871,0.55217
2018.04.23 08:15,-1,1331.08800,1331.92279,1329.00104,0.83479,0.53200
2018.04.23 10:30,-1,1328.58900,1329.20964,1327.03739,0.62064,0.56355
2018.04.23 14:00,-1,1323.05800,1324.16136,1320.29961,1.10336,0.56036
2018.04.25 02:15,-1,1329.07200,1329.67250,1327.57075,0.60050,0.55446
2018.04.25 09:30,-1,1325.00800,1325.49779,1323.78354,0.48979,0.58348
2018.04.25 11:00,-1,1324.03800,1324.56014,1322.73264,0.52214,0.61230
2018.04.26 13:15,-1,1324.29800,1325.67643,1320.85193,1.37843,0.55708
2018.04.26 15:45,-1,1316.28200,1317.23993,1313.88718,0.95793,0.50805
2018.04.27 10:30,-1,1319.56100,1320.03321,1318.38046,0.47221,0.50877
2018.04.30 01:10,-1,1324.02800,1324.42236,1323.04211,0.39436,0.55944
2018.04.30 02:55,-1,1321.44200,1321.93300,1320.21450,0.49100,0.53008
2018.04.30 08:40,-1,1316.96200,1317.58829,1315.39629,0.62629,0.52135
2018.04.30 10:40,-1,1316.67900,1317.16650,1315.46025,0.48750,0.62582
2018.05.01 02:55,-1,1312.00000,1312.34150,1311.14625,0.34150,0.53660
2018.05.01 10:25,-1,1308.46200,1309.03057,1307.04057,0.56857,0.62196
2018.05.01 11:55,-1,1308.74800,1309.28329,1307.40979,0.53529,0.55263
2018.05.01 14:55,-1,1303.70800,1305.11086,1300.20086,1.40286,0.51866
2018.05.03 09:10,1,1312.78800,1312.06400,1314.59800,0.72400,0.55395
2018.05.03 10:55,1,1311.81800,1311.21336,1313.32961,0.60464,0.52207
2018.05.04 04:25,-1,1313.20100,1313.50329,1312.44529,0.30229,0.52685
2018.05.04 07:10,-1,1310.56800,1311.27593,1308.79818,0.70793,0.55643
2018.05.07 04:25,-1,1316.66900,1317.00536,1315.82811,0.33636,0.56803
2018.05.07 05:55,-1,1312.73200,1313.20971,1311.53771,0.47771,0.57948
2018.05.07 07:40,-1,1312.67900,1313.25121,1311.24846,0.57221,0.51115
2018.05.07 11:10,-1,1312.90900,1313.44450,1311.57025,0.53550,0.53066
2018.05.08 01:25,-1,1313.25800,1313.76321,1311.99496,0.50521,0.55342
2018.05.08 08:10,-1,1313.00900,1313.70414,1311.27114,0.69514,0.50167
2018.05.08 11:55,-1,1309.14800,1309.73321,1307.68496,0.58521,0.50453
2018.05.09 02:40,-1,1311.05900,1311.58886,1309.73436,0.52986,0.51200
2018.05.10 08:25,1,1313.03800,1312.31450,1314.84675,0.72350,0.57736
2018.05.10 09:55,1,1314.99800,1314.41607,1316.45282,0.58193,0.51858
2018.05.10 15:55,1,1318.93900,1318.13050,1320.96025,0.80850,0.50438
2018.05.11 09:25,1,1324.28200,1323.71279,1325.70504,0.56921,0.55026
2018.05.11 11:25,1,1324.96100,1324.44757,1326.24457,0.51343,0.53499
2018.05.14 16:55,-1,1319.10800,1319.52657,1318.06157,0.41857,0.54895
2018.05.14 18:25,-1,1313.96900,1314.76029,1311.99079,0.79129,0.51356
2018.05.14 19:55,-1,1313.61900,1314.03021,1312.59096,0.41121,0.54479
2018.05.15 04:10,-1,1313.05100,1313.28214,1312.47314,0.23114,0.52704
2018.05.15 06:25,-1,1311.35800,1311.89814,1310.00764,0.54014,0.52967
2018.05.15 08:10,-1,1309.81800,1310.28686,1308.64586,0.46886,0.57880
2018.05.15 10:25,-1,1309.30100,1309.66593,1308.38868,0.36493,0.58581
2018.05.15 11:55,-1,1297.74100,1298.41657,1296.05207,0.67557,0.51825
2018.05.15 14:25,-1,1293.72800,1294.92643,1290.73193,1.19843,0.63560
2018.05.15 15:55,-1,1291.86800,1292.59686,1290.04586,0.72886,0.52556
2018.05.16 08:25,-1,1294.05900,1294.56629,1292.79079,0.50729,0.57681
2018.05.16 09:55,-1,1289.99100,1290.78929,1287.99529,0.79829,0.56886
2018.05.16 11:25,-1,1287.37800,1287.97143,1285.89443,0.59343,0.60538
2018.05.21 02:10,-1,1289.57800,1290.02464,1288.46139,0.44664,0.53795
2018.05.21 05:55,-1,1286.90200,1287.39229,1285.67629,0.49029,0.61344
2018.05.21 07:55,-1,1282.75800,1283.36236,1281.24711,0.60436,0.59712
2018.05.23 08:55,1,1294.19100,1293.47914,1295.97064,0.71186,0.52586
2018.05.23 11:25,1,1296.32100,1295.69707,1297.88082,0.62393,0.53857
2018.05.24 10:10,-1,1295.97800,1296.51029,1294.64729,0.53229,0.51313
2018.05.24 13:10,1,1299.42100,1298.58943,1301.49993,0.83157,0.53437
2018.05.24 14:40,1,1305.02200,1303.72150,1308.27325,1.30050,0.50400
2018.05.29 08:10,1,1300.54100,1299.71857,1302.59707,0.82243,0.52334
2018.05.29 11:10,1,1303.90100,1302.97471,1306.21671,0.92629,0.52697
2018.05.29 22:40,1,1300.91200,1300.43986,1302.09236,0.47214,0.52460
2018.05.31 04:40,1,1303.36800,1302.99957,1304.28907,0.36843,0.58504
2018.05.31 06:10,1,1304.94900,1304.48514,1306.10864,0.46386,0.55969
2018.05.31 07:40,1,1306.17800,1305.58729,1307.65479,0.59071,0.56975
2018.06.01 08:10,-1,1299.69800,1300.15379,1298.55854,0.45579,0.58755
2018.06.01 09:40,-1,1299.54900,1299.97693,1298.47918,0.42793,0.59559
2018.06.01 11:55,-1,1293.03800,1294.00264,1290.62639,0.96464,0.55710
2018.06.04 22:40,-1,1292.28100,1292.68450,1291.27225,0.40350,0.52595
2018.06.06 08:40,-1,1296.83800,1297.39500,1295.44550,0.55700,0.55732
2018.06.06 15:55,1,1299.21800,1298.64786,1300.64336,0.57014,0.55114
2018.06.07 11:25,-1,1297.89900,1298.34886,1296.77436,0.44986,0.51609
2018.06.08 04:40,1,1296.71800,1296.42079,1297.46104,0.29721,0.52488
2018.06.08 11:55,-1,1297.78900,1298.51986,1295.96186,0.73086,0.52346
2018.06.11 04:55,-1,1298.00800,1298.24443,1297.41693,0.23643,0.50937
2018.06.13 16:10,1,1298.50800,1298.01121,1299.74996,0.49679,0.52995
2018.06.13 17:40,1,1298.00200,1297.60029,1299.00629,0.40171,0.53999
2018.06.14 04:10,1,1298.93100,1298.67021,1299.58296,0.26079,0.63238
2018.06.14 05:40,1,1299.40900,1299.03121,1300.35346,0.37779,0.66247
2018.06.14 07:40,1,1302.62900,1302.09321,1303.96846,0.53579,0.56676
2018.06.15 13:25,-1,1286.22200,1287.91100,1281.99950,1.68900,0.64814
2018.06.15 14:55,-1,1281.60800,1283.20143,1277.62443,1.59343,0.60281
2018.06.19 08:40,-1,1280.24900,1280.83057,1278.79507,0.58157,0.64334
2018.06.19 10:55,-1,1278.32800,1278.77036,1277.22211,0.44236,0.68213
2018.06.20 16:10,-1,1273.36900,1273.96871,1271.86971,0.59971,0.60626
2018.06.20 18:55,-1,1269.68800,1270.30650,1268.14175,0.61850,0.59729
2018.06.21 01:10,-1,1267.37800,1267.81400,1266.28800,0.43600,0.59061
2018.06.21 02:40,-1,1267.16200,1267.67179,1265.88754,0.50979,0.60473
2018.06.22 17:25,1,1268.51800,1268.02686,1269.74586,0.49114,0.50322
2018.06.22 18:55,1,1269.29200,1268.90229,1270.26629,0.38971,0.50581
2018.06.25 01:55,-1,1270.31800,1270.85479,1268.97604,0.53679,0.57678
2018.06.25 14:25,-1,1266.74900,1267.63471,1264.53471,0.88571,0.50918
2018.06.26 01:40,-1,1265.60900,1266.10529,1264.36829,0.49629,0.64362
2018.06.26 04:10,-1,1263.86800,1264.14150,1263.18425,0.27350,0.58455
2018.06.26 06:40,-1,1263.61800,1264.05150,1262.53425,0.43350,0.65022
2018.06.26 09:40,-1,1257.17900,1257.78143,1255.67293,0.60243,0.58362
2018.06.26 11:25,-1,1257.01800,1257.53979,1255.71354,0.52179,0.68908
2018.06.27 13:10,-1,1255.47800,1256.31807,1253.37782,0.84007,0.51945
2018.06.27 14:40,-1,1255.80800,1256.64614,1253.71264,0.83814,0.51039
2018.06.27 16:25,-1,1254.42800,1255.19936,1252.49961,0.77136,0.61122
2018.06.27 18:10,-1,1255.00800,1255.44929,1253.90479,0.44129,0.57962
2018.06.27 19:40,-1,1252.09800,1252.83086,1250.26586,0.73286,0.56075
2018.06.28 04:25,-1,1252.34800,1252.59993,1251.71818,0.25193,0.58737
2018.06.28 06:25,-1,1250.88800,1251.41207,1249.57782,0.52407,0.61594
2018.06.28 07:55,-1,1250.11800,1250.77229,1248.48229,0.65429,0.57615
2018.06.28 16:25,-1,1249.80800,1250.41186,1248.29836,0.60386,0.57940
2018.06.28 17:55,-1,1246.64900,1247.43079,1244.69454,0.78179,0.61319
2018.06.28 19:40,-1,1247.99800,1248.43057,1246.91657,0.43257,0.53175
2018.07.02 01:25,-1,1251.50900,1252.03264,1250.19989,0.52364,0.54074
2018.07.02 02:55,-1,1250.88800,1251.28971,1249.88371,0.40171,0.55414
2018.07.02 13:55,-1,1247.31800,1248.16186,1245.20836,0.84386,0.65861
2018.07.02 16:25,-1,1243.03800,1243.73450,1241.29675,0.69650,0.61213
2018.07.02 19:10,-1,1242.32900,1242.77564,1241.21239,0.44664,0.61606
2018.07.03 01:10,-1,1240.65900,1241.22579,1239.24204,0.56679,0.53341
2018.07.03 02:55,-1,1239.71800,1240.43193,1237.93318,0.71393,0.50808
2018.07.03 16:10,-1,1254.38800,1255.16400,1252.44800,0.77600,0.50613
2018.07.03 18:10,-1,1253.13900,1253.62986,1251.91186,0.49086,0.52920
2018.07.03 19:55,-1,1252.64900,1252.98471,1251.80971,0.33571,0.51938
2018.07.04 02:55,1,1257.07800,1256.33907,1258.92532,0.73893,0.52105
2018.07.06 01:10,-1,1255.86800,1256.35864,1254.64139,0.49064,0.50753
2018.07.09 04:10,1,1259.02800,1258.71857,1259.80157,0.30943,0.50956
2018.07.09 05:40,1,1259.44900,1259.09557,1260.33257,0.35343,0.56023
2018.07.09 08:10,1,1261.08800,1260.50300,1262.55050,0.58500,0.57081
2018.07.09 13:25,-1,1263.75900,1264.32836,1262.33561,0.56936,0.53935
2018.07.09 15:10,-1,1261.17900,1261.79264,1259.64489,0.61364,0.50485
2018.07.10 05:10,-1,1258.30800,1258.76050,1257.17675,0.45250,0.53033
2018.07.10 08:10,-1,1255.93900,1256.50943,1254.51293,0.57043,0.56428
2018.07.10 10:40,-1,1251.14900,1251.53436,1250.18561,0.38536,0.58095
2018.07.11 02:40,-1,1251.25900,1252.01614,1249.36614,0.75714,0.52710
2018.07.11 08:40,-1,1251.09800,1251.58593,1249.87818,0.48793,0.55058
2018.07.11 10:55,-1,1250.56200,1251.07300,1249.28450,0.51100,0.52783
2018.07.11 13:25,-1,1250.09900,1250.97714,1247.90364,0.87814,0.65878
2018.07.11 14:55,-1,1247.31800,1247.98300,1245.65550,0.66500,0.60401
2018.07.11 17:10,-1,1243.15800,1243.78257,1241.59657,0.62457,0.60892
2018.07.11 18:40,-1,1243.81900,1244.45107,1242.23882,0.63207,0.58573
2018.07.13 05:10,-1,1244.79900,1245.17314,1243.86364,0.37414,0.57621
2018.07.13 06:40,-1,1244.78800,1245.26279,1243.60104,0.47479,0.55697
2018.07.13 08:10,-1,1241.47900,1242.19314,1239.69364,0.71414,0.54907
2018.07.13 10:10,-1,1241.03100,1241.64371,1239.49921,0.61271,0.66430
2018.07.13 11:40,-1,1239.65900,1240.19721,1238.31346,0.53821,0.70979
2018.07.16 11:25,-1,1243.80800,1244.23043,1242.75193,0.42243,0.50629
2018.07.16 13:55,-1,1241.64100,1242.39493,1239.75618,0.75393,0.51036
2018.07.17 10:25,-1,1242.14800,1242.50214,1241.26264,0.35414,0.54857
2018.07.17 14:10,-1,1231.48900,1233.08893,1227.48918,1.59993,0.66598
2018.07.17 15:40,-1,1228.05800,1229.10421,1225.44246,1.04621,0.61045
2018.07.18 04:55,-1,1227.09900,1227.49007,1226.12132,0.39107,0.61402
2018.07.18 07:10,-1,1223.85800,1224.55271,1222.12121,0.69471,0.61278
2018.07.19 05:10,-1,1223.94800,1224.27450,1223.13175,0.32650,0.66383
2018.07.19 06:40,-1,1223.96800,1224.56829,1222.46729,0.60029,0.65223
2018.07.19 09:10,-1,1217.46200,1218.28536,1215.40361,0.82336,0.59080
2018.07.19 10:40,-1,1216.15800,1216.73350,1214.71925,0.57550,0.63308
2018.07.20 02:25,-1,1219.19100,1220.48743,1215.94993,1.29643,0.52957
2018.07.20 14:55,1,1229.15800,1228.15686,1231.66086,1.00114,0.50279
2018.07.22 22:25,1,1231.42200,1231.05457,1232.34057,0.36743,0.50423
2018.07.23 13:55,-1,1225.44800,1226.51586,1222.77836,1.06786,0.52491
2018.07.24 02:40,-1,1222.55900,1223.26600,1220.79150,0.70700,0.59471
2018.07.24 13:25,-1,1228.07800,1229.00436,1225.76211,0.92636,0.51098
2018.07.24 15:10,-1,1226.30900,1227.06143,1224.42793,0.75243,0.53393
2018.07.25 08:25,1,1228.19100,1227.58800,1229.69850,0.60300,0.61108
2018.07.25 10:40,1,1230.40800,1229.92021,1231.62746,0.48779,0.57777
2018.07.25 13:55,-1,1231.49900,1232.24321,1229.63846,0.74421,0.58165
2018.07.25 15:25,-1,1228.31800,1229.36157,1225.70907,1.04357,0.52289
2018.07.26 16:10,-1,1226.36100,1226.90807,1224.99332,0.54707,0.66400
2018.07.26 17:55,-1,1224.83800,1225.30929,1223.65979,0.47129,0.60948
2018.07.26 19:25,-1,1223.08800,1223.62371,1221.74871,0.53571,0.53925
2018.07.27 08:10,-1,1220.78900,1221.33357,1219.42757,0.54457,0.66948
2018.07.27 09:40,-1,1219.20900,1219.80200,1217.72650,0.59300,0.66098
2018.07.27 11:10,-1,1219.29900,1219.77786,1218.10186,0.47886,0.68702
2018.07.31 04:40,-1,1222.65200,1223.23864,1221.18539,0.58664,0.65791
2018.07.31 07:10,-1,1220.94900,1221.61643,1219.28043,0.66743,0.63219
2018.08.01 13:10,-1,1220.37800,1221.05000,1218.69800,0.67200,0.52027
2018.08.01 14:40,-1,1217.49900,1218.16586,1215.83186,0.66686,0.53584
2018.08.02 08:40,-1,1218.04800,1218.56407,1216.75782,0.51607,0.67195
2018.08.02 11:25,-1,1215.94800,1216.53393,1214.48318,0.58593,0.68652
2018.08.02 16:10,-1,1214.63200,1215.11243,1213.43093,0.48043,0.62037
2018.08.02 17:55,-1,1211.64900,1212.17193,1210.34168,0.52293,0.58584
2018.08.02 19:25,-1,1209.64900,1210.29121,1208.04346,0.64221,0.56180
2018.08.02 22:10,-1,1209.20800,1209.75921,1207.82996,0.55121,0.58444
2018.08.03 04:10,-1,1207.06900,1207.46693,1206.07418,0.39793,0.61983
2018.08.03 05:55,-1,1207.07900,1207.37507,1206.33882,0.29607,0.62704
2018.08.03 07:40,-1,1205.54800,1206.11743,1204.12443,0.56943,0.62401
2018.08.03 16:10,-1,1216.69800,1217.33143,1215.11443,0.63343,0.56296
2018.08.03 17:40,-1,1215.14900,1215.61021,1213.99596,0.46121,0.55542
2018.08.06 04:40,-1,1215.61800,1215.85629,1215.02229,0.23829,0.54941
2018.08.06 06:10,-1,1213.30800,1213.73393,1212.24318,0.42593,0.56170
2018.08.06 07:55,-1,1212.46900,1213.07329,1210.95829,0.60429,0.52842
2018.08.06 11:10,-1,1209.11800,1209.70679,1207.64604,0.58879,0.50651
2018.08.08 08:10,-1,1212.18900,1212.82421,1210.60096,0.63521,0.62075
2018.08.08 10:40,-1,1210.51900,1210.95407,1209.43132,0.43507,0.60815
2018.08.09 05:10,-1,1214.28900,1214.65571,1213.37221,0.36671,0.61640
2018.08.09 06:55,-1,1212.86900,1213.57186,1211.11186,0.70286,0.60492
2018.08.13 04:10,-1,1207.81900,1208.23407,1206.78132,0.41507,0.59401
2018.08.13 05:40,-1,1208.29800,1208.83407,1206.95782,0.53607,0.63249
2018.08.13 07:10,-1,1207.21900,1207.90621,1205.50096,0.68721,0.64626
2018.08.13 09:25,-1,1203.96900,1204.73921,1202.04346,0.77021,0.60824
2018.08.13 10:55,-1,1200.91100,1201.49336,1199.45511,0.58236,0.62323
2018.08.13 16:25,-1,1194.78800,1195.50664,1192.99139,0.71864,0.60073
2018.08.13 18:40,-1,1193.73800,1194.28664,1192.36639,0.54864,0.58736
2018.08.15 02:25,-1,1190.89900,1191.38007,1189.69632,0.48107,0.65932
2018.08.15 06:10,-1,1188.71800,1189.27200,1187.33300,0.55400,0.67882
2018.08.15 07:40,-1,1187.98200,1188.65450,1186.30075,0.67250,0.69627
2018.08.15 13:25,-1,1182.53800,1183.48564,1180.16889,0.94764,0.61753
2018.08.15 15:55,-1,1176.49100,1177.62914,1173.64564,1.13814,0.56617
2018.08.15 18:40,-1,1177.06800,1177.51593,1175.94818,0.44793,0.54830
2018.08.16 02:25,-1,1173.19800,1174.76086,1169.29086,1.56286,0.56025
2018.08.20 01:25,1,1184.22800,1183.67571,1185.60871,0.55229,0.57785
2018.08.20 04:40,1,1185.88900,1185.51543,1186.82293,0.37357,0.56657
2018.08.20 06:10,1,1185.69900,1185.26929,1186.77329,0.42971,0.57394
2018.08.20 07:40,1,1188.05900,1187.36771,1189.78721,0.69129,0.52130
2018.08.20 22:25,1,1190.86200,1190.61086,1191.48986,0.25114,0.50672
2018.08.21 02:25,1,1193.16800,1192.60186,1194.58336,0.56614,0.58355
2018.08.21 16:40,1,1190.55800,1189.93786,1192.10836,0.62014,0.50347
2018.08.22 08:10,1,1193.74100,1193.14521,1195.23046,0.59579,0.64390
2018.08.22 09:55,1,1197.64800,1196.88007,1199.56782,0.76793,0.56240
2018.08.22 13:10,-1,1197.66900,1198.59736,1195.34811,0.92836,0.61309
2018.08.22 14:55,-1,1194.86900,1195.70529,1192.77829,0.83629,0.56657
2018.08.23 16:40,-1,1188.22100,1188.80429,1186.76279,0.58329,0.62302
2018.08.23 18:10,-1,1187.81900,1188.26357,1186.70757,0.44457,0.57999
2018.08.23 19:55,-1,1185.41800,1186.12814,1183.64264,0.71014,0.51146
2018.08.24 15:55,1,1207.14900,1206.24329,1209.41329,0.90571,0.53189
2018.08.27 13:25,1,1206.91800,1206.33529,1208.37479,0.58271,0.67046
2018.08.27 15:55,1,1209.19800,1208.61700,1210.65050,0.58100,0.66169
2018.08.28 08:40,1,1212.99900,1212.32193,1214.69168,0.67707,0.59099
2018.08.28 10:55,1,1212.37900,1211.94464,1213.46489,0.43436,0.62428
2018.08.30 01:25,-1,1204.57800,1205.08529,1203.30979,0.50729,0.51672
2018.08.30 02:55,-1,1203.83800,1204.23686,1202.84086,0.39886,0.51687
2018.08.30 13:10,-1,1203.39800,1204.31079,1201.11604,0.91279,0.58489
2018.08.30 15:55,-1,1198.88100,1199.64621,1196.96796,0.76521,0.59514
2018.08.31 04:10,1,1203.98900,1203.65736,1204.81811,0.33164,0.52359
2018.08.31 05:40,1,1205.44100,1204.96571,1206.62921,0.47529,0.50132
2018.08.31 07:40,1,1207.45100,1206.54229,1209.72279,0.90871,0.50203
2018.08.31 09:10,-1,1205.82900,1206.47714,1204.20864,0.64814,0.51905
2018.08.31 10:40,-1,1206.18900,1206.75771,1204.76721,0.56871,0.51236
2018.09.04 05:10,-1,1200.59800,1201.01657,1199.55157,0.41857,0.55880
2018.09.04 14:55,-1,1192.30800,1193.37729,1189.63479,1.06929,0.50488
2018.09.06 08:10,1,1202.60100,1201.77536,1204.66511,0.82564,0.54427
2018.09.06 09:40,1,1203.48900,1202.65893,1205.56418,0.83007,0.63287
2018.09.06 11:55,1,1203.26800,1202.65829,1204.79229,0.60971,0.55065
2018.09.10 08:55,-1,1194.40900,1195.09407,1192.69632,0.68507,0.56198
2018.09.10 10:40,-1,1193.95900,1194.55543,1192.46793,0.59643,0.52697
2018.09.12 01:10,-1,1195.94900,1196.44407,1194.71132,0.49507,0.51029
2018.09.12 02:55,-1,1194.05800,1194.55143,1192.82443,0.49343,0.55094
2018.09.12 05:40,1,1194.54800,1194.06186,1195.76336,0.48614,0.53232
2018.09.12 08:40,-1,1194.87900,1195.57571,1193.13721,0.69671,0.51968
2018.09.12 10:40,-1,1196.22800,1196.79871,1194.80121,0.57071,0.52886
2018.09.12 14:25,1,1196.78800,1195.90500,1198.99550,0.88300,0.61327
2018.09.12 15:55,1,1202.75100,1201.53407,1205.79332,1.21693,0.56983
2018.09.13 14:10,-1,1206.74100,1207.81621,1204.05296,1.07521,0.54815
2018.09.13 15:55,-1,1202.14900,1203.23343,1199.43793,1.08443,0.50889
2018.09.14 09:40,-1,1206.57900,1207.09121,1205.29846,0.51221,0.58321
2018.09.14 11:40,-1,1204.62800,1205.07564,1203.50889,0.44764,0.56004
2018.09.14 15:40,-1,1197.49800,1198.39736,1195.24961,0.89936,0.57299
2018.09.14 17:25,-1,1196.43800,1197.35043,1194.15693,0.91243,0.59275
2018.09.14 18:55,-1,1194.06800,1194.61736,1192.69461,0.54936,0.55402
2018.09.18 08:25,1,1198.31800,1197.61186,1200.08336,0.70614,0.51454
2018.09.20 06:10,-1,1204.88800,1205.22100,1204.05550,0.33300,0.50613
2018.09.20 08:25,1,1201.97800,1201.48057,1203.22157,0.49743,0.53912
2018.09.20 09:55,1,1202.25900,1201.74321,1203.54846,0.51579,0.57070
2018.09.21 01:10,1,1208.96900,1208.44464,1210.27989,0.52436,0.61051
2018.09.21 02:40,1,1208.25200,1207.79250,1209.40075,0.45950,0.63074
2018.09.21 13:25,-1,1193.27900,1195.32221,1188.17096,2.04321,0.51252
2018.09.26 05:55,-1,1201.54800,1201.84971,1200.79371,0.30171,0.50022
2018.09.27 04:10,-1,1197.74900,1198.06214,1196.96614,0.31314,0.53907
2018.09.27 05:40,-1,1195.39800,1195.87907,1194.19532,0.48107,0.51555
2018.09.27 07:40,-1,1196.42900,1197.12886,1194.67936,0.69986,0.52478
2018.09.27 13:10,-1,1184.64800,1185.90029,1181.51729,1.25229,0.59730
2018.09.27 14:40,-1,1183.13200,1184.23157,1180.38307,1.09957,0.66569
2018.10.02 13:10,1,1200.99900,1199.75700,1204.10400,1.24200,0.57892
2018.10.02 15:40,1,1205.09100,1203.80943,1208.29493,1.28157,0.61960
2018.10.03 11:55,-1,1202.60100,1203.27050,1200.92725,0.66950,0.50742
2018.10.08 02:10,-1,1196.79100,1197.44636,1195.15261,0.65536,0.52831
2018.10.08 05:25,-1,1196.32900,1196.67964,1195.45239,0.35064,0.58042
2018.10.08 07:10,-1,1195.87900,1196.43300,1194.49400,0.55400,0.61490
2018.10.08 13:25,-1,1186.67900,1187.86579,1183.71204,1.18679,0.55345
2018.10.08 15:25,-1,1185.73900,1186.86107,1182.93382,1.12207,0.58451
2018.10.10 22:40,1,1193.98200,1193.62021,1194.88646,0.36179,0.52155
2018.10.11 04:10,1,1193.09800,1192.81236,1193.81211,0.28564,0.63183
2018.10.11 05:40,1,1193.28200,1192.85814,1194.34164,0.42386,0.62769
2018.10.11 07:10,1,1197.91200,1197.05571,1200.05271,0.85629,0.56512
2018.10.11 08:40,1,1198.03800,1197.40157,1199.62907,0.63643,0.65020
2018.10.11 11:10,1,1203.24800,1202.25086,1205.74086,0.99714,0.53685
2018.10.11 14:10,1,1211.86100,1210.38693,1215.54618,1.47407,0.60737
2018.10.11 15:55,1,1220.13100,1218.42221,1224.40296,1.70879,0.56160
2018.10.15 05:10,1,1222.73900,1222.49000,1223.36150,0.24900,0.58405
2018.10.15 07:55,1,1227.29800,1226.44107,1229.44032,0.85693,0.52180
2018.10.16 04:55,1,1225.69200,1225.40879,1226.40004,0.28321,0.54017
2018.10.17 02:25,-1,1222.74900,1223.27907,1221.42382,0.53007,0.54315
2018.10.22 05:55,-1,1227.01800,1227.36679,1226.14604,0.34879,0.51767
2018.10.22 11:10,-1,1223.07200,1223.53221,1221.92146,0.46021,0.52302
2018.10.23 04:55,1,1223.73100,1223.47229,1224.37779,0.25871,0.51909
2018.10.23 08:40,1,1235.38200,1234.40829,1237.81629,0.97371,0.55436
2018.10.23 10:40,1,1233.77900,1233.33900,1234.87900,0.44000,0.60410
2018.10.23 13:40,-1,1236.06800,1236.91600,1233.94800,0.84800,0.51872
2018.10.26 13:55,1,1235.00200,1234.09836,1237.26111,0.90364,0.65163
2018.10.26 15:55,1,1238.23400,1236.57257,1242.38757,1.66143,0.63887
2018.10.30 06:55,-1,1227.85600,1228.36279,1226.58904,0.50679,0.51204
2018.10.30 08:55,-1,1224.24300,1224.97550,1222.41175,0.73250,0.51263
2018.10.30 11:55,-1,1224.78300,1225.46707,1223.07282,0.68407,0.52469
2018.10.31 01:40,-1,1220.22000,1220.82757,1218.70107,0.60757,0.51692
2018.11.01 08:10,1,1224.49300,1223.77279,1226.29354,0.72021,0.54010
2018.11.01 10:10,1,1224.03500,1223.28457,1225.91107,0.75043,0.64371
2018.11.01 13:40,1,1229.35800,1228.33479,1231.91604,1.02321,0.62794
2018.11.01 15:25,1,1230.06500,1229.16364,1232.31839,0.90136,0.63134
2018.11.06 02:40,-1,1229.91500,1230.28857,1228.98107,0.37357,0.56186
2018.11.06 06:10,1,1230.59500,1230.27350,1231.39875,0.32150,0.55728
2018.11.06 07:40,1,1230.87800,1230.32586,1232.25836,0.55214,0.55964
2018.11.06 10:25,1,1234.99800,1234.43471,1236.40621,0.56329,0.57636
2018.11.06 11:55,1,1234.98800,1234.52536,1236.14461,0.46264,0.51457
2018.11.06 14:25,-1,1231.67500,1232.56421,1229.45196,0.88921,0.53416
2018.11.09 01:10,-1,1222.02500,1222.51221,1220.80696,0.48721,0.56733
2018.11.09 02:55,-1,1218.47500,1218.96657,1217.24607,0.49157,0.59294
2018.11.09 13:10,-1,1215.35500,1215.91129,1213.96429,0.55629,0.58093
2018.11.09 14:40,-1,1210.00500,1211.24064,1206.91589,1.23564,0.50573
2018.11.09 16:10,-1,1210.18800,1211.20464,1207.64639,1.01664,0.57865
2018.11.09 18:55,-1,1208.45500,1209.19057,1206.61607,0.73557,0.57915
2018.11.12 04:40,-1,1210.33500,1210.72671,1209.35571,0.39171,0.56603
2018.11.12 06:25,-1,1208.10500,1208.68571,1206.65321,0.58071,0.56631
2018.11.12 07:55,-1,1205.21500,1205.98529,1203.28929,0.77029,0.56500
2018.11.12 10:10,-1,1206.68800,1207.21893,1205.36068,0.53093,0.53054
2018.11.12 13:10,-1,1204.85500,1205.45129,1203.36429,0.59629,0.51665
2018.11.12 14:40,-1,1204.16800,1204.96650,1202.17175,0.79850,0.62674
2018.11.12 17:10,-1,1203.49500,1204.01021,1202.20696,0.51521,0.62509
2018.11.12 18:40,-1,1202.22800,1202.74314,1200.94014,0.51514,0.59909
2018.11.13 08:40,-1,1202.17500,1202.89007,1200.38732,0.71507,0.68871
2018.11.13 10:10,-1,1197.28800,1198.25893,1194.86068,0.97093,0.56124
2018.11.13 11:40,-1,1198.23800,1198.87121,1196.65496,0.63321,0.66934
2018.11.16 13:25,1,1220.30800,1219.68500,1221.86550,0.62300,0.59671
2018.11.16 15:55,1,1221.65800,1220.68843,1224.08193,0.96957,0.60261
2018.11.19 02:25,-1,1221.41800,1221.94157,1220.10907,0.52357,0.54728
2018.11.20 02:25,-1,1221.71800,1222.14821,1220.64246,0.43021,0.56806
2018.11.20 04:55,1,1222.55800,1222.22657,1223.38657,0.33143,0.56220
2018.11.20 07:40,1,1224.37500,1223.84514,1225.69964,0.52986,0.53490
2018.11.21 04:55,1,1220.93500,1220.70300,1221.51500,0.23200,0.57101
2018.11.21 07:10,1,1223.15500,1222.63029,1224.46679,0.52471,0.57631
2018.11.23 08:55,-1,1223.35500,1224.06429,1221.58179,0.70929,0.52450
2018.11.23 10:25,-1,1221.73500,1222.26664,1220.40589,0.53164,0.58816
2018.11.23 11:55,-1,1222.03800,1222.53536,1220.79461,0.49736,0.63027
2018.11.26 04:40,1,1224.49800,1224.21664,1225.20139,0.28136,0.53982
2018.11.26 07:40,1,1227.03500,1226.47921,1228.42446,0.55579,0.51680
2018.11.27 04:10,-1,1221.87500,1222.19429,1221.07679,0.31929,0.56862
2018.11.27 05:40,-1,1222.07500,1222.34786,1221.39286,0.27286,0.61865
2018.11.27 07:25,-1,1221.19500,1221.72186,1219.87786,0.52686,0.57183
2018.11.27 13:10,-1,1224.65500,1225.11743,1223.49893,0.46243,0.62713
2018.11.27 14:55,-1,1217.78500,1218.65993,1215.59768,0.87493,0.60982
2018.11.27 19:40,-1,1213.35800,1213.88821,1212.03246,0.53021,0.51681
2018.11.29 13:10,1,1226.39800,1225.60121,1228.38996,0.79679,0.66604
2018.11.29 15:10,1,1226.82500,1225.90029,1229.13679,0.92471,0.64699
2018.12.03 01:40,1,1222.82500,1222.21050,1224.36125,0.61450,0.54767
2018.12.03 04:25,1,1225.19800,1224.83736,1226.09961,0.36064,0.55626
2018.12.03 06:55,1,1228.56500,1227.97529,1230.03929,0.58971,0.56140
2018.12.03 13:10,1,1230.02800,1229.25157,1231.96907,0.77643,0.68103
2018.12.03 14:55,1,1233.67800,1232.71786,1236.07836,0.96014,0.65949
2018.12.04 02:40,1,1235.11800,1234.48121,1236.70996,0.63679,0.53518
2018.12.04 05:25,1,1236.71500,1236.27021,1237.82696,0.44479,0.51417
2018.12.04 07:55,1,1237.09800,1236.48679,1238.62604,0.61121,0.52520
2018.12.04 09:25,1,1240.23800,1239.59736,1241.83961,0.64064,0.65111
2018.12.04 10:55,1,1239.92500,1239.33536,1241.39911,0.58964,0.62491
2018.12.05 08:10,1,1234.64800,1234.03343,1236.18443,0.61457,0.52604
2018.12.05 09:55,1,1236.17800,1235.72514,1237.31014,0.45286,0.53128
2018.12.06 13:10,1,1237.67800,1237.23450,1238.78675,0.44350,0.53106
2018.12.06 15:55,1,1242.20500,1241.07536,1245.02911,1.12964,0.60408
2018.12.07 13:40,1,1243.49800,1242.18521,1246.77996,1.31279,0.58448
2018.12.07 15:10,1,1244.96800,1243.87571,1247.69871,1.09229,0.55028
2018.12.07 16:40,1,1245.56800,1244.80286,1247.48086,0.76514,0.59728
2018.12.11 13:25,-1,1246.64500,1247.37993,1244.80768,0.73493,0.51279
2018.12.12 04:10,-1,1244.66800,1244.92271,1244.03121,0.25471,0.50795
2018.12.12 06:10,-1,1243.33500,1243.65879,1242.52554,0.32379,0.50693
2018.12.12 07:40,-1,1242.20500,1242.60171,1241.21321,0.39671,0.52657
2018.12.12 09:10,1,1243.54500,1243.09314,1244.67464,0.45186,0.54424
2018.12.12 10:40,1,1244.94500,1244.54793,1245.93768,0.39707,0.50515
2018.12.13 09:10,-1,1245.28500,1245.72379,1244.18804,0.43879,0.51487
2018.12.13 10:40,-1,1241.50000,1241.90979,1240.47554,0.40979,0.53500
2018.12.14 04:40,-1,1241.50800,1241.71121,1240.99996,0.20321,0.57330
2018.12.14 06:25,-1,1239.86800,1240.15021,1239.16246,0.28221,0.56170
2018.12.14 07:55,-1,1238.24500,1238.79093,1236.88018,0.54593,0.57224
2018.12.14 13:10,-1,1237.82500,1238.24407,1236.77732,0.41907,0.52614
2018.12.17 16:55,1,1243.19800,1242.65907,1244.54532,0.53893,0.51621
2018.12.17 19:40,1,1245.38500,1244.78493,1246.88518,0.60007,0.53049
2018.12.18 01:10,1,1246.38500,1246.07807,1247.15232,0.30693,0.55408
2018.12.18 02:40,1,1247.90800,1247.50064,1248.92639,0.40736,0.58946
2018.12.18 09:10,1,1248.09500,1247.60550,1249.31875,0.48950,0.62831
2018.12.18 11:55,1,1247.31500,1246.87857,1248.40607,0.43643,0.58214
2018.12.18 14:25,-1,1246.19500,1246.95536,1244.29411,0.76036,0.52745
2018.12.18 17:25,1,1249.29800,1248.62621,1250.97746,0.67179,0.50927
2018.12.18 19:55,1,1248.91800,1248.46679,1250.04604,0.45121,0.51020
2018.12.19 01:10,1,1249.34800,1248.94357,1250.35907,0.40443,0.56351
2018.12.19 02:40,1,1250.54800,1250.16836,1251.49711,0.37964,0.58327
2018.12.19 13:10,1,1247.84800,1247.42443,1248.90693,0.42357,0.63256
2018.12.19 15:55,1,1255.33500,1254.12243,1258.36643,1.21257,0.58595
2018.12.20 16:40,1,1259.54800,1258.21150,1262.88925,1.33650,0.51788
2018.12.24 13:25,1,1262.11500,1261.46793,1263.73268,0.64707,0.63003
2018.12.24 16:10,1,1266.70800,1265.93779,1268.63354,0.77021,0.55516
2018.12.26 01:10,1,1269.13800,1268.29550,1271.24425,0.84250,0.61958
2018.12.26 02:55,1,1272.74800,1272.15957,1274.21907,0.58843,0.63211
2018.12.26 13:55,1,1275.01800,1273.92921,1277.73996,1.08879,0.53397
2018.12.27 08:10,1,1268.68500,1268.00507,1270.38482,0.67993,0.56917
2018.12.27 10:10,1,1272.39800,1271.75186,1274.01336,0.64614,0.50091
2018.12.27 11:40,1,1270.64500,1270.03764,1272.16339,0.60736,0.54542
2018.12.28 05:25,1,1277.45800,1277.20771,1278.08371,0.25029,0.53156
2018.12.28 07:25,1,1280.28800,1279.58607,1282.04282,0.70193,0.52309
2018.12.31 04:25,1,1278.15800,1277.82586,1278.98836,0.33214,0.57575
2018.12.31 06:55,1,1280.21800,1279.96621,1280.84746,0.25179,0.53954
2018.12.31 09:25,1,1281.56500,1281.02786,1282.90786,0.53714,0.58815
2018.12.31 10:55,1,1283.21500,1282.71214,1284.47214,0.50286,0.58170
2019.01.02 04:10,1,1282.68500,1282.34021,1283.54696,0.34479,0.57347
2019.01.02 07:40,1,1285.43500,1284.78386,1287.06286,0.65114,0.53761
2019.01.02 20:40,1,1282.29800,1281.87443,1283.35693,0.42357,0.51403
2019.01.03 16:10,1,1289.79800,1288.65400,1292.65800,1.14400,0.52241
2019.01.04 01:25,1,1297.57800,1296.91357,1299.23907,0.66443,0.51633
2019.01.04 02:55,1,1295.17800,1294.65807,1296.47782,0.51993,0.55244
2019.01.07 01:10,1,1287.18800,1286.58050,1288.70675,0.60750,0.50277
2019.01.07 02:55,1,1289.07500,1288.62329,1290.20429,0.45171,0.51718
2019.01.08 02:55,-1,1283.26800,1283.82414,1281.87764,0.55614,0.54226
2019.01.10 01:10,1,1292.11800,1291.64779,1293.29354,0.47021,0.58244
2019.01.10 02:55,1,1296.63800,1296.17014,1297.80764,0.46786,0.60401
2019.01.14 08:40,1,1293.32800,1292.71879,1294.85104,0.60921,0.55251
2019.01.17 13:10,-1,1293.02500,1293.43550,1291.99875,0.41050,0.51043
2019.01.18 08:10,-1,1289.52500,1290.05164,1288.20839,0.52664,0.61018
2019.01.18 10:40,-1,1285.52800,1285.99329,1284.36479,0.46529,0.62243
2019.01.21 08:25,-1,1280.59500,1280.99450,1279.59625,0.39950,0.65471
2019.01.21 09:55,-1,1277.76800,1278.22229,1276.63229,0.45429,0.62671
2019.01.21 11:40,-1,1278.44500,1278.85121,1277.42946,0.40621,0.63989
2019.01.22 13:10,-1,1281.93500,1282.35036,1280.89661,0.41536,0.53518
2019.01.22 14:40,-1,1281.63500,1282.30993,1279.94768,0.67493,0.50662
2019.01.22 16:40,1,1282.82800,1282.24471,1284.28621,0.58329,0.60996
2019.01.22 18:25,1,1284.32800,1283.76600,1285.73300,0.56200,0.58555
2019.01.22 19:55,1,1284.81500,1284.22836,1286.28161,0.58664,0.59362
2019.01.23 13:10,-1,1281.69500,1281.97736,1280.98911,0.28236,0.52711
2019.01.25 13:10,1,1284.66800,1284.23907,1285.74032,0.42893,0.64163
2019.01.25 14:40,1,1293.77500,1292.61629,1296.67179,1.15871,0.57920
2019.01.25 20:25,1,1298.74500,1298.14786,1300.23786,0.59714,0.53277
2019.01.29 01:10,1,1302.87500,1302.49764,1303.81839,0.37736,0.51615
2019.01.29 04:55,1,1303.93800,1303.75807,1304.38782,0.17993,0.68717
2019.01.29 06:25,1,1305.15800,1304.67721,1306.35996,0.48079,0.63501
2019.01.29 07:55,1,1308.02500,1307.50993,1309.31268,0.51507,0.58697
2019.01.29 09:40,1,1307.92800,1307.31307,1309.46532,0.61493,0.54768
2019.01.29 11:10,1,1307.43800,1307.02507,1308.47032,0.41293,0.59504
2019.01.29 14:10,1,1308.59500,1307.75150,1310.70375,0.84350,0.51730
2019.01.30 01:25,1,1312.91500,1312.48750,1313.98375,0.42750,0.64692
2019.01.30 02:55,1,1313.65800,1313.15250,1314.92175,0.50550,0.59884
2019.01.30 05:25,1,1314.15500,1313.85193,1314.91268,0.30307,0.57787
2019.01.30 07:25,1,1314.81500,1314.21986,1316.30286,0.59514,0.56041
2019.01.30 16:10,1,1311.22500,1310.60014,1312.78714,0.62486,0.56083
2019.01.30 17:55,1,1311.48500,1311.03786,1312.60286,0.44714,0.61984
2019.02.01 02:25,-1,1317.88500,1318.48479,1316.38554,0.59979,0.51338
2019.02.04 02:10,-1,1315.39500,1315.70814,1314.61214,0.31314,0.57423
2019.02.04 09:10,-1,1311.47500,1312.04021,1310.06196,0.56521,0.55562
2019.02.04 10:55,-1,1310.44500,1310.83257,1309.47607,0.38757,0.61191
2019.02.05 02:25,1,1313.61500,1313.25400,1314.51750,0.36100,0.55977
2019.02.06 10:10,-1,1313.72500,1314.13386,1312.70286,0.40886,0.54742
2019.02.06 17:10,-1,1312.23500,1312.79886,1310.82536,0.56386,0.58394
2019.02.06 18:55,-1,1308.60500,1309.30807,1306.84732,0.70307,0.54453
2019.02.07 01:10,-1,1307.24500,1307.72943,1306.03393,0.48443,0.55249
2019.02.07 02:55,-1,1303.78500,1304.23786,1302.65286,0.45286,0.54520
2019.02.11 08:25,-1,1310.40500,1310.87993,1309.21768,0.47493,0.52469
2019.02.12 05:25,1,1308.22500,1308.00007,1308.78732,0.22493,0.52170
2019.02.12 13:40,-1,1312.50500,1313.15471,1310.88071,0.64971,0.51887
2019.02.13 01:10,1,1311.21500,1310.81121,1312.22446,0.40379,0.53702
2019.02.14 10:10,-1,1306.03500,1306.53621,1304.78196,0.50121,0.52750
2019.02.15 08:55,1,1314.34800,1313.82664,1315.65139,0.52136,0.61715
2019.02.15 10:55,1,1318.08800,1317.58400,1319.34800,0.50400,0.52249
2019.02.15 16:55,1,1316.62800,1316.02714,1318.13014,0.60086,0.60129
2019.02.15 18:55,1,1321.46800,1320.86829,1322.96729,0.59971,0.54296
2019.02.18 01:25,1,1324.50500,1323.89807,1326.02232,0.60693,0.55220
2019.02.18 13:10,1,1325.34800,1324.86729,1326.54979,0.48071,0.50778
2019.02.18 15:25,1,1326.32800,1325.87279,1327.46604,0.45521,0.53162
2019.02.19 08:40,1,1328.24800,1327.53664,1330.02639,0.71136,0.51651
2019.02.19 10:55,1,1329.93800,1329.54829,1330.91229,0.38971,0.52648
2019.02.19 13:40,1,1331.71500,1330.93057,1333.67607,0.78443,0.52665
2019.02.19 17:10,1,1338.84800,1338.09693,1340.72568,0.75107,0.53930
2019.02.19 19:40,1,1339.41500,1338.88464,1340.74089,0.53036,0.57291
2019.02.20 01:40,1,1344.50500,1343.92100,1345.96500,0.58400,0.68265
2019.02.21 08:25,-1,1336.63500,1337.27271,1335.04071,0.63771,0.56568
2019.02.21 09:55,-1,1333.75500,1334.56786,1331.72286,0.81286,0.52208
2019.02.21 11:25,-1,1334.92800,1335.41886,1333.70086,0.49086,0.52938
2019.02.25 01:25,1,1329.52500,1328.94929,1330.96429,0.57571,0.61833
2019.02.25 02:55,1,1330.87500,1330.41479,1332.02554,0.46021,0.56413
2019.02.26 04:10,-1,1329.34800,1329.66121,1328.56496,0.31321,0.63050
2019.02.26 05:40,-1,1328.36500,1328.64014,1327.67714,0.27514,0.64964
2019.02.26 07:25,-1,1325.28500,1325.79207,1324.01732,0.50707,0.63937
2019.02.28 04:40,1,1318.76500,1318.57500,1319.24000,0.19000,0.50447
2019.02.28 06:55,1,1319.31500,1318.94764,1320.23339,0.36736,0.52463
2019.02.28 13:25,-1,1322.28800,1322.91800,1320.71300,0.63000,0.60244
2019.02.28 14:55,-1,1317.52500,1318.75107,1314.45982,1.22607,0.55551
2019.03.01 05:10,-1,1312.72500,1312.95793,1312.14268,0.23293,0.57528
2019.03.01 06:40,-1,1310.15800,1310.59450,1309.06675,0.43650,0.60606
2019.03.01 10:40,-1,1308.65800,1309.28243,1307.09693,0.62443,0.54158
2019.03.01 14:10,-1,1304.30000,1305.26543,1301.88643,0.96543,0.51032
2019.03.01 16:40,-1,1301.92500,1302.87193,1299.55768,0.94693,0.59457
2019.03.01 18:10,-1,1299.15800,1300.21864,1296.50639,1.06064,0.58103
2019.03.01 19:40,-1,1293.29800,1294.42229,1290.48729,1.12429,0.55463
2019.03.04 05:10,-1,1295.81500,1296.01571,1295.31321,0.20071,0.53621
2019.03.04 08:10,-1,1290.59500,1291.21143,1289.05393,0.61643,0.58851
2019.03.04 10:10,-1,1287.61500,1288.24214,1286.04714,0.62714,0.64792
2019.03.04 11:40,-1,1285.08500,1285.41714,1284.25464,0.33214,0.60087
2019.03.06 08:10,-1,1288.00800,1288.50707,1286.76032,0.49907,0.60081
2019.03.06 10:40,-1,1285.07800,1285.56186,1283.86836,0.48386,0.56398
2019.03.08 05:25,1,1289.40800,1289.17200,1289.99800,0.23600,0.54870
2019.03.08 07:25,1,1292.82500,1292.08243,1294.68143,0.74257,0.59365
2019.03.08 13:10,1,1292.48800,1292.00971,1293.68371,0.47829,0.55889
2019.03.08 15:55,1,1298.20800,1297.29907,1300.48032,0.90893,0.52905
2019.03.12 01:40,1,1294.59500,1294.15143,1295.70393,0.44357,0.50568
2019.03.12 10:40,-1,1295.91800,1296.41557,1294.67407,0.49757,0.50645
2019.03.12 16:10,1,1297.70800,1297.18250,1299.02175,0.52550,0.55236
2019.03.12 17:55,1,1298.68800,1298.29029,1299.68229,0.39771,0.51791
2019.03.13 02:10,1,1304.75500,1304.29250,1305.91125,0.46250,0.57249
2019.03.13 08:10,1,1305.43500,1305.04214,1306.41714,0.39286,0.65623
2019.03.13 09:40,1,1307.49800,1306.94114,1308.89014,0.55686,0.58407
2019.03.13 11:10,1,1308.50500,1308.07550,1309.57875,0.42950,0.55170
2019.03.13 16:40,1,1307.66500,1307.14079,1308.97554,0.52421,0.51967
2019.03.14 14:55,-1,1295.03500,1295.81443,1293.08643,0.77943,0.56191
2019.03.18 04:40,1,1299.62800,1299.40157,1300.19407,0.22643,0.57657
2019.03.18 06:25,1,1299.47500,1299.17129,1300.23429,0.30371,0.56786
2019.03.19 01:55,1,1305.84500,1305.45693,1306.81518,0.38807,0.55807
2019.03.19 05:40,-1,1306.57800,1306.84579,1305.90854,0.26779,0.57250
2019.03.19 07:10,-1,1305.42800,1305.93407,1304.16282,0.50607,0.52139
2019.03.19 08:55,1,1306.05800,1305.48779,1307.48354,0.57021,0.63612
2019.03.19 10:25,1,1308.48500,1308.08929,1309.47429,0.39571,0.57508
2019.03.19 11:55,1,1310.52800,1310.09093,1311.62068,0.43707,0.55632
2019.03.20 13:40,-1,1307.09500,1307.84871,1305.21071,0.75371,0.52619
2019.03.20 17:40,1,1302.00800,1301.38929,1303.55479,0.61871,0.52809
2019.03.21 01:55,1,1318.19500,1317.58593,1319.71768,0.60907,0.57656
2019.03.25 01:40,1,1314.62800,1313.91829,1316.40229,0.70971,0.56444
2019.03.25 04:10,1,1316.14800,1315.89471,1316.78121,0.25329,0.51495
2019.03.25 05:40,1,1316.20500,1315.87864,1317.02089,0.32636,0.62162
2019.03.25 08:10,1,1316.69500,1316.12314,1318.12464,0.57186,0.58900
2019.03.25 09:40,1,1317.24500,1316.76486,1318.44536,0.48014,0.54437
2019.03.25 13:25,1,1318.25800,1317.56129,1319.99979,0.69671,0.54665
2019.03.27 09:25,1,1317.17800,1316.62193,1318.56818,0.55607,0.51867
2019.03.27 13:40,-1,1311.78500,1313.14114,1308.39464,1.35614,0.55681
2019.03.27 15:10,-1,1312.62800,1313.63643,1310.10693,1.00843,0.53265
2019.03.28 08:25,-1,1308.40500,1309.03664,1306.82589,0.63164,0.54107
2019.03.28 10:25,-1,1306.49500,1307.06464,1305.07089,0.56964,0.53582
2019.03.28 13:55,-1,1292.59800,1294.27936,1288.39461,1.68136,0.59393
2019.03.28 15:40,-1,1291.31500,1292.23279,1289.02054,0.91779,0.58630
2019.03.29 04:40,-1,1288.73500,1289.08643,1287.85643,0.35143,0.52062
2019.03.29 06:25,-1,1287.99800,1288.51393,1286.70818,0.51593,0.53565
2019.03.29 07:55,-1,1287.66800,1288.34036,1285.98711,0.67236,0.50531
2019.04.01 01:40,-1,1292.18500,1292.92386,1290.33786,0.73886,0.50749
2019.04.01 04:25,-1,1292.86500,1293.13893,1292.18018,0.27393,0.54390
2019.04.01 05:55,-1,1290.72800,1291.06964,1289.87389,0.34164,0.53444
2019.04.01 07:55,-1,1290.04800,1290.55607,1288.77782,0.50807,0.51965
2019.04.04 08:40,-1,1291.21500,1291.61543,1290.21393,0.40043,0.59128
2019.04.04 10:55,-1,1291.08500,1291.50086,1290.04536,0.41586,0.57777
2019.04.04 14:25,-1,1284.78800,1285.76186,1282.35336,0.97386,0.58725
2019.04.05 08:25,-1,1288.91500,1289.51679,1287.41054,0.60179,0.50420
2019.04.05 09:55,-1,1289.73800,1290.23743,1288.48943,0.49943,0.56031
2019.04.05 11:25,-1,1288.94500,1289.40314,1287.79964,0.45814,0.52594
2019.04.08 01:25,1,1295.00500,1294.41357,1296.48357,0.59143,0.51626
2019.04.08 04:25,1,1296.38500,1296.09629,1297.10679,0.28871,0.55937
2019.04.08 05:55,1,1296.30800,1295.97336,1297.14461,0.33464,0.63619
2019.04.08 08:25,1,1297.28800,1296.86750,1298.33925,0.42050,0.65835
2019.04.08 10:25,1,1297.42800,1297.02114,1298.44514,0.40686,0.63537
2019.04.08 11:55,1,1301.90500,1301.45793,1303.02268,0.44707,0.51827
2019.04.09 15:25,1,1304.89500,1304.31064,1306.35589,0.58436,0.55721
2019.04.10 02:25,-1,1301.49800,1301.89879,1300.49604,0.40079,0.55946
2019.04.11 14:55,-1,1295.57500,1296.51186,1293.23286,0.93686,0.58657
2019.04.11 16:40,-1,1293.08500,1293.79257,1291.31607,0.70757,0.62355
2019.04.11 19:25,-1,1291.68500,1292.20471,1290.38571,0.51971,0.57574
2019.04.12 10:25,-1,1294.02500,1294.69829,1292.34179,0.67329,0.55648
2019.04.12 11:55,-1,1291.74500,1292.34543,1290.24393,0.60043,0.50499
2019.04.15 01:25,-1,1288.13500,1288.76736,1286.55411,0.63236,0.56838
2019.04.15 02:55,-1,1289.06800,1289.49536,1287.99961,0.42736,0.65381
2019.04.15 05:40,-1,1288.22500,1288.57757,1287.34357,0.35257,0.62024
2019.04.15 07:10,-1,1287.59500,1288.08664,1286.36589,0.49164,0.62717
2019.04.15 08:40,-1,1286.39500,1286.89479,1285.14554,0.49979,0.71386
2019.04.15 10:10,-1,1285.88500,1286.39421,1284.61196,0.50921,0.61266
2019.04.15 11:40,-1,1285.08500,1285.60686,1283.78036,0.52186,0.66170
2019.04.16 01:10,-1,1285.76800,1286.23800,1284.59300,0.47000,0.50879
2019.04.16 02:55,-1,1285.32800,1285.75157,1284.26907,0.42357,0.54333
2019.04.16 06:55,-1,1286.70800,1287.26529,1285.31479,0.55729,0.50833
2019.04.16 07:10,-1,1285.60500,1286.21514,1284.07964,0.61014,0.50376
2019.04.16 13:55,-1,1273.96800,1275.45536,1270.24961,1.48736,0.57691
2019.04.16 15:55,-1,1274.62500,1275.29200,1272.95750,0.66700,0.65002
2019.04.17 08:25,-1,1277.49500,1278.02114,1276.17964,0.52614,0.58953
2019.04.17 11:25,-1,1275.74500,1276.20379,1274.59804,0.45879,0.59899
2019.04.18 01:10,-1,1273.45500,1273.87129,1272.41429,0.41629,0.61584
2019.04.18 02:55,-1,1272.46800,1272.79293,1271.65568,0.32493,0.58939
2019.04.18 13:40,-1,1276.49800,1277.37029,1274.31729,0.87229,0.50024
2019.04.18 15:25,-1,1273.97500,1274.60136,1272.40911,0.62636,0.57706
2019.04.22 01:40,1,1277.52500,1277.10529,1278.57429,0.41971,0.52734
2019.04.23 08:25,-1,1274.32800,1274.75200,1273.26800,0.42400,0.68043
2019.04.23 10:55,-1,1271.51500,1271.80743,1270.78393,0.29243,0.65044
2019.04.25 01:40,1,1274.32500,1273.81629,1275.59679,0.50871,0.51033
2019.04.26 14:10,1,1285.57800,1284.47221,1288.34246,1.10579,0.56788
2019.04.29 05:55,-1,1284.77800,1285.04671,1284.10621,0.26871,0.56177
2019.05.01 17:10,-1,1282.16800,1282.70957,1280.81407,0.54157,0.68130
2019.05.01 19:55,-1,1275.74800,1276.96571,1272.70371,1.21771,0.60655
2019.05.02 01:10,-1,1275.44500,1275.87329,1274.37429,0.42829,0.58631
2019.05.02 04:55,-1,1274.20800,1274.51079,1273.45104,0.30279,0.62632
2019.05.02 07:40,-1,1271.49500,1272.01636,1270.19161,0.52136,0.64057
2019.05.02 09:40,-1,1271.44800,1271.85221,1270.43746,0.40421,0.50946
2019.05.03 02:25,-1,1271.42800,1271.81700,1270.45550,0.38900,0.51900
2019.05.03 10:10,-1,1270.67500,1271.02900,1269.79000,0.35400,0.52827
2019.05.03 11:55,-1,1276.35800,1276.79057,1275.27657,0.43257,0.51131
2019.05.03 14:40,1,1280.79500,1279.58021,1283.83196,1.21479,0.53335
2019.05.06 22:40,1,1281.42800,1281.17121,1282.06996,0.25679,0.51429
2019.05.07 13:10,1,1281.84500,1280.97107,1284.02982,0.87393,0.51649
2019.05.08 01:25,1,1285.79500,1285.35000,1286.90750,0.44500,0.56314
2019.05.08 02:55,1,1286.26800,1285.89650,1287.19675,0.37150,0.53073
2019.05.08 08:25,1,1286.59500,1286.07764,1287.88839,0.51736,0.66196
2019.05.08 10:10,1,1287.85500,1287.40979,1288.96804,0.44521,0.60087
2019.05.08 11:55,1,1287.94500,1287.32557,1289.49357,0.61943,0.52934
2019.05.09 05:25,1,1281.18800,1280.86993,1281.98318,0.31807,0.60229
2019.05.09 07:40,1,1284.40800,1283.83807,1285.83282,0.56993,0.58469
2019.05.09 09:10,-1,1284.34500,1284.79936,1283.20911,0.45436,0.53798
2019.05.09 11:25,-1,1282.99800,1283.47107,1281.81532,0.47307,0.50971
2019.05.13 13:10,1,1297.88500,1296.17314,1302.16464,1.71186,0.50237
2019.05.13 14:40,1,1298.34800,1296.96950,1301.79425,1.37850,0.55577
2019.05.13 20:25,1,1299.57800,1299.29071,1300.29621,0.28729,0.54664
2019.05.16 04:40,1,1296.07500,1295.90914,1296.48964,0.16586,0.57749
2019.05.16 06:25,1,1296.75500,1296.39071,1297.66571,0.36429,0.54633
2019.05.16 07:55,1,1297.03500,1296.57214,1298.19214,0.46286,0.57086
2019.05.16 09:55,-1,1294.41800,1295.01943,1292.91443,0.60143,0.55040
2019.05.16 11:55,-1,1292.33500,1292.71586,1291.38286,0.38086,0.53981
2019.05.16 14:25,-1,1290.92500,1291.69064,1289.01089,0.76564,0.57141
2019.05.16 15:55,-1,1285.63800,1286.56207,1283.32782,0.92407,0.53245
2019.05.17 13:55,-1,1279.07500,1280.11521,1276.47446,1.04021,0.68174
2019.05.17 15:25,-1,1275.95500,1276.81357,1273.80857,0.85857,0.62172
2019.05.21 08:40,-1,1275.17800,1275.53514,1274.28514,0.35714,0.69579
2019.05.21 10:40,-1,1275.17500,1275.45286,1274.48036,0.27786,0.69985
2019.05.23 13:10,1,1279.39800,1278.01179,1282.86354,1.38621,0.50471
2019.05.23 14:40,1,1284.97800,1283.72236,1288.11711,1.25564,0.53260
2019.05.28 02:25,-1,1283.27500,1283.69771,1282.21821,0.42271,0.54057
2019.05.28 15:55,-1,1278.59800,1279.31600,1276.80300,0.71800,0.51844
2019.05.30 10:55,-1,1276.88500,1277.22450,1276.03625,0.33950,0.51066
2019.05.30 20:55,1,1288.16800,1287.88407,1288.87782,0.28393,0.57566
2019.05.31 01:55,1,1290.99500,1290.44629,1292.36679,0.54871,0.55847
2019.05.31 04:25,1,1291.87500,1291.53579,1292.72304,0.33921,0.52358
2019.05.31 06:10,1,1292.37500,1291.83679,1293.72054,0.53821,0.56440
2019.05.31 08:25,1,1294.37800,1293.92093,1295.52068,0.45707,0.56031
2019.05.31 11:25,1,1296.07500,1295.45771,1297.61821,0.61729,0.51477
2019.05.31 17:10,1,1304.32800,1303.63457,1306.06157,0.69343,0.54041
2019.05.31 18:40,1,1306.43800,1305.58550,1308.56925,0.85250,0.58700
2019.06.03 01:10,1,1309.26800,1308.64543,1310.82443,0.62257,0.56269
2019.06.03 04:25,1,1311.50500,1311.21379,1312.23304,0.29121,0.56635
2019.06.03 06:25,1,1310.35500,1309.81336,1311.70911,0.54164,0.60275
2019.06.03 09:10,1,1314.02800,1313.51443,1315.31193,0.51357,0.53455
2019.06.03 11:40,1,1316.95500,1316.30357,1318.58357,0.65143,0.52909
2019.06.03 16:55,1,1320.79800,1320.16679,1322.37604,0.63121,0.53257
2019.06.03 18:40,1,1325.09800,1324.05900,1327.69550,1.03900,0.53122
2019.06.04 04:25,1,1322.41500,1321.96921,1323.52946,0.44579,0.61869
2019.06.04 05:55,1,1325.80800,1325.30693,1327.06068,0.50107,0.63608
2019.06.04 07:25,1,1327.85500,1327.09171,1329.76321,0.76329,0.62577
2019.06.05 04:25,1,1325.69800,1325.45250,1326.31175,0.24550,0.58050
2019.06.05 06:40,1,1333.15500,1332.23107,1335.46482,0.92393,0.51709
2019.06.07 13:55,1,1343.52500,1341.66893,1348.16518,1.85607,0.51326
2019.06.07 15:40,1,1341.42500,1340.15679,1344.59554,1.26821,0.52095
2019.06.10 05:55,-1,1327.39800,1327.83593,1326.30318,0.43793,0.53760
2019.06.10 07:25,-1,1327.30500,1328.07614,1325.37714,0.77114,0.52613
2019.06.11 04:40,-1,1328.45500,1328.75307,1327.70982,0.29807,0.55569
2019.06.11 06:10,-1,1328.11800,1328.48736,1327.19461,0.36936,0.58440
2019.06.11 07:40,-1,1322.58500,1323.38121,1320.59446,0.79621,0.55243
2019.06.11 09:10,-1,1322.13500,1322.75129,1320.59429,0.61629,0.50040
2019.06.11 11:40,-1,1320.55500,1320.95779,1319.54804,0.40279,0.51491
2019.06.12 01:25,1,1327.48500,1326.91450,1328.91125,0.57050,0.54118
2019.06.12 04:40,1,1332.18800,1331.91721,1332.86496,0.27079,0.51637
2019.06.12 07:40,1,1337.06800,1336.39329,1338.75479,0.67471,0.53093
2019.06.13 16:55,1,1339.69800,1339.10829,1341.17229,0.58971,0.62410
2019.06.13 19:10,1,1340.83800,1340.22086,1342.38086,0.61714,0.62489
2019.06.13 20:55,1,1342.70800,1342.33000,1343.65300,0.37800,0.60627
2019.06.14 01:40,1,1343.36800,1342.71486,1345.00086,0.65314,0.58156
2019.06.14 04:10,1,1345.54800,1345.13271,1346.58621,0.41529,0.58885
2019.06.14 05:40,1,1346.05500,1345.59764,1347.19839,0.45736,0.62681
2019.06.14 07:55,1,1355.12800,1353.97050,1358.02175,1.15750,0.52690
2019.06.17 01:55,1,1340.01500,1338.87007,1342.87732,1.14493,0.54112
2019.06.17 04:40,-1,1341.17500,1341.48779,1340.39304,0.31279,0.57243
2019.06.17 06:25,-1,1339.15500,1340.05600,1336.90250,0.90100,0.60016
2019.06.17 07:55,-1,1334.98500,1335.99121,1332.46946,1.00621,0.56015
2019.06.18 09:40,1,1346.18800,1345.38364,1348.19889,0.80436,0.57544
2019.06.18 11:10,1,1347.94800,1347.15000,1349.94300,0.79800,0.51538
2019.06.19 16:10,1,1345.54800,1344.94457,1347.05657,0.60343,0.60822
2019.06.19 17:40,1,1345.25800,1344.63786,1346.80836,0.62014,0.58992
2019.06.19 19:10,1,1352.51800,1349.59121,1359.83496,2.92679,0.57666
2019.06.19 22:55,1,1386.43800,1385.78057,1388.08157,0.65743,0.61352
2019.06.20 02:40,1,1379.30500,1378.12900,1382.24500,1.17600,0.57554
2019.06.21 01:25,1,1395.70500,1394.59393,1398.48268,1.11107,0.58241
2019.06.21 02:55,1,1405.68500,1402.85400,1412.76250,2.83100,0.53480
2019.06.21 07:40,-1,1384.55800,1386.61321,1379.41996,2.05521,0.50069
2019.06.21 10:25,1,1397.63800,1396.48450,1400.52175,1.15350,0.50200
2019.06.21 18:55,1,1398.17800,1397.50900,1399.85050,0.66900,0.50275
2019.06.21 20:40,1,1398.74500,1398.21964,1400.05839,0.52536,0.51165
2019.06.24 13:10,1,1406.55500,1405.27643,1409.75143,1.27857,0.56644
2019.06.24 14:55,1,1409.20500,1408.07814,1412.02214,1.12686,0.54650
2019.06.24 16:40,1,1414.64800,1413.60036,1417.26711,1.04764,0.59711
2019.06.24 18:10,1,1415.39800,1414.67493,1417.20568,0.72307,0.63771
2019.06.24 20:55,1,1418.56500,1417.62714,1420.90964,0.93786,0.60522
2019.06.25 01:40,1,1425.83800,1423.95664,1430.54139,1.88136,0.54798
2019.06.28 02:55,1,1419.53800,1418.23029,1422.80729,1.30771,0.55856
2019.07.01 08:55,1,1390.04800,1389.24793,1392.04818,0.80007,0.50744
2019.07.02 17:55,1,1405.36800,1404.31636,1407.99711,1.05164,0.56971
2019.07.02 20:25,1,1418.27500,1417.30414,1420.70214,0.97086,0.58318
2019.07.02 22:55,1,1433.11500,1429.18914,1442.92964,3.92586,0.54635
2019.07.05 14:10,-1,1389.99500,1392.84071,1382.88071,2.84571,0.56934
2019.07.05 15:55,-1,1397.25500,1399.53993,1391.54268,2.28493,0.56799
2019.07.10 17:40,1,1413.15500,1412.10821,1415.77196,1.04679,0.54904
2019.07.10 20:40,1,1417.58800,1416.75621,1419.66746,0.83179,0.52196
2019.07.11 02:10,1,1423.11500,1422.11457,1425.61607,1.00043,0.55719
2019.07.16 14:10,-1,1410.41500,1412.06479,1406.29054,1.64979,0.54257
2019.07.16 15:40,-1,1408.37500,1409.24636,1406.19661,0.87136,0.55785
2019.07.17 14:10,1,1414.20800,1412.89136,1417.49961,1.31664,0.53474
2019.07.17 17:10,1,1421.86800,1420.93993,1424.18818,0.92807,0.58806
2019.07.17 19:10,1,1423.29800,1422.45229,1425.41229,0.84571,0.59802
2019.07.18 17:10,1,1426.81800,1425.95921,1428.96496,0.85879,0.68198
2019.07.18 18:40,1,1435.31800,1433.75157,1439.23407,1.56643,0.55657
2019.07.23 01:10,-1,1416.35500,1417.33336,1413.90911,0.97836,0.57176
2019.07.23 02:40,-1,1418.38800,1419.10257,1416.60157,0.71457,0.59645
2019.07.23 16:10,-1,1420.90800,1422.16529,1417.76479,1.25729,0.51401
2019.07.23 18:55,-1,1418.25500,1419.00121,1416.38946,0.74621,0.52225
2019.07.24 01:25,1,1420.54500,1419.82986,1422.33286,0.71514,0.50648
2019.07.24 02:55,1,1420.84500,1420.34600,1422.09250,0.49900,0.52027
2019.07.25 08:10,1,1425.71500,1425.03314,1427.41964,0.68186,0.50327
2019.07.25 09:40,1,1426.25800,1425.63343,1427.81943,0.62457,0.54719
2019.07.25 11:10,1,1426.42800,1425.89400,1427.76300,0.53400,0.60334
2019.07.29 17:10,1,1421.04800,1420.48479,1422.45604,0.56321,0.60380
2019.07.29 19:55,1,1426.20800,1425.00729,1429.20979,1.20071,0.51886
2019.07.30 08:25,1,1426.66800,1426.14650,1427.97175,0.52150,0.55383
2019.07.30 16:25,1,1427.89500,1427.30764,1429.36339,0.58736,0.59209
2019.07.30 18:25,1,1430.28500,1429.37743,1432.55393,0.90757,0.58205
2019.07.30 19:55,1,1430.75800,1430.27521,1431.96496,0.48279,0.60287
2019.07.31 04:40,1,1428.72500,1428.45500,1429.40000,0.27000,0.54314
2019.07.31 16:10,-1,1424.70500,1425.33829,1423.12179,0.63329,0.51290
2019.08.01 09:40,-1,1406.49500,1407.05471,1405.09571,0.55971,0.52130
2019.08.01 11:25,-1,1405.68500,1406.39007,1403.92232,0.70507,0.51844
2019.08.01 17:10,1,1417.92500,1416.73714,1420.89464,1.18786,0.54396
2019.08.01 19:55,1,1442.94800,1440.40993,1449.29318,2.53807,0.50673
2019.08.05 01:10,1,1444.41500,1443.44414,1446.84214,0.97086,0.62331
2019.08.05 04:25,1,1452.59500,1451.55264,1455.20089,1.04236,0.61788
2019.08.05 05:55,1,1454.05800,1452.98921,1456.72996,1.06879,0.59331
2019.08.05 07:55,1,1458.09500,1457.01029,1460.80679,1.08471,0.58935
2019.08.05 09:40,1,1457.28800,1456.20014,1460.00764,1.08786,0.60851
2019.08.05 11:55,1,1463.78500,1462.50357,1466.98857,1.28143,0.58276
2019.08.05 14:55,1,1457.01800,1455.23350,1461.47925,1.78450,0.56433
2019.08.05 20:40,1,1463.69000,1462.54814,1466.54464,1.14186,0.61751
2019.08.06 20:55,1,1476.37500,1475.67907,1478.11482,0.69593,0.64273
2019.08.07 02:55,1,1486.07800,1484.31021,1490.49746,1.76779,0.56809
2019.08.07 09:25,1,1488.02500,1486.97093,1490.66018,1.05407,0.63939
2019.08.07 10:55,1,1490.15800,1489.23329,1492.46979,0.92471,0.63005
2019.08.07 13:25,1,1498.22500,1496.09264,1503.55589,2.13236,0.55066
2019.08.07 15:25,1,1507.33500,1504.74550,1513.80875,2.58950,0.55718
2019.08.12 05:25,-1,1497.10500,1497.50436,1496.10661,0.39936,0.54271
2019.08.12 07:10,-1,1488.32800,1489.43707,1485.55532,1.10907,0.50902
2019.08.12 17:10,1,1506.01500,1505.18921,1508.07946,0.82579,0.55882
2019.08.12 18:55,1,1510.89500,1508.92379,1515.82304,1.97121,0.50939
2019.08.13 05:10,1,1515.88500,1515.38664,1517.13089,0.49836,0.61394
2019.08.13 06:55,1,1521.99500,1520.51700,1525.69000,1.47800,0.54960
2019.08.14 09:25,1,1500.72500,1499.81943,1502.98893,0.90557,0.54819
2019.08.19 08:10,-1,1500.15500,1501.28257,1497.33607,1.12757,0.55362
2019.08.19 09:55,-1,1498.93500,1500.24021,1495.67196,1.30521,0.53556
2019.08.19 11:25,-1,1495.69800,1496.79986,1492.94336,1.10186,0.54747
2019.08.19 17:10,-1,1501.21500,1501.87129,1499.57429,0.65629,0.51338
2019.08.22 08:10,-1,1498.36500,1499.40421,1495.76696,1.03921,0.57761
2019.08.22 09:55,-1,1497.55500,1498.21593,1495.90268,0.66093,0.58611
2019.08.22 11:25,-1,1494.17500,1495.05364,1491.97839,0.87864,0.56680
2019.08.23 13:40,1,1506.00800,1504.51214,1509.74764,1.49586,0.58354
2019.08.28 08:55,1,1540.69500,1539.33500,1544.09500,1.36000,0.60049
2019.08.28 11:10,1,1543.90500,1543.22386,1545.60786,0.68114,0.67171
2019.08.29 16:10,-1,1532.33500,1533.77357,1528.73857,1.43857,0.50286
2019.09.03 05:00,1,1524.98800,1524.57443,1526.02193,0.41357,0.59078
2019.09.03 07:30,1,1528.74800,1527.50829,1531.84729,1.23971,0.53544
2019.09.03 13:00,1,1537.04500,1535.55421,1540.77196,1.49079,0.62570
2019.09.03 15:30,1,1548.04800,1545.88393,1553.45818,2.16407,0.59804
2019.09.04 16:45,1,1547.47800,1546.63293,1549.59068,0.84507,0.72838
2019.09.04 19:15,1,1553.04800,1551.90986,1555.89336,1.13814,0.71799
2019.09.05 13:00,-1,1536.85500,1538.81336,1531.95911,1.95836,0.55986
2019.09.09 13:00,-1,1511.43800,1512.86779,1507.86354,1.42979,0.58819
2019.09.09 15:45,-1,1500.39500,1502.43836,1495.28661,2.04336,0.50566
2019.09.09 22:45,-1,1493.12500,1493.75179,1491.55804,0.62679,0.53368
2019.09.10 16:00,-1,1495.05500,1496.48379,1491.48304,1.42879,0.53010
2019.09.10 17:45,-1,1492.82500,1493.97143,1489.95893,1.14643,0.53225
2019.09.12 04:00,1,1494.08500,1493.35107,1495.91982,0.73393,0.62431
2019.09.12 06:30,1,1496.92500,1495.95307,1499.35482,0.97193,0.62162
2019.09.12 08:30,1,1505.03800,1504.10679,1507.36604,0.93121,0.56282
2019.09.12 10:00,1,1503.27500,1502.58100,1505.01000,0.69400,0.56511
2019.09.12 11:30,1,1504.31500,1503.60786,1506.08286,0.70714,0.57749
2019.09.13 04:30,1,1497.90800,1497.50343,1498.91943,0.40457,0.54946
2019.09.13 14:15,-1,1496.64500,1498.22329,1492.69929,1.57829,0.52690
2019.09.16 16:30,-1,1504.32500,1505.63807,1501.04232,1.31307,0.53278
2019.09.16 18:00,-1,1502.48500,1503.49379,1499.96304,1.00879,0.52246
2019.09.16 19:30,-1,1499.18500,1500.20386,1496.63786,1.01886,0.50031
2019.09.18 14:00,1,1505.19500,1504.10871,1507.91071,1.08629,0.51280
2019.09.18 16:45,-1,1508.48500,1509.62050,1505.64625,1.13550,0.54987
2019.09.20 16:45,1,1503.25500,1502.67079,1504.71554,0.58421,0.61294
2019.09.20 19:15,1,1515.75800,1514.46829,1518.98229,1.28971,0.56739
2019.09.23 13:00,1,1519.66800,1518.39750,1522.84425,1.27050,0.50036
2019.09.23 14:30,1,1523.12800,1521.38279,1527.49104,1.74521,0.54818
2019.09.24 13:00,1,1518.29800,1517.37714,1520.60014,0.92086,0.57782
2019.09.24 14:30,1,1522.74500,1520.70236,1527.85161,2.04264,0.53109
2019.09.24 16:00,1,1527.18500,1525.81500,1530.61000,1.37000,0.59995
2019.09.24 17:45,1,1531.35500,1529.72436,1535.43161,1.63064,0.62751
2019.09.24 19:45,1,1532.64800,1531.02379,1536.70854,1.62421,0.55944
2019.09.27 04:45,-1,1506.69500,1507.08571,1505.71821,0.39071,0.61117
2019.09.27 06:15,-1,1504.31800,1504.87250,1502.93175,0.55450,0.59201
2019.09.27 08:30,-1,1498.56500,1499.33736,1496.63411,0.77236,0.61291
2019.09.27 11:30,-1,1494.23500,1495.25879,1491.67554,1.02379,0.50431
2019.09.30 01:00,-1,1494.71800,1495.63964,1492.41389,0.92164,0.58631
2019.09.30 02:45,-1,1491.92500,1492.66357,1490.07857,0.73857,0.58744
2019.09.30 08:00,-1,1489.59500,1490.81136,1486.55411,1.21636,0.51013
2019.09.30 11:15,-1,1486.94500,1487.69936,1485.05911,0.75436,0.58358
2019.09.30 13:45,-1,1485.98500,1487.59500,1481.96000,1.61000,0.52141
2019.10.01 01:00,-1,1471.15500,1472.00729,1469.02429,0.85229,0.60552
2019.10.01 02:30,-1,1466.68800,1467.41629,1464.86729,0.72829,0.57499
2019.10.01 05:15,-1,1464.36500,1464.96079,1462.87554,0.59579,0.60804
2019.10.01 07:00,-1,1462.77500,1463.83250,1460.13125,1.05750,0.53298
2019.10.02 14:15,1,1493.07500,1490.70693,1498.99518,2.36807,0.50093
2019.10.03 13:00,1,1500.09500,1498.39286,1504.35036,1.70214,0.52702
2019.10.08 05:30,1,1491.59500,1491.17679,1492.64054,0.41821,0.54414
2019.10.08 07:15,1,1492.54500,1491.56236,1495.00161,0.98264,0.56169
2019.10.08 14:30,-1,1505.07500,1506.47657,1501.57107,1.40157,0.51308
2019.10.09 08:00,-1,1507.06500,1508.38450,1503.76625,1.31950,0.53243
2019.10.09 13:30,1,1506.69500,1505.37893,1509.98518,1.31607,0.51667
2019.10.11 08:00,-1,1502.54800,1503.69679,1499.67604,1.14879,0.58903
2019.10.11 09:30,-1,1494.72500,1495.66771,1492.36821,0.94271,0.64995
2019.10.11 11:15,-1,1492.10800,1493.28014,1489.17764,1.17214,0.62536
2019.10.11 18:00,-1,1484.56500,1485.95786,1481.08286,1.39286,0.51645
2019.10.14 04:45,-1,1486.69800,1487.09600,1485.70300,0.39800,0.51180
2019.10.15 13:00,-1,1488.42500,1489.63257,1485.40607,1.20757,0.60090
2019.10.15 15:30,-1,1481.74500,1483.69579,1476.86804,1.95079,0.56334
2019.10.15 22:00,-1,1481.20500,1481.63757,1480.12357,0.43257,0.51774
2019.10.16 05:15,-1,1484.13800,1484.47307,1483.30032,0.33507,0.50086
2019.10.16 08:15,-1,1483.81800,1485.01693,1480.82068,1.19893,0.54172
2019.10.16 17:15,-1,1490.38800,1491.15629,1488.46729,0.76829,0.50854
2019.10.17 14:15,1,1490.81500,1489.35593,1494.46268,1.45907,0.55025
2019.10.17 15:45,1,1496.33800,1494.98350,1499.72425,1.35450,0.50525
2019.10.17 17:45,-1,1495.30800,1496.12121,1493.27496,0.81321,0.51103
2019.10.21 14:15,-1,1490.74800,1491.97286,1487.68586,1.22486,0.52618
2019.10.22 14:30,-1,1485.12800,1486.25843,1482.30193,1.13043,0.53180
2019.10.24 06:15,-1,1491.99800,1492.50686,1490.72586,0.50886,0.50900
2019.10.24 07:45,-1,1489.80800,1490.93414,1486.99264,1.12614,0.51993
2019.10.24 13:00,1,1494.36800,1493.21950,1497.23925,1.14850,0.58656
2019.10.24 14:45,1,1502.50500,1500.93550,1506.42875,1.56950,0.57326
2019.10.25 04:00,1,1502.34800,1502.00393,1503.20818,0.34407,0.61851
2019.10.25 06:45,1,1504.79500,1503.98264,1506.82589,0.81236,0.65750
2019.10.25 08:15,1,1504.50800,1503.73493,1506.44068,0.77307,0.55426
2019.10.25 09:45,1,1504.66800,1503.89750,1506.59425,0.77050,0.50372
2019.10.25 14:15,-1,1511.50500,1512.92379,1507.95804,1.41879,0.50180
2019.10.28 13:15,-1,1498.74800,1500.09979,1495.36854,1.35179,0.65798
2019.10.28 15:15,-1,1491.48500,1492.89571,1487.95821,1.41071,0.62370
2019.10.29 08:15,-1,1494.03800,1494.78964,1492.15889,0.75164,0.65785
2019.10.29 10:00,-1,1493.26500,1493.84250,1491.82125,0.57750,0.72002
2019.10.29 11:45,-1,1489.43800,1490.22779,1487.46354,0.78979,0.60826
2019.10.30 16:00,1,1494.39800,1493.67457,1496.20657,0.72343,0.60656
2019.10.30 17:30,1,1493.72500,1493.20764,1495.01839,0.51736,0.65862
2019.10.30 19:00,1,1491.71500,1488.82264,1498.94589,2.89236,0.55896
2019.10.31 01:15,1,1497.54800,1496.91271,1499.13621,0.63529,0.54331
2019.10.31 04:15,1,1497.32500,1496.84029,1498.53679,0.48471,0.60968
2019.10.31 06:30,1,1497.69800,1497.08679,1499.22604,0.61121,0.61040
2019.10.31 08:30,1,1499.52800,1498.86543,1501.18443,0.66257,0.54459
2019.10.31 11:00,1,1506.58800,1505.86179,1508.40354,0.72621,0.53531
2019.10.31 15:45,1,1509.60500,1508.06350,1513.45875,1.54150,0.50078
2019.11.05 08:30,-1,1504.72800,1505.62614,1502.48264,0.89814,0.54780
2019.11.05 10:00,-1,1505.12500,1505.84621,1503.32196,0.72121,0.54531
2019.11.05 13:15,-1,1496.86500,1498.01886,1493.98036,1.15386,0.61131
2019.11.05 14:45,-1,1494.32800,1495.90557,1490.38407,1.57757,0.57946
2019.11.07 04:15,-1,1491.43500,1491.72936,1490.69911,0.29436,0.55463
2019.11.07 05:45,-1,1490.86500,1491.13007,1490.20232,0.26507,0.56990
2019.11.07 07:15,-1,1485.71500,1486.35907,1484.10482,0.64407,0.51266
2019.11.07 13:15,-1,1484.73500,1485.91350,1481.78875,1.17850,0.56362
2019.11.07 14:45,-1,1484.12800,1485.41107,1480.92032,1.28307,0.60492
2019.11.08 08:45,-1,1470.44800,1471.49514,1467.83014,1.04714,0.65089
2019.11.08 11:00,-1,1465.56800,1466.35350,1463.60425,0.78550,0.64689
2019.11.08 16:30,-1,1465.58800,1466.91557,1462.26907,1.32757,0.61398
2019.11.08 19:00,-1,1462.16800,1462.82914,1460.51514,0.66114,0.64338
2019.11.11 13:00,-1,1461.18500,1461.90943,1459.37393,0.72443,0.56309
2019.11.11 14:45,-1,1459.52500,1460.58036,1456.88661,1.05536,0.55370
2019.11.12 10:45,-1,1454.40500,1455.27000,1452.24250,0.86500,0.50198
2019.11.13 08:15,1,1458.67500,1457.96721,1460.44446,0.70779,0.60637
2019.11.13 10:00,1,1464.67500,1463.53264,1467.53089,1.14236,0.54239
2019.11.13 11:30,1,1465.65500,1464.91579,1467.50304,0.73921,0.57397
2019.11.14 16:30,1,1473.67500,1472.46821,1476.69196,1.20679,0.53959
2019.11.14 18:15,1,1472.50800,1471.85729,1474.13479,0.65071,0.61648
2019.11.14 19:45,1,1471.35500,1470.55686,1473.35036,0.79814,0.57463
2019.11.18 02:30,-1,1466.20500,1466.57350,1465.28375,0.36850,0.52646
2019.11.18 08:00,-1,1461.56800,1462.54279,1459.13104,0.97479,0.50362
2019.11.18 09:30,-1,1459.32500,1460.17021,1457.21196,0.84521,0.52297
2019.11.18 11:15,-1,1459.13500,1459.69264,1457.74089,0.55764,0.54397
2019.11.18 13:45,1,1464.42800,1463.04021,1467.89746,1.38779,0.50653
2019.11.20 05:00,1,1473.96800,1473.74379,1474.52854,0.22421,0.63841
2019.11.20 06:30,1,1475.59500,1474.94871,1477.21071,0.64629,0.65086
2019.11.20 11:00,-1,1476.47500,1477.01300,1475.13000,0.53800,0.52790
2019.11.21 01:15,-1,1474.18500,1474.93314,1472.31464,0.74814,0.50057
2019.11.22 14:15,-1,1468.79500,1469.93643,1465.94143,1.14143,0.56112
2019.11.25 05:00,-1,1461.53500,1461.74971,1460.99821,0.21471,0.62446
2019.11.25 07:30,-1,1458.47500,1458.97593,1457.22268,0.50093,0.58187
2019.11.25 09:45,-1,1459.28500,1459.87121,1457.81946,0.58621,0.58195
2019.11.25 11:15,-1,1457.59800,1458.06393,1456.43318,0.46593,0.54469
2019.11.25 17:15,-1,1457.90500,1458.42157,1456.61357,0.51657,0.56613
2019.11.25 19:00,-1,1455.99500,1456.73550,1454.14375,0.74050,0.60076
2019.11.29 08:25,-1,1457.41500,1458.07057,1455.77607,0.65557,0.52687
2019.11.29 11:25,-1,1456.71500,1457.01264,1455.97089,0.29764,0.51253
2019.11.29 14:25,1,1455.21500,1454.24457,1457.64107,0.97043,0.59148
2019.11.29 16:40,1,1464.24500,1463.11371,1467.07321,1.13129,0.53303
2019.11.29 18:40,1,1463.53800,1462.71400,1465.59800,0.82400,0.56906
2019.12.03 08:15,1,1463.18500,1462.50100,1464.89500,0.68400,0.63539
2019.12.03 10:00,1,1468.77800,1468.09921,1470.47496,0.67879,0.60279
2019.12.03 11:45,1,1470.01800,1469.41264,1471.53139,0.60536,0.63042
2019.12.03 14:15,1,1476.25800,1474.95414,1479.51764,1.30386,0.50480
2019.12.03 15:45,1,1479.16500,1477.26071,1483.92571,1.90429,0.53895
2019.12.04 05:15,1,1479.25500,1478.97779,1479.94804,0.27721,0.62316
2019.12.04 06:45,1,1481.20800,1480.64200,1482.62300,0.56600,0.52543
2019.12.06 13:00,-1,1476.07800,1476.65336,1474.63961,0.57536,0.62932
2019.12.06 14:45,-1,1461.54500,1463.39171,1456.92821,1.84671,0.57275
2019.12.10 08:15,1,1462.90800,1462.28786,1464.45836,0.62014,0.55587
2019.12.10 10:30,1,1464.59500,1464.15264,1465.70089,0.44236,0.53989
2019.12.11 13:00,1,1465.20800,1464.56257,1466.82157,0.64543,0.54261
2019.12.11 15:00,1,1467.44800,1466.60050,1469.56675,0.84750,0.51134
2019.12.11 16:45,1,1471.09800,1470.17679,1473.40104,0.92121,0.62243
2019.12.11 18:45,1,1470.40800,1469.97136,1471.49961,0.43664,0.64384
2019.12.11 21:15,-1,1475.10800,1475.92571,1473.06371,0.81771,0.51371
2019.12.16 04:00,-1,1474.82500,1475.07293,1474.20518,0.24793,0.50557
2019.12.19 04:45,-1,1477.60800,1477.74771,1477.25871,0.13971,0.52803
2019.12.19 07:30,-1,1476.40800,1476.81493,1475.39068,0.40693,0.54215
2019.12.19 13:45,1,1476.27800,1475.49164,1478.24389,0.78636,0.51108
2019.12.19 16:00,1,1476.58800,1475.88071,1478.35621,0.70729,0.59549
2019.12.19 17:30,1,1479.06800,1478.27379,1481.05354,0.79421,0.55878
2019.12.19 19:30,1,1479.85800,1479.25271,1481.37121,0.60529,0.64823
2019.12.23 05:00,1,1480.58500,1480.37429,1481.11179,0.21071,0.62474
2019.12.23 07:45,1,1483.52500,1483.00950,1484.81375,0.51550,0.53251
2019.12.23 16:15,1,1482.83500,1482.25121,1484.29446,0.58379,0.66534
2019.12.23 17:45,1,1483.89800,1483.49650,1484.90175,0.40150,0.66694
2019.12.23 19:30,1,1485.40500,1484.97950,1486.46875,0.42550,0.64556
2019.12.24 01:00,1,1484.64500,1484.36550,1485.34375,0.27950,0.62643
2019.12.24 04:45,1,1488.77800,1488.56900,1489.30050,0.20900,0.61293
2019.12.24 07:30,1,1490.32800,1489.88514,1491.43514,0.44286,0.61814
2019.12.24 14:00,1,1490.79800,1490.18900,1492.32050,0.60900,0.66343
2019.12.24 15:30,1,1497.18800,1495.98971,1500.18371,1.19829,0.54746
2019.12.26 01:30,1,1499.30500,1498.81836,1500.52161,0.48664,0.68021
2019.12.26 13:45,1,1507.74800,1506.77050,1510.19175,0.97750,0.61202
2019.12.26 15:30,1,1512.41800,1511.39964,1514.96389,1.01836,0.55836
2019.12.27 01:45,1,1510.44500,1509.88050,1511.85625,0.56450,0.57455
2019.12.31 01:30,1,1520.12500,1519.44679,1521.82054,0.67821,0.57884
2019.12.31 04:00,1,1523.28500,1522.86521,1524.33446,0.41979,0.52109
2019.12.31 05:30,1,1522.28800,1521.93079,1523.18104,0.35721,0.64886
2019.12.31 07:45,1,1523.79500,1523.25186,1525.15286,0.54314,0.58461
2020.01.02 08:15,1,1519.40500,1518.66879,1521.24554,0.73621,0.56246
2020.01.02 10:30,1,1519.86500,1519.34786,1521.15786,0.51714,0.50421
2020.01.02 13:15,1,1524.20500,1523.61000,1525.69250,0.59500,0.58912
2020.01.02 15:45,1,1529.11500,1527.95043,1532.02643,1.16457,0.57732
2020.01.03 01:30,1,1532.43500,1531.86407,1533.86232,0.57093,0.58498
2020.01.03 04:30,1,1538.68500,1537.99121,1540.41946,0.69379,0.61985
2020.01.03 06:45,1,1541.21800,1540.49521,1543.02496,0.72279,0.62497
2020.01.03 08:45,1,1544.28500,1543.24764,1546.87839,1.03736,0.53048
2020.01.07 04:00,1,1558.93500,1558.38429,1560.31179,0.55071,0.57936
2020.01.07 05:45,1,1562.44500,1561.71257,1564.27607,0.73243,0.51856
2020.01.07 07:45,1,1569.63500,1568.28307,1573.01482,1.35193,0.55163
2020.01.07 09:30,1,1564.65800,1563.56486,1567.39086,1.09314,0.52274
2020.01.07 13:15,1,1566.24500,1565.03693,1569.26518,1.20807,0.50854
2020.01.07 20:45,1,1571.73500,1571.15621,1573.18196,0.57879,0.70721
2020.01.09 04:00,-1,1559.12500,1559.95936,1557.03911,0.83436,0.63529
2020.01.09 05:30,-1,1555.58500,1556.16150,1554.14375,0.57650,0.64561
2020.01.09 07:45,-1,1545.47800,1547.39607,1540.68282,1.91807,0.59923
2020.01.10 20:00,1,1559.17500,1558.71000,1560.33750,0.46500,0.63777
2020.01.10 21:45,1,1558.59800,1558.01593,1560.05318,0.58207,0.59885
2020.01.14 02:15,-1,1538.42500,1539.78671,1535.02071,1.36171,0.55665
2020.01.16 13:00,-1,1556.05800,1556.75243,1554.32193,0.69443,0.52547
2020.01.20 05:15,1,1559.82500,1559.59664,1560.39589,0.22836,0.55139
2020.01.20 07:30,1,1561.86800,1561.39514,1563.05014,0.47286,0.59443
2020.01.21 01:00,1,1561.94800,1561.52607,1563.00282,0.42193,0.57754
2020.01.21 02:45,1,1566.77500,1565.62214,1569.65714,1.15286,0.54040
2020.01.21 05:30,-1,1565.49500,1565.83836,1564.63661,0.34336,0.52105
2020.01.23 13:30,1,1555.19500,1554.26529,1557.51929,0.92971,0.51632
2020.01.24 14:15,1,1560.53500,1559.31864,1563.57589,1.21636,0.66804
2020.01.24 15:45,1,1569.97800,1567.62421,1575.86246,2.35379,0.60432
2020.01.27 08:00,1,1578.40800,1577.33229,1581.09729,1.07571,0.54286
2020.01.27 11:30,1,1583.95800,1583.01543,1586.31443,0.94257,0.51447
2020.01.28 13:15,-1,1574.07800,1575.66779,1570.10354,1.58979,0.56679
2020.01.28 15:00,-1,1572.55500,1573.89664,1569.20089,1.34164,0.58370
2020.01.29 01:15,-1,1566.27500,1567.10643,1564.19643,0.83143,0.54943
2020.01.29 02:45,-1,1564.45500,1565.31650,1562.30125,0.86150,0.53479
2020.01.29 07:30,1,1568.38800,1567.87707,1569.66532,0.51093,0.52631
2020.01.30 05:00,1,1579.40500,1578.97429,1580.48179,0.43071,0.67899
2020.01.30 06:30,1,1577.88500,1577.19350,1579.61375,0.69150,0.65798
2020.01.30 13:00,1,1580.05500,1579.17486,1582.25536,0.88014,0.53651
2020.01.30 15:45,1,1583.57500,1581.52671,1588.69571,2.04829,0.50660
2020.01.31 04:15,1,1572.33800,1571.90179,1573.42854,0.43621,0.55869
2020.01.31 07:00,1,1574.21500,1573.65050,1575.62625,0.56450,0.57966
2020.01.31 14:00,1,1579.14500,1577.68593,1582.79268,1.45907,0.57792
2020.01.31 15:30,1,1584.83500,1582.93550,1589.58375,1.89950,0.55543
2020.01.31 21:15,1,1588.60800,1587.14786,1592.25836,1.46014,0.61234
2020.02.04 13:00,-1,1566.20500,1567.11957,1563.91857,0.91457,0.64822
2020.02.04 15:00,-1,1558.55500,1560.45529,1553.80429,1.90029,0.57613
2020.02.05 08:00,-1,1561.41500,1562.11814,1559.65714,0.70314,0.59783
2020.02.05 11:15,-1,1550.60500,1551.64714,1547.99964,1.04214,0.60023
2020.02.06 08:00,1,1559.80500,1558.86921,1562.14446,0.93579,0.60345
2020.02.06 09:30,1,1562.23500,1561.18693,1564.85518,1.04807,0.57424
2020.02.06 11:30,1,1564.68500,1563.68507,1567.18482,0.99993,0.53400
2020.02.10 01:00,-1,1573.75500,1574.73479,1571.30554,0.97979,0.50730
2020.02.11 13:15,-1,1571.05800,1571.77371,1569.26871,0.71571,0.63351
2020.02.11 14:45,-1,1571.39800,1572.52029,1568.59229,1.12229,0.59052
2020.02.13 01:00,1,1570.34800,1569.27486,1573.03086,1.07314,0.52462
2020.02.13 02:30,1,1570.20800,1569.55364,1571.84389,0.65436,0.53770
2020.02.13 05:15,1,1573.00800,1572.56114,1574.12514,0.44686,0.63094
2020.02.13 07:45,1,1575.24500,1574.32471,1577.54571,0.92029,0.59266
2020.02.14 13:00,1,1575.34800,1574.81800,1576.67300,0.53000,0.58198
2020.02.14 14:30,1,1581.17500,1579.88557,1584.39857,1.28943,0.53374
2020.02.18 02:30,1,1586.54800,1586.00993,1587.89318,0.53807,0.62470
2020.02.18 05:30,1,1586.00800,1585.75186,1586.64836,0.25614,0.65831
2020.02.18 07:00,1,1586.83500,1586.37857,1587.97607,0.45643,0.55677
2020.02.18 13:15,1,1588.68800,1588.02993,1590.33318,0.65807,0.69313
2020.02.18 15:00,1,1592.09800,1590.77921,1595.39496,1.31879,0.64142
2020.02.18 17:45,1,1601.46500,1600.47021,1603.95196,0.99479,0.62647
2020.02.18 19:15,1,1600.07500,1599.41500,1601.72500,0.66000,0.64693
2020.02.19 09:15,1,1607.99500,1607.11886,1610.18536,0.87614,0.57564
2020.02.19 11:45,1,1606.78800,1606.00129,1608.75479,0.78671,0.58065
2020.02.19 20:15,1,1609.24800,1608.20650,1611.85175,1.04150,0.51417
2020.02.19 21:45,1,1608.95500,1608.19243,1610.86143,0.76257,0.52599
2020.02.20 08:15,1,1609.34500,1608.21000,1612.18250,1.13500,0.65482
2020.02.20 10:00,1,1610.10500,1609.27714,1612.17464,0.82786,0.69513
2020.02.20 11:30,1,1614.17500,1613.52379,1615.80304,0.65121,0.61568
2020.02.20 14:30,1,1616.13500,1614.47550,1620.28375,1.65950,0.62034
2020.02.21 01:15,1,1620.97500,1619.99929,1623.41429,0.97571,0.64286
2020.02.21 02:45,1,1624.91500,1623.98193,1627.24768,0.93307,0.57783
2020.02.21 05:15,1,1628.20500,1627.66779,1629.54804,0.53721,0.60166
2020.02.21 06:45,1,1631.29500,1630.26693,1633.86518,1.02807,0.52200
2020.02.21 14:15,1,1640.51800,1638.57086,1645.38586,1.94714,0.60760
2020.02.21 15:45,1,1643.24500,1640.61921,1649.80946,2.62579,0.52006
2020.02.21 21:30,1,1643.44800,1642.66479,1645.40604,0.78321,0.50131
2020.02.24 04:15,1,1660.68800,1659.83221,1662.82746,0.85579,0.55020
2020.02.24 06:00,1,1663.14800,1662.25321,1665.38496,0.89479,0.54368
2020.02.24 10:15,1,1682.17500,1679.55450,1688.72625,2.62050,0.55920
2020.02.24 11:45,1,1680.77500,1679.07021,1685.03696,1.70479,0.59396
2020.02.28 13:00,-1,1621.27500,1624.20114,1613.95964,2.92614,0.50059
2020.02.28 14:30,-1,1617.88500,1620.84700,1610.48000,2.96200,0.52910
2020.03.02 13:15,-1,1597.02800,1599.61636,1590.55711,2.58836,0.51550
2020.03.03 13:00,1,1602.57800,1600.65479,1607.38604,1.92321,0.62293
2020.03.03 14:30,1,1603.82800,1602.26493,1607.73568,1.56307,0.63270
2020.03.05 08:45,1,1639.95500,1638.70514,1643.07964,1.24986,0.58242
2020.03.05 10:30,1,1645.23800,1643.87114,1648.65514,1.36686,0.50413
2020.03.05 13:00,1,1652.20800,1650.33429,1656.89229,1.87371,0.58498
2020.03.05 15:30,1,1659.50800,1656.98657,1665.81157,2.52143,0.57065
2020.03.05 17:15,1,1663.39800,1661.87707,1667.20032,1.52093,0.58341
2020.03.05 19:45,1,1671.67500,1670.28743,1675.14393,1.38757,0.57556
2020.03.05 21:30,1,1669.84800,1668.13050,1674.14175,1.71750,0.60633
2020.03.06 09:15,1,1677.32500,1675.19479,1682.65054,2.13021,0.55266
2020.03.11 13:00,-1,1665.02500,1667.15993,1659.68768,2.13493,0.52604
2020.03.13 01:00,-1,1574.01800,1576.98493,1566.60068,2.96693,0.52667
2020.03.16 09:15,-1,1532.47500,1535.91264,1523.88089,3.43764,0.50706
2020.03.23 13:45,1,1528.34800,1523.79636,1539.72711,4.55164,0.51877
2020.03.23 20:30,1,1554.14800,1551.97393,1559.58318,2.17407,0.52528
2020.03.24 02:00,1,1574.13800,1569.76193,1585.07818,4.37607,0.51285
2020.03.24 08:00,1,1578.53500,1574.79414,1587.88714,3.74086,0.52380
2020.03.24 11:30,1,1588.12800,1578.59771,1611.95371,9.53029,0.52102
2020.03.27 15:15,1,1621.73500,1618.15386,1630.68786,3.58114,0.51419
2020.03.27 20:30,1,1619.27800,1617.05386,1624.83836,2.22414,0.51392
2020.03.31 08:15,-1,1614.03800,1615.10100,1611.38050,1.06300,0.61393
2020.03.31 10:00,-1,1603.90800,1606.60079,1597.17604,2.69279,0.50528
2020.03.31 16:15,-1,1603.94800,1606.16514,1598.40514,2.21714,0.50639
2020.04.02 14:45,1,1607.98800,1603.59721,1618.96496,4.39079,0.54442
2020.04.02 16:45,1,1612.80800,1610.35900,1618.93050,2.44900,0.55453
2020.04.02 18:45,1,1614.00800,1611.86814,1619.35764,2.13986,0.54744
2020.04.03 16:30,1,1619.54800,1617.07300,1625.73550,2.47500,0.58429
2020.04.03 18:00,1,1618.39800,1616.78686,1622.42586,1.61114,0.62415
2020.04.03 19:45,1,1621.79800,1619.35093,1627.91568,2.44707,0.51811
2020.04.06 04:30,1,1617.74800,1616.53421,1620.78246,1.21379,0.69999
2020.04.06 06:00,1,1623.39500,1621.90307,1627.12482,1.49193,0.62231
2020.04.06 07:30,1,1628.31500,1625.32379,1635.79304,2.99121,0.56362
2020.04.06 10:45,1,1636.96800,1635.61593,1640.34818,1.35207,0.57157
2020.04.06 13:30,1,1640.43800,1637.86729,1646.86479,2.57071,0.60150
2020.04.06 16:00,1,1649.18800,1646.58107,1655.70532,2.60693,0.65412
2020.04.06 17:30,1,1653.86800,1651.45036,1659.91211,2.41764,0.63365
2020.04.06 19:45,1,1665.82800,1662.73550,1673.55925,3.09250,0.54690
2020.04.09 09:15,1,1659.79800,1657.33507,1665.95532,2.46293,0.55476
2020.04.09 11:15,1,1657.60800,1655.80321,1662.11996,1.80479,0.59138
2020.04.09 14:45,1,1682.58500,1678.97500,1691.61000,3.61000,0.58657
2020.04.13 04:30,1,1684.21500,1682.85907,1687.60482,1.35593,0.53961
2020.04.13 13:45,1,1687.09800,1683.77450,1695.40675,3.32350,0.60020
2020.04.13 19:45,1,1716.45800,1714.05186,1722.47336,2.40614,0.54890
2020.04.14 13:00,1,1729.19800,1726.16771,1736.77371,3.03029,0.55359
2020.04.14 15:15,1,1734.09800,1729.72050,1745.04175,4.37750,0.58974
2020.04.15 09:00,1,1710.01800,1707.34271,1716.70621,2.67529,0.53832
2020.04.16 04:30,1,1714.21800,1713.19221,1716.78246,1.02579,0.51219
2020.04.16 06:00,1,1717.84800,1716.47986,1721.26836,1.36814,0.51740
2020.04.17 05:45,-1,1694.61800,1696.40607,1690.14782,1.78807,0.53208
2020.04.17 07:30,-1,1694.37800,1697.82350,1685.76425,3.44550,0.53014
2020.04.19 22:00,-1,1682.14800,1683.61607,1678.47782,1.46807,0.54587
2020.04.21 08:15,-1,1693.17800,1695.27464,1687.93639,2.09664,0.54888
2020.04.21 11:00,-1,1675.02800,1677.97521,1667.65996,2.94721,0.63369
2020.04.22 13:45,1,1708.52500,1704.98243,1717.38143,3.54257,0.54475
2020.04.22 16:00,1,1709.94800,1707.63457,1715.73157,2.31343,0.63739
2020.04.22 17:30,1,1714.57800,1711.83771,1721.42871,2.74029,0.51362
2020.04.22 19:15,1,1714.48800,1712.53536,1719.36961,1.95264,0.61441
2020.04.23 08:00,1,1720.82800,1718.10321,1727.63996,2.72479,0.53300
2020.04.23 10:00,1,1725.89800,1724.14029,1730.29229,1.75771,0.60055
2020.04.24 16:30,1,1718.51800,1716.05386,1724.67836,2.46414,0.50488
2020.04.24 19:15,1,1726.39800,1724.80157,1730.38907,1.59643,0.51055
2020.04.27 20:30,-1,1714.84800,1716.17357,1711.53407,1.32557,0.54377
2020.04.29 16:00,1,1703.20800,1701.18707,1708.26032,2.02093,0.54272
2020.04.29 17:30,1,1702.51800,1700.66014,1707.16264,1.85786,0.51655
2020.04.29 19:00,1,1706.68000,1703.33336,1715.04661,3.34664,0.51119
2020.05.01 04:15,-1,1687.88800,1688.66229,1685.95229,0.77429,0.58163
2020.05.01 07:30,-1,1673.88800,1675.87164,1668.92889,1.98364,0.54148
2020.05.05 20:15,-1,1707.08800,1708.50214,1703.55264,1.41414,0.50897
2020.05.06 08:45,-1,1703.66800,1705.37850,1699.39175,1.71050,0.53489
2020.05.06 11:15,-1,1700.34800,1701.73764,1696.87389,1.38964,0.52531
2020.05.06 14:15,-1,1689.88800,1692.91900,1682.31050,3.03100,0.50824
2020.05.07 16:00,1,1708.94800,1706.57871,1714.87121,2.36929,0.51421
2020.05.07 19:00,1,1720.31800,1718.27800,1725.41800,2.04000,0.52570
2020.05.12 16:00,-1,1704.82800,1706.47179,1700.71854,1.64379,0.51439
2020.05.13 14:15,1,1711.77800,1708.29471,1720.48621,3.48329,0.50803
2020.05.13 20:30,1,1714.82800,1713.61636,1717.85711,1.21164,0.51938
2020.05.14 13:00,1,1716.84800,1714.45164,1722.83889,2.39636,0.65013
2020.05.14 15:30,1,1732.44800,1730.47036,1737.39211,1.97764,0.63333
2020.05.15 04:00,1,1731.19500,1730.51543,1732.89393,0.67957,0.65538
2020.05.15 05:30,1,1733.15500,1732.19779,1735.54804,0.95721,0.63841
2020.05.15 07:30,1,1738.22800,1736.56807,1742.37782,1.65993,0.63153
2020.05.15 13:45,1,1739.94800,1737.18536,1746.85461,2.76264,0.66578
2020.05.15 15:15,1,1742.98800,1740.68886,1748.73586,2.29914,0.60831
2020.05.17 22:00,1,1746.07800,1743.95321,1751.38996,2.12479,0.60817
2020.05.18 01:45,1,1758.75500,1756.67429,1763.95679,2.08071,0.56123
2020.05.21 13:30,-1,1735.31500,1737.35321,1730.21946,2.03821,0.57909
2020.05.21 15:15,-1,1721.05800,1724.07943,1713.50443,3.02143,0.51011
2020.05.22 08:15,-1,1737.32800,1738.65721,1734.00496,1.32921,0.52876
2020.05.22 09:45,-1,1735.30800,1736.43536,1732.48961,1.12736,0.52434
2020.05.22 11:30,-1,1734.93800,1735.98400,1732.32300,1.04600,0.52191
2020.05.26 05:15,-1,1733.48500,1734.51957,1730.89857,1.03457,0.52884
2020.05.26 06:45,-1,1730.23800,1731.38936,1727.35961,1.15136,0.50836
2020.05.26 13:00,-1,1723.86500,1725.85400,1718.89250,1.98900,0.59974
2020.05.26 14:30,-1,1715.56500,1718.94571,1707.11321,3.38071,0.52062
2020.05.27 08:15,-1,1708.54800,1709.75471,1705.53121,1.20671,0.51987
2020.05.29 08:00,1,1722.24500,1720.70364,1726.09839,1.54136,0.58737
2020.05.29 09:45,1,1725.89500,1724.45164,1729.50339,1.44336,0.57545
2020.05.29 13:00,1,1727.06800,1725.05571,1732.09871,2.01229,0.58682
2020.05.29 15:15,1,1733.40800,1731.55807,1738.03282,1.84993,0.52714
2020.06.03 13:30,-1,1709.09500,1712.13529,1701.49429,3.04029,0.59987
2020.06.03 15:30,-1,1696.39800,1699.17807,1689.44782,2.78007,0.57133
2020.06.05 13:30,-1,1681.30500,1686.65186,1667.93786,5.34686,0.56304
2020.06.05 15:45,-1,1678.06800,1680.62021,1671.68746,2.55221,0.55276
2020.06.09 08:45,1,1705.69800,1703.90629,1710.17729,1.79171,0.54196
2020.06.09 10:45,1,1709.96800,1708.63821,1713.29246,1.32979,0.56623
2020.06.09 13:30,1,1715.22500,1713.09229,1720.55679,2.13271,0.52372
2020.06.09 15:45,1,1716.03500,1714.62543,1719.55893,1.40957,0.50436
2020.06.10 08:00,1,1719.90500,1718.59929,1723.16929,1.30571,0.59193
2020.06.10 10:45,1,1719.49500,1718.28593,1722.51768,1.20907,0.61580
2020.06.10 16:15,1,1717.99500,1716.89450,1720.74625,1.10050,0.62751
2020.06.10 17:45,1,1714.26500,1713.06607,1717.26232,1.19893,0.60519
2020.06.10 19:15,1,1734.15800,1730.02386,1744.49336,4.13414,0.56570
2020.06.11 08:45,-1,1733.67500,1735.09814,1730.11714,1.42314,0.54657
2020.06.11 10:45,-1,1732.38800,1733.37500,1729.92050,0.98700,0.50648
2020.06.12 04:15,1,1726.74500,1725.72000,1729.30750,1.02500,0.59223
2020.06.12 07:30,1,1732.03500,1730.83764,1735.02839,1.19736,0.56452
2020.06.15 05:30,-1,1726.66800,1727.54879,1724.46604,0.88079,0.55044
2020.06.15 07:30,-1,1720.10500,1721.91443,1715.58143,1.80943,0.57177
2020.06.15 09:00,-1,1720.80500,1722.22400,1717.25750,1.41900,0.59731
2020.06.15 10:45,-1,1709.70500,1711.50129,1705.21429,1.79629,0.55252
2020.06.19 14:00,1,1736.80800,1735.11257,1741.04657,1.69543,0.63435
2020.06.19 15:30,1,1743.30800,1740.62879,1750.00604,2.67921,0.55384
2020.06.22 01:15,1,1753.60800,1752.13193,1757.29818,1.47607,0.51587
2020.06.22 02:45,1,1752.31800,1750.74357,1756.25407,1.57443,0.60347
2020.06.23 13:30,1,1763.21800,1760.76293,1769.35568,2.45507,0.57940
2020.06.23 15:00,1,1766.82500,1764.56164,1772.48339,2.26336,0.54388
2020.06.23 16:45,1,1765.34500,1764.32471,1767.89571,1.02029,0.58854
2020.06.23 18:45,1,1768.16500,1767.23043,1770.50143,0.93457,0.57814
2020.06.24 08:30,1,1772.80800,1771.29957,1776.57907,1.50843,0.60824
2020.06.24 11:15,1,1775.04800,1773.79029,1778.19229,1.25771,0.57849
2020.06.25 08:30,-1,1763.99500,1765.33600,1760.64250,1.34100,0.50602
2020.06.26 01:00,-1,1763.25800,1764.20893,1760.88068,0.95093,0.53014
2020.06.26 19:15,1,1769.71500,1768.75564,1772.11339,0.95936,0.53627
2020.06.30 13:15,1,1769.02800,1767.41971,1773.04871,1.60829,0.67025
2020.06.30 15:45,1,1782.82800,1780.41829,1788.85229,2.40971,0.56925
2020.07.01 04:45,1,1782.85500,1782.02814,1784.92214,0.82686,0.59440
2020.07.01 06:15,1,1784.02500,1783.23793,1785.99268,0.78707,0.61638
2020.07.01 07:45,1,1787.80500,1786.56457,1790.90607,1.24043,0.51217
2020.07.06 01:15,-1,1774.89800,1775.42021,1773.59246,0.52221,0.50205
2020.07.06 04:15,1,1772.10600,1771.70743,1773.10243,0.39857,0.59949
2020.07.06 05:45,1,1772.79500,1772.20043,1774.28143,0.59457,0.58335
2020.07.06 08:15,1,1775.86500,1774.90400,1778.26750,0.96100,0.63173
2020.07.06 10:00,1,1774.83500,1773.78450,1777.46125,1.05050,0.62498
2020.07.06 11:30,1,1777.04800,1776.22679,1779.10104,0.82121,0.56451
2020.07.06 14:15,1,1780.17800,1777.97043,1785.69693,2.20757,0.61962
2020.07.06 15:45,1,1783.57800,1782.36343,1786.61443,1.21457,0.58916
2020.07.07 13:15,1,1780.67800,1779.21493,1784.33568,1.46307,0.60118
2020.07.07 15:15,1,1794.00800,1791.79971,1799.52871,2.20829,0.60774
2020.07.07 17:00,1,1796.10500,1794.93507,1799.02982,1.16993,0.60421
2020.07.07 19:00,1,1795.08800,1794.38036,1796.85711,0.70764,0.62335
2020.07.08 09:15,1,1799.53800,1797.96329,1803.47479,1.57471,0.58745
2020.07.08 11:15,1,1800.97800,1799.97464,1803.48639,1.00336,0.60564
2020.07.08 14:00,1,1812.70800,1810.19214,1818.99764,2.51586,0.54611
2020.07.08 15:30,1,1809.84800,1807.47471,1815.78121,2.37329,0.61872
2020.07.10 08:15,1,1802.52500,1801.29286,1805.60536,1.23214,0.54725
2020.07.10 13:00,-1,1808.72800,1809.88500,1805.83550,1.15700,0.52529
2020.07.15 13:30,1,1804.94800,1803.16886,1809.39586,1.77914,0.52957
2020.07.15 15:45,1,1810.43800,1809.03850,1813.93675,1.39950,0.52199
2020.07.16 16:15,-1,1803.37500,1804.31050,1801.03625,0.93550,0.63456
2020.07.16 17:45,-1,1797.05800,1799.00250,1792.19675,1.94450,0.58312
2020.07.16 19:45,-1,1795.17500,1796.08836,1792.89161,0.91336,0.60620
2020.07.20 08:15,1,1809.63500,1808.67764,1812.02839,0.95736,0.59215
2020.07.20 10:45,1,1810.86800,1810.27821,1812.34246,0.58979,0.62019
2020.07.20 13:30,1,1812.95800,1810.95771,1817.95871,2.00029,0.59345
2020.07.20 15:15,1,1815.74800,1814.13843,1819.77193,1.60957,0.52703
2020.07.21 04:45,1,1817.69800,1817.06229,1819.28729,0.63571,0.59648
2020.07.21 06:15,1,1819.94800,1818.87943,1822.61943,1.06857,0.55221
2020.07.21 08:45,1,1823.74800,1822.91507,1825.83032,0.83293,0.58166
2020.07.21 10:15,1,1825.48500,1824.44850,1828.07625,1.03650,0.52940
2020.07.21 13:30,1,1834.44800,1831.94564,1840.70389,2.50236,0.61446
2020.07.21 15:45,1,1839.53800,1838.32986,1842.55836,1.20814,0.56133
2020.07.22 02:15,1,1858.43500,1854.60593,1868.00768,3.82907,0.62898
2020.07.22 08:15,1,1851.88500,1849.10857,1858.82607,2.77643,0.56078
2020.07.22 09:45,1,1856.08500,1854.32386,1860.48786,1.76114,0.51735
2020.07.22 11:45,1,1854.85800,1853.50929,1858.22979,1.34871,0.50621
2020.07.22 17:00,1,1865.22500,1863.17600,1870.34750,2.04900,0.52238
2020.07.22 18:30,1,1864.88500,1863.46900,1868.42500,1.41600,0.55293
2020.07.23 04:15,1,1869.96800,1869.10571,1872.12371,0.86229,0.55977
2020.07.23 05:45,1,1869.19500,1868.21864,1871.63589,0.97636,0.57660
2020.07.23 08:15,1,1880.96500,1879.17357,1885.44357,1.79143,0.54321
2020.07.23 10:15,1,1880.78800,1879.54821,1883.88746,1.23979,0.59703
2020.07.23 13:15,1,1875.29500,1872.31343,1882.74893,2.98157,0.56930
2020.07.24 13:45,1,1901.94500,1898.79007,1909.83232,3.15493,0.54473
2020.07.24 15:30,1,1900.68500,1898.91200,1905.11750,1.77300,0.52602
2020.07.26 22:00,1,1906.34800,1905.56064,1908.31639,0.78736,0.57742
2020.07.27 20:00,1,1937.99800,1936.37064,1942.06639,1.62736,0.58616
2020.07.27 22:30,1,1944.80500,1942.82929,1949.74429,1.97571,0.51862
2020.07.28 08:30,1,1922.38500,1914.95107,1940.96982,7.43393,0.53771
2020.07.28 10:30,1,1929.39500,1926.96714,1935.46464,2.42786,0.52886
2020.08.03 16:30,1,1969.09800,1967.52121,1973.03996,1.57679,0.51094
2020.08.03 18:00,1,1974.79800,1973.58350,1977.83425,1.21450,0.51619
2020.08.04 13:30,1,1974.93500,1972.69679,1980.53054,2.23821,0.64572
2020.08.04 16:45,1,1999.49800,1996.99421,2005.75746,2.50379,0.61434
2020.08.04 19:15,1,2007.59800,2005.12086,2013.79086,2.47714,0.61948
2020.08.05 04:00,1,2013.65500,2012.46329,2016.63429,1.19171,0.59856
2020.08.05 06:15,1,2025.35500,2023.77121,2029.31446,1.58379,0.58330
2020.08.05 08:15,1,2031.08800,2028.06229,2038.65229,3.02571,0.57670
2020.08.05 11:15,1,2040.39800,2038.84593,2044.27818,1.55207,0.52393
2020.08.06 08:30,1,2045.17500,2042.81264,2051.08089,2.36236,0.59319
2020.08.06 10:00,1,2049.87500,2047.99850,2054.56625,1.87650,0.60261
2020.08.11 04:45,-1,2018.60800,2020.08621,2014.91246,1.47821,0.60665
2020.08.11 06:15,-1,1992.91800,1995.94357,1985.35407,3.02557,0.52725
2020.08.11 07:45,-1,1995.02800,1998.67950,1985.89925,3.65150,0.58543
2020.08.11 10:00,-1,1990.25800,1993.14064,1983.05139,2.88264,0.61035
2020.08.11 11:30,-1,1974.15800,1977.21450,1966.51675,3.05650,0.52507
2020.08.11 14:00,-1,1949.63500,1957.01193,1931.19268,7.37693,0.55609
2020.08.11 15:45,-1,1942.96800,1946.97550,1932.94925,4.00750,0.53685
2020.08.11 17:30,-1,1934.85800,1938.57300,1925.57050,3.71500,0.50995
2020.08.12 01:15,-1,1915.63500,1918.95836,1907.32661,3.32336,0.54571
2020.08.12 16:15,-1,1944.74800,1948.23679,1936.02604,3.48879,0.52430
2020.08.17 13:15,1,1965.90800,1963.21607,1972.63782,2.69193,0.60317
2020.08.17 15:15,1,1985.24800,1981.52636,1994.55211,3.72164,0.59127
2020.08.18 01:15,1,1988.64500,1986.33021,1994.43196,2.31479,0.50088
2020.08.18 04:30,1,1991.16800,1989.70957,1994.81407,1.45843,0.53586
2020.08.18 07:00,1,1999.75500,1996.70543,2007.37893,3.04957,0.53680
2020.08.19 13:15,-1,1992.96500,1995.97279,1985.44554,3.00779,0.53370
2020.08.20 04:30,-1,1950.39800,1952.62779,1944.82354,2.22979,0.55139
2020.08.20 07:00,-1,1943.32500,1946.52714,1935.31964,3.20214,0.57700
2020.08.21 09:00,-1,1931.31800,1933.95593,1924.72318,2.63793,0.59492
2020.08.21 10:45,-1,1934.53800,1936.61943,1929.33443,2.08143,0.56275
2020.08.25 13:30,-1,1925.23500,1927.92050,1918.52125,2.68550,0.52449
2020.08.26 13:15,-1,1918.61800,1922.55000,1908.78800,3.93200,0.50717
2020.08.26 14:45,1,1938.34800,1934.27157,1948.53907,4.07643,0.52541
2020.09.01 01:30,1,1974.09500,1972.64000,1977.73250,1.45500,0.53051
2020.09.01 05:00,1,1986.51800,1985.40871,1989.29121,1.10929,0.58490
2020.09.01 07:30,1,1991.61500,1989.65979,1996.50304,1.95521,0.59353
2020.09.02 13:15,-1,1956.10500,1960.08314,1946.15964,3.97814,0.54029
2020.09.02 14:45,-1,1943.04500,1947.25671,1932.51571,4.21171,0.50351
2020.09.03 04:00,-1,1945.39800,1946.31393,1943.10818,0.91593,0.54412
2020.09.04 13:15,-1,1926.39800,1931.68829,1913.17229,5.29029,0.52168
2020.09.04 14:45,-1,1924.45500,1928.50343,1914.33393,4.04843,0.50008
2020.09.08 01:15,-1,1927.10800,1928.48721,1923.65996,1.37921,0.57618
2020.09.08 02:45,-1,1923.65500,1924.74336,1920.93411,1.08836,0.59694
2020.09.08 05:15,1,1926.71500,1925.93671,1928.66071,0.77829,0.51203
2020.09.08 08:00,-1,1929.84500,1931.35850,1926.06125,1.51350,0.64285
2020.09.08 10:45,-1,1916.08800,1919.21393,1908.27318,3.12593,0.58422
2020.09.09 08:30,-1,1928.29500,1930.03393,1923.94768,1.73893,0.61062
2020.09.09 10:15,-1,1925.13500,1926.40757,1921.95357,1.27257,0.57624
2020.09.09 13:00,1,1939.56500,1937.09243,1945.74643,2.47257,0.55698
2020.09.09 15:00,1,1945.65800,1942.57064,1953.37639,3.08736,0.50503
2020.09.10 16:30,-1,1952.89800,1954.77979,1948.19354,1.88179,0.50162
2020.09.10 18:45,-1,1950.21800,1952.41557,1944.72407,2.19757,0.50047
2020.09.14 13:45,1,1958.24800,1956.32271,1963.06121,1.92529,0.52971
2020.09.14 15:45,1,1958.53500,1956.96164,1962.46839,1.57336,0.50674
2020.09.15 01:30,1,1958.78800,1957.53321,1961.92496,1.25479,0.61991
2020.09.15 08:00,1,1962.87500,1961.33736,1966.71911,1.53764,0.52423
2020.09.15 09:45,1,1964.18500,1963.07279,1966.96554,1.11221,0.50038
2020.09.17 01:00,-1,1956.92500,1958.48593,1953.02268,1.56093,0.61940
2020.09.21 09:15,-1,1934.82500,1936.89136,1929.65911,2.06636,0.55952
2020.09.21 11:00,-1,1931.62800,1933.28950,1927.47425,1.66150,0.56401
2020.09.21 13:45,-1,1912.19800,1916.03607,1902.60282,3.83807,0.56253
2020.09.21 15:45,-1,1899.84800,1905.80157,1884.96407,5.95357,0.50502
2020.09.23 01:00,-1,1900.68800,1902.34679,1896.54104,1.65879,0.57947
2020.09.23 02:30,-1,1899.40500,1901.16329,1895.00929,1.75829,0.57158
2020.09.23 05:45,-1,1885.04800,1887.87907,1877.97032,2.83107,0.52373
2020.09.23 07:30,-1,1878.13800,1881.08157,1870.77907,2.94357,0.54648
2020.09.23 13:15,-1,1884.29800,1887.40186,1876.53836,3.10386,0.57857
2020.09.23 15:15,-1,1867.59800,1871.79957,1857.09407,4.20157,0.52019
2020.09.23 22:30,-1,1855.04800,1856.25429,1852.03229,1.20629,0.51827
2020.09.25 08:00,-1,1869.94500,1871.97829,1864.86179,2.03329,0.58147
2020.09.25 09:30,-1,1868.47800,1869.94579,1864.80854,1.46779,0.54981
2020.09.28 10:30,1,1857.69500,1855.63007,1862.85732,2.06493,0.55119
2020.09.30 16:45,-1,1897.63800,1899.56200,1892.82800,1.92400,0.52198
2020.10.01 13:15,1,1902.95500,1900.18814,1909.87214,2.76686,0.54366
2020.10.01 15:00,1,1908.30500,1905.34407,1915.70732,2.96093,0.52181
2020.10.05 08:00,1,1893.04800,1891.46064,1897.01639,1.58736,0.53914
2020.10.06 08:00,1,1910.31500,1908.77314,1914.16964,1.54186,0.54686
2020.10.06 09:30,1,1913.08500,1911.75457,1916.41107,1.33043,0.53050
2020.10.06 11:45,1,1915.68800,1914.40436,1918.89711,1.28364,0.53003
2020.10.06 14:30,-1,1911.65800,1914.40321,1904.79496,2.74521,0.54488
2020.10.09 01:45,1,1906.52800,1905.14043,1909.99693,1.38757,0.53131
2020.10.09 05:00,1,1910.22800,1909.65300,1911.66550,0.57500,0.55553
2020.10.09 07:15,1,1908.51800,1907.24321,1911.70496,1.27479,0.55118
2020.10.09 13:30,1,1919.50800,1917.66250,1924.12175,1.84550,0.55023
2020.10.13 02:15,-1,1912.43800,1913.77121,1909.10496,1.33321,0.59005
2020.10.13 05:45,1,1914.86800,1913.83971,1917.43871,1.02829,0.54085
2020.10.13 07:45,1,1918.52800,1916.93029,1922.52229,1.59771,0.57834
2020.10.13 13:00,-1,1907.42500,1910.35664,1900.09589,2.93164,0.55714
2020.10.15 08:15,-1,1896.55800,1898.27371,1892.26871,1.71571,0.56374
2020.10.15 11:15,-1,1896.15800,1897.86800,1891.88300,1.71000,0.51396
2020.10.16 13:15,-1,1908.55500,1910.89736,1902.69911,2.34236,0.50727
2020.10.20 08:15,1,1902.06500,1900.72200,1905.42250,1.34300,0.54333
2020.10.20 09:45,1,1905.99800,1904.72993,1909.16818,1.26807,0.55920
2020.10.21 05:15,1,1916.88800,1916.09393,1918.87318,0.79407,0.59907
2020.10.21 07:15,1,1918.44500,1916.99836,1922.06161,1.44664,0.58198
2020.10.21 13:00,1,1925.09800,1923.18471,1929.88121,1.91329,0.55688
2020.10.21 15:15,1,1924.03500,1921.68050,1929.92125,2.35450,0.50914
2020.10.22 04:00,1,1913.59500,1912.71314,1915.79964,0.88186,0.53059
2020.10.22 05:30,1,1915.43800,1914.86436,1916.87211,0.57364,0.54050
2020.10.22 07:15,1,1919.23800,1917.88536,1922.61961,1.35264,0.51211
2020.10.23 13:00,-1,1909.60800,1911.11321,1905.84496,1.50521,0.51579
2020.10.27 02:30,1,1909.74500,1908.66786,1912.43786,1.07714,0.54401
2020.10.27 13:30,1,1906.49800,1904.92557,1910.42907,1.57243,0.51069
2020.10.28 08:15,-1,1902.44800,1903.62443,1899.50693,1.17643,0.59185
2020.10.28 09:45,-1,1899.83500,1901.06393,1896.76268,1.22893,0.56296
2020.10.28 11:30,-1,1892.00800,1893.70550,1887.76425,1.69750,0.57491
2020.10.29 14:15,-1,1874.07800,1877.84407,1864.66282,3.76607,0.51362
2020.11.03 08:30,1,1894.12800,1892.30500,1898.68550,1.82300,0.54144
2020.11.03 10:00,1,1898.54500,1897.06357,1902.24857,1.48143,0.51446
2020.11.04 02:30,-1,1886.44800,1890.61443,1876.03193,4.16643,0.51342
2020.11.04 11:15,1,1891.73500,1890.11607,1895.78232,1.61893,0.50186
2020.11.05 08:30,1,1915.01800,1913.18836,1919.59211,1.82964,0.59939
2020.11.05 10:30,1,1917.74800,1916.32629,1921.30229,1.42171,0.56711
2020.11.05 14:15,1,1928.28800,1925.90257,1934.25157,2.38543,0.59453
2020.11.05 17:00,1,1946.70800,1943.88021,1953.77746,2.82779,0.58937
2020.11.05 18:30,1,1947.23800,1945.45107,1951.70532,1.78693,0.57282
2020.11.06 04:30,1,1938.91500,1937.56714,1942.28464,1.34786,0.56763
2020.11.06 06:00,1,1939.63500,1938.38871,1942.75071,1.24629,0.55432
2020.11.06 07:15,1,1942.38800,1940.74371,1946.49871,1.64429,0.56049
2020.11.06 08:45,1,1945.29800,1943.31514,1950.25514,1.98286,0.62156
2020.11.06 10:15,1,1949.77500,1948.16450,1953.80125,1.61050,0.55477
2020.11.09 02:00,1,1955.93800,1954.25543,1960.14443,1.68257,0.58849
2020.11.09 13:45,-1,1880.41800,1888.03307,1861.38032,7.61507,0.54351
2020.11.16 09:15,-1,1893.70500,1894.98757,1890.49857,1.28257,0.61923
2020.11.16 10:45,-1,1891.43800,1892.49043,1888.80693,1.05243,0.64490
2020.11.16 13:45,1,1885.94500,1883.04621,1893.19196,2.89879,0.53438
2020.11.18 09:00,-1,1882.02800,1883.16793,1879.17818,1.13993,0.62021
2020.11.18 10:30,-1,1873.96500,1875.40586,1870.36286,1.44086,0.60195
2020.11.20 13:15,1,1866.87800,1865.58100,1870.12050,1.29700,0.55233
2020.11.23 09:15,-1,1869.58800,1871.06157,1865.90407,1.47357,0.51228
2020.11.23 13:15,-1,1863.54500,1864.83057,1860.33107,1.28557,0.57449
2020.11.23 14:45,-1,1841.49800,1844.25029,1834.61729,2.75229,0.54846
2020.11.24 01:00,-1,1833.78800,1835.68121,1829.05496,1.89321,0.50402
2020.11.24 08:00,-1,1828.45500,1830.17014,1824.16714,1.71514,0.64703
2020.11.24 09:30,-1,1826.92500,1828.36986,1823.31286,1.44486,0.66586
2020.11.24 11:30,-1,1808.71500,1811.63314,1801.41964,2.91814,0.61039
2020.11.27 09:00,-1,1810.00000,1811.10736,1807.23161,1.10736,0.61633
2020.11.27 10:45,-1,1807.34500,1808.35657,1804.81607,1.01157,0.58348
2020.11.27 13:15,-1,1793.93500,1796.30614,1788.00714,2.37114,0.61013
2020.11.27 15:00,-1,1780.48800,1783.82321,1772.14996,3.33521,0.50853
2020.11.30 02:15,-1,1781.68500,1782.99986,1778.39786,1.31486,0.60882
2020.11.30 08:45,-1,1775.72500,1777.61814,1770.99214,1.89314,0.61181
2020.11.30 10:15,-1,1773.88800,1775.61164,1769.57889,1.72364,0.59019
2020.11.30 11:45,-1,1768.60500,1770.15100,1764.74000,1.54600,0.53950
2020.12.01 08:00,1,1792.17500,1790.91636,1795.32161,1.25864,0.55179
2020.12.03 02:30,1,1829.41800,1828.48593,1831.74818,0.93207,0.53435
2020.12.03 05:15,1,1834.07500,1832.97379,1836.82804,1.10121,0.53271
2020.12.07 10:30,-1,1831.90500,1833.41293,1828.13518,1.50793,0.50714
2020.12.07 13:00,1,1833.61500,1832.10250,1837.39625,1.51250,0.61760
2020.12.07 14:30,1,1845.74800,1844.04379,1850.00854,1.70421,0.51497
2020.12.08 01:30,1,1862.73800,1861.41621,1866.04246,1.32179,0.61642
2020.12.09 08:15,-1,1860.38500,1862.10779,1856.07804,1.72279,0.51240
2020.12.09 09:45,-1,1860.77500,1862.65200,1856.08250,1.87700,0.52177
2020.12.09 11:30,-1,1853.83800,1855.07436,1850.74711,1.23636,0.62675
2020.12.09 14:00,-1,1857.52500,1859.88664,1851.62089,2.36164,0.58581
2020.12.09 16:30,-1,1845.03800,1847.57207,1838.70282,2.53407,0.53667
2020.12.09 18:30,-1,1833.88800,1835.90036,1828.85711,2.01236,0.55932
2020.12.11 13:15,1,1836.04900,1834.31871,1840.37471,1.73029,0.51858
2020.12.11 15:45,1,1844.41800,1842.04929,1850.33979,2.36871,0.50018
2020.12.11 17:30,-1,1842.09800,1843.02307,1839.78532,0.92507,0.50174
2020.12.15 09:15,1,1845.31500,1843.66386,1849.44286,1.65114,0.62946
2020.12.15 11:45,1,1842.76800,1841.78586,1845.22336,0.98214,0.59999
2020.12.15 15:30,1,1848.87800,1846.54464,1854.71139,2.33336,0.55623
2020.12.16 01:00,1,1852.16500,1851.42714,1854.00964,0.73786,0.61873
2020.12.16 02:45,1,1857.47500,1856.19421,1860.67696,1.28079,0.56375
2020.12.16 08:00,1,1855.29500,1853.93586,1858.69286,1.35914,0.62729
2020.12.16 09:30,1,1863.42500,1861.55936,1868.08911,1.86564,0.56912
2020.12.17 04:15,1,1866.60800,1866.03779,1868.03354,0.57021,0.60099
2020.12.17 05:45,1,1869.43800,1868.52750,1871.71425,0.91050,0.59468
2020.12.17 07:30,1,1872.95500,1871.72386,1876.03286,1.23114,0.62852
2020.12.17 10:00,1,1874.91600,1873.26579,1879.04154,1.65021,0.66060
2020.12.17 13:15,1,1878.19800,1876.25336,1883.05961,1.94464,0.57620
2020.12.17 15:30,1,1890.44800,1887.98729,1896.59979,2.46071,0.57251
2020.12.21 02:45,1,1895.18500,1893.53293,1899.31518,1.65207,0.55972
2020.12.22 04:00,-1,1882.66700,1883.63129,1880.25629,0.96429,0.58816
2020.12.28 01:00,1,1895.14800,1893.58086,1899.06586,1.56714,0.55912
2020.12.30 13:00,1,1877.98800,1877.02129,1880.40479,0.96671,0.55349
2020.12.30 14:30,1,1883.27800,1881.26057,1888.32157,2.01743,0.52164
2020.12.30 16:15,1,1885.68500,1884.16593,1889.48268,1.51907,0.53210
2021.01.04 01:30,1,1916.96800,1915.28636,1921.17211,1.68164,0.61767
2021.01.04 08:45,1,1931.99800,1929.97121,1937.06496,2.02679,0.60304
2021.01.04 10:15,1,1928.90800,1927.72271,1931.87121,1.18529,0.57806
2021.01.04 13:00,1,1933.83800,1932.00000,1938.43300,1.83800,0.61118
2021.01.04 15:15,1,1934.42500,1931.24071,1942.38571,3.18429,0.59382
2021.01.05 08:15,1,1942.83900,1941.11057,1947.16007,1.72843,0.62536
2021.01.05 11:00,1,1947.25500,1945.82143,1950.83893,1.43357,0.59158
2021.01.05 18:00,1,1951.25800,1949.82607,1954.83782,1.43193,0.51737
2021.01.05 19:45,1,1951.19500,1950.13329,1953.84929,1.06171,0.50217
2021.01.06 15:15,-1,1923.63800,1927.58014,1913.78264,3.94214,0.53469
2021.01.08 08:00,-1,1885.14000,1888.58943,1876.51643,3.44943,0.55255
2021.01.08 10:00,-1,1892.38500,1894.75529,1886.45929,2.37029,0.63568
2021.01.08 11:30,-1,1893.98500,1895.59314,1889.96464,1.60814,0.58994
2021.01.08 14:30,-1,1871.67800,1876.34800,1860.00300,4.67000,0.61955
2021.01.08 17:00,-1,1853.60500,1857.84179,1843.01304,4.23679,0.61529
2021.01.08 18:45,-1,1838.19800,1842.87329,1826.50979,4.67529,0.56708
2021.01.12 16:30,1,1843.09500,1841.08979,1848.10804,2.00521,0.53237
2021.01.12 18:15,1,1844.08800,1842.18257,1848.85157,1.90543,0.53464
2021.01.20 02:30,1,1848.67500,1847.62300,1851.30500,1.05200,0.52578
2021.01.20 06:15,1,1852.11500,1851.02993,1854.82768,1.08507,0.51069
2021.01.20 07:45,1,1855.74500,1854.67700,1858.41500,1.06800,0.54507
2021.01.20 10:30,-1,1854.67500,1855.83414,1851.77714,1.15914,0.50109
2021.01.20 13:15,1,1840.92200,1838.03514,1848.13914,2.88686,0.52525
2021.01.21 02:00,1,1868.62800,1867.21386,1872.16336,1.41414,0.51433
2021.01.22 08:15,-1,1860.17500,1861.36557,1857.19857,1.19057,0.61395
2021.01.22 09:45,-1,1858.68500,1860.07100,1855.22000,1.38600,0.61314
2021.01.22 11:45,-1,1843.26500,1845.54221,1837.57196,2.27721,0.58485
2021.01.27 01:15,-1,1848.71500,1849.62764,1846.43339,0.91264,0.53912
2021.01.27 02:45,-1,1845.39500,1846.58014,1842.43214,1.18514,0.59144
2021.01.27 08:00,-1,1850.72500,1851.87929,1847.83929,1.15429,0.59261
2021.01.27 09:30,-1,1845.80500,1847.31857,1842.02107,1.51357,0.66034
2021.01.27 11:00,-1,1843.69500,1844.90179,1840.67804,1.20679,0.60039
2021.01.27 16:45,-1,1845.12300,1846.84721,1840.81246,1.72421,0.51299
2021.01.27 18:15,-1,1846.12600,1847.38893,1842.96868,1.26293,0.51252
2021.01.28 13:45,1,1856.91500,1854.14021,1863.85196,2.77479,0.53052
2021.02.02 13:00,-1,1844.05500,1846.56436,1837.78161,2.50936,0.55184
2021.02.02 14:30,-1,1835.50500,1838.69243,1827.53643,3.18743,0.51932
2021.02.04 01:00,-1,1832.97800,1833.76871,1831.00121,0.79071,0.57403
2021.02.04 02:45,-1,1822.96500,1824.89600,1818.13750,1.93100,0.59365
2021.02.04 08:15,-1,1821.66500,1823.55943,1816.92893,1.89443,0.72063
2021.02.04 09:45,-1,1814.23200,1816.58586,1808.34736,2.35386,0.67457
2021.02.04 11:30,-1,1811.06500,1812.42536,1807.66411,1.36036,0.64839
2021.02.04 14:00,-1,1794.92900,1798.11500,1786.96400,3.18600,0.55794
2021.02.04 17:00,1,1789.72500,1787.80093,1794.53518,1.92407,0.51288
2021.02.08 08:30,1,1810.11500,1808.69143,1813.67393,1.42357,0.57625
2021.02.08 10:00,1,1812.90800,1811.59893,1816.18068,1.30907,0.60464
2021.02.08 11:45,1,1825.17300,1823.71629,1828.81479,1.45671,0.58842
2021.02.09 02:15,1,1840.12800,1838.95921,1843.04996,1.16879,0.59364
2021.02.09 05:15,1,1840.93500,1840.05343,1843.13893,0.88157,0.51556
2021.02.09 06:45,1,1840.04800,1839.01821,1842.62246,1.02979,0.58175
2021.02.11 04:30,1,1836.52000,1835.67893,1838.62268,0.84107,0.54667
2021.02.11 06:00,1,1836.92500,1836.17993,1838.78768,0.74507,0.56390
2021.02.11 07:45,1,1843.03500,1841.47721,1846.92946,1.55779,0.52087
2021.02.11 16:15,-1,1837.10500,1838.83743,1832.77393,1.73243,0.56257
2021.02.11 19:00,-1,1824.12500,1825.66400,1820.27750,1.53900,0.54084
2021.02.12 05:00,-1,1822.14500,1822.76836,1820.58661,0.62336,0.56697
2021.02.12 07:45,-1,1817.28500,1818.50707,1814.22982,1.22207,0.52747
2021.02.12 16:00,-1,1826.62300,1829.51286,1819.39836,2.88986,0.50555
2021.02.12 19:00,-1,1820.85500,1822.01336,1817.95911,1.15836,0.50039
2021.02.15 04:00,-1,1824.77500,1825.39929,1823.21429,0.62429,0.52083
2021.02.15 05:30,-1,1823.95800,1824.69679,1822.11104,0.73879,0.58486
2021.02.15 07:45,-1,1816.99500,1818.17621,1814.04196,1.18121,0.53500
2021.02.16 02:15,1,1824.86500,1823.78600,1827.56250,1.07900,0.54472
2021.02.16 13:15,-1,1806.64500,1809.33421,1799.92196,2.68921,0.50255
2021.02.16 18:30,-1,1797.32800,1798.92107,1793.34532,1.59307,0.50665
2021.02.17 13:15,-1,1778.18500,1780.05250,1773.51625,1.86750,0.63232
2021.02.17 14:45,-1,1781.48500,1785.17543,1772.25893,3.69043,0.53810
2021.02.19 01:45,-1,1767.08500,1769.85250,1760.16625,2.76750,0.55647
2021.02.22 04:30,1,1783.73500,1782.64357,1786.46357,1.09143,0.56549
2021.02.22 06:30,1,1792.21500,1790.58493,1796.29018,1.63007,0.60787
2021.02.22 09:30,1,1796.16600,1794.53293,1800.24868,1.63307,0.59111
2021.02.22 11:00,1,1797.74500,1796.54764,1800.73839,1.19736,0.52859
2021.02.23 02:00,1,1812.57500,1810.82721,1816.94446,1.74779,0.62973
2021.02.24 13:00,-1,1804.06500,1805.39286,1800.74536,1.32786,0.60669
2021.02.24 15:30,-1,1790.22500,1793.83493,1781.20018,3.60993,0.52461
2021.02.25 01:00,-1,1801.00500,1802.05579,1798.37804,1.05079,0.54401
2021.02.25 02:30,-1,1797.85800,1799.24993,1794.37818,1.39193,0.61526
2021.02.26 04:00,-1,1770.94500,1771.96886,1768.38536,1.02386,0.65909
2021.02.26 06:15,-1,1761.59100,1764.54543,1754.20493,2.95443,0.62106
2021.02.26 07:45,-1,1759.36500,1761.81857,1753.23107,2.45357,0.66182
2021.02.26 13:00,-1,1763.60500,1765.49357,1758.88357,1.88857,0.55397
2021.02.26 14:30,-1,1755.89500,1759.12543,1747.81893,3.23043,0.50313
2021.03.01 08:15,-1,1751.39500,1753.06229,1747.22679,1.66729,0.60275
2021.03.01 10:00,-1,1746.26500,1747.54243,1743.07143,1.27743,0.57472
2021.03.01 11:30,-1,1742.23500,1743.63393,1738.73768,1.39893,0.53917
2021.03.02 01:00,-1,1724.51500,1725.77614,1721.36214,1.26114,0.65918
2021.03.02 02:45,-1,1713.21600,1715.32186,1707.95136,2.10586,0.66783
2021.03.04 04:30,1,1714.86400,1713.64807,1717.90382,1.21593,0.62439
2021.03.04 07:30,1,1719.35800,1717.65343,1723.61943,1.70457,0.60908
2021.03.04 16:30,-1,1716.39800,1718.69964,1710.64389,2.30164,0.57068
2021.03.04 18:00,-1,1701.33800,1706.03014,1689.60764,4.69214,0.56390
2021.03.04 19:30,-1,1696.95800,1700.35443,1688.46693,3.39643,0.54223
2021.03.08 09:00,-1,1692.53800,1694.57643,1687.44193,2.03843,0.50668
2021.03.08 11:15,-1,1689.31400,1690.56179,1686.19454,1.24779,0.55234
2021.03.08 13:45,-1,1693.78400,1696.30243,1687.48793,2.51843,0.52054
2021.03.09 07:30,-1,1696.54400,1698.00871,1692.88221,1.46471,0.50579
2021.03.10 13:00,1,1714.02400,1712.73557,1717.24507,1.28843,0.51919
2021.03.10 17:00,1,1718.85400,1716.87571,1723.79971,1.97829,0.53522
2021.03.10 18:30,1,1723.14400,1721.24793,1727.88418,1.89607,0.50163
2021.03.11 01:15,1,1725.87500,1724.83886,1728.46536,1.03614,0.55193
2021.03.11 02:45,1,1731.67400,1730.48650,1734.64275,1.18750,0.53178
2021.03.11 06:00,1,1734.05100,1732.88864,1736.95689,1.16236,0.54464
2021.03.12 05:15,-1,1718.81800,1719.49793,1717.11818,0.67993,0.50214
2021.03.12 09:30,-1,1702.01400,1703.76171,1697.64471,1.74771,0.53311
2021.03.12 11:00,-1,1701.93800,1703.22186,1698.72836,1.28386,0.59736
2021.03.17 01:15,1,1731.23800,1730.14129,1733.97979,1.09671,0.54948
2021.03.17 02:45,1,1735.77700,1734.75907,1738.32182,1.01793,0.57792
2021.03.17 16:45,1,1727.92500,1726.59536,1731.24911,1.32964,0.58770
2021.03.17 18:30,1,1747.47700,1744.49050,1754.94325,2.98650,0.52444
2021.03.19 05:00,1,1732.45800,1731.47207,1734.92282,0.98593,0.51709
2021.03.22 05:00,-1,1741.43800,1742.12050,1739.73175,0.68250,0.51985
2021.03.22 08:15,1,1730.03500,1728.58286,1733.66536,1.45214,0.52147
2021.03.22 10:00,1,1732.66500,1731.57864,1735.38089,1.08636,0.51678
2021.03.22 11:45,1,1732.07800,1730.91879,1734.97604,1.15921,0.50522
2021.03.25 16:30,-1,1728.83800,1730.24714,1725.31514,1.40914,0.51869
2021.03.25 19:15,-1,1727.77500,1728.98229,1724.75679,1.20729,0.55060
2021.03.29 13:15,-1,1723.15800,1725.21950,1718.00425,2.06150,0.61097
2021.03.29 15:45,-1,1711.62800,1713.09679,1707.95604,1.46879,0.54226
2021.03.30 02:15,-1,1708.60800,1709.66964,1705.95389,1.06164,0.56298
2021.03.30 05:30,-1,1704.93800,1705.76486,1702.87086,0.82686,0.55854
2021.03.30 07:15,-1,1701.10800,1702.79243,1696.89693,1.68443,0.53398
2021.03.30 09:15,-1,1698.62500,1699.85736,1695.54411,1.23236,0.54030
2021.03.31 01:00,-1,1685.10500,1686.37307,1681.93482,1.26807,0.57037
2021.03.31 02:45,-1,1679.32500,1680.71443,1675.85143,1.38943,0.59913
2021.04.01 04:00,1,1711.87800,1710.96171,1714.16871,0.91629,0.52758
2021.04.01 06:00,1,1711.94800,1710.80143,1714.81443,1.14657,0.56845
2021.04.01 07:30,1,1717.77500,1716.15171,1721.83321,1.62329,0.54900
2021.04.07 09:00,-1,1737.49800,1738.59386,1734.75836,1.09586,0.50466
2021.04.07 13:15,1,1737.99500,1736.28714,1742.26464,1.70786,0.50742
2021.04.08 08:30,1,1743.40800,1742.05343,1746.79443,1.35457,0.57546
2021.04.08 10:15,1,1745.70800,1744.74271,1748.12121,0.96529,0.54885
2021.04.14 13:00,-1,1740.19800,1741.64486,1736.58086,1.44686,0.55969
2021.04.14 15:45,-1,1736.34800,1737.74943,1732.84443,1.40143,0.50837
2021.04.15 13:00,1,1748.10800,1745.39071,1754.90121,2.71729,0.58340
2021.04.16 08:00,1,1765.18800,1763.85764,1768.51389,1.33036,0.58933
2021.04.16 09:30,1,1768.57800,1767.56300,1771.11550,1.01500,0.58276
2021.04.16 11:45,1,1780.74300,1779.58043,1783.64943,1.16257,0.55233
2021.04.19 04:00,1,1776.87800,1776.13057,1778.74657,0.74743,0.55767
2021.04.19 07:00,1,1779.08500,1777.66543,1782.63393,1.41957,0.55845
2021.04.21 02:15,1,1780.78800,1779.46350,1784.09925,1.32450,0.59031
2021.04.21 13:00,1,1784.69800,1783.32364,1788.13389,1.37436,0.53975
2021.04.23 08:30,1,1784.38500,1783.29857,1787.10107,1.08643,0.53234
2021.04.23 10:15,1,1786.20500,1785.41371,1788.18321,0.79129,0.54013
2021.04.23 13:15,-1,1787.02800,1788.85271,1782.46621,1.82471,0.56731
2021.04.27 09:00,1,1778.41800,1777.52964,1780.63889,0.88836,0.53816
2021.04.27 11:00,1,1782.00000,1781.09907,1784.25232,0.90093,0.56103
2021.04.27 15:00,-1,1779.45500,1781.08993,1775.36768,1.63493,0.56544
2021.05.03 04:00,1,1774.77800,1774.09721,1776.47996,0.68079,0.54482
2021.05.03 06:00,1,1774.34800,1773.64671,1776.10121,0.70129,0.57301
2021.05.03 07:45,1,1776.00800,1774.80229,1779.02229,1.20571,0.55683
2021.05.05 04:00,-1,1782.10800,1782.73393,1780.54318,0.62593,0.57017
2021.05.05 05:45,-1,1778.24500,1778.94079,1776.50554,0.69579,0.51165
2021.05.06 02:00,1,1786.67800,1785.38864,1789.90139,1.28936,0.61495
2021.05.06 13:15,1,1793.20800,1790.73850,1799.38175,2.46950,0.62884
2021.05.07 02:00,1,1814.15800,1812.99443,1817.06693,1.16357,0.65153
2021.05.07 13:00,1,1832.97800,1828.66614,1843.75764,4.31186,0.54076
2021.05.12 04:00,1,1828.38600,1827.40514,1830.83814,0.98086,0.54755
2021.05.12 05:30,1,1828.99500,1828.30771,1830.71321,0.68729,0.55019
2021.05.12 07:30,1,1833.55500,1832.30436,1836.68161,1.25064,0.50564
2021.05.14 04:00,1,1822.32500,1821.38300,1824.68000,0.94200,0.57714
2021.05.14 05:45,1,1826.63800,1825.64021,1829.13246,0.99779,0.50884
2021.05.14 07:45,1,1833.04800,1831.80607,1836.15282,1.24193,0.56416
2021.05.14 13:00,1,1836.89800,1834.67493,1842.45568,2.22307,0.53611
2021.05.14 17:15,1,1837.74500,1836.91286,1839.82536,0.83214,0.53699
2021.05.14 18:45,1,1841.60500,1840.90700,1843.35000,0.69800,0.50652
2021.05.17 01:00,1,1848.48800,1847.41357,1851.17407,1.07443,0.54496
2021.05.17 02:45,1,1851.25800,1850.17821,1853.95746,1.07979,0.58362
2021.05.17 13:00,1,1847.01500,1845.11371,1851.76821,1.90129,0.64681
2021.05.17 20:45,1,1866.23800,1865.83100,1867.25550,0.40700,0.53210
2021.05.19 09:15,-1,1859.57800,1861.22893,1855.45068,1.65093,0.58810
2021.05.19 11:15,-1,1854.45500,1856.29036,1849.86661,1.83536,0.61453
2021.05.19 14:45,1,1883.69500,1879.39779,1894.43804,4.29721,0.56691
2021.05.19 16:30,-1,1880.58800,1881.68807,1877.83782,1.10007,0.52960
2021.05.20 01:45,1,1871.47400,1869.56493,1876.24668,1.90907,0.63356
2021.05.20 13:15,1,1871.94800,1869.89250,1877.08675,2.05550,0.51069
2021.05.24 13:00,1,1879.09800,1877.52114,1883.04014,1.57686,0.50663
2021.05.24 14:30,1,1883.53800,1881.00400,1889.87300,2.53400,0.52799
2021.05.25 13:15,1,1880.82800,1879.15064,1885.02139,1.67736,0.58412
2021.05.25 16:00,1,1891.65800,1890.51950,1894.50425,1.13850,0.50966
2021.05.25 18:30,1,1898.45800,1897.51557,1900.81407,0.94243,0.55185
2021.05.26 02:15,1,1905.68500,1904.35464,1909.01089,1.33036,0.62464
2021.05.26 05:45,1,1903.36800,1902.46129,1905.63479,0.90671,0.57659
2021.05.26 07:15,1,1904.68500,1903.32229,1908.09179,1.36271,0.56662
2021.05.31 02:15,1,1908.60500,1907.42579,1911.55304,1.17921,0.58544
2021.06.01 01:00,1,1908.02800,1907.11764,1910.30389,0.91036,0.56824
2021.06.01 13:00,-1,1908.98800,1910.47943,1905.25943,1.49143,0.52548
2021.06.01 14:30,-1,1895.93800,1899.12843,1887.96193,3.19043,0.51823
2021.06.03 13:15,-1,1877.80500,1881.04786,1869.69786,3.24286,0.58757
2021.06.03 15:30,-1,1869.30800,1871.12950,1864.75425,1.82150,0.52462
2021.06.07 16:30,1,1895.05800,1894.14021,1897.35246,0.91779,0.51421
2021.06.07 19:00,1,1899.35800,1898.48879,1901.53104,0.86921,0.51175
2021.06.08 09:00,1,1892.55800,1891.32686,1895.63586,1.23114,0.51003
2021.06.08 10:45,1,1894.24800,1893.11600,1897.07800,1.13200,0.50951
2021.06.10 04:15,-1,1885.38800,1885.96136,1883.95461,0.57336,0.63765
2021.06.10 07:00,-1,1883.06800,1884.38107,1879.78532,1.31307,0.61334
2021.06.10 09:45,-1,1880.66400,1881.65129,1878.19579,0.98729,0.60838
2021.06.10 11:30,-1,1877.70500,1878.72979,1875.14304,1.02479,0.54516
2021.06.10 14:45,1,1888.69400,1886.45371,1894.29471,2.24029,0.50835
2021.06.11 08:45,-1,1895.02800,1896.33843,1891.75193,1.31043,0.50772
2021.06.11 10:15,-1,1893.13800,1894.41586,1889.94336,1.27786,0.52967
2021.06.11 11:45,-1,1884.07800,1885.32300,1880.96550,1.24500,0.51230
2021.06.14 05:00,-1,1864.28800,1865.84829,1860.38729,1.56029,0.54056
2021.06.14 07:00,-1,1859.58800,1861.39536,1855.06961,1.80736,0.55404
2021.06.14 09:00,-1,1859.09800,1860.32393,1856.03318,1.22593,0.58326
2021.06.14 11:45,-1,1848.23800,1849.77643,1844.39193,1.53843,0.56199
2021.06.16 09:00,-1,1858.90800,1859.70743,1856.90943,0.79943,0.61460
2021.06.16 10:30,-1,1857.44800,1858.30729,1855.29979,0.85929,0.55743
2021.06.16 13:45,1,1858.97800,1857.39236,1862.94211,1.58564,0.52722
2021.06.16 16:45,-1,1859.15800,1860.24793,1856.43318,1.08993,0.62235
2021.06.16 19:45,-1,1827.93500,1831.23050,1819.69625,3.29550,0.50623
2021.06.17 04:45,-1,1821.45800,1822.10343,1819.84443,0.64543,0.58130
2021.06.17 07:00,-1,1811.01800,1813.12243,1805.75693,2.10443,0.53865
2021.06.17 08:30,-1,1806.10800,1807.89800,1801.63300,1.79000,0.64372
2021.06.17 10:00,-1,1804.59800,1806.11636,1800.80211,1.51836,0.64798
2021.06.17 11:30,-1,1792.35800,1794.40621,1787.23746,2.04821,0.62032
2021.06.18 13:00,-1,1775.63800,1779.09443,1766.99693,3.45643,0.50704
2021.06.18 15:45,-1,1774.04800,1776.55607,1767.77782,2.50807,0.53330
2021.06.18 18:00,-1,1772.45800,1774.29900,1767.85550,1.84100,0.53798
2021.06.18 19:30,-1,1770.49800,1771.82950,1767.16925,1.33150,0.53022
2021.06.22 04:15,-1,1788.38800,1789.18493,1786.39568,0.79693,0.56311
2021.06.22 07:15,-1,1779.79800,1781.58257,1775.33657,1.78457,0.50804
2021.06.23 16:15,-1,1786.14800,1787.20736,1783.49961,1.05936,0.52607
2021.06.24 13:30,-1,1783.05800,1785.08186,1777.99836,2.02386,0.53372
2021.06.28 08:00,-1,1778.04800,1779.01171,1775.63871,0.96371,0.57856
2021.06.28 10:00,-1,1776.39800,1777.47779,1773.69854,1.07979,0.60483
2021.06.28 11:45,-1,1777.48800,1778.54736,1774.83961,1.05936,0.52541
2021.06.29 09:00,-1,1769.34800,1770.83586,1765.62836,1.48786,0.59239
2021.06.29 10:45,-1,1768.89800,1769.90750,1766.37425,1.00950,0.56130
2021.07.01 01:30,1,1770.78500,1769.78164,1773.29339,1.00336,0.65998
2021.07.01 06:45,1,1777.76500,1776.54064,1780.82589,1.22436,0.51238
2021.07.02 08:00,1,1781.27100,1779.96879,1784.52654,1.30221,0.56591
2021.07.02 10:00,1,1783.03800,1781.98907,1785.66032,1.04893,0.58594
2021.07.02 11:30,1,1786.66800,1785.42900,1789.76550,1.23900,0.50096
2021.07.05 04:00,1,1786.92500,1786.23500,1788.65000,0.69000,0.50987
2021.07.06 01:15,1,1793.24800,1792.42807,1795.29782,0.81993,0.66137
2021.07.06 02:45,1,1797.41800,1796.07529,1800.77479,1.34271,0.64715
2021.07.06 13:45,-1,1811.14800,1813.60679,1805.00104,2.45879,0.52504
2021.07.07 01:00,1,1797.44800,1796.48400,1799.85800,0.96400,0.60513
2021.07.07 02:45,1,1800.87800,1799.91957,1803.27407,0.95843,0.60966
2021.07.08 04:45,1,1797.73800,1797.11964,1799.28389,0.61836,0.56151
2021.07.08 10:15,1,1808.89800,1807.15279,1813.26104,1.74521,0.58823
2021.07.08 11:45,1,1813.41800,1811.40300,1818.45550,2.01500,0.58236
2021.07.09 13:00,1,1802.25800,1800.42579,1806.83854,1.83221,0.54949
2021.07.13 13:00,1,1809.74800,1805.58757,1820.14907,4.16043,0.55629
2021.07.14 02:00,1,1809.41800,1808.28443,1812.25193,1.13357,0.64139
2021.07.15 05:15,1,1827.20800,1826.42286,1829.17086,0.78514,0.65708
2021.07.15 06:45,1,1831.07800,1829.83621,1834.18246,1.24179,0.62061
2021.07.16 10:30,-1,1822.21500,1823.08500,1820.04000,0.87000,0.54536
2021.07.16 14:30,-1,1813.94800,1816.82250,1806.76175,2.87450,0.52014
2021.07.19 04:30,-1,1813.75800,1814.41393,1812.11818,0.65593,0.52026
2021.07.19 08:00,-1,1803.53800,1804.85357,1800.24907,1.31557,0.53522
2021.07.19 10:45,-1,1803.72800,1804.81471,1801.01121,1.08671,0.54131
2021.07.20 13:30,-1,1822.85800,1824.71036,1818.22711,1.85236,0.51534
2021.07.21 09:15,-1,1805.97800,1807.35050,1802.54675,1.37250,0.56274
2021.07.21 11:30,-1,1801.68800,1802.90843,1798.63693,1.22043,0.52733
2021.07.23 04:15,1,1802.99800,1802.41557,1804.45407,0.58243,0.62547
2021.07.23 06:00,1,1803.49800,1802.68771,1805.52371,0.81029,0.66316
2021.07.23 07:30,1,1807.15800,1805.99400,1810.06800,1.16400,0.63854
2021.07.23 11:45,-1,1803.01800,1804.75807,1798.66782,1.74007,0.51512
2021.07.23 14:30,1,1795.30800,1793.36207,1800.17282,1.94593,0.51639
2021.07.26 02:30,1,1804.72800,1803.82429,1806.98729,0.90371,0.54826
2021.07.26 13:30,-1,1804.17500,1806.03429,1799.52679,1.85929,0.52841
2021.07.26 15:45,-1,1799.52800,1800.87129,1796.16979,1.34329,0.53377
2021.07.28 04:30,-1,1805.94800,1806.47021,1804.64246,0.52221,0.57151
2021.07.28 07:15,-1,1805.08800,1805.93936,1802.95961,0.85136,0.54344
2021.07.28 13:15,1,1798.05800,1796.88629,1800.98729,1.17171,0.50218
2021.07.28 17:15,1,1800.80800,1800.29257,1802.09657,0.51543,0.53620
2021.07.28 18:45,1,1802.14800,1799.31464,1809.23139,2.83336,0.51467
2021.07.29 01:45,1,1815.42800,1813.92750,1819.17925,1.50050,0.60122
2021.07.29 08:00,1,1817.32800,1816.10407,1820.38782,1.22393,0.54142
2021.07.29 09:30,1,1820.68800,1819.19221,1824.42746,1.49579,0.52137
2021.07.29 11:00,1,1823.98800,1823.10871,1826.18621,0.87929,0.51367
2021.08.02 04:45,-1,1810.53800,1811.01379,1809.34854,0.47579,0.50891
2021.08.02 07:00,-1,1807.34800,1808.75657,1803.82657,1.40857,0.54009
2021.08.05 04:45,1,1810.86500,1810.39464,1812.04089,0.47036,0.53721
2021.08.05 13:30,-1,1800.75800,1802.41700,1796.61050,1.65900,0.59927
2021.08.05 15:45,-1,1804.07800,1805.41943,1800.72443,1.34143,0.52814
2021.08.08 22:00,-1,1759.77800,1760.97486,1756.78586,1.19686,0.61383
2021.08.11 13:30,1,1742.01800,1738.21357,1751.52907,3.80443,0.52077
2021.08.11 16:00,1,1747.89800,1746.41786,1751.59836,1.48014,0.52195
2021.08.11 18:00,1,1752.38800,1750.80950,1756.33425,1.57850,0.50425
2021.08.12 04:00,1,1751.25800,1750.54243,1753.04693,0.71557,0.62937
2021.08.12 06:15,1,1753.40800,1752.41486,1755.89086,0.99314,0.63184
2021.08.12 07:45,1,1756.65800,1755.35079,1759.92604,1.30721,0.55003
2021.08.13 13:15,1,1763.91800,1762.10307,1768.45532,1.81493,0.54149
2021.08.16 13:00,1,1782.29800,1780.29329,1787.30979,2.00471,0.60520
2021.08.16 14:45,1,1788.48800,1786.68050,1793.00675,1.80750,0.53028
2021.08.17 04:45,1,1785.94800,1785.37871,1787.37121,0.56929,0.62659
2021.08.17 07:45,1,1792.75800,1791.51707,1795.86032,1.24093,0.57940
2021.08.20 02:15,1,1782.74800,1781.77479,1785.18104,0.97321,0.52267
2021.08.23 08:00,1,1785.27800,1784.32350,1787.66425,0.95450,0.61324
2021.08.23 09:45,1,1788.06500,1787.14993,1790.35268,0.91507,0.58357
2021.08.23 13:00,1,1803.74800,1802.03093,1808.04068,1.71707,0.55976
2021.08.23 14:30,1,1802.49500,1799.83857,1809.13607,2.65643,0.52733
2021.08.24 13:30,1,1804.16400,1802.00664,1809.55739,2.15736,0.51673
2021.08.27 04:00,1,1798.10800,1797.45493,1799.74068,0.65307,0.55722
2021.08.27 07:30,1,1800.34800,1799.46536,1802.55461,0.88264,0.59146
2021.08.27 13:00,1,1791.68500,1789.87214,1796.21714,1.81286,0.58846
2021.08.27 18:30,1,1817.88900,1816.84721,1820.49346,1.04179,0.53952
2021.08.30 02:15,1,1816.14800,1814.77750,1819.57425,1.37050,0.50758
2021.08.31 01:45,1,1812.64800,1811.85393,1814.63318,0.79407,0.67841
2021.08.31 16:00,1,1809.67800,1807.94993,1813.99818,1.72807,0.52706
2021.09.01 05:00,-1,1813.87800,1814.40786,1812.55336,0.52986,0.53011
2021.09.02 04:15,1,1811.40800,1810.89014,1812.70264,0.51786,0.50943
2021.09.03 01:30,1,1811.09500,1810.39879,1812.83554,0.69621,0.53603
2021.09.03 09:30,1,1813.12800,1812.58857,1814.47657,0.53943,0.53148
2021.09.07 04:30,-1,1821.75800,1822.35657,1820.26157,0.59857,0.50659
2021.09.07 10:30,-1,1810.71800,1811.85636,1807.87211,1.13836,0.52406
2021.09.07 13:45,-1,1809.70700,1811.68500,1804.76200,1.97800,0.54722
2021.09.13 01:15,1,1786.30500,1785.33029,1788.74179,0.97471,0.51684
2021.09.14 14:30,1,1806.09400,1803.18100,1813.37650,2.91300,0.50210
2021.09.16 09:15,-1,1782.74400,1783.61093,1780.57668,0.86693,0.71098
2021.09.16 10:45,-1,1779.46700,1781.07464,1775.44789,1.60764,0.72110
2021.09.16 13:15,-1,1757.59400,1760.16321,1751.17096,2.56921,0.59993
2021.09.16 14:45,-1,1753.85400,1757.45264,1744.85739,3.59864,0.54219
2021.09.20 01:00,-1,1752.08800,1752.77414,1750.37264,0.68614,0.57182
2021.09.20 05:00,1,1749.20400,1748.23886,1751.61686,0.96514,0.54251
2021.09.21 09:15,1,1764.70400,1763.70129,1767.21079,1.00271,0.61142
2021.09.21 11:30,1,1767.48400,1766.56271,1769.78721,0.92129,0.62256
2021.09.22 16:45,-1,1777.98800,1778.82529,1775.89479,0.83729,0.50003
2021.09.23 13:00,-1,1758.53400,1760.72779,1753.04954,2.19379,0.56784
2021.09.23 15:45,-1,1751.71400,1753.78557,1746.53507,2.07157,0.54988
2021.09.28 05:00,-1,1751.59800,1752.09400,1750.35800,0.49600,0.55937
2021.09.28 07:45,-1,1743.70400,1745.87557,1738.27507,2.17157,0.55619
2021.09.28 09:15,-1,1742.23400,1743.56043,1738.91793,1.32643,0.62267
2021.09.28 10:45,-1,1733.48800,1734.83529,1730.11979,1.34729,0.53335
2021.09.29 13:45,-1,1736.70500,1739.03021,1730.89196,2.32521,0.56589
2021.09.29 15:45,-1,1730.53800,1732.38964,1725.90889,1.85164,0.61020
2021.09.30 13:00,1,1737.35600,1735.09243,1743.01493,2.26357,0.54332
2021.10.06 04:00,-1,1753.07800,1753.76757,1751.35407,0.68957,0.52963
2021.10.06 05:30,-1,1751.85500,1752.77314,1749.55964,0.91814,0.50362
2021.10.06 07:45,-1,1747.75800,1749.46943,1743.47943,1.71143,0.52092
2021.10.06 09:30,1,1748.03800,1746.85629,1750.99229,1.18171,0.51531
2021.10.07 04:30,1,1759.06800,1758.46950,1760.56425,0.59850,0.63359
2021.10.07 06:00,1,1760.16800,1759.25114,1762.46014,0.91686,0.60632
2021.10.07 07:45,1,1765.86800,1764.61707,1768.99532,1.25093,0.54495
2021.10.08 08:45,1,1755.65800,1754.74950,1757.92925,0.90850,0.54726
2021.10.11 16:30,-1,1756.70500,1757.35729,1755.07429,0.65229,0.54135
2021.10.11 19:45,-1,1753.18800,1753.66207,1752.00282,0.47407,0.51915
2021.10.12 10:00,1,1759.59800,1758.73000,1761.76800,0.86800,0.56857
2021.10.12 11:45,1,1757.50800,1756.46829,1760.10729,1.03971,0.52506
2021.10.13 09:15,1,1767.31300,1766.46300,1769.43800,0.85000,0.55119
2021.10.13 11:45,1,1761.53800,1760.57300,1763.95050,0.96500,0.53064
2021.10.14 04:15,1,1788.60800,1788.09893,1789.88068,0.50907,0.55935
2021.10.14 07:15,1,1792.02800,1790.92443,1794.78693,1.10357,0.55452
2021.10.15 09:15,-1,1782.65800,1783.86071,1779.65121,1.20271,0.56602
2021.10.15 11:30,-1,1778.52400,1779.61336,1775.80061,1.08936,0.51514
2021.10.18 04:30,-1,1767.06800,1767.61179,1765.70854,0.54379,0.53208
2021.10.18 06:00,-1,1762.25800,1763.18429,1759.94229,0.92629,0.53668
2021.10.18 07:45,-1,1764.28800,1765.83043,1760.43193,1.54243,0.50081
2021.10.19 01:30,1,1769.42800,1768.60336,1771.48961,0.82464,0.51149
2021.10.19 07:15,1,1779.20800,1778.12064,1781.92639,1.08736,0.51429
2021.10.20 02:15,1,1769.74400,1768.69129,1772.37579,1.05271,0.51009
2021.10.22 04:30,1,1786.64800,1786.19557,1787.77907,0.45243,0.56861
2021.10.22 06:00,1,1787.26400,1786.65600,1788.78400,0.60800,0.54906
2021.10.22 07:45,1,1793.09400,1791.75086,1796.45186,1.34314,0.53315
2021.10.26 01:00,-1,1805.97800,1806.50014,1804.67264,0.52214,0.50433
2021.10.26 13:30,-1,1791.30800,1794.12386,1784.26836,2.81586,0.53012
2021.10.27 02:45,-1,1789.04800,1789.77371,1787.23371,0.72571,0.52228
2021.11.03 13:00,-1,1771.92400,1774.10129,1766.48079,2.17729,0.59654
2021.11.03 14:45,-1,1763.18800,1765.75071,1756.78121,2.56271,0.53797
2021.11.05 13:00,1,1795.54800,1792.03093,1804.34068,3.51707,0.50214
2021.11.05 17:45,1,1813.64400,1812.64243,1816.14793,1.00157,0.56079
2021.11.05 19:15,1,1817.23800,1816.31614,1819.54264,0.92186,0.52951
2021.11.08 02:15,1,1819.40300,1817.97336,1822.97711,1.42964,0.59822
2021.11.08 13:00,1,1817.16300,1816.04721,1819.95246,1.11579,0.50115
2021.11.10 13:00,1,1826.82300,1825.92800,1829.06050,0.89500,0.57422
2021.11.11 02:00,1,1845.06800,1843.70257,1848.48157,1.36543,0.50365
2021.11.16 08:30,1,1865.46800,1864.22329,1868.57979,1.24471,0.60753
2021.11.16 10:15,1,1873.03400,1871.63071,1876.54221,1.40329,0.61366
2021.11.16 11:45,1,1870.60800,1869.61029,1873.10229,0.99771,0.60932
2021.11.19 04:30,-1,1863.13400,1863.70171,1861.71471,0.56771,0.54835
2021.11.19 08:00,1,1859.00800,1857.91314,1861.74514,1.09486,0.51746
2021.11.19 10:45,1,1859.59400,1857.71079,1864.30204,1.88321,0.54237
2021.11.22 13:15,-1,1838.43800,1839.92400,1834.72300,1.48600,0.50077
2021.11.23 09:15,-1,1798.16400,1800.17350,1793.14025,2.00950,0.60197
2021.11.23 10:45,-1,1796.64800,1798.39014,1792.29264,1.74214,0.60803
2021.11.23 13:15,-1,1787.87800,1790.19314,1782.09014,2.31514,0.51031
2021.11.26 02:00,1,1792.04800,1790.95079,1794.79104,1.09721,0.59549
2021.11.26 04:30,1,1797.65800,1796.75093,1799.92568,0.90707,0.53888
2021.11.26 06:00,1,1798.21800,1797.43550,1800.17425,0.78250,0.57098
2021.11.26 07:30,1,1803.48900,1801.92750,1807.39275,1.56150,0.54272
2021.11.26 09:45,1,1809.62500,1806.68900,1816.96500,2.93600,0.58959
2021.11.26 11:45,1,1805.99800,1804.16607,1810.57782,1.83193,0.52975
2021.11.30 13:15,-1,1792.41800,1794.26429,1787.80229,1.84629,0.55428
2021.11.30 18:45,-1,1776.42800,1778.02700,1772.43050,1.59900,0.57886
2021.12.02 13:15,-1,1775.17800,1776.77264,1771.19139,1.59464,0.59985
2021.12.02 15:30,-1,1768.67800,1771.96821,1760.45246,3.29021,0.50848
2021.12.03 19:30,1,1782.57800,1781.56750,1785.10425,1.01050,0.50089
2021.12.08 01:15,1,1785.32800,1784.66586,1786.98336,0.66214,0.64803
2021.12.08 02:45,1,1787.80500,1787.04329,1789.70929,0.76171,0.63932
2021.12.08 11:30,-1,1788.56800,1789.76629,1785.57229,1.19829,0.52145
2021.12.08 16:45,1,1782.45500,1781.42964,1785.01839,1.02536,0.52358
2021.12.08 18:45,1,1784.43800,1783.64114,1786.43014,0.79686,0.50754
2021.12.09 09:00,-1,1783.48800,1784.63714,1780.61514,1.14914,0.52086
2021.12.09 10:30,-1,1783.91800,1784.83050,1781.63675,0.91250,0.54976
2021.12.09 17:30,-1,1777.37800,1778.25764,1775.17889,0.87964,0.52933
2021.12.10 05:15,-1,1777.29500,1777.88800,1775.81250,0.59300,0.60951
2021.12.10 07:15,-1,1772.13500,1773.13286,1769.64036,0.99786,0.57415
2021.12.14 13:00,-1,1783.70800,1784.51521,1781.68996,0.80721,0.59906
2021.12.14 15:00,-1,1773.41800,1775.94343,1767.10443,2.52543,0.57913
2021.12.15 01:45,-1,1772.57800,1773.41957,1770.47407,0.84157,0.55191
2021.12.15 14:00,-1,1769.99800,1771.52007,1766.19282,1.52207,0.56301
2021.12.15 15:30,-1,1766.74500,1768.68214,1761.90214,1.93714,0.50914
2021.12.16 10:00,1,1786.09500,1785.22136,1788.27911,0.87364,0.50309
2021.12.16 13:00,1,1788.88900,1787.45836,1792.46561,1.43064,0.53194
2021.12.17 01:15,1,1798.65500,1797.88386,1800.58286,0.77114,0.56197
2021.12.17 04:00,1,1803.24800,1802.18357,1805.90907,1.06443,0.52398
2021.12.17 05:30,1,1804.21500,1803.47857,1806.05607,0.73643,0.57641
2021.12.17 07:15,1,1807.10900,1806.06279,1809.72454,1.04621,0.52348
2021.12.20 08:30,-1,1799.67800,1800.67943,1797.17443,1.00143,0.61242
2021.12.20 10:45,-1,1797.94800,1798.87214,1795.63764,0.92414,0.62843
2021.12.20 17:00,-1,1794.15800,1795.24193,1791.44818,1.08393,0.52838
2021.12.20 18:30,-1,1793.17800,1793.87579,1791.43354,0.69779,0.51984
2021.12.21 14:00,-1,1796.23800,1797.64943,1792.70943,1.41143,0.51454
2021.12.22 10:15,1,1789.88800,1789.25629,1791.46729,0.63171,0.55517
2021.12.22 17:30,1,1799.34800,1798.44900,1801.59550,0.89900,0.52980
2021.12.22 19:45,1,1803.56500,1802.99886,1804.98036,0.56614,0.50277
2021.12.23 01:15,1,1804.80800,1804.16300,1806.42050,0.64500,0.55608
2021.12.27 01:00,1,1810.41400,1809.76471,1812.03721,0.64929,0.60652
2021.12.27 02:45,1,1810.85400,1810.16886,1812.56686,0.68514,0.60598
2021.12.27 13:00,1,1806.14500,1805.51414,1807.72214,0.63086,0.58608
2021.12.28 05:00,1,1810.90800,1810.57343,1811.74443,0.33457,0.60776
2021.12.28 06:45,1,1814.89400,1814.13800,1816.78400,0.75600,0.52630
2021.12.28 08:15,1,1814.94800,1814.17679,1816.87604,0.77121,0.56253
2021.12.28 10:00,1,1815.54400,1814.96436,1816.99311,0.57964,0.58322
2021.12.30 17:00,1,1813.34800,1812.09693,1816.47568,1.25107,0.50578
2021.12.30 18:30,1,1813.63800,1812.82036,1815.68211,0.81764,0.59035
2021.12.30 20:00,1,1815.85800,1815.32357,1817.19407,0.53443,0.53042
2021.12.30 21:30,1,1815.11800,1814.55557,1816.52407,0.56243,0.55439
2021.12.31 20:00,1,1827.51400,1826.84486,1829.18686,0.66914,0.58302
2021.12.31 21:30,1,1828.25400,1827.77771,1829.44471,0.47629,0.54538
2022.01.03 02:15,1,1827.57800,1826.76693,1829.60568,0.81107,0.50178
2022.01.03 13:00,-1,1814.52800,1815.35343,1812.46443,0.82543,0.52243
2022.01.05 08:00,1,1815.73800,1814.86943,1817.90943,0.86857,0.58181
2022.01.05 10:45,1,1818.22800,1817.33014,1820.47264,0.89786,0.59320
2022.01.05 13:15,1,1821.01800,1819.89279,1823.83104,1.12521,0.51930
2022.01.06 09:30,-1,1794.27400,1795.66621,1790.79346,1.39221,0.52552
2022.01.06 11:45,-1,1791.55800,1792.69314,1788.72014,1.13514,0.53460
2022.01.10 08:15,1,1794.32800,1793.25136,1797.01961,1.07664,0.61876
2022.01.10 10:15,1,1799.46500,1798.47236,1801.94661,0.99264,0.54215
2022.01.10 13:15,-1,1795.19800,1796.83643,1791.10193,1.63843,0.52614
2022.01.10 17:00,1,1794.29500,1793.41321,1796.49946,0.88179,0.55319
2022.01.10 18:30,1,1800.13800,1798.88700,1803.26550,1.25100,0.51504
2022.01.11 01:00,1,1804.66800,1803.87443,1806.65193,0.79357,0.62056
2022.01.11 02:45,1,1805.82800,1805.22014,1807.34764,0.60786,0.59233
2022.01.11 05:30,1,1807.72500,1807.22314,1808.97964,0.50186,0.52124
2022.01.11 07:45,1,1809.04500,1808.08657,1811.44107,0.95843,0.52548
2022.01.11 13:45,1,1805.52800,1804.25029,1808.72229,1.27771,0.61362
2022.01.12 13:30,1,1823.60800,1822.21536,1827.08961,1.39264,0.55378
2022.01.12 15:00,1,1823.74400,1821.79850,1828.60775,1.94550,0.51198
2022.01.12 17:45,1,1826.01800,1825.17479,1828.12604,0.84321,0.55974
2022.01.12 19:30,1,1827.67800,1827.01914,1829.32514,0.65886,0.53714
2022.01.13 18:00,1,1820.58800,1819.68414,1822.84764,0.90386,0.53175
2022.01.14 01:15,1,1822.45800,1821.61300,1824.57050,0.84500,0.51511
2022.01.14 08:45,-1,1824.23400,1825.29836,1821.57311,1.06436,0.54815
2022.01.14 11:45,-1,1820.74800,1821.64921,1818.49496,0.90121,0.50510
2022.01.18 01:00,-1,1819.78800,1820.36171,1818.35371,0.57371,0.55866
2022.01.18 02:45,-1,1816.28500,1816.79379,1815.01304,0.50879,0.56651
2022.01.18 08:15,-1,1814.23800,1815.61629,1810.79229,1.37829,0.51116
2022.01.19 09:00,1,1815.62400,1814.44279,1818.57704,1.18121,0.52172
2022.01.19 16:15,1,1839.25400,1837.97643,1842.44793,1.27757,0.58637
2022.01.19 17:45,1,1840.29500,1839.19714,1843.03964,1.09786,0.65723
2022.01.19 19:15,1,1841.10800,1840.31814,1843.08264,0.78986,0.59337
2022.01.20 13:00,1,1839.40400,1838.26729,1842.24579,1.13671,0.50954
2022.01.21 08:00,-1,1837.17800,1838.37871,1834.17621,1.20071,0.51408
2022.01.21 11:30,-1,1833.36800,1834.02143,1831.73443,0.65343,0.51861
2022.01.24 16:30,1,1833.21800,1831.69779,1837.01854,1.52021,0.54519
2022.01.25 13:15,1,1841.06800,1839.91157,1843.95907,1.15643,0.55914
2022.01.27 13:15,-1,1806.14800,1808.08850,1801.29675,1.94050,0.57635
2022.01.28 09:30,-1,1792.15800,1793.33764,1789.20889,1.17964,0.50978
2022.01.31 08:30,-1,1792.05500,1793.32679,1788.87554,1.27179,0.50063
2022.02.01 04:30,1,1798.19800,1797.58807,1799.72282,0.60993,0.61069
2022.02.01 06:15,1,1802.20800,1801.46607,1804.06282,0.74193,0.56761
2022.02.01 08:15,1,1802.69800,1801.51907,1805.64532,1.17893,0.59516
2022.02.01 10:15,1,1806.47800,1805.69250,1808.44175,0.78550,0.53940
2022.02.02 08:00,1,1797.45800,1796.44729,1799.98479,1.01071,0.55060
2022.02.04 08:00,1,1807.66800,1806.64900,1810.21550,1.01900,0.55861
2022.02.04 11:00,1,1811.36800,1810.30936,1814.01461,1.05864,0.51133
2022.02.07 04:30,1,1810.25800,1809.68136,1811.69961,0.57664,0.58217
2022.02.07 07:00,1,1811.19800,1810.43414,1813.10764,0.76386,0.57944
2022.02.07 13:30,1,1814.58800,1813.19407,1818.07282,1.39393,0.59053
2022.02.07 15:30,1,1815.45800,1813.79021,1819.62746,1.66779,0.53081
2022.02.07 17:00,1,1817.91800,1816.90929,1820.43979,1.00871,0.59005
2022.02.07 19:45,1,1822.22400,1821.52814,1823.96364,0.69586,0.54149
2022.02.08 13:00,1,1819.73800,1818.98436,1821.62211,0.75364,0.53347
2022.02.08 14:30,1,1822.42800,1820.87171,1826.31871,1.55629,0.50085
2022.02.09 16:45,1,1832.42900,1831.46143,1834.84793,0.96757,0.61089
2022.02.09 18:15,1,1835.47400,1834.66186,1837.50436,0.81214,0.58422
2022.02.09 19:45,1,1833.27800,1832.78600,1834.50800,0.49200,0.55542
2022.02.11 16:45,1,1836.61800,1835.21214,1840.13264,1.40586,0.59160
2022.02.11 18:15,1,1840.53400,1839.50814,1843.09864,1.02586,0.61799
2022.02.14 13:00,1,1854.00800,1852.21557,1858.48907,1.79243,0.52614
2022.02.15 01:30,1,1870.99800,1870.21700,1872.95050,0.78100,0.58732
2022.02.17 05:30,1,1874.44800,1872.98264,1878.11139,1.46536,0.58043
2022.02.17 07:45,1,1875.96800,1874.86143,1878.73443,1.10657,0.54934
2022.02.17 11:00,1,1884.97800,1883.61621,1888.38246,1.36179,0.56018
2022.02.17 16:15,1,1894.65800,1892.72236,1899.49711,1.93564,0.52480
2022.02.17 17:45,1,1897.59800,1895.97729,1901.64979,1.62071,0.55584
2022.02.17 19:45,1,1899.84800,1898.61071,1902.94121,1.23729,0.54677
2022.02.18 04:15,1,1890.28800,1889.66193,1891.85318,0.62607,0.50362
2022.02.21 04:30,1,1892.58800,1891.67593,1894.86818,0.91207,0.52039
2022.02.23 13:00,1,1897.10800,1895.98871,1899.90621,1.11929,0.50999
2022.02.23 14:45,1,1906.16800,1904.40314,1910.58014,1.76486,0.53326
2022.02.24 01:00,1,1910.64800,1909.39043,1913.79193,1.25757,0.51510
2022.02.24 02:30,1,1914.95800,1913.87064,1917.67639,1.08736,0.58515
2022.02.24 06:45,1,1942.24800,1939.70329,1948.60979,2.54471,0.51062
2022.03.01 17:45,1,1934.72800,1932.11000,1941.27300,2.61800,0.52993
2022.03.01 19:15,1,1938.19800,1935.77543,1944.25443,2.42257,0.50719
2022.03.02 04:30,1,1936.69800,1935.67314,1939.26014,1.02486,0.57762
2022.03.02 06:15,1,1937.26800,1935.54729,1941.56979,1.72071,0.55096
2022.03.03 16:45,1,1930.38000,1928.32086,1935.52786,2.05914,0.56204
2022.03.03 19:45,1,1935.15800,1933.98871,1938.08121,1.16929,0.53367
2022.03.04 08:00,1,1935.46600,1933.94771,1939.26171,1.51829,0.50327
2022.03.04 13:30,1,1944.01900,1941.59829,1950.07079,2.42071,0.50029
2022.03.04 16:45,1,1962.61800,1960.38750,1968.19425,2.23050,0.55445
2022.03.04 18:45,1,1965.02800,1963.41193,1969.06818,1.61607,0.53973
2022.03.07 16:30,1,1979.39000,1974.91371,1990.58071,4.47629,0.53877
2022.03.07 19:30,1,1994.27800,1991.52150,2001.16925,2.75650,0.50535
2022.03.08 04:00,1,1986.13800,1984.99700,1988.99050,1.14100,0.62587
2022.03.08 05:45,1,1993.89800,1992.38443,1997.68193,1.51357,0.63466
2022.03.08 13:30,1,2018.38800,2014.17314,2028.92514,4.21486,0.53872
2022.03.10 08:45,1,1983.69800,1980.47921,1991.74496,3.21879,0.51482
2022.03.15 02:45,-1,1942.05800,1943.91371,1937.41871,1.85571,0.51815
2022.03.16 16:00,1,1909.39900,1907.16343,1914.98793,2.23557,0.50067
2022.03.16 17:30,1,1908.97800,1907.38871,1912.95121,1.58929,0.53069
2022.03.17 01:15,1,1930.47800,1929.16150,1933.76925,1.31650,0.57131
2022.03.17 02:45,1,1936.21800,1934.84021,1939.66246,1.37779,0.54123
2022.03.17 08:00,1,1935.90800,1934.18043,1940.22693,1.72757,0.56902
2022.03.17 09:30,1,1942.19300,1940.16279,1947.26854,2.03021,0.62402
2022.03.17 11:00,1,1945.11800,1943.02679,1950.34604,2.09121,0.50662
2022.03.17 13:30,1,1942.82800,1939.81957,1950.34907,3.00843,0.54259
2022.03.23 16:30,1,1933.58800,1931.76950,1938.13425,1.81850,0.58362
2022.03.23 19:00,1,1939.63300,1938.53550,1942.37675,1.09750,0.56275
2022.03.24 08:15,1,1942.93800,1941.48964,1946.55889,1.44836,0.56751
2022.03.24 09:45,1,1940.60800,1939.36879,1943.70604,1.23921,0.58965
2022.03.24 11:15,1,1945.93800,1944.47250,1949.60175,1.46550,0.50051
2022.03.24 13:45,1,1953.34800,1950.41129,1960.68979,2.93671,0.51669
2022.03.28 04:00,-1,1944.00000,1945.07464,1941.31339,1.07464,0.52874
2022.03.28 05:30,-1,1939.10700,1940.21400,1936.33950,1.10700,0.51244
2022.03.28 08:00,-1,1932.21800,1934.25200,1927.13300,2.03400,0.54636
2022.03.28 10:45,-1,1927.86000,1929.34586,1924.14536,1.48586,0.54888
2022.03.29 08:45,-1,1913.60300,1915.38679,1909.14354,1.78379,0.62596
2022.03.29 10:30,-1,1914.29800,1916.19307,1909.56032,1.89507,0.61680
2022.03.31 13:00,1,1936.10800,1933.93464,1941.54139,2.17336,0.54147
2022.04.01 05:15,-1,1937.74800,1938.61014,1935.59264,0.86214,0.50525
2022.04.04 01:45,-1,1922.60800,1923.44286,1920.52086,0.83486,0.56068
2022.04.04 05:15,1,1919.12800,1918.22400,1921.38800,0.90400,0.51172
2022.04.06 16:30,-1,1925.44800,1926.98964,1921.59389,1.54164,0.52853
2022.04.07 06:15,1,1923.93800,1922.96179,1926.37854,0.97621,0.51337
2022.04.07 13:00,1,1928.84800,1926.56686,1934.55086,2.28114,0.54662
2022.04.08 13:00,1,1933.31800,1930.62550,1940.04925,2.69250,0.56036
2022.04.11 08:00,1,1948.75800,1947.14700,1952.78550,1.61100,0.53885
2022.04.11 10:00,1,1957.34200,1956.11714,1960.40414,1.22486,0.56635
2022.04.11 11:30,1,1958.75200,1957.02564,1963.06789,1.72636,0.56426
2022.04.12 01:15,1,1950.63800,1949.42450,1953.67175,1.21350,0.57283
2022.04.12 14:30,1,1970.53200,1967.43957,1978.26307,3.09243,0.58703
2022.04.17 22:15,1,1974.44800,1973.55507,1976.68032,0.89293,0.57236
2022.04.18 04:00,1,1983.69700,1982.75993,1986.03968,0.93707,0.61091
2022.04.18 05:45,1,1984.99800,1983.78407,1988.03282,1.21393,0.62092
2022.04.18 07:30,1,1991.04800,1989.94443,1993.80693,1.10357,0.56966
2022.04.19 13:00,-1,1962.37400,1965.66157,1954.15507,3.28757,0.53765
2022.04.19 17:30,-1,1954.48200,1955.65821,1951.54146,1.17621,0.50070
2022.04.20 17:00,1,1951.64800,1950.41229,1954.73729,1.23571,0.50641
2022.04.20 19:15,1,1954.07800,1953.20407,1956.26282,0.87393,0.50928
2022.04.22 08:45,-1,1943.69200,1945.55293,1939.03968,1.86093,0.58596
2022.04.22 10:15,-1,1932.43200,1933.77300,1929.07950,1.34100,0.57866
2022.04.22 11:45,-1,1936.91200,1938.77421,1932.25646,1.86221,0.50870
2022.04.25 01:15,-1,1926.91800,1928.20143,1923.70943,1.28343,0.58116
2022.04.25 02:45,-1,1923.98800,1925.65900,1919.81050,1.67100,0.62221
2022.04.25 05:15,-1,1917.35300,1919.04907,1913.11282,1.69607,0.55389
2022.04.25 07:30,-1,1916.06300,1918.41236,1910.18961,2.34936,0.59295
2022.04.25 09:00,-1,1916.79300,1918.46507,1912.61282,1.67207,0.60689
2022.04.25 10:30,-1,1911.12300,1912.70800,1907.16050,1.58500,0.61148
2022.04.27 02:00,-1,1902.50300,1903.79886,1899.26336,1.29586,0.52806
2022.04.27 13:15,-1,1891.49300,1894.28371,1884.51621,2.79071,0.53348
2022.04.27 14:45,-1,1885.34800,1888.77193,1876.78818,3.42393,0.51197
2022.04.28 01:15,-1,1883.88800,1885.15464,1880.72139,1.26664,0.51341
2022.04.28 02:45,-1,1878.81800,1879.74550,1876.49925,0.92750,0.56394
2022.04.29 09:15,1,1915.68800,1914.06157,1919.75407,1.62643,0.57780
2022.04.29 11:15,1,1915.37300,1914.11800,1918.51050,1.25500,0.53818
2022.05.02 01:15,-1,1891.99800,1893.86857,1887.32157,1.87057,0.51383
2022.05.02 04:00,-1,1886.77800,1887.90514,1883.96014,1.12714,0.54413
2022.05.02 06:45,-1,1887.05800,1888.50586,1883.43836,1.44786,0.55233
2022.05.02 08:15,-1,1882.06800,1883.37314,1878.80514,1.30514,0.54603
2022.05.02 09:45,-1,1880.63800,1881.98879,1877.26104,1.35079,0.58617
2022.05.02 11:30,-1,1876.49800,1877.88364,1873.03389,1.38564,0.53470
2022.05.04 16:15,1,1867.99300,1866.54721,1871.60746,1.44579,0.53745
2022.05.04 18:15,1,1875.11300,1872.51664,1881.60389,2.59636,0.50446
2022.05.04 19:45,1,1883.77800,1879.05807,1895.57782,4.71993,0.52268
2022.05.04 22:45,1,1895.70800,1894.52886,1898.65586,1.17914,0.51511
2022.05.05 02:15,1,1899.78800,1897.93300,1904.42550,1.85500,0.55469
2022.05.09 08:15,-1,1869.92800,1871.95350,1864.86425,2.02550,0.61976
2022.05.09 10:00,-1,1862.43800,1864.02979,1858.45854,1.59179,0.59277
2022.05.09 11:45,-1,1864.36300,1865.93014,1860.44514,1.56714,0.57771
2022.05.09 17:00,-1,1858.88800,1860.48700,1854.89050,1.59900,0.52164
2022.05.09 18:45,-1,1853.60800,1854.98293,1850.17068,1.37493,0.52992
2022.05.10 13:15,-1,1863.09200,1864.99257,1858.34057,1.90057,0.54217
2022.05.10 18:30,-1,1843.79800,1845.23307,1840.21032,1.43507,0.50715
2022.05.10 22:30,-1,1838.95800,1839.94829,1836.48229,0.99029,0.53372
2022.05.12 22:15,-1,1819.76800,1820.54493,1817.82568,0.77693,0.50744
2022.05.16 04:15,-1,1810.10800,1811.06964,1807.70389,0.96164,0.66955
2022.05.16 05:45,-1,1808.90500,1810.06871,1805.99571,1.16371,0.65404
2022.05.16 07:15,-1,1807.70800,1808.99543,1804.48943,1.28743,0.62064
2022.05.17 08:15,1,1827.18800,1825.79936,1830.65961,1.38864,0.53674
2022.05.17 09:45,1,1828.34300,1826.81957,1832.15157,1.52343,0.51574
2022.05.19 08:45,1,1822.47800,1820.57293,1827.24068,1.90507,0.56647
2022.05.19 11:00,1,1829.06400,1827.29336,1833.49061,1.77064,0.53485
2022.05.23 11:30,1,1861.85800,1860.57893,1865.05568,1.27907,0.51254
2022.05.24 13:00,1,1860.63800,1858.89079,1865.00604,1.74721,0.58643
2022.05.24 15:00,1,1865.96300,1863.85564,1871.23139,2.10736,0.55076
2022.05.25 17:45,1,1847.55600,1846.41936,1850.39761,1.13664,0.52256
2022.05.26 16:15,1,1847.25800,1846.12886,1850.08086,1.12914,0.51729
2022.05.27 05:00,1,1853.64800,1853.01079,1855.24104,0.63721,0.58884
2022.05.27 06:30,1,1853.40800,1852.13657,1856.58657,1.27143,0.57487
2022.05.30 01:30,1,1856.55300,1855.63229,1858.85479,0.92071,0.58257
2022.05.31 09:30,-1,1849.99800,1851.00243,1847.48693,1.00443,0.56194
2022.05.31 16:00,-1,1842.78300,1844.33064,1838.91389,1.54764,0.51818
2022.05.31 17:45,-1,1842.53400,1843.62757,1839.80007,1.09357,0.60657
2022.05.31 19:15,-1,1839.86800,1841.00843,1837.01693,1.14043,0.51286
2022.06.02 08:30,1,1851.33800,1850.42829,1853.61229,0.90971,0.60373
2022.06.02 10:00,1,1854.88800,1854.14964,1856.73389,0.73836,0.52862
2022.06.02 11:45,1,1856.50800,1855.45900,1859.13050,1.04900,0.54217
2022.06.06 13:30,-1,1849.98800,1851.57700,1846.01550,1.58900,0.55309
2022.06.06 20:15,-1,1842.00400,1842.51857,1840.71757,0.51457,0.55903
2022.06.06 22:45,-1,1838.93800,1839.43671,1837.69121,0.49871,0.51108
2022.06.10 08:30,-1,1845.74300,1847.00536,1842.58711,1.26236,0.60564
2022.06.10 10:15,-1,1842.65300,1843.67779,1840.09104,1.02479,0.57119
2022.06.10 13:00,1,1837.75400,1833.70800,1847.86900,4.04600,0.62428
2022.06.10 14:30,1,1848.40800,1844.79864,1857.43139,3.60936,0.61686
2022.06.10 16:30,1,1871.46300,1869.26629,1876.95479,2.19671,0.58171
2022.06.10 19:15,1,1872.65400,1871.49571,1875.54971,1.15829,0.57123
2022.06.12 22:45,1,1872.51800,1871.08843,1876.09193,1.42957,0.52859
2022.06.13 17:45,-1,1828.65300,1829.75514,1825.89764,1.10214,0.52620
2022.06.14 08:30,-1,1828.19800,1829.81393,1824.15818,1.61593,0.55293
2022.06.14 10:00,-1,1822.83800,1824.70564,1818.16889,1.86764,0.56670
2022.06.14 11:30,-1,1822.38800,1824.11693,1818.06568,1.72893,0.53476
2022.06.14 17:15,-1,1811.59800,1812.80000,1808.59300,1.20200,0.58024
2022.06.14 19:30,-1,1808.48800,1809.76993,1805.28318,1.28193,0.51497
2022.06.16 13:00,1,1829.15300,1826.29100,1836.30800,2.86200,0.54735
2022.06.16 17:15,1,1847.51800,1845.55986,1852.41336,1.95814,0.55857
2022.06.16 19:15,1,1849.63300,1848.58871,1852.24371,1.04429,0.55139
2022.06.21 16:00,-1,1834.64300,1836.20857,1830.72907,1.56557,0.54276
2022.06.21 17:30,-1,1834.27300,1835.17557,1832.01657,0.90257,0.58695
2022.06.21 19:45,-1,1830.49800,1831.53000,1827.91800,1.03200,0.54950
2022.06.22 01:30,-1,1828.54800,1829.90550,1825.15425,1.35750,0.66800
2022.06.23 05:45,1,1834.65800,1833.62964,1837.22889,1.02836,0.53931
2022.06.23 08:30,-1,1832.86300,1834.59307,1828.53782,1.73007,0.52174
2022.06.23 10:15,-1,1829.42800,1830.94264,1825.64139,1.51464,0.51293
2022.06.24 10:15,-1,1826.62800,1827.80157,1823.69407,1.17357,0.52258
2022.06.29 04:00,-1,1820.80800,1821.34957,1819.45407,0.54157,0.61874
2022.06.29 05:45,-1,1820.84300,1821.70043,1818.69943,0.85743,0.63300
2022.06.29 07:30,-1,1817.65200,1819.00393,1814.27218,1.35193,0.64382
2022.06.29 13:00,-1,1829.90800,1831.93743,1824.83443,2.02943,0.51756
2022.06.29 15:45,-1,1818.43300,1820.03521,1814.42746,1.60221,0.51804
2022.06.30 09:00,-1,1814.67800,1815.77264,1811.94139,1.09464,0.60996
2022.06.30 11:15,-1,1810.36800,1811.48357,1807.57907,1.11557,0.54112
2022.06.30 16:00,-1,1811.71500,1813.63307,1806.91982,1.91807,0.50576
2022.06.30 18:00,-1,1807.39800,1808.63586,1804.30336,1.23786,0.53041
2022.06.30 19:45,-1,1806.78400,1807.66079,1804.59204,0.87679,0.51450
2022.07.01 02:15,-1,1805.31400,1806.33571,1802.75971,1.02171,0.63687
2022.07.01 05:00,-1,1801.29800,1802.13700,1799.20050,0.83900,0.57186
2022.07.01 07:30,-1,1796.13600,1797.87536,1791.78761,1.73936,0.59437
2022.07.01 09:15,-1,1794.67900,1795.93271,1791.54471,1.25371,0.58917
2022.07.05 08:30,-1,1803.11300,1804.45200,1799.76550,1.33900,0.54445
2022.07.05 10:30,-1,1801.83900,1802.85936,1799.28811,1.02036,0.60671
2022.07.05 13:00,-1,1794.23800,1797.14557,1786.96907,2.90757,0.51614
2022.07.06 13:30,-1,1763.99400,1766.65571,1757.33971,2.66171,0.51023
2022.07.08 04:00,-1,1741.66400,1742.54729,1739.45579,0.88329,0.52933
2022.07.08 05:30,-1,1741.39800,1742.28800,1739.17300,0.89000,0.52871
2022.07.08 07:30,-1,1734.29800,1735.38264,1731.58639,1.08464,0.53498
2022.07.11 04:30,-1,1742.11800,1742.87593,1740.22318,0.75793,0.52632
2022.07.11 06:45,-1,1739.35400,1740.35800,1736.84400,1.00400,0.53947
2022.07.11 16:00,-1,1736.89400,1738.26500,1733.46650,1.37100,0.55305
2022.07.11 18:15,-1,1734.55800,1735.57314,1732.02014,1.01514,0.58441
2022.07.11 19:45,-1,1732.06800,1732.79793,1730.24318,0.72993,0.51373
2022.07.12 15:45,-1,1731.82400,1733.23250,1728.30275,1.40850,0.52903
2022.07.13 16:45,-1,1737.85400,1739.49936,1733.74061,1.64536,0.54950
2022.07.18 05:30,1,1717.40800,1716.64529,1719.31479,0.76271,0.54782
2022.07.18 07:00,1,1716.28400,1714.86793,1719.82418,1.41607,0.57225
2022.07.20 05:00,-1,1710.83400,1711.37629,1709.47829,0.54229,0.54370
2022.07.20 06:45,-1,1707.18600,1708.20286,1704.64386,1.01686,0.50861
2022.07.20 16:15,-1,1706.72400,1707.60864,1704.51239,0.88464,0.55490
2022.07.20 19:00,-1,1700.35800,1701.24000,1698.15300,0.88200,0.56417
2022.07.20 22:30,-1,1695.98800,1696.65957,1694.30907,0.67157,0.60242
2022.07.21 02:30,-1,1693.26400,1694.29529,1690.68579,1.03129,0.62409
2022.07.21 05:45,-1,1693.06400,1693.93593,1690.88418,0.87193,0.56437
2022.07.21 08:00,-1,1688.44400,1690.21329,1684.02079,1.76929,0.56861
2022.07.21 09:45,-1,1684.39400,1685.92057,1680.57757,1.52657,0.62681
2022.07.21 11:45,-1,1706.65800,1708.14986,1702.92836,1.49186,0.51728
2022.07.21 19:00,1,1714.93800,1714.25329,1716.64979,0.68471,0.50385
2022.07.22 08:15,1,1719.28400,1717.68936,1723.27061,1.59464,0.52285
2022.07.22 13:30,1,1729.59800,1727.52086,1734.79086,2.07714,0.55762
2022.07.25 13:00,-1,1723.29800,1724.83936,1719.44461,1.54136,0.55165
2022.07.25 14:45,-1,1716.45500,1718.37964,1711.64339,1.92464,0.55028
2022.07.26 09:00,-1,1723.02100,1724.17821,1720.12796,1.15721,0.55656
2022.07.26 11:30,-1,1717.40100,1718.46286,1714.74636,1.06186,0.56461
2022.07.26 17:15,-1,1719.15800,1720.07586,1716.86336,0.91786,0.50933
2022.07.27 17:15,1,1721.18800,1720.34543,1723.29443,0.84257,0.54363
2022.07.27 19:45,1,1734.28800,1731.01271,1742.47621,3.27529,0.52045
2022.07.28 04:30,1,1736.21800,1735.47514,1738.07514,0.74286,0.61716
2022.07.28 06:30,1,1741.16800,1740.24843,1743.46693,0.91957,0.59042
2022.07.29 01:15,1,1753.76800,1752.83043,1756.11193,0.93757,0.62388
2022.07.29 02:45,1,1762.79400,1762.07529,1764.59079,0.71871,0.62266
2022.07.29 05:15,1,1762.43800,1761.67121,1764.35496,0.76679,0.59267
2022.07.29 06:45,1,1766.68800,1765.38921,1769.93496,1.29879,0.54316
2022.07.29 07:00,1,1766.30400,1764.98950,1769.59025,1.31450,0.55479
2022.08.01 09:00,1,1764.95500,1763.55271,1768.46071,1.40229,0.55680
2022.08.02 08:45,1,1773.24000,1772.04893,1776.21768,1.19107,0.60624
2022.08.02 10:45,1,1773.59400,1772.43321,1776.49596,1.16079,0.57438
2022.08.02 20:00,-1,1762.68400,1764.07071,1759.21721,1.38671,0.53643
2022.08.03 01:30,1,1762.49800,1760.92457,1766.43157,1.57343,0.58242
2022.08.03 16:30,1,1759.55400,1758.24600,1762.82400,1.30800,0.56629
2022.08.03 18:00,1,1762.19400,1761.29329,1764.44579,0.90071,0.52328
2022.08.03 20:15,-1,1764.93500,1765.63850,1763.17625,0.70350,0.50809
2022.08.04 01:45,1,1768.03800,1766.92379,1770.82354,1.11421,0.58562
2022.08.04 08:45,1,1776.28000,1775.35700,1778.58750,0.92300,0.59387
2022.08.04 10:15,1,1779.43400,1778.44757,1781.90007,0.98643,0.53251
2022.08.04 11:45,1,1780.64400,1779.14529,1784.39079,1.49871,0.50258
2022.08.04 17:15,1,1789.54400,1788.56550,1791.99025,0.97850,0.55496
2022.08.04 19:15,1,1792.71800,1791.75436,1795.12711,0.96364,0.52348
2022.08.11 02:15,-1,1787.21800,1788.31857,1784.46657,1.10057,0.60792
2022.08.12 16:30,1,1798.03800,1797.03779,1800.53854,1.00021,0.58892
2022.08.12 18:00,1,1799.90800,1798.77150,1802.74925,1.13650,0.63297
2022.08.12 19:30,1,1801.88800,1801.08114,1803.90514,0.80686,0.56619
2022.08.15 09:00,-1,1784.06800,1785.33779,1780.89354,1.26979,0.57097
2022.08.15 10:30,-1,1776.34400,1778.04750,1772.08525,1.70350,0.53031
2022.08.17 08:45,-1,1775.08400,1776.21043,1772.26793,1.12643,0.59656
2022.08.17 10:30,-1,1772.39400,1773.36093,1769.97668,0.96693,0.59514
2022.08.17 13:00,-1,1769.47800,1772.19379,1762.68854,2.71579,0.54932
2022.08.18 13:30,-1,1767.96400,1770.08407,1762.66382,2.12007,0.66528
2022.08.18 15:00,-1,1761.55400,1763.02993,1757.86418,1.47593,0.53781
2022.08.19 02:00,-1,1756.65400,1757.73393,1753.95418,1.07993,0.64758
2022.08.19 13:30,-1,1752.46800,1754.33521,1747.79996,1.86721,0.51453
2022.08.22 04:00,-1,1744.79800,1745.46257,1743.13657,0.66457,0.58909
2022.08.22 05:45,-1,1743.46800,1744.35829,1741.24229,0.89029,0.62990
2022.08.22 07:15,-1,1738.81000,1739.89350,1736.10125,1.08350,0.54841
2022.08.22 09:45,-1,1737.39400,1738.69214,1734.14864,1.29814,0.55752
2022.08.22 11:15,-1,1735.11400,1736.24771,1732.27971,1.13371,0.59518
2022.08.23 14:00,1,1753.39400,1750.86164,1759.72489,2.53236,0.57764
2022.08.23 15:45,1,1749.64400,1748.10407,1753.49382,1.53993,0.52749
2022.08.24 14:00,1,1746.96400,1745.34093,1751.02168,1.62307,0.53474
2022.08.24 15:45,1,1751.12800,1749.49471,1755.21121,1.63329,0.54096
2022.08.25 02:15,1,1756.22400,1755.30757,1758.51507,0.91643,0.58451
2022.08.25 04:45,1,1757.12400,1756.54343,1758.57543,0.58057,0.52689
2022.08.25 07:00,1,1762.07400,1760.96621,1764.84346,1.10779,0.56959
2022.08.25 13:00,-1,1760.18800,1761.84479,1756.04604,1.65679,0.51257
2022.08.26 05:15,-1,1755.13700,1755.72907,1753.65682,0.59207,0.57135
2022.08.26 08:15,-1,1751.07400,1752.34843,1747.88793,1.27443,0.50170
2022.08.26 09:45,-1,1749.71400,1750.72357,1747.19007,1.00957,0.56330
2022.08.26 11:15,-1,1745.46400,1746.28500,1743.41150,0.82100,0.53839
2022.08.29 01:00,-1,1730.21800,1731.23314,1727.68014,1.01514,0.50583
2022.08.29 02:30,-1,1727.19800,1728.57564,1723.75389,1.37764,0.64415
2022.08.29 05:00,-1,1722.38400,1723.12336,1720.53561,0.73936,0.55760
2022.08.29 06:30,-1,1724.81700,1725.74450,1722.49825,0.92750,0.60556
2022.08.29 09:00,1,1723.94800,1722.92764,1726.49889,1.02036,0.51142
2022.08.30 13:30,-1,1730.28800,1732.01343,1725.97443,1.72543,0.53121
2022.08.30 15:45,-1,1725.95400,1727.65779,1721.69454,1.70379,0.56119
2022.08.31 08:00,-1,1719.73800,1721.07586,1716.39336,1.33786,0.66286
2022.08.31 09:30,-1,1712.57400,1714.04393,1708.89918,1.46993,0.58270
2022.08.31 11:45,-1,1711.49000,1712.88271,1708.00821,1.39271,0.61613
2022.08.31 16:30,-1,1716.17200,1717.26957,1713.42807,1.09757,0.56329
2022.08.31 20:30,-1,1710.58400,1711.19229,1709.06329,0.60829,0.53071
2022.09.01 01:00,-1,1705.22800,1706.48336,1702.08961,1.25536,0.63857
2022.09.01 02:30,-1,1704.83400,1705.75964,1702.51989,0.92564,0.64395
2022.09.01 09:00,-1,1704.55500,1706.25936,1700.29411,1.70436,0.66865
2022.09.01 10:30,-1,1700.76400,1702.07179,1697.49454,1.30779,0.50502
2022.09.01 13:00,-1,1697.82800,1700.30279,1691.64104,2.47479,0.57270
2022.09.01 15:00,-1,1697.60500,1700.16193,1691.21268,2.55693,0.51203
2022.09.02 16:45,-1,1713.98400,1714.99879,1711.44704,1.01479,0.53402
2022.09.06 14:15,-1,1708.80000,1711.41907,1702.25232,2.61907,0.61204
2022.09.06 16:00,-1,1703.74300,1705.31029,1699.82479,1.56729,0.50052
2022.09.06 17:30,-1,1701.63400,1702.69921,1698.97096,1.06521,0.60539
2022.09.06 19:15,-1,1701.27400,1702.22436,1698.89811,0.95036,0.61012
2022.09.07 02:00,-1,1694.50600,1695.83393,1691.18618,1.32793,0.70930
2022.09.08 09:15,1,1720.05800,1718.72550,1723.38925,1.33250,0.57224
2022.09.08 10:45,1,1723.44400,1722.23864,1726.45739,1.20536,0.50357
2022.09.08 13:15,-1,1712.72800,1715.84921,1704.92496,3.12121,0.56234
2022.09.08 14:45,-1,1707.72800,1710.31521,1701.25996,2.58721,0.51620
2022.09.12 04:45,1,1712.70300,1712.07079,1714.28354,0.63221,0.50890
2022.09.12 08:30,1,1724.77500,1723.42586,1728.14786,1.34914,0.51687
2022.09.12 16:45,-1,1731.72800,1732.82957,1728.97407,1.10157,0.51640
2022.09.13 15:45,-1,1700.87400,1702.35107,1697.18132,1.47707,0.52845
2022.09.14 16:30,-1,1703.31400,1704.23314,1701.01614,0.91914,0.68068
2022.09.14 18:30,-1,1697.12400,1698.06414,1694.77364,0.94014,0.60485
2022.09.15 02:00,-1,1695.01800,1695.87729,1692.86979,0.85929,0.65101
2022.09.15 04:30,-1,1689.76800,1690.45171,1688.05871,0.68371,0.54404
2022.09.15 06:00,-1,1688.04400,1689.09800,1685.40900,1.05400,0.60781
2022.09.15 07:45,-1,1689.70400,1690.83707,1686.87132,1.13307,0.56694
2022.09.15 13:15,-1,1683.15800,1686.17050,1675.62675,3.01250,0.60816
2022.09.15 14:45,-1,1668.41800,1671.07950,1661.76425,2.66150,0.55041
2022.09.16 04:00,-1,1664.06500,1664.71986,1662.42786,0.65486,0.62247
2022.09.16 05:30,-1,1663.28800,1663.91714,1661.71514,0.62914,0.62963
2022.09.16 07:15,-1,1661.19900,1662.34829,1658.32579,1.14929,0.69758
2022.09.16 09:30,1,1661.15500,1659.49636,1665.30161,1.65864,0.50066
2022.09.19 01:00,-1,1674.61400,1675.50050,1672.39775,0.88650,0.58506
2022.09.19 02:45,-1,1669.06800,1670.17671,1666.29621,1.10871,0.56067
2022.09.21 13:00,-1,1673.94500,1675.44029,1670.20679,1.49529,0.56767
2022.09.21 14:45,-1,1668.03800,1669.87207,1663.45282,1.83407,0.53094
2022.09.21 22:30,-1,1670.70800,1671.60614,1668.46264,0.89814,0.53147
2022.09.22 11:30,1,1670.06500,1667.82964,1675.65339,2.23536,0.50323
2022.09.23 08:00,-1,1665.31500,1666.79586,1661.61286,1.48086,0.60102
2022.09.23 10:15,-1,1655.65500,1657.97043,1649.86643,2.31543,0.63231
2022.09.23 11:45,-1,1646.03500,1649.16750,1638.20375,3.13250,0.54925
2022.09.26 01:30,-1,1640.10500,1644.54929,1628.99429,4.44429,0.68875
2022.09.26 17:00,-1,1625.87500,1627.68436,1621.35161,1.80936,0.51039
2022.09.26 18:45,-1,1627.22800,1628.87186,1623.11836,1.64386,0.59226
2022.09.28 18:00,1,1661.09500,1659.60479,1664.82054,1.49021,0.55337
2022.09.28 19:45,1,1660.49500,1659.24707,1663.61482,1.24793,0.55442
2022.09.30 05:00,1,1663.77500,1663.01043,1665.68643,0.76457,0.60901
2022.09.30 06:45,1,1669.62500,1668.34957,1672.81357,1.27543,0.60667
2022.09.30 09:00,-1,1669.49800,1671.19357,1665.25907,1.69557,0.53696
2022.09.30 10:45,-1,1665.78500,1667.50664,1661.48089,1.72164,0.50643
2022.10.03 13:30,1,1668.59500,1666.07464,1674.89589,2.52036,0.55222
2022.10.03 17:00,1,1691.96500,1690.21500,1696.34000,1.75000,0.52261
2022.10.04 04:45,1,1699.61800,1698.19600,1703.17300,1.42200,0.61594
2022.10.04 06:45,1,1705.90400,1704.31214,1709.88364,1.59186,0.59629
2022.10.04 14:00,1,1714.09200,1711.45343,1720.68843,2.63857,0.57290
2022.10.04 15:45,1,1725.66800,1723.00164,1732.33389,2.66636,0.55320
2022.10.06 09:15,-1,1715.87400,1717.94600,1710.69400,2.07200,0.51842
2022.10.07 15:45,-1,1703.05400,1705.02436,1698.12811,1.97036,0.53411
2022.10.10 01:45,-1,1693.93400,1695.53057,1689.94257,1.59657,0.67038
2022.10.10 05:15,-1,1688.99200,1690.02250,1686.41575,1.03050,0.58916
2022.10.10 07:30,-1,1684.01300,1685.41814,1680.50014,1.40514,0.60178
2022.10.10 10:00,-1,1679.56800,1681.10879,1675.71604,1.54079,0.57786
2022.10.10 11:30,-1,1675.88500,1677.45064,1671.97089,1.56564,0.56419
2022.10.10 14:00,-1,1677.04800,1678.93621,1672.32746,1.88821,0.59671
2022.10.11 01:15,-1,1672.82500,1673.84050,1670.28625,1.01550,0.65747
2022.10.11 02:45,-1,1664.02800,1665.88864,1659.37639,1.86064,0.65207
2022.10.11 17:45,-1,1678.14800,1679.51279,1674.73604,1.36479,0.54986
2022.10.17 16:30,-1,1659.07800,1660.15521,1656.38496,1.07721,0.53792
2022.10.17 18:00,-1,1651.96800,1653.38443,1648.42693,1.41643,0.50650
2022.10.19 04:20,-1,1647.52700,1648.11493,1646.05718,0.58793,0.54546
2022.10.19 05:50,-1,1644.49800,1645.35750,1642.34925,0.85950,0.58615
2022.10.19 08:05,-1,1640.54800,1642.45021,1635.79246,1.90221,0.65313
2022.10.19 10:05,-1,1639.47700,1640.65879,1636.52254,1.18179,0.66553
2022.10.19 13:20,-1,1636.34700,1638.78721,1630.24646,2.44021,0.62154
2022.10.19 15:50,-1,1630.59700,1631.80129,1627.58629,1.20429,0.50157
2022.10.19 18:20,-1,1628.84800,1629.66493,1626.80568,0.81693,0.60747
2022.10.19 22:05,-1,1629.45700,1629.98479,1628.13754,0.52779,0.61127
2022.10.20 02:50,-1,1626.31700,1627.41421,1623.57396,1.09721,0.63279
2022.10.20 16:50,-1,1634.43700,1635.60250,1631.52325,1.16550,0.61071
2022.10.20 18:20,-1,1629.74800,1630.84021,1627.01746,1.09221,0.54482
2022.10.20 19:50,-1,1626.64800,1627.71707,1623.97532,1.06907,0.52897
2022.10.21 01:05,-1,1627.84700,1628.66757,1625.79557,0.82057,0.62539
2022.10.21 02:35,-1,1625.92700,1626.70807,1623.97432,0.78107,0.67208
2022.10.21 13:05,1,1629.81700,1626.55107,1637.98182,3.26593,0.53008
2022.10.21 15:20,1,1642.84800,1639.20850,1651.94675,3.63950,0.62704
2022.10.21 17:50,1,1652.25700,1650.56300,1656.49200,1.69400,0.53162
2022.10.21 20:05,1,1655.10800,1653.98079,1657.92604,1.12721,0.56169
2022.10.23 22:50,1,1656.22700,1654.24550,1661.18075,1.98150,0.55482
2022.10.25 08:20,-1,1646.01700,1647.34114,1642.70664,1.32414,0.62119
2022.10.25 09:50,-1,1640.95800,1642.34064,1637.50139,1.38264,0.52283
2022.10.25 11:20,-1,1643.30700,1644.62336,1640.01611,1.31636,0.58807
2022.10.26 04:05,1,1656.60800,1655.87243,1658.44693,0.73557,0.53751
2022.10.26 05:50,1,1658.87800,1657.94943,1661.19943,0.92857,0.54963
2022.10.26 07:20,1,1667.87800,1666.42021,1671.52246,1.45779,0.53008
2022.10.28 04:50,-1,1664.55800,1665.32521,1662.63996,0.76721,0.60943
2022.10.28 07:35,-1,1651.95800,1653.51679,1648.06104,1.55879,0.61944
2022.10.28 10:05,-1,1649.40700,1650.85700,1645.78200,1.45000,0.54410
2022.10.28 15:35,-1,1640.65700,1642.40293,1636.29218,1.74593,0.52645
2022.10.31 16:20,-1,1637.22700,1638.33336,1634.46111,1.10636,0.62236
2022.10.31 18:50,-1,1633.76800,1634.44664,1632.07139,0.67864,0.60884
2022.11.01 13:50,-1,1645.35700,1646.92914,1641.42664,1.57214,0.58471
2022.11.02 13:20,-1,1655.55700,1657.27000,1651.27450,1.71300,0.51290
2022.11.02 22:35,-1,1633.90800,1634.83521,1631.58996,0.92721,0.57349
2022.11.03 04:35,-1,1637.06700,1637.59007,1635.75932,0.52307,0.64893
2022.11.03 06:50,-1,1632.65800,1633.53436,1630.46711,0.87636,0.62317
2022.11.03 08:50,-1,1626.79700,1628.35057,1622.91307,1.55357,0.53674
2022.11.03 11:05,-1,1620.60700,1621.97650,1617.18325,1.36950,0.55664
2022.11.04 13:50,1,1667.16800,1664.01600,1675.04800,3.15200,0.54531
2022.11.04 16:35,1,1672.54700,1670.75757,1677.02057,1.78943,0.57264
2022.11.04 18:05,1,1674.11700,1672.96121,1677.00646,1.15579,0.61165
2022.11.04 19:50,1,1679.82800,1678.55114,1683.02014,1.27686,0.55265
2022.11.07 08:05,1,1673.28800,1671.89121,1676.77996,1.39679,0.59612
2022.11.07 11:20,1,1677.56700,1676.62479,1679.92254,0.94221,0.55204
2022.11.08 13:20,1,1672.66800,1671.52500,1675.52550,1.14300,0.63532
2022.11.08 14:50,1,1679.10700,1677.79029,1682.39879,1.31671,0.62567
2022.11.09 18:35,-1,1705.11700,1706.63714,1701.31664,1.52014,0.52980
2022.11.10 13:20,1,1730.14800,1729.09086,1732.79086,1.05714,0.62529
2022.11.10 15:50,1,1749.42700,1746.67057,1756.31807,2.75643,0.53841
2022.11.10 17:35,1,1747.50800,1745.83071,1751.70121,1.67729,0.51998
2022.11.11 04:05,1,1750.19700,1749.27621,1752.49896,0.92079,0.57136
2022.11.11 05:35,1,1761.35800,1759.69414,1765.51764,1.66386,0.52168
2022.11.11 07:05,1,1758.88800,1756.88643,1763.89193,2.00157,0.59067
2022.11.15 04:50,1,1771.01800,1770.36857,1772.64157,0.64943,0.55438
2022.11.15 06:35,1,1769.15800,1768.14221,1771.69746,1.01579,0.56096
2022.11.15 16:05,1,1771.63800,1769.36064,1777.33139,2.27736,0.52155
2022.11.15 17:35,1,1772.79800,1771.31729,1776.49979,1.48071,0.55706
2022.11.15 19:35,1,1775.98800,1771.73164,1786.62889,4.25636,0.51352
2022.11.16 01:05,-1,1776.60800,1778.03771,1773.03371,1.42971,0.53178
2022.11.17 01:05,-1,1773.32800,1774.01879,1771.60104,0.69079,0.58927
2022.11.17 13:20,-1,1761.70800,1764.06800,1755.80800,2.36000,0.56577
2022.11.17 14:50,-1,1759.44700,1761.58686,1754.09736,2.13986,0.50451
2022.11.18 16:50,-1,1754.73700,1756.06207,1751.42432,1.32507,0.57274
2022.11.18 18:35,-1,1750.00000,1750.97579,1747.56054,0.97579,0.55854
2022.11.21 01:50,-1,1745.33800,1746.61986,1742.13336,1.28186,0.63695
2022.11.21 04:35,-1,1745.52800,1746.16607,1743.93282,0.63807,0.60905
2022.11.21 07:05,-1,1745.50800,1746.43100,1743.20050,0.92300,0.60727
2022.11.21 10:05,-1,1740.66700,1742.21214,1736.80414,1.54514,0.59423
2022.11.21 11:35,-1,1740.95800,1741.88036,1738.65211,0.92236,0.56431
2022.11.21 14:05,-1,1745.39800,1747.02729,1741.32479,1.62929,0.58041
2022.11.21 18:20,-1,1738.30800,1739.37614,1735.63764,1.06814,0.60303
2022.11.21 19:50,-1,1737.12800,1737.88293,1735.24068,0.75493,0.63947
2022.11.22 09:05,1,1744.51800,1742.90143,1748.55943,1.61657,0.55735
2022.11.22 13:05,-1,1745.62800,1746.59586,1743.20836,0.96786,0.52545
2022.11.23 05:35,1,1735.77800,1735.00700,1737.70550,0.77100,0.51723
2022.11.23 17:20,1,1743.04700,1741.98829,1745.69379,1.05871,0.62257
2022.11.23 18:50,1,1751.06700,1750.14114,1753.38164,0.92586,0.61386
2022.11.24 01:20,1,1752.44800,1751.49564,1754.82889,0.95236,0.55245
2022.11.24 02:50,1,1756.15800,1755.42043,1758.00193,0.73757,0.58530
2022.11.24 08:05,1,1753.74800,1752.67643,1756.42693,1.07157,0.55022
2022.11.24 09:35,1,1756.05800,1755.11429,1758.41729,0.94371,0.58261
2022.11.24 11:20,1,1756.52800,1755.54636,1758.98211,0.98164,0.55290
2022.11.25 01:05,1,1755.23700,1754.27243,1757.64843,0.96457,0.57847
2022.11.25 02:50,1,1760.49700,1759.70814,1762.46914,0.78886,0.54649
2022.11.25 16:35,1,1751.33700,1750.31250,1753.89825,1.02450,0.57362
2022.11.25 18:05,1,1753.44700,1752.48550,1755.85075,0.96150,0.52709
2022.11.28 13:35,-1,1755.50700,1757.03364,1751.69039,1.52664,0.57656
2022.11.28 15:35,-1,1746.33800,1748.49750,1740.93925,2.15950,0.56204
2022.11.28 18:35,-1,1741.67800,1742.62621,1739.30746,0.94821,0.53996
2022.11.30 08:20,1,1755.55700,1754.43471,1758.36271,1.12229,0.57321
2022.11.30 09:50,1,1761.51700,1760.43407,1764.22432,1.08293,0.52895
2022.11.30 11:20,1,1760.07800,1759.06586,1762.60836,1.01214,0.50065
2022.11.30 16:05,1,1753.39800,1751.20707,1758.87532,2.19093,0.64194
2022.11.30 17:50,1,1752.08700,1751.02114,1754.75164,1.06586,0.66359
2022.11.30 19:50,1,1767.47800,1764.79921,1774.17496,2.67879,0.59652
2022.11.30 21:35,1,1768.25800,1767.49764,1770.15889,0.76036,0.54362
2022.12.01 02:20,1,1775.42800,1773.98093,1779.04568,1.44707,0.58263
2022.12.01 13:20,1,1789.58700,1788.27257,1792.87307,1.31443,0.59072
2022.12.01 15:50,1,1798.45700,1795.77314,1805.16664,2.68386,0.57993
2022.12.02 16:20,1,1792.67700,1790.54814,1797.99914,2.12886,0.54126
2022.12.05 01:05,1,1802.24800,1801.02921,1805.29496,1.21879,0.54488
2022.12.05 02:35,1,1806.74800,1805.38279,1810.16104,1.36521,0.55956
2022.12.05 05:05,-1,1808.19800,1808.89414,1806.45764,0.69614,0.50546
2022.12.05 06:35,-1,1802.44800,1803.44207,1799.96282,0.99407,0.51699
2022.12.07 09:50,1,1772.25800,1771.13536,1775.06461,1.12264,0.51453
2022.12.07 13:05,1,1774.25800,1773.22643,1776.83693,1.03157,0.58119
2022.12.07 16:50,1,1781.21800,1779.58550,1785.29925,1.63250,0.58556
2022.12.07 19:20,1,1787.74800,1786.59564,1790.62889,1.15236,0.54592
2022.12.08 14:20,1,1788.35800,1786.29779,1793.50854,2.06021,0.50862
2022.12.09 02:05,1,1792.67800,1791.34507,1796.01032,1.33293,0.57556
2022.12.09 09:05,1,1791.43800,1790.47300,1793.85050,0.96500,0.58955
2022.12.09 11:05,1,1794.23800,1793.37836,1796.38711,0.85964,0.56153
2022.12.12 13:35,-1,1790.17800,1791.42464,1787.06139,1.24664,0.56937
2022.12.12 15:50,-1,1784.04800,1785.95393,1779.28318,1.90593,0.59701
2022.12.12 18:05,-1,1780.89800,1782.02757,1778.07407,1.12957,0.51712
2022.12.13 14:50,1,1821.50500,1817.65314,1831.13464,3.85186,0.57459
2022.12.14 14:05,1,1809.45500,1808.26771,1812.42321,1.18729,0.50575
2022.12.15 08:50,-1,1775.22800,1778.05757,1768.15407,2.82957,0.54883
2022.12.15 10:35,-1,1778.07800,1779.42264,1774.71639,1.34464,0.55612
2022.12.16 10:50,1,1781.30500,1779.87386,1784.88286,1.43114,0.56725
2022.12.20 08:20,1,1796.73500,1795.21100,1800.54500,1.52400,0.65025
2022.12.20 09:50,1,1805.90500,1804.25329,1810.03429,1.65171,0.58438
2022.12.20 11:20,1,1807.32800,1806.20914,1810.12514,1.11886,0.63142
2022.12.22 13:35,-1,1809.38500,1810.97814,1805.40214,1.59314,0.52473
2022.12.22 17:50,-1,1789.39500,1790.18414,1787.42214,0.78914,0.51846
2022.12.27 08:20,1,1806.78500,1805.93964,1808.89839,0.84536,0.58577
2022.12.27 10:05,1,1807.71500,1806.85114,1809.87464,0.86386,0.53125
2022.12.27 13:20,1,1807.68500,1806.63486,1810.31036,1.05014,0.58363
2022.12.27 14:50,1,1812.13500,1810.54557,1816.10857,1.58943,0.60949
2022.12.27 17:20,-1,1816.27500,1817.81986,1812.41286,1.54486,0.52879
2022.12.28 14:20,-1,1804.72500,1806.33321,1800.70446,1.60821,0.53481
2022.12.28 17:50,1,1806.30500,1805.14693,1809.20018,1.15807,0.61188
2022.12.28 19:50,1,1804.59800,1803.75936,1806.69461,0.83864,0.57809
2023.01.03 01:05,1,1829.51500,1828.30714,1832.53464,1.20786,0.54555
2023.01.03 02:35,1,1838.28500,1836.68929,1842.27429,1.59571,0.58033
2023.01.03 05:20,1,1838.66800,1837.83636,1840.74711,0.83164,0.54709
2023.01.03 06:50,1,1841.59800,1840.48314,1844.38514,1.11486,0.56708
2023.01.03 08:35,-1,1836.31500,1838.72593,1830.28768,2.41093,0.54776
2023.01.03 10:50,-1,1833.70500,1835.11000,1830.19250,1.40500,0.50882
2023.01.04 01:05,1,1840.04500,1839.12493,1842.34518,0.92007,0.54264
2023.01.04 02:35,1,1845.35500,1844.25264,1848.11089,1.10236,0.51888
2023.01.04 05:20,1,1844.83500,1844.07407,1846.73732,0.76093,0.54347
2023.01.04 06:50,1,1848.65500,1847.62821,1851.22196,1.02679,0.58658
2023.01.04 10:20,1,1859.15500,1857.90157,1862.28857,1.25343,0.52497
2023.01.04 11:50,1,1853.85500,1852.52993,1857.16768,1.32507,0.56174
2023.01.05 13:35,-1,1840.41500,1842.49057,1835.22607,2.07557,0.55511
2023.01.05 15:20,-1,1826.19500,1828.70457,1819.92107,2.50957,0.54266
2023.01.06 13:35,1,1847.57800,1845.44836,1852.90211,2.12964,0.57680
2023.01.06 15:50,1,1862.60500,1858.86693,1871.95018,3.73807,0.60575
2023.01.06 17:50,1,1861.86500,1860.54557,1865.16357,1.31943,0.56730
2023.01.09 01:20,1,1870.74500,1869.53771,1873.76321,1.20729,0.51489
2023.01.11 04:50,1,1877.72500,1877.14929,1879.16429,0.57571,0.56321
2023.01.11 07:20,1,1883.13500,1881.91414,1886.18714,1.22086,0.56449
2023.01.11 14:35,-1,1872.08800,1874.11129,1867.02979,2.02329,0.51910
2023.01.11 17:05,1,1874.55500,1872.84386,1878.83286,1.71114,0.57134
2023.01.11 18:50,1,1877.84800,1876.28107,1881.76532,1.56693,0.54571
2023.01.12 01:20,1,1878.12500,1877.33186,1880.10786,0.79314,0.56768
2023.01.12 02:50,1,1883.36500,1882.22764,1886.20839,1.13736,0.51044
2023.01.12 14:50,1,1883.22500,1878.87757,1894.09357,4.34743,0.51190
2023.01.13 13:35,1,1899.08800,1897.06407,1904.14782,2.02393,0.51913
2023.01.13 16:35,1,1909.89800,1908.28071,1913.94121,1.61729,0.59732
2023.01.13 18:50,1,1919.64800,1918.39314,1922.78514,1.25486,0.51302
2023.01.16 01:35,1,1920.55800,1919.18443,1923.99193,1.37357,0.59846
2023.01.17 02:50,-1,1910.36500,1911.83857,1906.68107,1.47357,0.52955
2023.01.18 02:35,-1,1903.60500,1904.63129,1901.03929,1.02629,0.63872
2023.01.18 06:50,1,1904.70500,1903.41714,1907.92464,1.28786,0.62725
2023.01.19 13:20,1,1911.25800,1909.71536,1915.11461,1.54264,0.51451
2023.01.19 16:20,1,1920.72800,1918.85064,1925.42139,1.87736,0.59908
2023.01.19 17:50,1,1920.39500,1919.13600,1923.54250,1.25900,0.54434
2023.01.23 13:20,1,1923.26500,1922.12114,1926.12464,1.14386,0.50727
2023.01.24 04:05,1,1932.60800,1931.91114,1934.35014,0.69686,0.55223
2023.01.24 06:05,1,1935.15500,1934.30436,1937.28161,0.85064,0.59977
2023.01.24 07:50,1,1941.04500,1939.83421,1944.07196,1.21079,0.52080
2023.01.25 13:35,1,1923.71500,1922.27571,1927.31321,1.43929,0.56531
2023.01.25 15:05,1,1933.55500,1931.19657,1939.45107,2.35843,0.51611
2023.01.25 20:05,1,1944.27500,1943.08707,1947.24482,1.18793,0.54355
2023.01.26 17:35,1,1926.32500,1924.66936,1930.46411,1.65564,0.60617
2023.01.26 19:20,1,1930.49800,1929.15286,1933.86086,1.34514,0.55526
2023.01.27 09:05,1,1926.18800,1925.00107,1929.15532,1.18693,0.56017
2023.01.31 04:20,-1,1919.26500,1920.17479,1916.99054,0.90979,0.54510
2023.01.31 05:50,-1,1914.81500,1915.84043,1912.25143,1.02543,0.53209
2023.01.31 07:50,-1,1913.21500,1914.41293,1910.22018,1.19793,0.53388
2023.02.01 14:05,1,1931.59800,1929.60036,1936.59211,1.99764,0.55650
2023.02.01 19:05,1,1925.31500,1923.42493,1930.04018,1.89007,0.56353
2023.02.01 21:50,1,1955.38500,1953.87736,1959.15411,1.50764,0.51083
2023.02.03 13:20,-1,1896.61500,1897.83679,1893.56054,1.22179,0.50428
2023.02.03 19:35,-1,1866.24500,1867.68936,1862.63411,1.44436,0.53685
2023.02.07 08:35,-1,1873.63500,1875.32121,1869.41946,1.68621,0.56012
2023.02.07 10:20,-1,1873.18700,1874.56471,1869.74271,1.37771,0.61132
2023.02.08 05:35,1,1876.23500,1875.62786,1877.75286,0.60714,0.54449
2023.02.08 07:20,1,1879.54500,1878.36264,1882.50089,1.18236,0.55341
2023.02.09 13:05,-1,1881.88500,1883.06200,1878.94250,1.17700,0.58930
2023.02.09 14:35,-1,1882.55500,1884.94536,1876.57911,2.39036,0.58920
2023.02.09 17:20,-1,1868.78500,1870.47271,1864.56571,1.68771,0.60884
2023.02.09 18:50,-1,1865.47500,1867.33550,1860.82375,1.86050,0.56958
2023.02.10 01:20,-1,1861.67500,1862.57836,1859.41661,0.90336,0.65934
2023.02.10 02:50,-1,1855.23500,1856.31650,1852.53125,1.08150,0.69479
2023.02.15 04:20,-1,1847.33700,1848.33379,1844.84504,0.99679,0.53167
2023.02.15 05:50,-1,1845.26500,1846.10929,1843.15429,0.84429,0.54094
2023.02.15 07:20,-1,1839.03500,1840.44314,1835.51464,1.40814,0.58652
2023.02.15 09:35,-1,1836.37500,1838.16421,1831.90196,1.78921,0.64955
2023.02.15 11:35,-1,1833.92500,1835.17179,1830.80804,1.24679,0.58503
2023.02.16 20:05,-1,1840.15500,1841.29121,1837.31446,1.13621,0.58216
2023.02.16 21:50,-1,1831.74500,1832.94486,1828.74536,1.19986,0.50338
2023.02.17 04:05,-1,1827.06500,1827.81621,1825.18696,0.75121,0.57211
2023.02.17 06:05,-1,1826.72500,1827.35436,1825.15161,0.62936,0.60086
2023.02.17 07:35,-1,1825.32500,1826.73107,1821.80982,1.40607,0.59995
2023.02.20 06:20,1,1843.61500,1842.51929,1846.35429,1.09571,0.50893
2023.02.21 16:50,-1,1832.86500,1834.49864,1828.78089,1.63364,0.61467
2023.02.21 18:20,-1,1833.23500,1834.32029,1830.52179,1.08529,0.56018
2023.02.21 19:50,-1,1835.32800,1836.24636,1833.03211,0.91836,0.58115
2023.02.22 16:50,-1,1831.99500,1833.23264,1828.90089,1.23764,0.69233
2023.02.22 18:20,-1,1831.78500,1832.98686,1828.78036,1.20186,0.68257
2023.02.22 19:50,-1,1823.84800,1826.55614,1817.07764,2.70814,0.62708
2023.02.24 05:05,-1,1824.65500,1825.32214,1822.98714,0.66714,0.63888
2023.02.24 06:35,-1,1824.78500,1825.54300,1822.89000,0.75800,0.61131
2023.02.24 07:05,-1,1825.02800,1825.86271,1822.94121,0.83471,0.55792
2023.02.24 13:50,-1,1813.55500,1816.01414,1807.40714,2.45914,0.55277
2023.02.24 15:20,-1,1812.34500,1815.08907,1805.48482,2.74407,0.56966
2023.02.27 01:05,-1,1812.87500,1813.79107,1810.58482,0.91607,0.70648
2023.02.27 02:35,-1,1811.71500,1812.39786,1810.00786,0.68286,0.69032
2023.02.28 13:50,1,1813.99500,1812.62279,1817.42554,1.37221,0.60940
2023.02.28 16:35,1,1826.88800,1825.05757,1831.46407,1.83043,0.56973
2023.02.28 18:05,1,1828.79500,1827.41143,1832.25393,1.38357,0.56890
2023.02.28 19:35,1,1829.73500,1828.92421,1831.76196,0.81079,0.57337
2023.03.01 01:20,1,1826.15500,1825.38643,1828.07643,0.76857,0.53445
2023.03.01 02:50,1,1830.73500,1829.74993,1833.19768,0.98507,0.53578
2023.03.01 06:05,1,1832.09800,1831.27921,1834.14496,0.81879,0.57194
2023.03.01 07:50,1,1832.75500,1831.32236,1836.33661,1.43264,0.57084
2023.03.01 14:20,1,1839.88500,1838.22150,1844.04375,1.66350,0.55925
2023.03.03 09:20,1,1846.61500,1845.52393,1849.34268,1.09107,0.50810
2023.03.03 16:20,1,1845.30800,1843.58814,1849.60764,1.71986,0.57063
2023.03.03 17:50,1,1847.03500,1846.00586,1849.60786,1.02914,0.56553
2023.03.03 19:20,1,1852.50500,1851.63171,1854.68821,0.87329,0.52658
2023.03.03 21:05,1,1853.99500,1852.90836,1856.71161,1.08664,0.50778
2023.03.06 09:20,-1,1851.29500,1852.52486,1848.22036,1.22986,0.50265
2023.03.06 11:05,-1,1849.02500,1849.92764,1846.76839,0.90264,0.51063
2023.03.07 08:35,-1,1846.43500,1847.66529,1843.35929,1.23029,0.71979
2023.03.07 10:35,-1,1843.22500,1844.13100,1840.96000,0.90600,0.67444
2023.03.07 14:05,-1,1834.36500,1836.13086,1829.95036,1.76586,0.66293
2023.03.07 15:35,-1,1820.40500,1823.32436,1813.10661,2.91936,0.62673
2023.03.07 17:35,-1,1818.47500,1820.05379,1814.52804,1.57879,0.55457
2023.03.07 19:50,-1,1814.59500,1815.75129,1811.70429,1.15629,0.54718
2023.03.08 02:05,-1,1811.87500,1812.90693,1809.29518,1.03193,0.68365
2023.03.09 13:05,1,1816.39500,1815.52664,1818.56589,0.86836,0.50464
2023.03.10 04:50,1,1830.01500,1829.17114,1832.12464,0.84386,0.52401
2023.03.10 06:50,1,1832.06400,1831.16150,1834.32025,0.90250,0.52242
2023.03.10 13:35,1,1842.69800,1840.41707,1848.40032,2.28093,0.58294
2023.03.10 20:05,1,1864.96500,1863.62764,1868.30839,1.33736,0.51388
2023.03.13 08:05,1,1878.60500,1876.68800,1883.39750,1.91700,0.53268
2023.03.13 14:05,1,1907.12500,1902.83950,1917.83875,4.28550,0.54167
2023.03.13 16:20,1,1905.50500,1902.93814,1911.92214,2.56686,0.64441
2023.03.13 19:05,1,1908.52500,1906.83571,1912.74821,1.68929,0.61715
2023.03.14 04:05,1,1902.93500,1901.89886,1905.52536,1.03614,0.52325
2023.03.14 05:50,1,1903.95500,1902.92500,1906.53000,1.03000,0.56019
2023.03.15 09:35,1,1894.04500,1892.08407,1898.94732,1.96093,0.58015
2023.03.15 11:20,1,1918.27500,1915.61929,1924.91429,2.65571,0.54240
2023.03.15 14:05,1,1923.56500,1919.03243,1934.89643,4.53257,0.55445
2023.03.15 15:50,1,1925.42500,1922.74586,1932.12286,2.67914,0.59113
2023.03.15 17:35,-1,1924.36500,1927.68414,1916.06714,3.31914,0.53432
2023.03.17 13:50,1,1950.68500,1948.17650,1956.95625,2.50850,0.57850
2023.03.17 16:20,1,1957.27500,1954.68014,1963.76214,2.59486,0.66306
2023.03.17 17:50,1,1974.89800,1972.74186,1980.28836,2.15614,0.56152
2023.03.17 20:05,1,1976.48500,1973.91736,1982.90411,2.56764,0.62044
2023.03.20 04:20,1,1974.87500,1973.90207,1977.30732,0.97293,0.63915
2023.03.20 05:50,1,1991.41500,1990.06150,1994.79875,1.35350,0.58576
2023.03.20 07:20,1,2006.99500,2003.49971,2015.73321,3.49529,0.52300
2023.03.20 09:20,-1,1991.40500,1994.99086,1982.44036,3.58586,0.51553
2023.03.21 13:35,-1,1953.34500,1955.95364,1946.82339,2.60864,0.51533
2023.03.21 17:05,-1,1941.67500,1943.78736,1936.39411,2.11236,0.51871
2023.03.21 19:20,-1,1937.53500,1938.82386,1934.31286,1.28886,0.50630
2023.03.23 13:05,1,1976.34800,1973.66986,1983.04336,2.67814,0.56587
2023.03.23 14:35,1,1982.20500,1979.39429,1989.23179,2.81071,0.50414
2023.03.23 16:05,1,1990.05800,1987.90443,1995.44193,2.15357,0.59917
2023.03.23 17:50,1,2000.60400,1998.61214,2005.58364,1.99186,0.60878
2023.03.23 19:20,1,1995.14800,1991.66457,2003.85657,3.48343,0.61072
2023.03.24 15:35,-1,1989.49500,1992.08193,1983.02768,2.58693,0.52643
2023.03.27 02:50,1,1974.62500,1973.35007,1977.81232,1.27493,0.50011
2023.03.27 08:05,-1,1970.85500,1972.69443,1966.25643,1.83943,0.56699
2023.03.27 09:50,-1,1953.44800,1955.63743,1947.97443,2.18943,0.50603
2023.03.30 04:05,1,1959.28800,1958.36129,1961.60479,0.92671,0.59553
2023.03.30 05:35,1,1963.01500,1962.00507,1965.53982,1.00993,0.55084
2023.03.30 07:35,1,1967.74500,1966.40307,1971.09982,1.34193,0.57431
2023.03.30 14:20,1,1970.00400,1967.82807,1975.44382,2.17593,0.53185
2023.03.30 16:05,1,1978.72500,1976.95621,1983.14696,1.76879,0.59279
2023.03.30 17:50,1,1979.81800,1978.26736,1983.69461,1.55064,0.58659
2023.03.31 07:35,-1,1975.61500,1977.22029,1971.60179,1.60529,0.51802
2023.04.02 22:50,-1,1961.24500,1963.94693,1954.49018,2.70193,0.59779
2023.04.03 05:50,1,1952.15500,1951.11550,1954.75375,1.03950,0.54394
2023.04.03 07:50,1,1963.60500,1962.08114,1967.41464,1.52386,0.55148
2023.04.04 13:35,1,1992.22500,1990.37879,1996.84054,1.84621,0.57801
2023.04.04 15:20,1,2019.80500,2015.59114,2030.33964,4.21386,0.50803
2023.04.05 04:05,1,2022.93400,2022.21000,2024.74400,0.72400,0.53265
2023.04.05 05:35,1,2023.66500,2022.98814,2025.35714,0.67686,0.58637
2023.04.05 07:20,1,2027.18500,2025.79843,2030.65143,1.38657,0.54835
2023.04.10 01:35,-1,1997.57500,1999.35114,1993.13464,1.77614,0.65394
2023.04.10 05:05,1,1991.83500,1990.90971,1994.14821,0.92529,0.59018
2023.04.10 07:20,1,1995.89800,1994.73786,1998.79836,1.16014,0.57003
2023.04.10 13:50,-1,1988.90500,1992.20850,1980.64625,3.30350,0.62999
2023.04.10 15:35,1,1987.52500,1985.62843,1992.26643,1.89657,0.52706
2023.04.12 01:05,1,2006.53500,2005.82643,2008.30643,0.70857,0.51303
2023.04.12 16:05,1,2008.36500,2006.57271,2012.84571,1.79229,0.54544
2023.04.12 17:35,1,2011.85800,2010.46500,2015.34050,1.39300,0.56378
2023.04.12 19:35,1,2014.00500,2012.65200,2017.38750,1.35300,0.51908
2023.04.13 05:05,1,2018.39800,2017.62171,2020.33871,0.77629,0.59959
2023.04.13 06:35,1,2020.74500,2019.54950,2023.73375,1.19550,0.52270
2023.04.13 09:50,1,2026.77500,2025.73457,2029.37607,1.04043,0.54555
2023.04.13 11:20,1,2027.37500,2026.40871,2029.79071,0.96629,0.56876
2023.04.13 15:05,1,2039.37500,2036.69879,2046.06554,2.67621,0.62043
2023.04.14 14:20,-1,2007.30400,2010.96986,1998.13936,3.66586,0.52165
2023.04.14 17:50,1,2003.94800,2002.21150,2008.28925,1.73650,0.51212
2023.04.17 13:50,-1,1994.40500,1996.98964,1987.94339,2.58464,0.57790
2023.04.19 08:50,-1,1979.48500,1982.06200,1973.04250,2.57700,0.58702
2023.04.19 10:50,-1,1971.64500,1973.39850,1967.26125,1.75350,0.59212
2023.04.19 13:50,1,1991.30500,1988.45593,1998.42768,2.84907,0.50218
2023.04.21 13:05,-1,1991.87500,1994.25064,1985.93589,2.37564,0.71973
2023.04.21 15:35,-1,1976.55500,1978.75171,1971.06321,2.19671,0.64832
2023.04.26 01:35,-1,1997.85400,1999.46464,1993.82739,1.61064,0.53622
2023.04.27 13:50,-1,1981.89500,1985.91271,1971.85071,4.01771,0.52045
2023.04.28 04:05,-1,1986.86500,1988.31564,1983.23839,1.45064,0.56003
2023.04.28 05:35,-1,1984.99500,1986.01643,1982.44143,1.02143,0.58391
2023.04.28 07:20,-1,1982.26400,1983.84421,1978.31346,1.58021,0.55945
2023.05.02 13:50,1,1994.25500,1992.54114,1998.53964,1.71386,0.59529
2023.05.02 17:05,1,2015.80800,2013.65379,2021.19354,2.15421,0.57370
2023.05.02 18:35,1,2014.31500,2013.01043,2017.57643,1.30457,0.58197
2023.05.03 13:05,1,2014.79500,2012.58550,2020.31875,2.20950,0.50228
2023.05.03 14:35,1,2019.18500,2016.32479,2026.33554,2.86021,0.52105
2023.05.03 20:35,1,2037.65400,2035.17450,2043.85275,2.47950,0.50967
2023.05.04 01:50,-1,2045.20400,2047.66407,2039.05382,2.46007,0.51426
2023.05.08 17:50,-1,2020.70400,2021.57879,2018.51704,0.87479,0.55134
2023.05.09 08:35,1,2025.39400,2024.15800,2028.48400,1.23600,0.60766
2023.05.09 10:20,1,2029.42400,2028.32436,2032.17311,1.09964,0.51987
2023.05.09 11:50,1,2023.91400,2022.83329,2026.61579,1.08071,0.52598
2023.05.09 16:05,1,2031.01500,2029.84007,2033.95232,1.17493,0.60187
2023.05.09 18:05,1,2036.04400,2034.72614,2039.33864,1.31786,0.55697
2023.05.09 19:50,1,2034.46500,2033.82114,2036.07464,0.64386,0.56801
2023.05.10 17:05,1,2029.43400,2028.28929,2032.29579,1.14471,0.52680
2023.05.10 19:35,1,2029.64800,2028.55121,2032.38996,1.09679,0.51343
2023.05.11 04:35,-1,2030.69400,2031.29836,2029.18311,0.60436,0.53739
2023.05.11 06:35,-1,2028.81500,2030.06679,2025.68554,1.25179,0.51077
2023.05.11 08:05,1,2023.08400,2021.20229,2027.78829,1.88171,0.51460
2023.05.11 10:35,1,2028.50400,2027.42243,2031.20793,1.08157,0.58504
2023.05.11 13:05,-1,2029.47500,2032.49971,2021.91321,3.02471,0.66393
2023.05.11 14:35,-1,2019.10400,2022.73550,2010.02525,3.63150,0.61576
2023.05.12 08:05,-1,2008.90400,2010.17114,2005.73614,1.26714,0.55543
2023.05.16 04:35,-1,2016.11500,2016.45921,2015.25446,0.34421,0.57943
2023.05.16 06:05,-1,2008.04400,2009.20829,2005.13329,1.16429,0.51958
2023.05.16 13:50,-1,2007.13400,2009.84893,2000.34668,2.71493,0.58408
2023.05.16 18:50,-1,1990.30500,1991.22421,1988.00696,0.91921,0.55023
2023.05.17 13:05,-1,1984.77400,1986.65971,1980.05971,1.88571,0.57310
2023.05.17 15:05,-1,1981.60500,1983.98493,1975.65518,2.37993,0.52852
2023.05.18 04:05,-1,1982.02400,1982.64821,1980.46346,0.62421,0.55659
2023.05.18 06:35,-1,1979.51500,1980.67521,1976.61446,1.16021,0.62989
2023.05.18 14:20,-1,1957.40500,1960.17743,1950.47393,2.77243,0.61954
2023.05.18 15:50,-1,1956.20800,1957.88779,1952.00854,1.67979,0.50555
2023.05.23 04:05,-1,1963.04500,1963.84107,1961.05482,0.79607,0.61417
2023.05.23 05:50,-1,1960.25500,1961.26886,1957.72036,1.01386,0.60793
2023.05.23 07:50,-1,1955.07500,1956.60171,1951.25821,1.52671,0.61996
2023.05.24 08:05,1,1974.06500,1972.55886,1977.83036,1.50614,0.51625
2023.05.24 09:35,1,1975.58500,1974.37843,1978.60143,1.20657,0.54032
2023.05.24 11:20,1,1979.79500,1978.67221,1982.60196,1.12279,0.53984
2023.05.24 13:50,-1,1969.61500,1971.74393,1964.29268,2.12893,0.55645
2023.05.25 13:50,-1,1948.20500,1951.35000,1940.34250,3.14500,0.55819
2023.05.25 15:20,-1,1944.69500,1946.55536,1940.04411,1.86036,0.57006
2023.05.30 08:05,1,1942.33500,1940.67600,1946.48250,1.65900,0.62830
2023.05.30 10:05,1,1955.66500,1953.64921,1960.70446,2.01579,0.64670
2023.05.30 13:05,1,1956.95500,1955.13464,1961.50589,1.82036,0.58172
2023.05.30 15:05,1,1959.76500,1957.69207,1964.94732,2.07293,0.53752
2023.05.31 08:35,1,1956.01500,1954.74843,1959.18143,1.26657,0.54706
2023.05.31 10:05,1,1956.79800,1955.68550,1959.57925,1.11250,0.53338
2023.05.31 13:20,1,1964.88800,1963.66400,1967.94800,1.22400,0.57432
2023.05.31 14:50,1,1970.01500,1966.09514,1979.81464,3.91986,0.54263
2023.05.31 16:20,-1,1964.29500,1965.73200,1960.70250,1.43700,0.54984
2023.05.31 18:50,-1,1963.63500,1964.57136,1961.29411,0.93636,0.50579
2023.06.01 09:20,1,1958.95500,1957.98714,1961.37464,0.96786,0.55284
2023.06.01 13:05,1,1966.71500,1963.76293,1974.09518,2.95207,0.56927
2023.06.01 14:35,1,1975.75800,1972.94621,1982.78746,2.81179,0.52248
2023.06.02 15:50,-1,1961.32500,1962.65793,1957.99268,1.33293,0.50259
2023.06.05 04:50,-1,1944.82500,1945.48736,1943.16911,0.66236,0.60881
2023.06.05 06:35,-1,1943.32500,1944.48536,1940.42411,1.16036,0.57377
2023.06.07 09:20,1,1962.87800,1962.00229,1965.06729,0.87571,0.54220
2023.06.07 13:05,-1,1960.00500,1961.32807,1956.69732,1.32307,0.64548
2023.06.07 14:50,-1,1957.17500,1960.09000,1949.88750,2.91500,0.60173
2023.06.07 19:35,-1,1941.63800,1942.28321,1940.02496,0.64521,0.50624
2023.06.12 15:20,-1,1958.08800,1959.70250,1954.05175,1.61450,0.51586
2023.06.13 14:05,-1,1953.88500,1957.14800,1945.72750,3.26300,0.54371
2023.06.13 15:50,-1,1944.55500,1946.58407,1939.48232,2.02907,0.55113
2023.06.14 16:35,-1,1955.69500,1956.69736,1953.18911,1.00236,0.51201
2023.06.15 01:50,-1,1934.64500,1936.36214,1930.35214,1.71714,0.62445
2023.06.15 08:05,-1,1932.82500,1934.39921,1928.88946,1.57421,0.61789
2023.06.15 09:35,-1,1933.86500,1935.30443,1930.26643,1.43943,0.60310
2023.06.15 11:05,-1,1932.30400,1933.23764,1929.96989,0.93364,0.51562
2023.06.16 08:35,1,1963.32500,1961.74264,1967.28089,1.58236,0.57395
2023.06.16 10:50,1,1965.70500,1964.96871,1967.54571,0.73629,0.55489
2023.06.16 15:50,-1,1955.47500,1957.17429,1951.22679,1.69929,0.50356
2023.06.19 09:05,-1,1955.11500,1956.05086,1952.77536,0.93586,0.59739
2023.06.19 10:50,-1,1949.27500,1950.13643,1947.12143,0.86143,0.51022
2023.06.20 02:50,-1,1950.16500,1951.51743,1946.78393,1.35243,0.50444
2023.06.20 13:05,-1,1940.92800,1942.99679,1935.75604,2.06879,0.59637
2023.06.20 15:35,-1,1935.28500,1937.14307,1930.63982,1.85807,0.55155
2023.06.22 13:50,-1,1921.83500,1924.35214,1915.54214,2.51714,0.64688
2023.06.22 15:50,-1,1915.15500,1917.21000,1910.01750,2.05500,0.53663
2023.06.26 13:05,-1,1928.46500,1929.61807,1925.58232,1.15307,0.53856
2023.06.27 13:50,-1,1917.73500,1919.83914,1912.47464,2.10414,0.60831
2023.06.28 04:35,-1,1915.05800,1915.59557,1913.71407,0.53757,0.59156
2023.06.28 06:05,-1,1914.81500,1915.37429,1913.41679,0.55929,0.58647
2023.06.28 08:05,-1,1909.71500,1910.86900,1906.83000,1.15400,0.55762
2023.06.28 09:35,-1,1907.30800,1908.37950,1904.62925,1.07150,0.62321
2023.06.29 01:35,-1,1910.33800,1911.08107,1908.48032,0.74307,0.56662
2023.06.30 10:20,-1,1905.44500,1906.21379,1903.52304,0.76879,0.54361
2023.06.30 13:20,1,1911.18500,1908.50757,1917.87857,2.67743,0.62813
2023.06.30 14:50,1,1915.20500,1912.67357,1921.53357,2.53143,0.53563
2023.06.30 16:35,1,1918.76500,1917.58664,1921.71089,1.17836,0.52776
2023.06.30 18:50,1,1918.01500,1917.37029,1919.62679,0.64471,0.52770
2023.07.03 13:50,1,1928.00400,1926.06821,1932.84346,1.93579,0.63719
2023.07.03 15:35,1,1927.55800,1925.97386,1931.51836,1.58414,0.52429
2023.07.05 16:05,-1,1922.64800,1923.80793,1919.74818,1.15993,0.52536
2023.07.05 17:35,-1,1919.34500,1920.35214,1916.82714,1.00714,0.51944
2023.07.05 19:20,-1,1916.84500,1917.81064,1914.43089,0.96564,0.50439
2023.07.06 13:35,-1,1911.52500,1914.71000,1903.56250,3.18500,0.57719
2023.07.06 15:50,-1,1912.11400,1913.78593,1907.93418,1.67193,0.53301
2023.07.11 04:35,1,1928.52500,1927.92414,1930.02714,0.60086,0.58403
2023.07.11 06:05,1,1930.54800,1929.77271,1932.48621,0.77529,0.51746
2023.07.11 07:50,1,1932.54500,1930.99257,1936.42607,1.55243,0.57670
2023.07.12 02:20,1,1940.62500,1939.57129,1943.25929,1.05371,0.57852
2023.07.12 13:20,1,1951.84500,1948.50300,1960.20000,3.34200,0.54537
2023.07.12 16:05,1,1956.04500,1954.70429,1959.39679,1.34071,0.61848
2023.07.12 17:35,1,1956.34500,1955.52114,1958.40464,0.82386,0.62156
2023.07.12 19:20,1,1958.09500,1957.58814,1959.36214,0.50686,0.55756
2023.07.13 01:20,1,1957.68500,1956.75793,1960.00268,0.92707,0.55199
2023.07.13 04:05,1,1960.25500,1959.51350,1962.10875,0.74150,0.56017
2023.07.13 05:35,1,1956.76500,1955.62557,1959.61357,1.13943,0.60380
2023.07.13 07:20,1,1959.52400,1958.42114,1962.28114,1.10286,0.54879
2023.07.18 04:50,1,1959.88500,1959.39814,1961.10214,0.48686,0.55695
2023.07.18 06:35,1,1960.00500,1959.06936,1962.34411,0.93564,0.62429
2023.07.18 13:50,1,1973.32500,1970.10443,1981.37643,3.22057,0.64668
2023.07.18 15:50,1,1977.65500,1975.84600,1982.17750,1.80900,0.50722
2023.07.20 01:05,1,1980.62500,1979.93950,1982.33875,0.68550,0.52176
2023.07.20 02:35,1,1985.46500,1984.37600,1988.18750,1.08900,0.52870
2023.07.20 14:20,-1,1969.93500,1972.04007,1964.67232,2.10507,0.60236
2023.07.21 05:50,-1,1970.25500,1970.92621,1968.57696,0.67121,0.50518
2023.07.21 07:20,-1,1967.61800,1968.57829,1965.21729,0.96029,0.62772
2023.07.21 14:05,-1,1959.57500,1961.77221,1954.08196,2.19721,0.62424
2023.07.21 15:50,-1,1960.64500,1962.19229,1956.77679,1.54729,0.52441
2023.07.24 16:05,-1,1959.40500,1960.75886,1956.02036,1.35386,0.52161
2023.07.25 13:35,1,1958.30500,1956.44629,1962.95179,1.85871,0.55304
2023.07.25 15:05,1,1962.02500,1959.86907,1967.41482,2.15593,0.50309
2023.07.26 05:05,1,1962.82500,1962.42786,1963.81786,0.39714,0.61057
2023.07.26 07:35,1,1970.02500,1968.98521,1972.62446,1.03979,0.56509
2023.07.26 10:20,1,1970.54500,1969.97679,1971.96554,0.56821,0.56355
2023.07.26 11:50,1,1969.67500,1968.68150,1972.15875,0.99350,0.52769
2023.07.27 01:20,1,1975.46500,1974.73286,1977.29536,0.73214,0.54372
2023.07.27 02:50,1,1976.97500,1975.94686,1979.54536,1.02814,0.52680
2023.07.27 13:05,-1,1957.76500,1961.28807,1948.95732,3.52307,0.51112
2023.07.27 14:35,-1,1943.78500,1947.12264,1935.44089,3.33764,0.50974
2023.07.28 08:35,1,1949.54500,1948.34471,1952.54571,1.20029,0.51745
2023.07.28 10:05,1,1953.21800,1952.03736,1956.16961,1.18064,0.60590
2023.07.28 11:50,1,1952.87500,1951.72286,1955.75536,1.15214,0.57915
2023.07.31 15:05,1,1968.52500,1966.78171,1972.88321,1.74329,0.54997
2023.08.01 14:20,-1,1943.57500,1946.17879,1937.06554,2.60379,0.53588
2023.08.02 13:05,-1,1945.85500,1948.16421,1940.08196,2.30921,0.55314
2023.08.02 14:35,-1,1935.27500,1937.47479,1929.77554,2.19979,0.57123
2023.08.04 15:35,1,1943.38500,1941.87329,1947.16429,1.51171,0.58546
2023.08.08 04:20,-1,1933.27500,1933.87500,1931.77500,0.60000,0.57693
2023.08.08 05:50,-1,1933.48500,1934.17929,1931.74929,0.69429,0.61872
2023.08.08 07:20,-1,1931.63500,1932.50857,1929.45107,0.87357,0.66288
2023.08.08 09:20,-1,1933.26500,1934.23821,1930.83196,0.97321,0.61134
2023.08.08 11:20,-1,1930.73500,1931.74464,1928.21089,1.00964,0.52410
2023.08.08 14:20,-1,1928.43500,1930.47671,1923.33071,2.04171,0.51060
2023.08.09 08:05,-1,1929.23500,1930.03364,1927.23839,0.79864,0.56708
2023.08.09 09:35,-1,1926.64500,1927.29893,1925.01018,0.65393,0.55228
2023.08.09 13:20,-1,1923.82500,1925.38321,1919.92946,1.55821,0.60837
2023.08.10 22:50,-1,1915.11500,1915.65886,1913.75536,0.54386,0.54062
2023.08.11 15:35,-1,1913.01500,1914.37979,1909.60304,1.36479,0.54846
2023.08.14 10:20,-1,1914.69500,1915.33736,1913.08911,0.64236,0.52115
2023.08.14 11:50,-1,1910.65500,1911.28821,1909.07196,0.63321,0.52458
2023.08.15 16:50,-1,1903.58500,1904.50857,1901.27607,0.92357,0.50410
2023.08.16 06:35,-1,1905.39800,1906.11879,1903.59604,0.72079,0.51478
2023.08.16 16:05,-1,1900.32500,1901.32807,1897.81732,1.00307,0.54587
2023.08.16 18:35,-1,1895.55500,1896.85164,1892.31339,1.29664,0.56934
2023.08.17 13:35,-1,1896.39500,1898.51864,1891.08589,2.12364,0.62234
2023.08.17 15:50,-1,1890.32500,1891.50786,1887.36786,1.18286,0.58217
2023.08.21 04:05,-1,1893.11500,1893.94479,1891.04054,0.82979,0.50545
2023.08.21 07:35,-1,1888.64500,1889.55071,1886.38071,0.90571,0.54777
2023.08.21 13:05,-1,1896.27500,1897.93864,1892.11589,1.66364,0.50586
2023.08.22 05:50,1,1895.68500,1894.85736,1897.75411,0.82764,0.52757
2023.08.22 08:35,1,1899.04500,1898.16471,1901.24571,0.88029,0.52007
2023.08.23 13:20,1,1911.56500,1909.66021,1916.32696,1.90479,0.58608
2023.08.23 15:35,1,1917.18500,1916.02521,1920.08446,1.15979,0.52163
2023.08.24 01:20,1,1918.55500,1918.01879,1919.89554,0.53621,0.52819
2023.08.24 14:05,1,1919.95500,1918.50093,1923.59018,1.45407,0.58067
2023.08.24 15:50,1,1920.59500,1919.39664,1923.59089,1.19836,0.50640
2023.08.25 13:50,-1,1920.31500,1921.58621,1917.13696,1.27121,0.53378
2023.08.25 15:20,-1,1907.97800,1910.65443,1901.28693,2.67643,0.51617
2023.08.28 13:35,1,1916.59500,1915.26979,1919.90804,1.32521,0.55303
2023.08.29 13:35,1,1920.92500,1919.69057,1924.01107,1.23443,0.63743
2023.08.29 16:35,1,1935.06800,1934.03793,1937.64318,1.03007,0.55955
2023.08.29 18:35,1,1936.93800,1936.41293,1938.25068,0.52507,0.57006
2023.08.30 08:05,1,1936.05500,1935.35321,1937.80946,0.70179,0.62899
2023.08.30 10:35,1,1937.45500,1936.88243,1938.88643,0.57257,0.56121
2023.08.30 15:35,1,1944.82800,1943.72686,1947.58086,1.10114,0.60881
2023.09.01 04:35,1,1939.53500,1939.15379,1940.48804,0.38121,0.61008
2023.09.01 07:05,1,1941.70500,1940.98871,1943.49571,0.71629,0.55357
2023.09.05 08:20,-1,1933.02800,1933.78686,1931.13086,0.75886,0.61166
2023.09.05 09:50,-1,1930.65500,1931.33850,1928.94625,0.68350,0.54074
2023.09.05 14:05,-1,1926.98400,1929.15464,1921.55739,2.17064,0.51470
2023.09.05 22:20,1,1926.20500,1925.90157,1926.96357,0.30343,0.50319
2023.09.06 06:05,-1,1926.48500,1927.07193,1925.01768,0.58693,0.52142
2023.09.06 07:35,-1,1923.86500,1924.71271,1921.74571,0.84771,0.59346
2023.09.06 13:20,-1,1923.35500,1924.45343,1920.60893,1.09843,0.53071
2023.09.06 15:05,-1,1916.90800,1919.31250,1910.89675,2.40450,0.56513
2023.09.07 08:50,1,1919.30500,1918.64093,1920.96518,0.66407,0.56381
2023.09.07 10:20,1,1920.20500,1919.61300,1921.68500,0.59200,0.55549
2023.09.07 11:50,1,1922.30500,1921.55486,1924.18036,0.75014,0.52183
2023.09.07 20:50,1,1919.32500,1919.01207,1920.10732,0.31293,0.50006
2023.09.12 06:50,-1,1919.45500,1920.00929,1918.06929,0.55429,0.50379
2023.09.12 09:05,-1,1919.65800,1920.26400,1918.14300,0.60600,0.53600
2023.09.12 10:50,-1,1914.46500,1915.28200,1912.42250,0.81700,0.51127
2023.09.14 05:35,-1,1908.59500,1909.15814,1907.18714,0.56314,0.51060
2023.09.14 07:20,-1,1906.65800,1907.39593,1904.81318,0.73793,0.50279
2023.09.14 10:50,-1,1908.36800,1908.93614,1906.94764,0.56814,0.51130
2023.09.15 05:20,1,1915.52500,1914.99286,1916.85536,0.53214,0.54976
2023.09.15 07:20,1,1916.92800,1915.72107,1919.94532,1.20693,0.59461
2023.09.15 13:05,1,1922.87500,1921.50343,1926.30393,1.37157,0.53543
2023.09.15 15:05,1,1928.38500,1926.29607,1933.60732,2.08893,0.52328
2023.09.18 01:05,1,1925.76500,1925.28207,1926.97232,0.48293,0.57061
2023.09.18 02:35,1,1927.91500,1927.08100,1930.00000,0.83400,0.57593
2023.09.18 16:20,1,1929.59500,1928.74350,1931.72375,0.85150,0.51816
2023.09.18 18:05,1,1931.23800,1930.60300,1932.82550,0.63500,0.54519
2023.09.18 19:35,1,1932.90500,1932.53093,1933.84018,0.37407,0.50816
2023.09.18 22:50,1,1932.42500,1932.14379,1933.12804,0.28121,0.52310
2023.09.19 10:05,1,1935.34500,1934.93550,1936.36875,0.40950,0.50161
2023.09.19 11:50,1,1935.42800,1934.92464,1936.68639,0.50336,0.54796
2023.09.20 08:35,1,1929.30800,1928.72986,1930.75336,0.57814,0.61721
2023.09.20 10:35,1,1932.41500,1931.83093,1933.87518,0.58407,0.59655
2023.09.20 13:35,1,1941.55500,1940.51407,1944.15732,1.04093,0.58881
2023.09.21 08:05,-1,1926.73500,1927.54929,1924.69929,0.81429,0.55539
2023.09.21 22:35,1,1920.15500,1919.86921,1920.86946,0.28579,0.51554
2023.09.25 13:20,-1,1923.44500,1924.49907,1920.80982,1.05407,0.51090
2023.09.26 01:05,-1,1915.65500,1916.07079,1914.61554,0.41579,0.51599
2023.09.26 02:50,-1,1913.33500,1913.88364,1911.96339,0.54864,0.59906
2023.09.26 13:05,-1,1906.31500,1908.19857,1901.60607,1.88357,0.52058
2023.09.27 04:05,-1,1898.02800,1898.45493,1896.96068,0.42693,0.51355
2023.09.27 05:35,-1,1897.58500,1898.33529,1895.70929,0.75029,0.52787
2023.09.27 07:05,-1,1897.80500,1898.77907,1895.36982,0.97407,0.58450
2023.09.27 08:50,-1,1896.37500,1897.10407,1894.55232,0.72907,0.52131
2023.09.28 14:05,-1,1873.23500,1875.29914,1868.07464,2.06414,0.50037
2023.09.29 13:05,-1,1877.92500,1879.73293,1873.40518,1.80793,0.52056
2023.10.05 13:50,-1,1818.65500,1820.78164,1813.33839,2.12664,0.60033
2023.10.05 15:20,-1,1816.49500,1818.61807,1811.18732,2.12307,0.58807
2023.10.09 17:05,1,1850.78500,1850.03571,1852.65821,0.74929,0.53121
2023.10.10 14:50,1,1857.36500,1855.71743,1861.48393,1.64757,0.50184
2023.10.11 04:35,1,1859.94500,1859.57214,1860.87714,0.37286,0.57495
2023.10.11 06:05,1,1860.03400,1859.39779,1861.62454,0.63621,0.57837
2023.10.11 10:05,1,1870.94500,1870.07107,1873.12982,0.87393,0.51718
2023.10.11 11:50,1,1873.27500,1872.38614,1875.49714,0.88886,0.52157
2023.10.12 02:05,1,1876.79500,1875.97779,1878.83804,0.81721,0.52705
2023.10.12 04:35,1,1878.22500,1877.71850,1879.49125,0.50650,0.55634
2023.10.12 06:05,1,1879.98500,1879.42371,1881.38821,0.56129,0.53552
2023.10.12 08:05,1,1880.87800,1879.93350,1883.23925,0.94450,0.57621
2023.10.12 14:50,-1,1871.99500,1873.72579,1867.66804,1.73079,0.51169
2023.10.13 09:05,1,1883.79500,1882.90850,1886.01125,0.88650,0.57552
2023.10.13 11:05,1,1891.56500,1890.15800,1895.08250,1.40700,0.54672
2023.10.13 13:35,1,1911.77500,1907.82514,1921.64964,3.94986,0.61051
2023.10.13 16:35,1,1925.13800,1923.68900,1928.76050,1.44900,0.56997
2023.10.13 18:50,1,1928.55500,1927.48400,1931.23250,1.07100,0.61027
2023.10.13 20:35,1,1929.51500,1928.98629,1930.83679,0.52871,0.55892
2023.10.18 02:50,1,1937.18500,1935.68071,1940.94571,1.50429,0.54612
2023.10.18 08:50,1,1939.10500,1937.99521,1941.87946,1.10979,0.60213
2023.10.18 11:35,1,1944.27500,1943.39043,1946.48643,0.88457,0.57108
2023.10.18 16:20,1,1949.24500,1947.64371,1953.24821,1.60129,0.54789
2023.10.18 18:20,1,1950.49500,1949.28786,1953.51286,1.20714,0.59337
2023.10.18 19:50,1,1949.67500,1948.75857,1951.96607,0.91643,0.52319
2023.10.19 04:05,1,1946.01500,1945.13407,1948.21732,0.88093,0.50344
2023.10.19 16:35,1,1957.89800,1955.07321,1964.95996,2.82479,0.61320
2023.10.19 18:50,1,1974.28500,1972.31071,1979.22071,1.97429,0.56753
2023.10.20 13:35,1,1982.77500,1980.83786,1987.61786,1.93714,0.59957
2023.10.20 15:50,1,1989.99500,1987.83050,1995.40625,2.16450,0.57666
2023.10.23 22:50,1,1975.46500,1975.00621,1976.61196,0.45879,0.53442
2023.10.24 08:35,-1,1971.54500,1972.70071,1968.65571,1.15571,0.66703
2023.10.24 10:05,-1,1965.50800,1967.10693,1961.51068,1.59893,0.55758
2023.10.24 13:20,1,1961.46500,1959.36386,1966.71786,2.10114,0.50971
2023.10.26 06:50,1,1985.81500,1984.43043,1989.27643,1.38457,0.59469
2023.10.27 16:35,1,1982.09500,1980.94357,1984.97357,1.15143,0.58325
2023.10.27 19:50,1,2005.99800,2004.27243,2010.31193,1.72557,0.54811
2023.10.30 20:35,1,1996.12800,1995.44893,1997.82568,0.67907,0.51001
2023.11.01 01:20,-1,1980.09500,1981.17929,1977.38429,1.08429,0.57412
2023.11.01 02:50,-1,1977.72500,1978.74214,1975.18214,1.01714,0.51111
2023.11.01 08:35,1,1980.71500,1979.61050,1983.47625,1.10450,0.58463
2023.11.01 11:50,1,1985.78500,1984.88000,1988.04750,0.90500,0.54254
2023.11.01 22:05,1,1983.16500,1982.12600,1985.76250,1.03900,0.53771
2023.11.03 13:50,1,1996.23500,1992.01400,2006.78750,4.22100,0.58286
2023.11.03 15:35,1,1991.65500,1989.39429,1997.30679,2.26071,0.60772
2023.11.06 08:05,1,1986.55800,1985.52343,1989.14443,1.03457,0.60687
2023.11.06 09:35,1,1986.45500,1985.42236,1989.03661,1.03264,0.60371
2023.11.06 11:05,1,1986.84500,1985.99471,1988.97071,0.85029,0.56276
2023.11.06 14:50,-1,1984.29500,1985.95879,1980.13554,1.66379,0.50106
2023.11.07 02:20,-1,1974.04500,1974.84007,1972.05732,0.79507,0.58991
2023.11.07 07:05,-1,1968.15800,1968.88371,1966.34371,0.72571,0.62754
2023.11.07 08:50,-1,1964.72500,1965.68529,1962.32429,0.96029,0.64911
2023.11.07 16:05,1,1964.53400,1962.83086,1968.79186,1.70314,0.52496
2023.11.07 18:05,1,1966.18800,1965.15771,1968.76371,1.03029,0.50447
2023.11.08 13:05,-1,1965.41800,1966.42729,1962.89479,1.00929,0.55846
2023.11.08 14:50,-1,1958.62500,1960.13450,1954.85125,1.50950,0.56370
2023.11.10 13:20,-1,1945.38500,1947.08300,1941.14000,1.69800,0.59945
2023.11.10 14:50,-1,1942.23500,1943.91950,1938.02375,1.68450,0.56889
2023.11.13 01:35,-1,1939.43500,1940.32993,1937.19768,0.89493,0.55226
2023.11.13 10:50,-1,1938.70500,1939.31100,1937.19000,0.60600,0.51067
2023.11.14 13:05,1,1946.99500,1946.17771,1949.03821,0.81729,0.55785
2023.11.15 01:50,1,1962.93800,1962.04514,1965.17014,0.89286,0.58397
2023.11.15 09:05,1,1971.01500,1970.01714,1973.50964,0.99786,0.53130
2023.11.15 11:50,1,1971.84500,1971.11350,1973.67375,0.73150,0.50939
2023.11.16 13:20,1,1971.87500,1970.85907,1974.41482,1.01593,0.58864
2023.11.17 08:20,1,1988.41500,1987.32807,1991.13232,1.08693,0.60463
2023.11.17 09:50,1,1990.59500,1989.48121,1993.37946,1.11379,0.56218
2023.11.17 11:20,1,1989.53500,1988.58279,1991.91554,0.95221,0.54109
2023.11.20 02:20,1,1984.23500,1983.11257,1987.04107,1.12243,0.53625
2023.11.20 16:35,1,1973.63500,1972.26207,1977.06732,1.37293,0.51005
2023.11.21 01:05,1,1988.28500,1987.15371,1991.11321,1.13129,0.50077
2023.11.21 02:50,1,1993.95500,1992.70850,1997.07125,1.24650,0.53949
2023.11.21 13:05,1,1992.67500,1991.46064,1995.71089,1.21436,0.55234
2023.11.22 04:05,1,1996.82500,1996.13886,1998.54036,0.68614,0.51563
2023.11.22 06:35,1,2000.69500,1999.52000,2003.63250,1.17500,0.54016
2023.11.23 01:20,1,1992.23500,1991.61986,1993.77286,0.61514,0.56828
2023.11.23 02:50,1,1996.88500,1996.05350,1998.96375,0.83150,0.53532
2023.11.27 02:50,1,2008.63500,2007.25186,2012.09286,1.38314,0.58070
2023.11.28 13:35,1,2019.08400,2017.82443,2022.23293,1.25957,0.62958
2023.11.28 15:20,1,2027.02500,2024.62250,2033.03125,2.40250,0.51997
2023.11.28 18:35,1,2038.96500,2037.78286,2041.92036,1.18214,0.60971
2023.11.28 21:35,1,2040.85500,2040.35593,2042.10268,0.49907,0.52193
2023.12.01 17:20,1,2060.62800,2058.51793,2065.90318,2.11007,0.57157
2023.12.01 19:35,1,2067.89800,2066.02150,2072.58925,1.87650,0.58145
2023.12.04 02:20,-1,2085.45500,2088.22314,2078.53464,2.76814,0.50514
2023.12.04 07:35,1,2071.22500,2068.67950,2077.58875,2.54550,0.50897
2023.12.04 14:05,-1,2047.24500,2050.28200,2039.65250,3.03700,0.54186
2023.12.05 14:50,-1,2026.19500,2028.60114,2020.17964,2.40614,0.54409
2023.12.05 21:50,1,2020.60800,2020.10779,2021.85854,0.50021,0.50600
2023.12.08 14:05,-1,2008.67500,2012.67093,1998.68518,3.99593,0.56769
2023.12.08 16:05,-1,2005.33500,2008.18907,1998.19982,2.85407,0.53900
2023.12.11 04:20,-1,1996.40500,1997.50143,1993.66393,1.09643,0.50300
2023.12.11 05:50,-1,1997.85800,1998.63664,1995.91139,0.77864,0.52284
2023.12.11 07:20,-1,1999.28500,2000.18586,1997.03286,0.90086,0.56892
2023.12.11 13:35,-1,1991.64500,1993.07214,1988.07714,1.42714,0.50495
2023.12.15 16:50,-1,2032.64500,2034.00736,2029.23911,1.36236,0.57151
2023.12.15 19:20,-1,2016.94500,2019.13857,2011.46107,2.19357,0.54010
2023.12.19 14:05,1,2031.27800,2029.89400,2034.73800,1.38400,0.55366
2023.12.21 02:50,1,2037.46500,2036.55157,2039.74857,0.91343,0.53703
2023.12.21 13:05,1,2036.84500,2035.68850,2039.73625,1.15650,0.53442
2023.12.21 15:20,1,2040.89500,2038.40400,2047.12250,2.49100,0.52189
2023.12.22 10:35,1,2055.13500,2054.36007,2057.07232,0.77493,0.51016
2023.12.27 13:35,1,2066.83500,2065.11400,2071.13750,1.72100,0.55100
2024.01.03 01:05,1,2060.55500,2059.65136,2062.81411,0.90364,0.56237
2024.01.03 02:50,1,2064.61500,2063.68693,2066.93518,0.92807,0.52634
2024.01.03 08:50,-1,2059.94500,2061.19550,2056.81875,1.25050,0.68616
2024.01.03 11:20,-1,2051.10500,2052.57071,2047.44071,1.46571,0.63771
2024.01.03 14:05,-1,2036.34500,2038.57050,2030.78125,2.22550,0.56796
2024.01.03 15:35,-1,2032.92500,2036.67321,2023.55446,3.74821,0.51428
2024.01.05 14:05,1,2042.74500,2038.26793,2053.93768,4.47707,0.50966
2024.01.05 15:50,1,2053.26800,2049.39607,2062.94782,3.87193,0.50672
2024.01.08 09:50,-1,2028.35500,2029.77907,2024.79482,1.42407,0.50428
2024.01.08 13:05,1,2023.77500,2022.23643,2027.62143,1.53857,0.54463
2024.01.10 08:05,-1,2033.10500,2034.58243,2029.41143,1.47743,0.51182
2024.01.10 13:05,-1,2031.92500,2032.93450,2029.40125,1.00950,0.50291
2024.01.11 21:20,1,2028.43500,2027.14193,2031.66768,1.29307,0.50250
2024.01.12 08:50,1,2038.28500,2036.98864,2041.52589,1.29636,0.60213
2024.01.12 10:20,1,2040.24500,2039.41379,2042.32304,0.83121,0.50903
2024.01.12 13:05,1,2045.27500,2043.20407,2050.45232,2.07093,0.50503
2024.01.15 01:05,1,2047.61500,2046.74436,2049.79161,0.87064,0.59827
2024.01.15 02:35,1,2054.09500,2052.84614,2057.21714,1.24886,0.55055
2024.01.16 09:05,-1,2040.78500,2042.41479,2036.71054,1.62979,0.61374
2024.01.16 11:05,-1,2040.60500,2041.72764,2037.79839,1.12264,0.57450
2024.01.16 16:35,-1,2034.10500,2036.94807,2026.99732,2.84307,0.52126
2024.01.17 01:05,-1,2028.62500,2029.49243,2026.45643,0.86743,0.59007
2024.01.17 02:35,-1,2028.79500,2030.10571,2025.51821,1.31071,0.60421
2024.01.17 10:35,-1,2025.26500,2026.61143,2021.89893,1.34643,0.50822
2024.01.17 13:20,-1,2021.58500,2023.10329,2017.78929,1.51829,0.59170
2024.01.17 14:50,-1,2012.73500,2015.10757,2006.80357,2.37257,0.53657
2024.01.19 06:50,1,2024.53500,2023.63107,2026.79482,0.90393,0.53144
2024.01.19 08:20,1,2026.54500,2025.29850,2029.66125,1.24650,0.53364
2024.01.22 08:20,1,2022.81500,2021.30664,2026.58589,1.50836,0.53641
2024.01.22 11:35,1,2025.01800,2023.95657,2027.67157,1.06143,0.54218
2024.01.23 01:05,1,2020.57500,2020.03971,2021.91321,0.53529,0.53437
2024.01.23 02:50,1,2027.62500,2026.70486,2029.92536,0.92014,0.56631
2024.01.23 10:35,-1,2025.52500,2026.61907,2022.78982,1.09407,0.51435
2024.01.24 04:20,1,2024.57500,2023.95371,2026.12821,0.62129,0.53973
2024.01.24 05:50,1,2023.87800,2023.08186,2025.86836,0.79614,0.57459
2024.01.24 07:35,1,2029.91800,2028.84107,2032.61032,1.07693,0.52514
2024.01.24 14:20,-1,2031.90500,2034.15921,2026.26946,2.25421,0.66551
2024.01.24 15:50,-1,2015.23500,2018.31479,2007.53554,3.07979,0.60687
2024.01.29 01:05,1,2024.63500,2023.53664,2027.38089,1.09836,0.60973
2024.01.29 02:35,1,2024.30500,2023.40357,2026.55857,0.90143,0.58280
2024.01.29 05:35,1,2025.75500,2025.02450,2027.58125,0.73050,0.59059
2024.01.29 07:50,1,2033.28500,2032.18786,2036.02786,1.09714,0.54071
2024.01.30 04:05,1,2032.41500,2031.98929,2033.47929,0.42571,0.52972
2024.01.30 05:35,1,2032.64500,2032.03000,2034.18250,0.61500,0.56472
2024.01.30 07:05,1,2034.60500,2033.60379,2037.10804,1.00121,0.58217
2024.01.31 13:35,1,2041.08500,2039.60979,2044.77304,1.47521,0.65492
2024.02.01 01:35,1,2041.27500,2040.34721,2043.59446,0.92779,0.52770
2024.02.01 13:05,1,2033.76500,2032.38000,2037.22750,1.38500,0.53660
2024.02.02 13:20,-1,2041.27500,2042.37786,2038.51786,1.10286,0.51076
2024.02.05 04:05,-1,2032.65500,2033.78979,2029.81804,1.13479,0.59863
2024.02.05 05:50,-1,2029.94500,2031.01079,2027.28054,1.06579,0.64976
2024.02.05 07:50,-1,2026.25800,2027.54707,2023.03532,1.28907,0.74323
2024.02.05 16:35,1,2021.04500,2019.52500,2024.84500,1.52000,0.52379
2024.02.08 08:05,-1,2031.33500,2032.21407,2029.13732,0.87907,0.58172
2024.02.08 11:05,-1,2032.42500,2033.49043,2029.76143,1.06543,0.59118
2024.02.12 08:50,-1,2023.57500,2024.41621,2021.47196,0.84121,0.52446
2024.02.12 10:50,-1,2020.83500,2021.49171,2019.19321,0.65671,0.50897
2024.02.12 13:20,-1,2024.16500,2025.39164,2021.09839,1.22664,0.62468
2024.02.12 14:50,-1,2015.45500,2017.53714,2010.24964,2.08214,0.57253
2024.02.13 07:05,1,2024.24500,2023.68143,2025.65393,0.56357,0.50509
2024.02.13 13:20,-1,2015.61500,2016.44786,2013.53286,0.83286,0.66880
2024.02.13 15:05,-1,1993.45500,1996.44550,1985.97875,2.99050,0.56712
2024.02.19 02:05,1,2019.79500,2018.40407,2023.27232,1.39093,0.53440
2024.02.20 08:05,1,2022.13500,2021.28786,2024.25286,0.84714,0.59712
2024.02.20 09:50,1,2023.66500,2022.86636,2025.66161,0.79864,0.52537
2024.02.20 11:50,1,2026.83500,2025.92621,2029.10696,0.90879,0.53458
2024.02.21 01:05,1,2025.06500,2024.58857,2026.25607,0.47643,0.60069
2024.02.21 02:50,1,2030.63500,2029.91286,2032.44036,0.72214,0.55173
2024.02.23 19:50,1,2036.97500,2036.15121,2039.03446,0.82379,0.52900
2024.02.27 08:05,1,2035.84500,2035.12886,2037.63536,0.71614,0.56259
2024.02.27 09:50,1,2036.50500,2035.71807,2038.47232,0.78693,0.61650
2024.02.27 11:35,1,2038.00800,2037.29300,2039.79550,0.71500,0.55169
2024.02.29 13:20,1,2037.72500,2036.91500,2039.75000,0.81000,0.62642
2024.02.29 15:35,1,2048.73500,2046.80386,2053.56286,1.93114,0.51906
2024.03.01 09:05,1,2043.85500,2042.59571,2047.00321,1.25929,0.63120
2024.03.01 13:50,1,2052.29500,2050.81643,2055.99143,1.47857,0.64428
2024.03.01 15:35,1,2068.62500,2065.50979,2076.41304,3.11521,0.61233
2024.03.01 17:50,1,2083.34400,2081.45479,2088.06704,1.88921,0.55136
2024.03.01 19:50,1,2083.89500,2082.78543,2086.66893,1.10957,0.60535
2024.03.04 13:20,1,2085.46500,2084.49736,2087.88411,0.96764,0.65003
2024.03.04 15:35,1,2103.48500,2101.40243,2108.69143,2.08257,0.53738
2024.03.04 17:35,1,2117.86800,2115.43371,2123.95371,2.43429,0.58789
2024.03.04 19:20,1,2116.01800,2114.72593,2119.24818,1.29207,0.60453
2024.03.05 02:50,1,2113.41500,2112.63043,2115.37643,0.78457,0.50885
2024.03.05 09:05,1,2123.20500,2121.68171,2127.01321,1.52329,0.60577
2024.03.05 11:50,1,2126.45500,2125.13414,2129.75714,1.32086,0.62778
2024.03.05 16:35,1,2126.10500,2123.27000,2133.19250,2.83500,0.52135
2024.03.06 01:20,1,2125.50500,2124.73336,2127.43411,0.77164,0.51159
2024.03.06 09:05,1,2125.95500,2124.73493,2129.00518,1.22007,0.51518
2024.03.07 06:20,1,2153.44500,2152.12029,2156.75679,1.32471,0.65992
2024.03.07 07:50,1,2155.97500,2154.34707,2160.04482,1.62793,0.59420
2024.03.07 16:05,1,2153.84500,2151.62050,2159.40625,2.22450,0.55669
2024.03.07 17:35,1,2156.80500,2155.41857,2160.27107,1.38643,0.52677
2024.03.07 21:50,1,2160.59500,2160.07550,2161.89375,0.51950,0.50557
2024.03.08 02:20,1,2157.12500,2156.29329,2159.20429,0.83171,0.51138
2024.03.08 08:50,1,2165.37500,2163.94057,2168.96107,1.43443,0.58002
2024.03.08 11:05,1,2167.98500,2166.90564,2170.68339,1.07936,0.66081
2024.03.08 13:50,1,2173.45500,2168.81929,2185.04429,4.63571,0.51543
2024.03.08 15:20,1,2173.58500,2170.34743,2181.67893,3.23757,0.64089
2024.03.11 13:05,1,2177.20500,2175.46929,2181.54429,1.73571,0.54829
2024.03.12 10:05,-1,2175.72500,2176.71143,2173.25893,0.98643,0.63298
2024.03.12 11:50,-1,2163.39500,2164.74329,2160.02429,1.34829,0.63694
2024.03.14 16:35,1,2157.83500,2156.20050,2161.92125,1.63450,0.54017
2024.03.14 18:05,1,2161.47500,2160.06264,2165.00589,1.41236,0.50745
2024.03.18 02:05,-1,2153.24500,2154.51500,2150.07000,1.27000,0.67704
2024.03.18 04:50,1,2147.41500,2146.62000,2149.40250,0.79500,0.54754
2024.03.18 07:50,1,2150.21500,2149.30786,2152.48286,0.90714,0.57259
2024.03.20 16:35,1,2158.12500,2156.97471,2161.00071,1.15029,0.55339
2024.03.20 18:20,1,2163.15500,2159.82743,2171.47393,3.32757,0.56294
2024.03.20 22:35,1,2199.15500,2194.17143,2211.61393,4.98357,0.53408
2024.03.26 08:05,1,2175.06500,2173.88357,2178.01857,1.18143,0.61846
2024.03.26 09:50,1,2191.41500,2189.19879,2196.95554,2.21621,0.55489
2024.03.26 11:50,1,2189.49500,2187.52021,2194.43196,1.97479,0.58221
2024.03.28 08:20,1,2194.22800,2192.72443,2197.98693,1.50357,0.63018
2024.03.28 09:50,1,2197.91400,2196.64814,2201.07864,1.26586,0.56331
2024.03.28 11:50,1,2214.39500,2212.34807,2219.51232,2.04693,0.54065
2024.03.28 14:20,1,2208.64500,2205.09879,2217.51054,3.54621,0.51935
2024.04.01 02:50,1,2265.25500,2263.59786,2269.39786,1.65714,0.51943
2024.04.02 16:50,1,2260.68500,2258.52457,2266.08607,2.16043,0.53418
2024.04.05 04:05,1,2277.03500,2275.44286,2281.01536,1.59214,0.52508
2024.04.05 07:05,1,2284.50500,2282.62193,2289.21268,1.88307,0.52074
2024.04.05 13:35,1,2297.80500,2292.05779,2312.17304,5.74721,0.58535
2024.04.05 15:20,1,2323.65500,2318.59079,2336.31554,5.06421,0.54504
2024.04.08 01:35,1,2316.60500,2313.76650,2323.70125,2.83850,0.57665
2024.04.09 04:50,1,2345.12500,2344.22800,2347.36750,0.89700,0.58001
2024.04.09 06:50,1,2344.91500,2343.26264,2349.04589,1.65236,0.62554
2024.04.10 22:35,1,2335.85500,2334.95421,2338.10696,0.90079,0.51832
2024.04.11 16:05,1,2343.56800,2341.25836,2349.34211,2.30964,0.54575
2024.04.11 22:35,1,2374.12500,2371.81893,2379.89018,2.30607,0.50302
2024.04.12 04:35,1,2386.33500,2384.49329,2390.93929,1.84171,0.53618
2024.04.12 06:20,1,2390.32500,2388.53286,2394.80536,1.79214,0.52231
2024.04.12 07:50,1,2400.02500,2397.49386,2406.35286,2.53114,0.52083
2024.04.15 16:20,1,2346.81500,2343.98557,2353.88857,2.82943,0.50412
2024.04.19 20:35,1,2390.16800,2388.65236,2393.95711,1.51564,0.51368
2024.04.22 01:50,-1,2377.19800,2379.16157,2372.28907,1.96357,0.59813
2024.04.22 04:20,-1,2371.43500,2373.64721,2365.90446,2.21221,0.53347
2024.04.22 06:35,-1,2356.34500,2359.25786,2349.06286,2.91286,0.61950
2024.04.22 08:05,-1,2358.53500,2360.61043,2353.34643,2.07543,0.53455
2024.04.22 10:05,-1,2359.65500,2361.23164,2355.71339,1.57664,0.56687
2024.04.22 11:35,-1,2341.67500,2344.98529,2333.39929,3.31029,0.51351
2024.04.22 16:05,-1,2333.52800,2336.18379,2326.88854,2.65579,0.53321
2024.04.22 17:35,-1,2329.84500,2332.02771,2324.38821,2.18271,0.51560
2024.04.22 19:35,-1,2328.94500,2330.27571,2325.61821,1.33071,0.50633
2024.04.23 01:20,-1,2327.71500,2329.31357,2323.71857,1.59857,0.53231
2024.04.25 04:50,1,2316.77800,2315.59850,2319.72675,1.17950,0.55109
2024.04.25 07:20,1,2322.19500,2320.49929,2326.43429,1.69571,0.54778
2024.04.26 04:50,1,2335.83500,2334.74700,2338.55500,1.08800,0.58714
2024.04.26 07:35,1,2345.56500,2343.68450,2350.26625,1.88050,0.60256
2024.04.29 04:05,1,2332.53500,2331.09321,2336.13946,1.44179,0.56006
2024.04.29 07:50,1,2337.26500,2335.43450,2341.84125,1.83050,0.52731
2024.04.30 04:35,-1,2326.26500,2327.44479,2323.31554,1.17979,0.52969
2024.04.30 06:05,-1,2322.58500,2324.23857,2318.45107,1.65357,0.57913
2024.04.30 07:50,-1,2316.62800,2318.19779,2312.70354,1.56979,0.57220
2024.04.30 11:50,-1,2305.73800,2307.33321,2301.74996,1.59521,0.50682
2024.05.03 17:05,1,2296.98500,2295.05236,2301.81661,1.93264,0.53256
2024.05.03 19:50,1,2301.41500,2299.77000,2305.52750,1.64500,0.50924
2024.05.06 01:20,1,2307.33800,2304.49171,2314.45371,2.84629,0.54275
2024.05.06 05:35,1,2312.06800,2310.50850,2315.96675,1.55950,0.57891
2024.05.06 07:05,1,2313.49800,2312.11943,2316.94443,1.37857,0.58646
2024.05.06 13:50,1,2328.60500,2324.81179,2338.08804,3.79321,0.50236
2024.05.06 15:20,1,2322.82500,2320.00093,2329.88518,2.82407,0.51104
2024.05.08 06:05,-1,2317.06500,2318.28221,2314.02196,1.21721,0.53802
2024.05.08 09:05,1,2308.48500,2306.57950,2313.24875,1.90550,0.56375
2024.05.09 08:50,1,2311.31500,2309.91407,2314.81732,1.40093,0.52106
2024.05.09 13:35,1,2320.66500,2316.81436,2330.29161,3.85064,0.57160
2024.05.09 16:35,1,2330.89500,2329.14079,2335.28054,1.75421,0.52552
2024.05.10 02:50,1,2352.71500,2351.11707,2356.70982,1.59793,0.55161
2024.05.10 05:35,1,2358.17800,2356.90007,2361.37282,1.27793,0.51491
2024.05.10 08:20,1,2368.35500,2366.40457,2373.23107,1.95043,0.57581
2024.05.10 09:50,1,2373.36500,2371.43671,2378.18571,1.92829,0.54605
2024.05.15 01:20,1,2358.45500,2357.49371,2360.85821,0.96129,0.54880
2024.05.15 02:50,1,2359.90800,2358.89807,2362.43282,1.00993,0.54374
2024.05.15 05:35,1,2357.86500,2356.87029,2360.35179,0.99471,0.58790
2024.05.15 07:35,1,2363.03500,2361.47457,2366.93607,1.56043,0.56945
2024.05.15 14:20,1,2369.02400,2364.13014,2381.25864,4.89386,0.56188
2024.05.15 16:05,1,2384.76800,2381.71186,2392.40836,3.05614,0.54995
2024.05.15 19:05,1,2386.71400,2384.99671,2391.00721,1.71729,0.54700
2024.05.15 22:20,1,2388.91500,2387.53707,2392.35982,1.37793,0.51175
2024.05.17 05:05,1,2379.87500,2379.06143,2381.90893,0.81357,0.51403
2024.05.17 06:35,1,2385.17500,2383.70443,2388.85143,1.47057,0.52250
2024.05.17 13:50,1,2402.34500,2398.93629,2410.86679,3.40871,0.50136
2024.05.20 02:35,1,2431.08500,2428.21236,2438.26661,2.87264,0.58591
2024.05.20 05:05,1,2438.60500,2437.12050,2442.31625,1.48450,0.57167
2024.05.20 07:20,1,2437.67500,2433.78064,2447.41089,3.89436,0.63008
2024.05.20 11:35,-1,2430.33500,2432.62407,2424.61232,2.28907,0.51123
2024.05.21 22:35,1,2421.28400,2420.65950,2422.84525,0.62450,0.50774
2024.05.22 16:20,-1,2390.31500,2392.93407,2383.76732,2.61907,0.58486
2024.05.22 17:50,-1,2388.53500,2390.61157,2383.34357,2.07657,0.55493
2024.05.22 19:35,-1,2378.04800,2380.12850,2372.84675,2.08050,0.54508
2024.05.23 01:05,-1,2374.79500,2376.24243,2371.17643,1.44743,0.63540
2024.05.23 02:35,-1,2368.86500,2371.75486,2361.64036,2.88986,0.63049
2024.05.23 05:20,-1,2369.25500,2370.47757,2366.19857,1.22257,0.59777
2024.05.23 07:35,-1,2356.38400,2358.30071,2351.59221,1.91671,0.60407
2024.05.23 09:35,1,2362.08500,2360.23086,2366.72036,1.85414,0.56871
2024.05.23 13:05,-1,2365.59500,2368.35743,2358.68893,2.76243,0.52664
2024.05.23 16:05,-1,2344.35800,2347.62500,2336.19050,3.26700,0.55851
2024.05.23 19:35,-1,2331.96500,2333.43336,2328.29411,1.46836,0.52874
2024.05.28 14:05,1,2350.10800,2346.20157,2359.87407,3.90643,0.50122
2024.05.30 01:35,-1,2334.58500,2336.28971,2330.32321,1.70471,0.55600
2024.06.03 05:20,1,2322.27500,2321.18200,2325.00750,1.09300,0.58684
2024.06.03 07:20,1,2323.90500,2321.42636,2330.10161,2.47864,0.57785
2024.06.06 01:05,1,2365.19400,2364.08264,2367.97239,1.11136,0.53057
2024.06.06 02:35,1,2370.70800,2368.19136,2376.99961,2.51664,0.59136
2024.06.07 02:35,1,2376.08500,2374.37571,2380.35821,1.70929,0.55173
2024.06.07 08:05,-1,2355.84500,2359.04814,2347.83714,3.20314,0.60982
2024.06.07 09:35,-1,2338.74500,2342.32150,2329.80375,3.57650,0.57051
2024.06.07 11:05,-1,2331.93500,2334.06857,2326.60107,2.13357,0.61549
2024.06.07 14:50,-1,2313.42500,2317.89743,2302.24393,4.47243,0.54867
2024.06.07 17:05,-1,2310.13500,2312.86979,2303.29804,2.73479,0.54125
2024.06.12 13:05,1,2338.02800,2333.81186,2348.56836,4.21614,0.50003
2024.06.12 14:50,1,2327.90800,2324.25036,2337.05211,3.65764,0.56678
2024.06.12 17:50,-1,2329.43500,2331.21729,2324.97929,1.78229,0.52125
2024.06.13 08:50,-1,2315.26500,2316.51400,2312.14250,1.24900,0.53824
2024.06.13 11:05,-1,2312.39500,2313.84829,2308.76179,1.45329,0.54300
2024.06.17 17:05,1,2316.99800,2315.49857,2320.74657,1.49943,0.52334
2024.06.17 18:50,1,2318.29500,2317.28621,2320.81696,1.00879,0.50859
2024.06.18 04:50,-1,2321.23500,2321.99636,2319.33161,0.76136,0.53711
2024.06.18 06:20,-1,2320.99500,2322.34393,2317.62268,1.34893,0.51206
2024.06.20 13:05,1,2338.51500,2335.73629,2345.46179,2.77871,0.53564
2024.06.20 15:50,1,2353.09800,2350.21636,2360.30211,2.88164,0.53318
2024.06.21 08:50,1,2366.02500,2364.12936,2370.76411,1.89564,0.57087
2024.06.21 10:50,1,2364.47500,2363.37743,2367.21893,1.09757,0.55986
2024.06.21 13:20,-1,2351.64500,2353.88636,2346.04161,2.24136,0.51510
2024.06.21 19:35,-1,2321.76500,2322.94093,2318.82518,1.17593,0.53460
2024.06.26 15:35,-1,2300.39500,2302.92343,2294.07393,2.52843,0.50699
2024.06.28 01:20,-1,2320.77500,2322.35171,2316.83321,1.57671,0.51617
2024.06.28 08:05,1,2328.35500,2327.05293,2331.61018,1.30207,0.60244
2024.06.28 09:35,1,2329.64500,2328.43064,2332.68089,1.21436,0.56852
2024.06.28 11:50,1,2336.38500,2335.30536,2339.08411,1.07964,0.53585
2024.07.01 08:50,1,2326.50500,2324.80050,2330.76625,1.70450,0.52174
2024.07.01 10:20,1,2329.65500,2328.33943,2332.94393,1.31557,0.50244
2024.07.01 14:35,-1,2321.72800,2325.58021,2312.09746,3.85221,0.51604
2024.07.02 11:35,-1,2320.18800,2321.53686,2316.81586,1.34886,0.52961
2024.07.03 04:20,1,2333.28500,2332.55836,2335.10161,0.72664,0.50344
2024.07.03 06:05,1,2334.46500,2333.16450,2337.71625,1.30050,0.60597
2024.07.03 07:35,1,2343.11500,2341.26236,2347.74661,1.85264,0.54849
2024.07.03 13:20,1,2351.42500,2348.45829,2358.84179,2.96671,0.63140
2024.07.03 14:50,1,2361.29800,2358.19371,2369.05871,3.10429,0.57578
2024.07.05 04:05,1,2361.95800,2360.91343,2364.56943,1.04457,0.56827
2024.07.05 05:35,1,2364.34800,2363.43871,2366.62121,0.90929,0.59323
2024.07.05 07:05,1,2362.95500,2361.91371,2365.55821,1.04129,0.59593
2024.07.05 13:35,1,2380.30500,2373.86479,2396.40554,6.44021,0.60158
2024.07.05 15:05,1,2385.29500,2382.17686,2393.09036,3.11814,0.56643
2024.07.09 05:20,-1,2365.57500,2366.61421,2362.97696,1.03921,0.54789
2024.07.09 06:50,-1,2363.32500,2364.43107,2360.55982,1.10607,0.53668
2024.07.10 08:50,1,2372.08400,2370.98493,2374.83168,1.09907,0.62357
2024.07.10 10:20,1,2374.68500,2373.75171,2377.01821,0.93329,0.56553
2024.07.10 13:20,1,2379.15500,2377.27793,2383.84768,1.87707,0.54262
2024.07.10 14:50,1,2375.57500,2372.87479,2382.32554,2.70021,0.55523
2024.07.10 17:35,-1,2372.25500,2373.74871,2368.52071,1.49371,0.51449
2024.07.11 14:20,1,2405.17800,2401.01764,2415.57889,4.16036,0.58133
2024.07.11 15:50,1,2418.48500,2415.17957,2426.74857,3.30543,0.55155
2024.07.15 13:05,1,2415.03800,2412.98064,2420.18139,2.05736,0.57065
2024.07.15 15:50,1,2433.49500,2430.89264,2440.00089,2.60236,0.54984
2024.07.15 17:50,-1,2420.17500,2422.53600,2414.27250,2.36100,0.50739
2024.07.16 13:05,1,2436.80500,2433.73686,2444.47536,3.06814,0.66616
2024.07.16 14:35,1,2448.55500,2445.28786,2456.72286,3.26714,0.64241
2024.07.16 16:50,1,2461.27800,2459.01536,2466.93461,2.26264,0.60095
2024.07.16 19:20,1,2465.36800,2463.97200,2468.85800,1.39600,0.58032
2024.07.17 02:50,1,2471.11500,2468.62250,2477.34625,2.49250,0.53890
2024.07.18 16:20,-1,2459.68500,2461.86664,2454.23089,2.18164,0.54832
2024.07.18 18:35,-1,2451.20800,2452.74764,2447.35889,1.53964,0.56499
2024.07.19 02:05,-1,2423.93500,2427.26914,2415.59964,3.33414,0.63436
2024.07.19 04:35,-1,2425.35800,2426.61607,2422.21282,1.25807,0.61932
2024.07.19 06:35,-1,2417.99500,2420.63529,2411.39429,2.64029,0.65165
2024.07.19 09:20,-1,2415.40500,2417.44550,2410.30375,2.04050,0.62152
2024.07.19 11:05,-1,2410.53500,2412.53864,2405.52589,2.00364,0.63888
2024.07.19 14:50,-1,2401.61500,2404.44214,2394.54714,2.82714,0.51426
2024.07.22 13:20,-1,2398.75500,2402.12100,2390.34000,3.36600,0.55618
2024.07.22 15:35,-1,2386.54400,2389.18143,2379.95043,2.63743,0.56899
2024.07.23 09:20,1,2403.41500,2401.51886,2408.15536,1.89614,0.51080
2024.07.24 02:05,1,2414.08500,2412.22564,2418.73339,1.85936,0.53063
2024.07.24 15:35,1,2424.56500,2421.84643,2431.36143,2.71857,0.50615
2024.07.24 17:05,-1,2415.22500,2417.01136,2410.75911,1.78636,0.53560
2024.07.25 01:35,-1,2379.53500,2382.92607,2371.05732,3.39107,0.55704
2024.07.25 13:20,-1,2368.54500,2373.44257,2356.30107,4.89757,0.53751
2024.07.25 15:20,-1,2365.04500,2368.11957,2357.35857,3.07457,0.55595
2024.07.28 22:05,1,2397.57500,2396.33207,2400.68232,1.24293,0.53682
2024.07.29 17:50,1,2376.86500,2374.81586,2381.98786,2.04914,0.52961
2024.07.30 16:20,1,2390.23500,2387.80950,2396.29875,2.42550,0.55509
2024.07.30 19:05,1,2405.12500,2403.75193,2408.55768,1.37307,0.54374
2024.07.31 01:20,1,2407.67800,2406.21036,2411.34711,1.46764,0.56061
2024.07.31 16:20,1,2425.74500,2423.94350,2430.24875,1.80150,0.59802
2024.07.31 18:35,1,2434.32500,2431.64950,2441.01375,2.67550,0.60536
2024.08.05 02:20,1,2437.14400,2432.50686,2448.73686,4.63714,0.50927
2024.08.05 05:20,-1,2442.63500,2445.06414,2436.56214,2.42914,0.55342
2024.08.05 08:05,-1,2429.94500,2434.50886,2418.53536,4.56386,0.63022
2024.08.05 10:20,-1,2421.66500,2424.80407,2413.81732,3.13907,0.64574
2024.08.05 11:50,-1,2383.81500,2388.82200,2371.29750,5.00700,0.57088
2024.08.08 01:05,1,2387.66500,2385.93950,2391.97875,1.72550,0.51071
2024.08.08 02:35,1,2388.50500,2386.74393,2392.90768,1.76107,0.58104
2024.08.08 13:20,1,2410.05500,2406.99664,2417.70089,3.05836,0.53348
2024.08.12 05:35,1,2430.77500,2429.79793,2433.21768,0.97707,0.54405
2024.08.12 07:05,1,2438.27500,2436.97714,2441.51964,1.29786,0.53167
2024.08.12 13:35,1,2453.73800,2451.78043,2458.63193,1.95757,0.64163
2024.08.12 15:20,1,2460.00400,2457.28371,2466.80471,2.72029,0.60600
2024.08.12 22:05,1,2472.43500,2471.52143,2474.71893,0.91357,0.52260
2024.08.14 04:50,1,2461.82500,2460.76600,2464.47250,1.05900,0.58825
2024.08.14 06:20,1,2466.52500,2465.11207,2470.05732,1.41293,0.51354
2024.08.16 04:35,1,2452.74500,2451.84300,2455.00000,0.90200,0.53104
2024.08.16 08:05,1,2460.83500,2458.84407,2465.81232,1.99093,0.52514
2024.08.16 09:35,1,2462.63500,2461.23657,2466.13107,1.39843,0.59044
2024.08.16 11:35,1,2469.59500,2467.60207,2474.57732,1.99293,0.55289
2024.08.16 14:50,1,2488.18500,2483.06214,2500.99214,5.12286,0.59168
2024.08.16 17:05,1,2495.98400,2494.07971,2500.74471,1.90429,0.59834
2024.08.16 19:05,1,2503.36800,2501.63036,2507.71211,1.73764,0.54914
2024.08.19 13:35,1,2490.85500,2487.87093,2498.31518,2.98407,0.54473
2024.08.19 15:35,1,2502.74500,2500.37779,2508.66304,2.36721,0.50379
2024.08.20 04:05,1,2501.05500,2500.10121,2503.43946,0.95379,0.64373
2024.08.20 05:35,1,2501.17500,2499.98371,2504.15321,1.19129,0.66230
2024.08.20 07:05,1,2504.52500,2502.61386,2509.30286,1.91114,0.64002
2024.08.20 08:35,1,2522.11500,2518.78614,2530.43714,3.32886,0.54257
2024.08.20 10:05,1,2521.65800,2519.85657,2526.16157,1.80143,0.59066
2024.08.20 11:35,1,2524.94800,2523.38671,2528.85121,1.56129,0.60837
2024.08.20 20:35,1,2515.78800,2514.96143,2517.85443,0.82657,0.51646
2024.08.22 13:05,-1,2497.20500,2499.97900,2490.27000,2.77400,0.57592
2024.08.22 15:35,-1,2480.97500,2484.25393,2472.77768,3.27893,0.56919
2024.08.26 05:20,1,2510.07800,2509.19514,2512.28514,0.88286,0.64378
2024.08.26 07:50,1,2524.13500,2522.42379,2528.41304,1.71121,0.57961
2024.08.26 09:50,1,2524.51500,2523.25093,2527.67518,1.26407,0.60078
2024.08.26 11:20,1,2521.86500,2520.50321,2525.26946,1.36179,0.61489
2024.08.26 19:50,1,2518.16500,2517.00864,2521.05589,1.15636,0.51127
2024.08.26 22:50,1,2512.71500,2512.25621,2513.86196,0.45879,0.50161
2024.08.28 05:20,1,2507.36500,2506.08479,2510.56554,1.28021,0.53322
2024.08.28 08:20,-1,2507.02500,2508.62471,2503.02571,1.59971,0.63204
2024.08.28 10:05,-1,2506.85800,2507.97536,2504.06461,1.11736,0.65367
2024.08.28 11:50,-1,2502.33500,2504.07114,2497.99464,1.73614,0.63953
2024.08.30 05:20,1,2515.04500,2514.33093,2516.83018,0.71407,0.55616
2024.08.30 06:50,1,2519.06500,2517.07243,2524.04643,1.99257,0.52906
2024.08.30 13:05,-1,2516.42500,2519.30329,2509.22929,2.87829,0.55010
2024.09.03 04:35,1,2495.99500,2494.96750,2498.56375,1.02750,0.53819
2024.09.03 07:05,1,2499.71500,2498.08429,2503.79179,1.63071,0.54554
2024.09.03 09:50,-1,2500.51800,2501.74157,2497.45907,1.22357,0.51020
2024.09.04 05:05,-1,2494.85500,2495.55664,2493.10089,0.70164,0.54983
2024.09.04 10:20,1,2486.53500,2484.56829,2491.45179,1.96671,0.53486
2024.09.05 05:20,1,2495.44500,2494.78757,2497.08857,0.65743,0.60436
2024.09.05 07:20,1,2505.33500,2503.83564,2509.08339,1.49936,0.62282
2024.09.05 09:35,1,2516.27800,2514.68600,2520.25800,1.59200,0.54305
2024.09.05 11:50,1,2515.52500,2514.01479,2519.30054,1.51021,0.55022
2024.09.05 17:05,1,2512.40500,2510.88479,2516.20554,1.52021,0.51852
2024.09.05 19:20,1,2515.88800,2515.06750,2517.93925,0.82050,0.50935
2024.09.10 04:35,1,2501.37800,2500.62279,2503.26604,0.75521,0.50838
2024.09.10 14:35,1,2506.28500,2503.38100,2513.54500,2.90400,0.53294
2024.09.10 20:35,1,2516.50500,2515.67429,2518.58179,0.83071,0.65526
2024.09.11 01:20,1,2519.65800,2518.58157,2522.34907,1.07643,0.52409
2024.09.12 01:20,1,2514.14500,2513.25650,2516.36625,0.88850,0.52774
2024.09.12 13:20,1,2537.53500,2532.27314,2550.68964,5.26186,0.62155
2024.09.12 14:50,1,2552.58500,2548.40700,2563.03000,4.17800,0.55957
2024.09.12 16:35,1,2548.07500,2545.97557,2553.32357,2.09943,0.60516
2024.09.12 18:20,1,2554.81500,2553.17986,2558.90286,1.63514,0.56245
2024.09.13 02:50,1,2567.63500,2566.24521,2571.10946,1.38979,0.56673
2024.09.13 13:50,1,2577.43500,2574.22779,2585.45304,3.20721,0.61532
2024.09.13 15:20,1,2578.68400,2575.88964,2585.66989,2.79436,0.66022
2024.09.16 01:20,1,2581.67500,2580.77907,2583.91482,0.89593,0.62499
2024.09.16 02:50,1,2586.37500,2585.46843,2588.64143,0.90657,0.54027
2024.09.16 20:20,1,2583.23800,2582.53929,2584.98479,0.69871,0.52492
2024.09.17 04:50,1,2576.22400,2574.93086,2579.45686,1.29314,0.54072
2024.09.17 07:05,1,2583.87400,2582.40886,2587.53686,1.46514,0.50941
2024.09.17 13:50,-1,2576.42500,2579.27357,2569.30357,2.84857,0.58642
2024.09.17 15:20,-1,2565.37500,2567.81671,2559.27071,2.44171,0.50659
2024.09.18 16:20,-1,2571.15500,2572.63807,2567.44732,1.48307,0.66922
2024.09.18 17:50,-1,2582.84500,2584.40450,2578.94625,1.55950,0.63637
2024.09.18 19:35,-1,2548.11400,2557.83214,2523.81864,9.71814,0.56877
2024.09.18 22:05,1,2558.62500,2555.98321,2565.22946,2.64179,0.60282
2024.09.20 04:50,1,2593.42500,2592.25693,2596.34518,1.16807,0.58738
2024.09.20 06:35,1,2602.67500,2601.20000,2606.36250,1.47500,0.57029
2024.09.20 08:50,1,2610.04500,2608.22129,2614.60429,1.82371,0.62206
2024.09.20 10:20,1,2609.01800,2607.37529,2613.12479,1.64271,0.61862
2024.09.20 13:35,1,2604.04500,2600.89043,2611.93143,3.15457,0.62594
2024.09.20 15:20,1,2615.26500,2612.03793,2623.33268,3.22707,0.63061
2024.09.23 02:05,1,2619.71500,2618.13914,2623.65464,1.57586,0.62700
2024.09.23 06:20,-1,2628.60500,2630.05714,2624.97464,1.45214,0.55565
2024.09.23 08:35,1,2615.79500,2613.35257,2621.90107,2.44243,0.52907
2024.09.23 17:20,1,2626.73400,2625.16450,2630.65775,1.56950,0.50496
2024.09.23 20:05,1,2626.96800,2626.20150,2628.88425,0.76650,0.53216
2024.09.24 02:35,1,2627.60500,2626.18957,2631.14357,1.41543,0.50861
2024.09.24 14:20,1,2637.79500,2634.84693,2645.16518,2.94807,0.61028
2024.09.24 16:20,1,2648.45500,2645.76236,2655.18661,2.69264,0.67880
2024.09.24 18:05,1,2654.29500,2652.75736,2658.13911,1.53764,0.65430
2024.09.24 19:50,1,2662.89800,2661.24636,2667.02711,1.65164,0.60264
2024.09.26 08:20,1,2669.62500,2667.75207,2674.30732,1.87293,0.53910
2024.09.26 10:05,1,2670.01500,2668.62136,2673.49911,1.39364,0.58377
2024.09.30 08:35,-1,2653.36500,2655.20286,2648.77036,1.83786,0.55860
2024.09.30 10:05,-1,2646.27500,2648.04579,2641.84804,1.77079,0.59688
2024.09.30 13:35,-1,2633.14500,2635.78821,2626.53696,2.64321,0.54497
2024.09.30 20:20,1,2632.50800,2631.19564,2635.78889,1.31236,0.50569
2024.10.02 04:05,1,2655.54800,2654.33664,2658.57639,1.21136,0.50392
2024.10.02 05:50,1,2647.76500,2645.77479,2652.74054,1.99021,0.50975
2024.10.03 05:35,1,2653.61500,2652.56964,2656.22839,1.04536,0.51766
2024.10.07 17:20,1,2646.65500,2645.23864,2650.19589,1.41636,0.50507
2024.10.08 09:20,1,2639.48500,2637.17907,2645.24982,2.30593,0.53594
2024.10.08 13:05,-1,2640.27500,2643.70786,2631.69286,3.43286,0.56248
2024.10.08 14:35,-1,2624.49800,2628.57943,2614.29443,4.08143,0.51265
2024.10.08 16:20,1,2612.86500,2609.65764,2620.88339,3.20736,0.58178
2024.10.08 17:50,1,2615.57500,2612.71786,2622.71786,2.85714,0.55664
2024.10.08 19:20,1,2616.87500,2615.37214,2620.63214,1.50286,0.50884
2024.10.10 20:50,1,2628.21500,2627.18964,2630.77839,1.02536,0.55539
2024.10.11 01:20,1,2634.42500,2632.84364,2638.37839,1.58136,0.52167
2024.10.11 13:05,1,2649.50500,2646.74100,2656.41500,2.76400,0.61416
2024.10.11 14:50,1,2655.65400,2652.84343,2662.68043,2.81057,0.57420
2024.10.14 02:20,1,2650.48500,2648.68243,2654.99143,1.80257,0.56892
2024.10.14 08:20,-1,2659.55500,2661.28000,2655.24250,1.72500,0.50801
2024.10.14 11:05,-1,2653.90500,2655.41764,2650.12339,1.51264,0.50384
2024.10.15 15:05,1,2662.95500,2659.74443,2670.98143,3.21057,0.52251
2024.10.15 22:20,1,2662.21500,2661.57307,2663.81982,0.64193,0.50907
2024.10.16 04:50,1,2667.55400,2666.58386,2669.97936,0.97014,0.60901
2024.10.16 06:35,1,2676.42500,2673.97679,2682.54554,2.44821,0.58416
2024.10.16 08:05,1,2676.08500,2674.38471,2680.33571,1.70029,0.62134
2024.10.16 10:50,1,2673.00000,2671.27750,2677.30625,1.72250,0.61965
2024.10.17 13:05,1,2683.57500,2680.68129,2690.80929,2.89371,0.63324
2024.10.17 14:50,1,2696.15500,2693.00971,2704.01821,3.14529,0.55435
2024.10.17 20:20,1,2691.41800,2690.73329,2693.12979,0.68471,0.51112
2024.10.18 01:20,1,2701.96500,2700.43286,2705.79536,1.53214,0.51067
2024.10.18 02:50,1,2709.50500,2707.15057,2715.39107,2.35443,0.57922
2024.10.18 06:20,-1,2705.96500,2707.92264,2701.07089,1.95764,0.55180
2024.10.18 08:50,1,2706.57500,2705.20879,2709.99054,1.36621,0.57098
2024.10.18 10:50,1,2711.61500,2710.25686,2715.01036,1.35814,0.54914
2024.10.18 13:35,1,2713.82500,2711.02629,2720.82179,2.79871,0.66414
2024.10.18 15:20,1,2715.51400,2713.19250,2721.31775,2.32150,0.64951
2024.10.20 22:20,1,2721.57500,2720.39786,2724.51786,1.17714,0.63482
2024.10.21 02:35,1,2727.26500,2725.28414,2732.21714,1.98086,0.62967
2024.10.21 08:05,1,2731.80500,2730.17779,2735.87304,1.62721,0.63433
2024.10.21 09:50,1,2732.50400,2730.82564,2736.69989,1.67836,0.60669
2024.10.21 11:50,1,2737.63500,2735.94100,2741.87000,1.69400,0.56612
2024.10.21 14:35,-1,2723.70500,2726.95757,2715.57357,3.25257,0.52131
2024.10.21 22:05,1,2719.55500,2718.71121,2721.66446,0.84379,0.50994
2024.10.22 16:20,1,2740.46500,2738.27114,2745.94964,2.19386,0.66066
2024.10.22 18:05,1,2747.01500,2745.54607,2750.68732,1.46893,0.67559
2024.10.22 19:35,1,2746.19500,2745.03593,2749.09268,1.15907,0.65194
2024.10.22 22:35,1,2747.71500,2746.99479,2749.51554,0.72021,0.53740
2024.10.23 04:05,1,2748.65500,2747.36193,2751.88768,1.29307,0.54777
2024.10.23 05:35,1,2752.66500,2751.39643,2755.83643,1.26857,0.57628
2024.10.23 07:05,1,2752.39500,2750.82807,2756.31232,1.56693,0.66396
2024.10.23 13:05,-1,2734.46500,2737.28614,2727.41214,2.82114,0.53388
2024.10.25 14:20,1,2736.31500,2733.18864,2744.13089,3.12636,0.53831
2024.10.25 20:35,1,2745.46500,2744.25679,2748.48554,1.20821,0.58396
2024.10.28 04:05,1,2729.34500,2728.02214,2732.65214,1.32286,0.51305
2024.10.28 05:35,1,2736.54500,2735.10407,2740.14732,1.44093,0.56725
2024.10.28 07:50,1,2738.58400,2736.62307,2743.48632,1.96093,0.57467
2024.10.28 13:20,1,2740.89500,2738.84543,2746.01893,2.04957,0.53687
2024.10.28 15:50,1,2741.72500,2739.75064,2746.66089,1.97436,0.50985
2024.10.29 01:20,1,2748.86400,2747.47636,2752.33311,1.38764,0.54927
2024.10.29 02:50,1,2753.23500,2751.37164,2757.89339,1.86336,0.57614
2024.10.29 13:20,1,2756.50500,2754.22550,2762.20375,2.27950,0.64176
2024.10.29 14:50,1,2768.85500,2765.54121,2777.13946,3.31379,0.61147
2024.10.29 16:35,1,2766.54800,2764.38514,2771.95514,2.16286,0.64531
2024.10.29 18:05,1,2769.74800,2767.93271,2774.28621,1.81529,0.64928
2024.10.29 20:05,1,2772.31500,2771.33679,2774.76054,0.97821,0.59749
2024.10.30 01:20,1,2778.90500,2777.55071,2782.29071,1.35429,0.61506
2024.10.30 04:05,1,2777.46800,2776.21636,2780.59711,1.25164,0.62005
2024.10.30 05:35,1,2783.04500,2781.94357,2785.79857,1.10143,0.55083
2024.10.30 07:35,1,2781.23500,2779.84971,2784.69821,1.38529,0.60431
2024.10.31 13:20,-1,2765.11500,2768.01736,2757.85911,2.90236,0.58501
2024.11.06 02:35,-1,2744.10500,2747.10636,2736.60161,3.00136,0.51321
2024.11.06 08:50,-1,2722.24500,2725.93507,2713.01982,3.69007,0.61052
2024.11.06 10:35,-1,2719.42400,2722.38757,2712.01507,2.96357,0.62717
2024.11.06 15:05,-1,2662.91500,2668.80764,2648.18339,5.89264,0.57722
2024.11.11 02:20,-1,2669.35500,2671.94429,2662.88179,2.58929,0.51217
2024.11.11 10:35,-1,2668.76500,2670.81800,2663.63250,2.05300,0.51479
2024.11.11 13:20,-1,2641.78400,2644.79450,2634.25775,3.01050,0.58741
2024.11.11 15:20,-1,2616.44500,2620.53857,2606.21107,4.09357,0.57334
2024.11.13 16:20,-1,2588.82500,2591.95971,2580.98821,3.13471,0.57076
2024.11.13 18:20,-1,2580.92800,2583.37821,2574.80246,2.45021,0.53665
2024.11.13 19:50,-1,2575.70500,2577.54414,2571.10714,1.83914,0.50448
2024.11.14 05:05,-1,2560.64500,2562.07779,2557.06304,1.43279,0.50945
2024.11.18 08:35,1,2585.45500,2583.42129,2590.53929,2.03371,0.58995
2024.11.18 10:05,1,2592.05500,2589.65014,2598.06714,2.40486,0.52547
2024.11.18 11:35,1,2593.83500,2591.86093,2598.77018,1.97407,0.60277
2024.11.19 02:20,1,2620.63500,2618.75429,2625.33679,1.88071,0.52699
2024.11.19 08:20,1,2619.77500,2618.00614,2624.19714,1.76886,0.59399
2024.11.19 09:50,1,2632.80500,2630.21743,2639.27393,2.58757,0.56135
2024.11.19 11:35,1,2632.55500,2630.93564,2636.60339,1.61936,0.58867
2024.11.20 04:20,-1,2636.04500,2636.91164,2633.87839,0.86664,0.50432
2024.11.20 13:50,1,2634.92800,2632.53157,2640.91907,2.39643,0.55678
2024.11.20 17:20,1,2650.03500,2648.16700,2654.70500,1.86800,0.63436
2024.11.20 19:05,1,2651.02400,2649.19171,2655.60471,1.83229,0.62905
2024.11.21 02:05,1,2655.94500,2653.85171,2661.17821,2.09329,0.54981
2024.11.21 05:05,1,2654.74800,2653.94843,2656.74693,0.79957,0.59073
2024.11.21 06:35,1,2660.86500,2659.26643,2664.86143,1.59857,0.59568
2024.11.21 08:05,1,2664.52500,2662.99814,2668.34214,1.52686,0.50951
2024.11.21 11:50,1,2663.67500,2662.16643,2667.44643,1.50857,0.52218
2024.11.22 02:05,1,2680.19800,2678.25229,2685.06229,1.94571,0.58901
2024.11.22 05:50,1,2688.06500,2685.55000,2694.35250,2.51500,0.60025
2024.11.22 07:20,1,2693.88500,2692.05650,2698.45625,1.82850,0.50493
2024.11.22 21:05,1,2709.42500,2708.09993,2712.73768,1.32507,0.58594
2024.11.25 08:35,1,2669.92500,2666.97286,2677.30536,2.95214,0.56706
2024.11.25 10:05,1,2669.77800,2667.89707,2674.48032,1.88093,0.54274
2024.11.25 13:05,-1,2683.72500,2686.24357,2677.42857,2.51857,0.57057
2024.11.25 17:35,-1,2626.45500,2629.33600,2619.25250,2.88100,0.51294
2024.11.25 19:05,-1,2621.47500,2624.21929,2614.61429,2.74429,0.55131
2024.11.25 20:50,-1,2627.03500,2628.73864,2622.77589,1.70364,0.61245
2024.11.26 01:50,1,2628.05500,2624.22371,2637.63321,3.83129,0.52986
2024.11.27 08:35,1,2649.62500,2647.69886,2654.44036,1.92614,0.55054
2024.11.27 10:35,1,2648.40800,2646.94493,2652.06568,1.46307,0.56210
2024.11.29 01:05,1,2641.86500,2640.61014,2645.00214,1.25486,0.57224
2024.11.29 02:50,1,2660.36400,2657.40393,2667.76418,2.96007,0.51882
2024.12.02 02:50,-1,2628.78500,2631.53193,2621.91768,2.74693,0.52892
2024.12.05 16:20,-1,2636.93500,2639.80007,2629.77232,2.86507,0.54437
2024.12.05 19:50,-1,2631.26500,2632.65643,2627.78643,1.39143,0.54068
2024.12.09 05:35,1,2639.65500,2637.77571,2644.35321,1.87929,0.53003
2024.12.09 07:05,1,2644.03500,2642.38764,2648.15339,1.64736,0.57626
2024.12.09 08:35,1,2648.89500,2646.83236,2654.05161,2.06264,0.60907
2024.12.09 10:35,1,2656.03500,2654.31286,2660.34036,1.72214,0.57397
2024.12.09 13:05,1,2656.58500,2654.67500,2661.36000,1.91000,0.55424
2024.12.09 17:20,-1,2667.18500,2669.30214,2661.89214,2.11714,0.53606
2024.12.10 08:50,1,2662.12500,2660.19743,2666.94393,1.92757,0.54968
2024.12.10 10:20,1,2669.27500,2667.47879,2673.76554,1.79621,0.52841
2024.12.10 13:20,1,2673.59500,2671.34914,2679.20964,2.24586,0.65143
2024.12.10 15:50,1,2688.65500,2686.43279,2694.21054,2.22221,0.58711
2024.12.10 17:35,1,2693.87500,2692.01529,2698.52429,1.85971,0.61954
2024.12.10 19:05,1,2693.09800,2691.86543,2696.17943,1.23257,0.61653
2024.12.10 20:50,1,2692.06400,2691.20114,2694.22114,0.86286,0.66453
2024.12.11 13:20,1,2699.17400,2697.32200,2703.80400,1.85200,0.64568
2024.12.11 16:05,1,2714.65400,2711.50264,2722.53239,3.15136,0.61117
2024.12.11 17:35,1,2717.42500,2715.04436,2723.37661,2.38064,0.60168
2024.12.11 19:20,1,2717.76500,2716.17629,2721.73679,1.58871,0.63936
2024.12.12 13:50,-1,2698.93400,2702.25471,2690.63221,3.32071,0.50774
2024.12.13 08:50,-1,2672.23500,2673.95786,2667.92786,1.72286,0.57441
2024.12.13 11:05,-1,2666.12500,2667.77250,2662.00625,1.64750,0.64256
2024.12.13 13:50,-1,2660.95500,2664.12864,2653.02089,3.17364,0.52843
2024.12.13 15:50,-1,2660.52500,2663.21421,2653.80196,2.68921,0.52752
2024.12.13 17:35,-1,2656.11400,2657.74029,2652.04829,1.62629,0.60727
2024.12.13 19:05,-1,2653.85500,2655.30143,2650.23893,1.44643,0.59904
2024.12.13 21:50,-1,2649.96500,2651.46614,2646.21214,1.50114,0.57595
2024.12.16 10:05,1,2658.17500,2656.48664,2662.39589,1.68836,0.56716
2024.12.16 11:35,1,2661.78500,2660.24257,2665.64107,1.54243,0.52641
2024.12.17 08:20,-1,2647.61500,2649.33014,2643.32714,1.71514,0.60998
2024.12.17 09:50,-1,2640.59800,2643.22514,2634.03014,2.62714,0.57117
2024.12.17 11:35,-1,2639.48500,2641.10414,2635.43714,1.61914,0.60308
2024.12.18 16:05,-1,2639.03500,2640.87107,2634.44482,1.83607,0.56655
2024.12.18 17:35,-1,2637.44500,2639.08521,2633.34446,1.64021,0.59891
2024.12.18 19:20,-1,2622.21500,2625.36021,2614.35196,3.14521,0.54723
2024.12.18 21:20,-1,2587.80500,2592.00636,2577.30161,4.20136,0.54930
2024.12.19 13:05,-1,2602.13500,2604.44193,2596.36768,2.30693,0.51046
2024.12.19 14:35,-1,2594.43500,2597.88000,2585.82250,3.44500,0.52062
2024.12.23 09:20,-1,2629.07500,2630.69050,2625.03625,1.61550,0.53607
2024.12.26 01:05,1,2624.30500,2623.05879,2627.42054,1.24621,0.51123
2024.12.26 14:05,1,2625.71500,2623.73264,2630.67089,1.98236,0.58007
2024.12.30 04:35,-1,2623.24800,2624.26257,2620.71157,1.01457,0.58349
2024.12.30 06:35,-1,2618.94800,2620.25464,2615.68139,1.30664,0.62541
2024.12.30 13:05,-1,2619.52500,2621.25286,2615.20536,1.72786,0.57823
2024.12.30 14:50,-1,2606.96400,2609.61857,2600.32757,2.65457,0.52363
2024.12.31 04:50,1,2606.42500,2605.67871,2608.29071,0.74629,0.54018
2024.12.31 07:05,1,2608.19800,2606.84821,2611.57246,1.34979,0.55599
2025.01.02 01:20,1,2633.84800,2632.28271,2637.76121,1.56529,0.61287
2025.01.02 02:50,1,2632.85500,2631.22250,2636.93625,1.63250,0.59061
2025.01.02 08:35,1,2635.74800,2634.26057,2639.46657,1.48743,0.61322
2025.01.02 10:05,1,2643.14500,2641.41614,2647.46714,1.72886,0.60536
2025.01.02 11:50,1,2641.56500,2639.97400,2645.54250,1.59100,0.59327
2025.01.03 02:20,1,2660.79500,2658.76157,2665.87857,2.03343,0.60757
2025.01.03 13:20,-1,2650.25500,2652.09071,2645.66571,1.83571,0.50252
2025.01.06 05:20,-1,2633.37500,2634.91814,2629.51714,1.54314,0.58924
2025.01.06 06:50,-1,2631.87500,2633.41457,2628.02607,1.53957,0.58972
2025.01.06 08:50,1,2633.25400,2631.44086,2637.78686,1.81314,0.59037
2025.01.06 11:05,1,2639.49400,2638.05736,2643.08561,1.43664,0.53415
2025.01.08 02:05,1,2647.74800,2646.32700,2651.30050,1.42100,0.51767
2025.01.08 13:35,1,2656.99800,2653.84779,2664.87354,3.15021,0.60102
2025.01.08 15:20,1,2665.96500,2662.97621,2673.43696,2.98879,0.61172
2025.01.08 21:50,1,2659.90500,2658.59571,2663.17821,1.30929,0.54323
2025.01.09 08:05,1,2662.82800,2661.34629,2666.53229,1.48171,0.66216
2025.01.09 09:35,1,2665.29800,2663.22193,2670.48818,2.07607,0.66007
2025.01.09 11:20,1,2669.69400,2668.23521,2673.34096,1.45879,0.58200
2025.01.09 20:05,1,2669.92500,2668.89336,2672.50411,1.03164,0.54387
2025.01.09 21:35,1,2670.43500,2669.88350,2671.81375,0.55150,0.54182
2025.01.10 08:50,1,2678.32800,2676.29643,2683.40693,2.03157,0.61534
2025.01.10 10:35,1,2679.87400,2678.35314,2683.67614,1.52086,0.63214
2025.01.10 13:05,1,2678.92400,2676.79564,2684.24489,2.12836,0.66344
2025.01.10 14:50,1,2687.57500,2682.32571,2700.69821,5.24929,0.61577
2025.01.10 16:35,-1,2694.18400,2698.31893,2683.84668,4.13493,0.53042
2025.01.10 18:20,-1,2687.35500,2689.47264,2682.06089,2.11764,0.54195
2025.01.10 21:50,1,2686.97500,2685.26921,2691.23946,1.70579,0.50500
2025.01.13 16:35,-1,2663.58900,2666.03429,2657.47579,2.44529,0.53435
2025.01.13 18:35,-1,2660.13500,2661.66407,2656.31232,1.52907,0.57416
2025.01.13 20:20,1,2660.91500,2659.70143,2663.94893,1.21357,0.52977
2025.01.15 04:50,1,2675.61500,2674.81821,2677.60696,0.79679,0.64161
2025.01.15 06:20,1,2681.92500,2680.76571,2684.82321,1.15929,0.50599
2025.01.15 07:50,1,2682.58500,2681.26971,2685.87321,1.31529,0.59674
2025.01.15 09:20,1,2685.85500,2684.36836,2689.57161,1.48664,0.53723
2025.01.15 11:20,1,2685.67800,2684.19864,2689.37639,1.47936,0.59841
2025.01.15 17:20,1,2691.98900,2689.81257,2697.43007,2.17643,0.52778
2025.01.15 19:20,1,2693.43800,2692.00836,2697.01211,1.42964,0.52442
2025.01.16 09:05,1,2702.54500,2700.72864,2707.08589,1.81636,0.60233
2025.01.16 10:35,1,2707.21500,2705.51343,2711.46893,1.70157,0.56026
2025.01.16 13:05,1,2707.64800,2705.26786,2713.59836,2.38014,0.65831
2025.01.16 14:35,1,2717.17800,2713.61779,2726.07854,3.56021,0.55349
2025.01.17 18:05,-1,2711.32900,2712.94400,2707.29150,1.61500,0.54241
2025.01.20 02:50,1,2702.62500,2701.21600,2706.14750,1.40900,0.55726
2025.01.21 01:05,1,2708.30500,2706.24571,2713.45321,2.05929,0.56988
2025.01.21 04:05,1,2724.91500,2723.05829,2729.55679,1.85671,0.61457
2025.01.21 05:35,1,2725.72500,2724.32493,2729.22518,1.40007,0.53467
2025.01.21 07:05,1,2724.85500,2722.92500,2729.68000,1.93000,0.63114
2025.01.21 14:05,1,2729.77500,2727.26793,2736.04268,2.50707,0.59939
2025.01.21 16:35,1,2741.50500,2739.12079,2747.46554,2.38421,0.63785
2025.01.21 18:05,1,2743.49800,2741.49636,2748.50211,2.00164,0.59206
2025.01.21 19:50,1,2741.75500,2740.62264,2744.58589,1.13236,0.65274
2025.01.22 02:35,1,2748.03800,2746.65850,2751.48675,1.37950,0.63522
2025.01.22 08:05,1,2751.05800,2749.08793,2755.98318,1.97007,0.56238
2025.01.22 11:35,1,2756.85800,2755.17314,2761.07014,1.68486,0.54402
2025.01.22 20:20,1,2755.13500,2754.36786,2757.05286,0.76714,0.51164
2025.01.23 16:05,1,2750.68500,2748.39286,2756.41536,2.29214,0.61661
2025.01.23 18:20,1,2757.64500,2756.28121,2761.05446,1.36379,0.59350
2025.01.23 19:50,1,2751.24800,2749.99443,2754.38193,1.25357,0.57045
2025.01.24 01:50,1,2764.59500,2763.10543,2768.31893,1.48957,0.65023
2025.01.27 08:20,1,2756.31500,2753.84879,2762.48054,2.46621,0.58928
2025.01.27 09:50,1,2764.08500,2761.51786,2770.50286,2.56714,0.53304
2025.01.27 13:05,-1,2761.29500,2763.66700,2755.36500,2.37200,0.57282
2025.01.27 14:35,-1,2749.75500,2753.04029,2741.54179,3.28529,0.53630
2025.01.27 19:35,-1,2738.75500,2740.22857,2735.07107,1.47357,0.55081
2025.01.30 04:35,1,2760.05500,2759.23564,2762.10339,0.81936,0.57606
2025.01.30 06:20,1,2760.85800,2759.79086,2763.52586,1.06714,0.56342
2025.01.30 09:20,1,2773.47500,2771.69071,2777.93571,1.78429,0.53675
2025.01.30 14:05,1,2783.66800,2781.43564,2789.24889,2.23236,0.62345
2025.01.30 15:35,1,2792.71500,2789.94521,2799.63946,2.76979,0.55745
2025.01.31 14:05,1,2806.13500,2804.04407,2811.36232,2.09093,0.63105
2025.01.31 15:50,1,2807.36500,2804.68550,2814.06375,2.67950,0.50853
2025.02.03 01:05,-1,2782.40800,2785.96057,2773.52657,3.55257,0.51070
2025.02.03 02:35,-1,2775.68500,2779.18500,2766.93500,3.50000,0.50629
2025.02.03 05:05,1,2783.08500,2780.95429,2788.41179,2.13071,0.62434
2025.02.03 07:50,1,2787.72500,2785.61950,2792.98875,2.10550,0.57503
2025.02.03 13:50,1,2810.47500,2808.28657,2815.94607,2.18843,0.60980
2025.02.03 15:50,1,2818.42800,2812.67943,2832.79943,5.74857,0.67397
2025.02.04 13:50,1,2830.54500,2827.51950,2838.10875,3.02550,0.55581
2025.02.04 15:35,1,2837.51500,2834.08764,2846.08339,3.42736,0.50800
2025.02.05 01:05,1,2843.67500,2841.53471,2849.02571,2.14029,0.52429
2025.02.05 02:35,1,2848.99500,2846.62286,2854.92536,2.37214,0.61526
2025.02.05 05:05,1,2853.98500,2852.34029,2858.09679,1.64471,0.59803
2025.02.05 07:05,1,2856.95500,2855.23021,2861.26696,1.72479,0.63175
2025.02.05 09:50,1,2870.87500,2868.78336,2876.10411,2.09164,0.55612
2025.02.05 11:20,1,2869.11500,2866.60814,2875.38214,2.50686,0.59751
2025.02.05 14:05,1,2862.99500,2859.83886,2870.88536,3.15614,0.65203
2025.02.05 18:20,-1,2869.00500,2871.13543,2863.67893,2.13043,0.54229
2025.02.06 05:05,-1,2869.43500,2870.51707,2866.72982,1.08207,0.50142
2025.02.06 13:05,-1,2861.82500,2864.00693,2856.37018,2.18193,0.51634
2025.02.07 14:05,1,2868.85800,2863.76993,2881.57818,5.08807,0.62375
2025.02.07 15:50,1,2874.32800,2870.94450,2882.78675,3.38350,0.56960
2025.02.10 04:20,1,2876.53500,2875.17664,2879.93089,1.35836,0.57321
2025.02.10 05:50,1,2880.84500,2879.60979,2883.93304,1.23521,0.64985
2025.02.10 08:20,1,2894.85500,2892.78593,2900.02768,2.06907,0.56157
2025.02.10 11:20,1,2902.03500,2899.87871,2907.42571,2.15629,0.61605
2025.02.10 14:05,1,2903.51500,2900.11264,2912.02089,3.40236,0.66524
2025.02.10 15:50,1,2909.88500,2906.85629,2917.45679,3.02871,0.60588
2025.02.10 20:05,1,2905.17900,2904.00371,2908.11721,1.17529,0.65068
2025.02.10 21:35,1,2907.32500,2906.17907,2910.18982,1.14593,0.60485
2025.02.12 08:05,-1,2890.08500,2892.29664,2884.55589,2.21164,0.57887
2025.02.12 10:05,-1,2887.03500,2889.16121,2881.71946,2.12621,0.58162
2025.02.12 11:50,-1,2884.63500,2886.82379,2879.16304,2.18879,0.56537
2025.02.12 14:20,1,2897.73500,2891.47336,2913.38911,6.26164,0.51143
2025.02.12 21:20,1,2902.68800,2901.53064,2905.58139,1.15736,0.54135
2025.02.13 02:05,1,2906.79800,2904.72629,2911.97729,2.07171,0.57376
2025.02.13 16:35,1,2915.31500,2913.12307,2920.79482,2.19193,0.67849
2025.02.13 18:20,1,2918.82500,2917.10686,2923.12036,1.71814,0.61043
2025.02.13 20:05,1,2927.82500,2926.51071,2931.11071,1.31429,0.61458
2025.02.17 01:20,1,2892.16500,2889.62364,2898.51839,2.54136,0.57469
2025.02.17 02:50,1,2903.53500,2901.13900,2909.52500,2.39600,0.52853
2025.02.18 04:20,1,2907.75500,2906.22307,2911.58482,1.53193,0.59258
2025.02.18 06:50,1,2914.40500,2912.64907,2918.79482,1.75593,0.60167
2025.02.18 13:05,1,2916.71500,2915.00643,2920.98643,1.70857,0.61040
2025.02.18 14:35,1,2925.51500,2923.29621,2931.06196,2.21879,0.50757
2025.02.18 16:05,1,2928.10500,2925.46200,2934.71250,2.64300,0.58298
2025.02.18 17:50,1,2930.43800,2928.91964,2934.23389,1.51836,0.59116
2025.02.18 19:20,1,2933.77500,2932.46607,2937.04732,1.30893,0.55798
2025.02.19 17:05,1,2927.96500,2925.37357,2934.44357,2.59143,0.57443
2025.02.19 18:35,1,2925.74500,2923.28971,2931.88321,2.45529,0.57213
2025.02.20 04:50,1,2942.32500,2940.91471,2945.85071,1.41029,0.64866
2025.02.20 06:20,1,2945.20500,2943.96143,2948.31393,1.24357,0.59096
2025.02.20 07:50,1,2952.90500,2951.06500,2957.50500,1.84000,0.66621
2025.02.21 21:35,1,2935.81500,2934.30043,2939.60143,1.51457,0.52308
2025.02.24 16:20,1,2940.84500,2938.16336,2947.54911,2.68164,0.57477
2025.02.24 17:50,1,2944.43500,2942.40836,2949.50161,2.02664,0.56161
2025.02.24 19:35,1,2949.04800,2947.60893,2952.64568,1.43907,0.51126
2025.02.25 01:35,-1,2947.57500,2949.03429,2943.92679,1.45929,0.54130
2025.02.25 08:05,1,2932.58500,2930.25829,2938.40179,2.32671,0.55068
2025.02.25 10:35,1,2940.17500,2938.43857,2944.51607,1.73643,0.58034
2025.02.25 13:20,-1,2931.56500,2935.17307,2922.54482,3.60807,0.64234
2025.02.25 14:50,-1,2932.81500,2935.65693,2925.71018,2.84193,0.58998
2025.02.27 01:05,-1,2914.58500,2915.81500,2911.51000,1.23000,0.50222
2025.02.27 08:05,-1,2888.33500,2891.66071,2880.02071,3.32571,0.51741
2025.02.27 09:50,-1,2888.75500,2892.31314,2879.85964,3.55814,0.56195
2025.02.27 11:20,-1,2887.17500,2889.54529,2881.24929,2.37029,0.65215
2025.02.27 14:05,-1,2890.70500,2895.08664,2879.75089,4.38164,0.53603
2025.02.28 01:20,-1,2879.56500,2881.86150,2873.82375,2.29650,0.59530
2025.02.28 04:50,-1,2862.61800,2865.60757,2855.14407,2.98957,0.58840
2025.02.28 06:20,-1,2864.60800,2866.55636,2859.73711,1.94836,0.67196
2025.02.28 07:50,-1,2857.79500,2859.78479,2852.82054,1.98979,0.53476
2025.02.28 13:35,-1,2853.72800,2857.08536,2845.33461,3.35736,0.58833
2025.02.28 15:50,-1,2851.46500,2855.45300,2841.49500,3.98800,0.53222
2025.03.03 09:35,1,2866.32500,2864.13143,2871.80893,2.19357,0.55165
2025.03.04 04:35,1,2892.28800,2890.93014,2895.68264,1.35786,0.63341
2025.03.04 07:05,1,2893.13500,2891.47293,2897.29018,1.66207,0.61928
2025.03.04 08:50,1,2914.03500,2910.14764,2923.75339,3.88736,0.51693
2025.03.04 11:05,1,2916.98500,2914.54050,2923.09625,2.44450,0.54186
2025.03.06 04:35,-1,2916.47500,2917.79950,2913.16375,1.32450,0.52464
2025.03.07 04:50,1,2907.18500,2905.82514,2910.58464,1.35986,0.61756
2025.03.07 07:50,1,2917.34500,2915.54814,2921.83714,1.79686,0.57843
2025.03.10 16:35,-1,2898.88500,2901.04693,2893.48018,2.16193,0.65809
2025.03.10 18:50,-1,2883.25900,2886.07329,2876.22329,2.81429,0.60950
2025.03.11 01:50,1,2890.28500,2887.36679,2897.58054,2.91821,0.51417
2025.03.12 14:05,1,2916.37900,2912.90214,2925.07114,3.47686,0.55540
2025.03.12 16:50,1,2936.74900,2934.00550,2943.60775,2.74350,0.50265
2025.03.12 18:20,1,2935.94800,2934.03686,2940.72586,1.91114,0.57455
2025.03.13 02:05,1,2940.07500,2938.42136,2944.20911,1.65364,0.63235
2025.03.13 08:05,1,2941.76500,2940.13807,2945.83232,1.62693,0.53793
2025.03.13 10:20,1,2944.16500,2942.41971,2948.52821,1.74529,0.51796
2025.03.13 13:05,1,2944.53500,2941.35579,2952.48304,3.17921,0.68137
2025.03.13 15:05,1,2972.01500,2968.08557,2981.83857,3.92943,0.51254
2025.03.13 17:05,1,2977.89500,2974.97000,2985.20750,2.92500,0.64275
2025.03.13 18:35,1,2981.74800,2979.55286,2987.23586,2.19514,0.62220
2025.03.13 20:05,1,2981.68500,2979.85971,2986.24821,1.82529,0.62463
2025.03.14 01:20,1,2983.09500,2980.91300,2988.55000,2.18200,0.62695
2025.03.14 02:50,1,2992.63500,2991.00507,2996.70982,1.62993,0.64858
2025.03.17 08:50,1,2989.20500,2987.75571,2992.82821,1.44929,0.59544
2025.03.18 01:05,1,3001.83500,3000.28357,3005.71357,1.55143,0.63677
2025.03.18 02:35,1,3008.74800,3006.80200,3013.61300,1.94600,0.65831
2025.03.18 05:20,1,3011.83500,3010.28379,3015.71304,1.55121,0.63703
2025.03.18 07:50,1,3018.36500,3016.30143,3023.52393,2.06357,0.63630
2025.03.18 10:35,1,3023.50500,3021.24000,3029.16750,2.26500,0.60959
2025.03.18 14:50,1,3026.45500,3022.56614,3036.17714,3.88886,0.63800
2025.03.19 17:05,1,3031.35500,3029.43143,3036.16393,1.92357,0.66930
2025.03.19 19:35,1,3046.33500,3042.58493,3055.71018,3.75007,0.65568
2025.03.20 22:35,1,3044.82500,3044.14707,3046.51982,0.67793,0.52100
2025.03.21 13:05,-1,3034.44800,3036.77064,3028.64139,2.32264,0.59492
2025.03.21 15:50,-1,3012.19500,3015.31214,3004.40214,3.11714,0.57753
2025.03.24 04:50,1,3018.81500,3017.60921,3021.82946,1.20579,0.50521
2025.03.24 20:05,1,3009.65500,3008.37421,3012.85696,1.28079,0.50206
2025.03.25 09:05,1,3020.52500,3018.70021,3025.08696,1.82479,0.54107
2025.03.25 10:50,1,3024.18500,3022.66700,3027.98000,1.51800,0.52035
2025.03.26 04:05,1,3016.54800,3015.13821,3020.07246,1.40979,0.52832
2025.03.26 05:35,1,3020.03500,3018.72950,3023.29875,1.30550,0.59176
2025.03.26 07:20,1,3027.77500,3026.51571,3030.92321,1.25929,0.52458
2025.03.27 02:05,1,3026.52500,3024.82043,3030.78643,1.70457,0.51438
2025.03.27 08:35,1,3035.75500,3033.80571,3040.62821,1.94929,0.59225
2025.03.27 11:20,1,3052.23500,3049.37436,3059.38661,2.86064,0.56752
2025.03.28 01:35,1,3071.87500,3070.22414,3076.00214,1.65086,0.65598
2025.03.28 04:50,1,3073.96500,3072.74879,3077.00554,1.21621,0.61744
2025.03.28 06:20,1,3081.14800,3078.93157,3086.68907,2.21643,0.53124
2025.03.28 07:50,1,3078.73800,3076.49586,3084.34336,2.24214,0.52616
2025.03.31 01:05,1,3082.10500,3079.74193,3088.01268,2.36307,0.65430
2025.03.31 02:35,1,3102.20500,3097.78414,3113.25714,4.42086,0.53888
2025.03.31 05:20,1,3110.42500,3108.23214,3115.90714,2.19286,0.61792
2025.03.31 07:35,1,3120.06500,3116.56943,3128.80393,3.49557,0.66940
2025.03.31 17:20,1,3116.51500,3114.54171,3121.44821,1.97329,0.59267
2025.03.31 19:35,1,3122.50500,3120.86336,3126.60911,1.64164,0.56844
2025.04.01 01:50,1,3133.15500,3130.13107,3140.71482,3.02393,0.61493
2025.04.02 20:05,1,3119.79800,3118.13986,3123.94336,1.65814,0.70245
2025.04.02 22:50,1,3152.85500,3144.75221,3173.11196,8.10279,0.65662
2025.04.03 09:20,-1,3128.48800,3131.09593,3121.96818,2.60793,0.56859
2025.04.03 13:50,1,3099.54800,3090.98743,3120.94943,8.56057,0.58377
2025.04.03 22:20,1,3116.36500,3114.01093,3122.25018,2.35407,0.50862
2025.04.04 09:35,1,3090.96500,3087.42157,3099.82357,3.54343,0.56530
2025.04.04 13:20,-1,3070.60500,3081.08436,3044.40661,10.47936,0.60269
2025.04.04 14:50,-1,3044.83500,3053.83221,3022.34196,8.99721,0.54172
2025.04.09 08:05,1,3048.63500,3043.43814,3061.62714,5.19686,0.59708
2025.04.09 10:20,1,3042.69200,3039.30457,3051.16057,3.38743,0.57046
2025.04.09 13:20,1,3072.12100,3065.35671,3089.03171,6.76429,0.54822
2025.04.09 15:05,1,3082.46500,3076.97914,3096.17964,5.48586,0.52953
2025.04.09 16:35,1,3089.96500,3086.00850,3099.85625,3.95650,0.50619
2025.04.09 18:50,1,3074.87500,3066.01329,3097.02929,8.86171,0.56132
2025.04.10 01:50,1,3098.11500,3092.36179,3112.49804,5.75321,0.61385
2025.04.10 15:50,1,3160.12000,3154.20829,3174.89929,5.91171,0.51168
2025.04.10 20:20,1,3170.71500,3167.16543,3179.58893,3.54957,0.57923
2025.04.11 01:20,1,3209.98500,3201.80357,3230.43857,8.18143,0.56165
2025.04.11 02:50,1,3216.59500,3212.42229,3227.02679,4.17271,0.62899
2025.04.11 14:50,1,3234.57500,3227.44421,3252.40196,7.13079,0.62714
2025.04.15 02:05,1,3221.22500,3217.67429,3230.10179,3.55071,0.54297
2025.04.15 20:35,1,3228.60500,3226.67571,3233.42821,1.92929,0.66944
2025.04.16 01:35,1,3267.06500,3261.84143,3280.12393,5.22357,0.57821
2025.04.16 04:20,1,3270.55500,3267.61714,3277.89964,2.93786,0.63130
2025.04.16 06:50,1,3294.77500,3291.57786,3302.76786,3.19714,0.62127
2025.04.16 09:05,1,3309.37500,3301.85871,3328.16571,7.51629,0.57035
2025.04.16 10:35,1,3305.13500,3302.35214,3312.09214,2.78286,0.59094
2025.04.16 13:35,1,3304.65500,3299.26643,3318.12643,5.38857,0.57977
2025.04.16 15:05,1,3310.72500,3305.47071,3323.86071,5.25429,0.54917
2025.04.16 16:35,1,3325.44500,3321.67143,3334.87893,3.77357,0.53611
2025.04.16 18:05,1,3331.87500,3328.58257,3340.10607,3.29243,0.60670
2025.04.16 20:20,1,3338.55500,3336.04429,3344.83179,2.51071,0.63792
2025.04.16 22:50,1,3346.57500,3343.48786,3354.29286,3.08714,0.54821
2025.04.17 16:05,1,3304.39500,3299.75571,3315.99321,4.63929,0.53124
2025.04.17 17:35,1,3320.46900,3317.01829,3329.09579,3.45071,0.55890
2025.04.17 19:20,1,3316.82500,3314.76286,3321.98036,2.06214,0.59529
2025.04.21 02:05,1,3379.75500,3375.38500,3390.68000,4.37000,0.52271
2025.04.21 08:05,1,3386.82500,3383.81143,3394.35893,3.01357,0.57477
2025.04.21 10:50,1,3394.46500,3392.15357,3400.24357,2.31143,0.56508
2025.04.21 13:35,1,3422.20500,3416.45029,3436.59179,5.75471,0.52176
2025.04.21 15:05,1,3417.16500,3411.04714,3432.45964,6.11786,0.55516
2025.04.21 20:20,1,3422.16500,3419.26286,3429.42036,2.90214,0.61396
2025.04.22 01:05,1,3435.65500,3428.08071,3454.59071,7.57429,0.58625
2025.04.23 13:20,-1,3301.28500,3307.98143,3284.54393,6.69643,0.55852
2025.04.23 15:50,-1,3284.83500,3293.32179,3263.61804,8.48679,0.53152
2025.04.25 13:10,-1,3270.50500,3276.48786,3255.54786,5.98286,0.53378
2025.04.25 14:55,-1,3274.11500,3279.15929,3261.50429,5.04429,0.55863
2025.04.25 16:40,1,3284.08500,3280.67171,3292.61821,3.41329,0.57396
2025.04.25 18:25,1,3291.11500,3287.95000,3299.02750,3.16500,0.53137
2025.04.25 19:55,1,3305.66500,3302.24786,3314.20786,3.41714,0.50066
2025.04.28 18:10,1,3345.32500,3342.55214,3352.25714,2.77286,0.51119
2025.04.28 19:40,1,3350.41900,3347.74614,3357.10114,2.67286,0.50670
2025.04.30 08:00,-1,3284.95500,3287.52143,3278.53893,2.56643,0.61084
2025.04.30 09:45,-1,3275.70500,3279.06714,3267.29964,3.36214,0.57389
2025.04.30 11:45,-1,3298.27500,3301.61714,3289.91964,3.34214,0.57582
2025.04.30 15:45,1,3307.83500,3302.26343,3321.76393,5.57157,0.54130
2025.05.01 01:00,-1,3243.35500,3251.37221,3223.31196,8.01721,0.54190
2025.05.01 02:30,-1,3243.59500,3249.62000,3228.53250,6.02500,0.59428
2025.05.01 09:00,-1,3230.06500,3232.29000,3224.50250,2.22500,0.60913
2025.05.01 10:45,-1,3222.68500,3225.97143,3214.46893,3.28643,0.52500
2025.05.02 13:30,-1,3252.94500,3260.05143,3235.17893,7.10643,0.50496
2025.05.05 08:00,1,3263.27500,3260.42000,3270.41250,2.85500,0.59817
2025.05.05 10:45,1,3313.06500,3308.92286,3323.42036,4.14214,0.58426
2025.05.05 17:00,1,3311.36500,3308.39429,3318.79179,2.97071,0.57592
2025.05.05 18:30,1,3320.93500,3318.30571,3327.50821,2.62929,0.52094
2025.05.06 15:00,1,3394.88500,3390.02500,3407.03500,4.86000,0.52497
2025.05.06 18:00,1,3411.75500,3408.25071,3420.51571,3.50429,0.53395
2025.05.06 19:30,1,3418.17500,3416.21786,3423.06786,1.95714,0.54400
2025.05.08 04:00,-1,3393.26500,3397.12614,3383.61214,3.86114,0.63507
2025.05.08 05:30,-1,3374.20500,3378.32471,3363.90571,4.11971,0.60400
2025.05.08 07:15,-1,3338.13500,3346.84814,3316.35214,8.71314,0.55191
2025.05.08 17:30,-1,3302.72500,3308.13214,3289.20714,5.40714,0.50230
2025.05.08 19:00,-1,3303.35500,3306.11286,3296.46036,2.75786,0.57780
2025.05.12 05:15,-1,3274.12500,3276.31929,3268.63929,2.19429,0.69649
2025.05.12 06:45,-1,3277.22900,3280.94971,3267.92721,3.72071,0.71429
2025.05.13 07:00,1,3259.08500,3254.64957,3270.17357,4.43543,0.51373
2025.05.14 08:30,-1,3231.05500,3235.28286,3220.48536,4.22786,0.53787
2025.05.14 10:30,-1,3231.14500,3233.92286,3224.20036,2.77786,0.53038
2025.05.14 13:00,-1,3179.21500,3186.89786,3160.00786,7.68286,0.55315
2025.05.14 14:45,-1,3181.56900,3187.20871,3167.46971,5.63971,0.58674
2025.05.15 01:15,-1,3186.12500,3189.56036,3177.53661,3.43536,0.60544
2025.05.15 04:00,-1,3149.46500,3152.55786,3141.73286,3.09286,0.56090
2025.05.15 05:45,-1,3128.54500,3132.42571,3118.84321,3.88071,0.53257
2025.05.15 07:30,-1,3131.77500,3136.93529,3118.87429,5.16029,0.57991
2025.05.20 13:30,1,3241.23500,3236.61571,3252.78321,4.61929,0.63939
2025.05.20 17:00,1,3280.89500,3278.31714,3287.33964,2.57786,0.50362
2025.05.21 02:30,1,3303.54500,3299.21857,3314.36107,4.32643,0.54105
2025.05.22 01:00,1,3326.94500,3324.06121,3334.15446,2.88379,0.53242
2025.05.22 02:30,1,3343.22500,3339.63900,3352.19000,3.58600,0.59078
2025.05.23 08:30,1,3325.54800,3322.67279,3332.73604,2.87521,0.59533
2025.05.23 10:30,1,3331.11500,3328.40350,3337.89375,2.71150,0.59046
2025.05.23 14:00,1,3343.75500,3336.58657,3361.67607,7.16843,0.56411
2025.05.27 04:15,-1,3339.44500,3341.18143,3335.10393,1.73643,0.55144
2025.05.27 06:15,-1,3319.88500,3323.81014,3310.07214,3.92514,0.56549
2025.05.27 07:45,-1,3296.04800,3301.22729,3283.09979,5.17929,0.57960
2025.05.27 10:00,-1,3296.54500,3300.38750,3286.93875,3.84250,0.54309
2025.05.27 11:45,-1,3293.12500,3296.22071,3285.38571,3.09571,0.53995
2025.05.28 05:00,1,3302.76500,3300.67936,3307.97911,2.08564,0.56408
2025.05.28 06:45,1,3308.04800,3304.86014,3316.01764,3.18786,0.50861
2025.05.28 22:15,-1,3285.10800,3289.03364,3275.29389,3.92564,0.59525
2025.06.02 04:00,1,3311.19800,3309.08593,3316.47818,2.11207,0.62838
2025.06.02 05:30,1,3322.33500,3320.10943,3327.89893,2.22557,0.62115
2025.06.02 07:45,1,3352.38500,3348.30600,3362.58250,4.07900,0.61211
2025.06.02 13:15,1,3355.49800,3352.30943,3363.46943,3.18857,0.59446
2025.06.02 15:30,1,3374.61500,3371.13864,3383.30589,3.47636,0.58238
2025.06.02 17:00,1,3374.63800,3371.69829,3381.98729,2.93971,0.66591
2025.06.02 18:30,1,3377.04800,3375.13014,3381.84264,1.91786,0.64068
2025.06.02 20:30,1,3380.61500,3379.08064,3384.45089,1.53436,0.60102
2025.06.04 13:15,1,3358.04800,3353.50543,3369.40443,4.54257,0.54119
2025.06.05 08:30,1,3375.06500,3373.17736,3379.78411,1.88764,0.64202
2025.06.05 11:45,1,3382.84800,3379.53014,3391.14264,3.31786,0.51304
2025.06.05 22:00,1,3355.70500,3353.63571,3360.87821,2.06929,0.50316
2025.06.06 13:30,-1,3346.39500,3353.72893,3328.06018,7.33393,0.55403
2025.06.06 16:00,-1,3329.18500,3333.06250,3319.49125,3.87750,0.51249
2025.06.06 18:00,-1,3315.05500,3317.30950,3309.41875,2.25450,0.53446
2025.06.06 20:45,-1,3311.39500,3313.25300,3306.75000,1.85800,0.52265
2025.06.10 05:15,1,3310.24800,3308.25350,3315.23425,1.99450,0.54458
2025.06.10 07:00,1,3327.80500,3324.61264,3335.78589,3.19236,0.52684
2025.06.11 01:00,1,3333.82500,3331.16971,3340.46321,2.65529,0.50917
2025.06.11 02:30,1,3336.88500,3334.20936,3343.57411,2.67564,0.52829
2025.06.11 20:15,1,3352.68500,3350.54986,3358.02286,2.13514,0.53148
2025.06.11 22:45,1,3365.53500,3362.92164,3372.06839,2.61336,0.51761
2025.06.12 02:15,1,3373.94800,3369.87893,3384.12068,4.06907,0.60682
2025.06.12 08:00,1,3350.39500,3345.08121,3363.67946,5.31379,0.64597
2025.06.12 10:00,1,3366.59800,3363.31057,3374.81657,3.28743,0.60852
2025.06.12 11:45,1,3387.91500,3383.91779,3397.90804,3.99721,0.53422
2025.06.13 02:00,1,3429.59500,3424.25571,3442.94321,5.33929,0.61315
2025.06.13 20:45,1,3451.06500,3448.91700,3456.43500,2.14800,0.51151
2025.06.16 20:30,1,3383.66500,3381.90143,3388.07393,1.76357,0.58146
2025.06.17 01:45,-1,3393.53500,3396.50557,3386.10857,2.97057,0.53062
2025.06.18 17:15,-1,3389.45500,3390.94714,3385.72464,1.49214,0.50465
2025.06.20 02:00,-1,3355.99800,3359.32586,3347.67836,3.32786,0.53924
2025.06.20 13:15,1,3356.96500,3353.46171,3365.72321,3.50329,0.51568
2025.06.20 15:45,1,3369.52500,3367.00650,3375.82125,2.51850,0.50022
2025.06.23 08:30,1,3360.09800,3357.68093,3366.14068,2.41707,0.53074
2025.06.24 04:15,-1,3348.82500,3351.22321,3342.82946,2.39821,0.63707
2025.06.24 06:45,-1,3322.54500,3327.34771,3310.53821,4.80271,0.60304
2025.06.24 13:15,-1,3310.17500,3315.53721,3296.76946,5.36221,0.58276
2025.06.24 15:15,-1,3312.07500,3315.86357,3302.60357,3.78857,0.52576
2025.06.26 04:15,1,3335.55500,3334.15736,3339.04911,1.39764,0.51861
2025.06.26 06:15,1,3336.78500,3334.66071,3342.09571,2.12429,0.55109
2025.06.26 09:30,-1,3340.44800,3342.63200,3334.98800,2.18400,0.51876
2025.06.26 11:45,-1,3321.87500,3323.87214,3316.88214,1.99714,0.50855
2025.06.27 01:30,-1,3316.55500,3319.13550,3310.10375,2.58050,0.62708
2025.06.27 05:00,-1,3293.64500,3296.04871,3287.63571,2.40371,0.62864
2025.06.27 06:45,-1,3294.74800,3298.63321,3285.03496,3.88521,0.61678
2025.06.27 09:15,-1,3285.47500,3288.44764,3278.04339,2.97264,0.59665
2025.06.27 11:15,-1,3284.59800,3287.27679,3277.90104,2.67879,0.60409
2025.06.27 15:00,-1,3272.52500,3277.62736,3259.76911,5.10236,0.53927
2025.06.30 16:15,1,3292.20500,3289.88807,3297.99732,2.31693,0.52482
2025.06.30 18:45,1,3298.43500,3296.79814,3302.52714,1.63686,0.51365
2025.06.30 22:00,1,3304.01500,3302.37743,3308.10893,1.63757,0.53953
2025.07.01 02:30,1,3317.63500,3315.19471,3323.73571,2.44029,0.57492
2025.07.01 05:00,1,3328.16500,3326.86007,3331.42732,1.30493,0.53348
2025.07.01 07:00,1,3336.09500,3334.06050,3341.18125,2.03450,0.59278
2025.07.01 09:15,1,3342.75800,3340.73300,3347.82050,2.02500,0.54532
2025.07.01 11:45,1,3354.40500,3352.05950,3360.26875,2.34550,0.52257
2025.07.01 20:30,1,3340.09800,3338.95050,3342.96675,1.14750,0.52493
2025.07.02 16:00,1,3345.99500,3343.50471,3352.22071,2.49029,0.60026
2025.07.02 17:45,1,3349.46900,3348.04064,3353.03989,1.42836,0.63580
2025.07.02 19:45,1,3358.15500,3356.90171,3361.28821,1.25329,0.59222
2025.07.04 08:45,-1,3342.60500,3344.27764,3338.42339,1.67264,0.51577
2025.07.04 11:45,-1,3333.64900,3335.39364,3329.28739,1.74464,0.50854
2025.07.07 02:15,-1,3314.53500,3317.95393,3305.98768,3.41893,0.59089
2025.07.07 05:30,-1,3310.57500,3312.93043,3304.68643,2.35543,0.58550
2025.07.07 07:30,-1,3306.32500,3309.02093,3299.58518,2.69593,0.54303
2025.07.11 01:30,1,3330.76500,3327.60121,3338.67446,3.16379,0.66760
2025.07.11 05:15,1,3340.15800,3338.87221,3343.37246,1.28579,0.59712
2025.07.11 07:00,1,3333.38500,3330.88464,3339.63589,2.50036,0.60539
2025.07.11 09:30,1,3335.36500,3332.82907,3341.70482,2.53593,0.59291
2025.07.11 11:30,1,3348.49800,3345.90086,3354.99086,2.59714,0.53929
2025.07.11 14:30,1,3359.58900,3355.35800,3370.16650,4.23100,0.54985
2025.07.14 04:30,1,3359.40500,3357.63021,3363.84196,1.77479,0.60623
2025.07.14 06:30,1,3362.38500,3360.25264,3367.71589,2.13236,0.57933
2025.07.15 13:00,-1,3346.48500,3350.62071,3336.14571,4.13571,0.63788
2025.07.15 15:15,-1,3334.03500,3336.91714,3326.82964,2.88214,0.58387
2025.07.17 13:45,1,3318.89800,3314.78357,3329.18407,4.11443,0.50724
2025.07.18 01:30,-1,3336.24800,3338.06636,3331.70211,1.81836,0.52366
2025.07.18 05:00,1,3339.27500,3337.98121,3342.50946,1.29379,0.64257
2025.07.18 06:30,1,3338.37500,3336.29071,3343.58571,2.08429,0.62243
2025.07.21 04:15,1,3354.49500,3353.04186,3358.12786,1.45314,0.62478
2025.07.21 07:15,1,3365.80500,3364.02186,3370.26286,1.78314,0.63086
2025.07.21 08:45,1,3365.88500,3364.30650,3369.83125,1.57850,0.68721
2025.07.21 10:45,1,3365.99500,3364.68743,3369.26393,1.30757,0.63928
2025.07.21 14:00,1,3394.57500,3391.41514,3402.47464,3.15986,0.65683
2025.07.21 15:45,1,3397.82500,3395.36207,3403.98232,2.46293,0.66128
2025.07.22 11:30,1,3389.24500,3388.14550,3391.99375,1.09950,0.51405
2025.07.22 14:00,1,3415.65500,3411.40007,3426.29232,4.25493,0.65184
2025.07.22 15:30,1,3424.13500,3420.37564,3433.53339,3.75936,0.63484
2025.07.22 17:15,1,3428.70500,3426.37707,3434.52482,2.32793,0.56829
2025.07.22 18:45,1,3429.47900,3428.02029,3433.12579,1.45871,0.66516
2025.07.23 19:15,1,3390.88500,3389.27986,3394.89786,1.60514,0.50390
2025.07.23 22:30,1,3388.08500,3386.32607,3392.48232,1.75893,0.51459
2025.07.24 05:15,-1,3380.64500,3382.20836,3376.73661,1.56336,0.58552
2025.07.24 06:45,-1,3375.54800,3378.70514,3367.65514,3.15714,0.54956
2025.07.24 09:45,-1,3363.46500,3365.49550,3358.38875,2.03050,0.54224
2025.07.24 11:45,-1,3353.17500,3355.30779,3347.84304,2.13279,0.50044
2025.07.25 08:30,-1,3347.50500,3349.78714,3341.79964,2.28214,0.54055
2025.07.25 10:15,-1,3343.52500,3345.23307,3339.25482,1.70807,0.51280
2025.07.25 11:45,-1,3340.54500,3342.53664,3335.56589,1.99164,0.51564
2025.07.28 13:15,-1,3328.39500,3331.22600,3321.31750,2.83100,0.54523
2025.07.30 13:15,-1,3305.14800,3309.23357,3294.93407,4.08557,0.57587
2025.07.30 15:00,-1,3300.59500,3303.28257,3293.87607,2.68757,0.50864
2025.07.30 18:00,-1,3299.14500,3300.92964,3294.68339,1.78464,0.52263
2025.08.01 08:45,1,3294.07500,3291.88529,3299.54929,2.18971,0.56274
2025.08.01 13:00,1,3350.77500,3344.00929,3367.68929,6.76571,0.53768
2025.08.01 14:45,1,3345.70500,3340.34836,3359.09661,5.35664,0.59498
2025.08.01 17:00,1,3346.45500,3343.69193,3353.36268,2.76307,0.59366
2025.08.01 18:30,1,3350.64800,3348.89693,3355.02568,1.75107,0.61223
2025.08.01 20:45,1,3364.69800,3362.94964,3369.06889,1.74836,0.53768
2025.08.04 08:15,1,3358.64800,3356.17293,3364.83568,2.47507,0.67642
2025.08.04 10:30,1,3357.79500,3355.81736,3362.73911,1.97764,0.64241
2025.08.04 13:00,1,3373.09800,3370.14871,3380.47121,2.94929,0.58522
2025.08.04 14:30,1,3376.51900,3373.03136,3385.23811,3.48764,0.59551
2025.08.04 22:30,1,3374.09800,3373.06971,3376.66871,1.02829,0.54319
2025.08.05 14:15,1,3379.59800,3375.69214,3389.36264,3.90586,0.66013
2025.08.05 15:45,1,3389.39800,3386.82179,3395.83854,2.57621,0.63786
2025.08.05 22:45,1,3383.19500,3382.17407,3385.74732,1.02093,0.50111
2025.08.06 13:30,1,3365.94500,3363.04279,3373.20054,2.90221,0.51092
2025.08.07 05:15,1,3379.50500,3377.87879,3383.57054,1.62621,0.63679
2025.08.07 07:15,1,3392.07800,3389.99521,3397.28496,2.08279,0.51311
2025.08.07 16:45,1,3388.65500,3386.81464,3393.25589,1.84036,0.65050
2025.08.07 18:45,1,3387.95900,3386.34286,3391.99936,1.61614,0.64888
2025.08.11 04:00,-1,3377.71500,3379.72614,3372.68714,2.01114,0.57628
2025.08.11 05:30,-1,3376.24900,3378.21957,3371.32257,1.97057,0.60039
2025.08.11 07:15,-1,3365.34500,3368.67164,3357.02839,3.32664,0.54608
2025.08.11 09:30,-1,3358.52500,3361.40329,3351.32929,2.87829,0.54216
2025.08.11 11:45,-1,3356.69500,3359.17807,3350.48732,2.48307,0.53373
2025.08.13 08:30,1,3359.83500,3357.46107,3365.76982,2.37393,0.57685
2025.08.13 11:30,1,3358.77900,3356.82214,3363.67114,1.95686,0.56536
2025.08.14 08:45,1,3345.94800,3342.28300,3355.11050,3.66500,0.51955
2025.08.14 11:00,1,3354.25500,3352.22364,3359.33339,2.03136,0.51990
2025.08.15 02:15,1,3337.80500,3336.17836,3341.87161,1.62664,0.54698
2025.08.17 22:45,-1,3340.37500,3341.99043,3336.33643,1.61543,0.54540
2025.08.19 13:30,-1,3337.85500,3340.57279,3331.06054,2.71779,0.56377
2025.08.19 19:15,-1,3316.83500,3317.99357,3313.93857,1.15857,0.51237
2025.08.19 22:45,-1,3315.84800,3316.72536,3313.65461,0.87736,0.51813
2025.08.22 13:30,1,3333.39800,3330.40900,3340.87050,2.98900,0.61004
2025.08.22 20:30,1,3371.64800,3370.51057,3374.49157,1.13743,0.51433
2025.08.25 01:15,1,3364.51500,3363.01600,3368.26250,1.49900,0.50948
2025.08.25 02:45,1,3367.14500,3365.48450,3371.29625,1.66050,0.51309
2025.08.26 02:15,1,3377.36500,3374.77829,3383.83179,2.58671,0.55542
2025.08.26 16:15,1,3384.34500,3382.29929,3389.45929,2.04571,0.58746
2025.08.26 17:45,1,3381.45800,3380.15086,3384.72586,1.30714,0.60340
2025.08.26 19:15,1,3388.19500,3387.06114,3391.02964,1.13386,0.51387
2025.08.27 13:45,1,3377.74800,3375.20300,3384.11050,2.54500,0.51221
2025.08.27 16:00,1,3388.83500,3386.83264,3393.84089,2.00236,0.58692
2025.08.27 18:30,1,3395.84800,3394.60586,3398.95336,1.24214,0.58644
2025.08.28 08:15,1,3395.38500,3393.66000,3399.69750,1.72500,0.60085
2025.08.28 10:15,1,3396.60500,3395.13257,3400.28607,1.47243,0.57321
2025.08.28 13:15,1,3404.54500,3401.23979,3412.80804,3.30521,0.60647
2025.08.28 15:45,1,3410.79800,3408.58421,3416.33246,2.21379,0.59851
2025.08.28 17:45,1,3417.77900,3416.37021,3421.30096,1.40879,0.57943
2025.08.28 19:30,1,3418.30500,3417.10021,3421.31696,1.20479,0.56557
2025.08.29 13:15,1,3417.31500,3414.61136,3424.07411,2.70364,0.56906
2025.08.29 14:45,1,3440.71500,3437.36271,3449.09571,3.35229,0.50688
2025.08.29 16:15,1,3445.47500,3443.02229,3451.60679,2.45271,0.61709
2025.08.29 18:15,1,3444.56500,3442.35286,3450.09536,2.21214,0.63839
2025.08.29 19:45,1,3452.49800,3450.65086,3457.11586,1.84714,0.55056
2025.09.01 01:30,1,3446.76500,3444.52929,3452.35429,2.23571,0.68663
2025.09.02 01:00,1,3488.64500,3485.92336,3495.44911,2.72164,0.60854
2025.09.02 02:30,1,3497.48500,3492.80471,3509.18571,4.68029,0.55866
2025.09.02 08:30,1,3479.52500,3475.81121,3488.80946,3.71379,0.57194
2025.09.02 10:15,1,3479.94500,3477.66429,3485.64679,2.28071,0.52832
2025.09.02 13:00,1,3482.98500,3477.88014,3495.74714,5.10486,0.62429
2025.09.02 17:00,1,3527.11500,3523.59914,3535.90464,3.51586,0.59112
2025.09.02 18:45,1,3528.18800,3526.35236,3532.77711,1.83564,0.57489
2025.09.03 08:30,1,3538.50500,3535.68693,3545.55018,2.81807,0.58242
2025.09.03 10:15,1,3536.59500,3534.42829,3542.01179,2.16671,0.58174
2025.09.05 13:00,1,3581.20500,3573.52907,3600.39482,7.67593,0.52793
2025.09.08 04:15,1,3583.13500,3581.04836,3588.35161,2.08664,0.64949
2025.09.08 05:45,1,3591.01500,3589.11979,3595.75304,1.89521,0.63604
2025.09.08 07:45,1,3609.15500,3605.81664,3617.50089,3.33836,0.61597
2025.09.08 09:30,1,3614.08500,3611.65329,3620.16429,2.43171,0.55238
2025.09.08 11:45,1,3624.23500,3621.95929,3629.92429,2.27571,0.54449
2025.09.11 01:00,-1,3645.87800,3647.74821,3641.20246,1.87021,0.52289
2025.09.11 08:00,-1,3629.29500,3632.57264,3621.10089,3.27764,0.60555
2025.09.11 09:30,-1,3619.29500,3622.10807,3612.26232,2.81307,0.60215
2025.09.11 11:15,-1,3620.97500,3622.84071,3616.31071,1.86571,0.53496
2025.09.12 02:15,1,3649.78500,3646.87686,3657.05536,2.90814,0.52209
2025.09.15 14:15,1,3657.55500,3653.68264,3667.23589,3.87236,0.63866
2025.09.15 15:45,1,3680.22500,3678.04814,3685.66714,2.17686,0.52593
2025.09.16 08:00,1,3695.66500,3693.37071,3701.40071,2.29429,0.66655
2025.09.16 09:45,1,3698.07500,3696.17407,3702.82732,1.90093,0.57446
2025.09.16 11:15,1,3692.43800,3690.65271,3696.90121,1.78529,0.63264
2025.09.17 08:00,-1,3665.04500,3668.01779,3657.61304,2.97279,0.54109
2025.09.17 10:30,-1,3666.17500,3668.53079,3660.28554,2.35579,0.53127
2025.09.19 02:30,1,3646.14500,3642.82064,3654.45589,3.32436,0.56609
2025.09.19 13:15,1,3656.04500,3652.74286,3664.30036,3.30214,0.51045
2025.09.19 16:45,1,3668.06500,3665.97093,3673.30018,2.09407,0.61309
2025.09.19 19:30,1,3682.92900,3681.71936,3685.95311,1.20964,0.60527
2025.09.21 22:45,1,3690.68500,3688.54107,3696.04482,2.14393,0.61833
2025.09.22 02:15,1,3691.25500,3687.99714,3699.39964,3.25786,0.58867
2025.09.22 05:00,1,3693.65500,3692.33521,3696.95446,1.31979,0.63311
2025.09.22 07:45,1,3713.00500,3709.61450,3721.48125,3.39050,0.58446
2025.09.22 09:45,1,3723.02500,3720.62714,3729.01964,2.39786,0.57300
2025.09.22 11:15,1,3726.35500,3724.40664,3731.22589,1.94836,0.51370
2025.09.22 13:45,1,3722.12500,3717.79979,3732.93804,4.32521,0.58416
2025.09.22 17:00,1,3739.70800,3737.71757,3744.68407,1.99043,0.58196
2025.09.22 19:45,1,3747.41800,3745.81443,3751.42693,1.60357,0.61611
2025.09.23 08:00,1,3754.91500,3752.36250,3761.29625,2.55250,0.65444
2025.09.23 09:45,1,3784.67500,3780.21300,3795.83000,4.46200,0.59863
2025.09.23 11:15,1,3788.09500,3785.43907,3794.73482,2.65593,0.57940
2025.09.25 04:45,1,3737.96500,3735.45650,3744.23625,2.50850,0.63670
2025.09.25 06:45,1,3740.75500,3737.97614,3747.70214,2.77886,0.59165
2025.09.26 13:00,1,3764.25500,3760.61993,3773.34268,3.63507,0.61458
2025.09.26 15:15,1,3778.90500,3774.44021,3790.06696,4.46479,0.58658
2025.09.29 01:15,1,3772.34800,3768.36086,3782.31586,3.98714,0.57735
2025.09.29 04:00,1,3795.44800,3792.55586,3802.67836,2.89214,0.61136
2025.09.29 05:45,1,3813.36500,3809.26143,3823.62393,4.10357,0.59868
2025.09.29 07:45,1,3805.99800,3802.07271,3815.81121,3.92529,0.59720
2025.09.29 09:45,1,3807.25500,3804.72164,3813.58839,2.53336,0.61164
2025.09.30 01:15,1,3843.97500,3840.49479,3852.67554,3.48021,0.64908
2025.09.30 02:45,1,3864.55500,3861.55693,3872.05018,2.99807,0.61970
2025.10.01 04:15,1,3860.80500,3857.88807,3868.09732,2.91693,0.65676
2025.10.01 07:00,1,3866.62500,3863.24100,3875.08500,3.38400,0.64089
2025.10.01 09:45,1,3888.69800,3885.53393,3896.60818,3.16407,0.57803
2025.10.01 11:45,1,3870.30500,3867.47186,3877.38786,2.83314,0.60001
2025.10.02 14:15,-1,3863.76500,3869.39636,3849.68661,5.63136,0.60012
2025.10.02 17:45,1,3844.02500,3840.27500,3853.40000,3.75000,0.51083
2025.10.02 19:45,1,3855.35500,3853.05071,3861.11571,2.30429,0.52200
2025.10.03 05:00,1,3850.51500,3848.31571,3856.01321,2.19929,0.60863
2025.10.03 07:45,1,3864.08500,3861.58307,3870.33982,2.50193,0.58802
2025.10.05 22:00,1,3889.81800,3887.97293,3894.43068,1.84507,0.61247
2025.10.06 01:30,1,3910.03500,3906.33193,3919.29268,3.70307,0.58781
2025.10.06 04:15,1,3933.47500,3930.37307,3941.22982,3.10193,0.55585
2025.10.06 06:30,1,3926.93500,3922.52136,3937.96911,4.41364,0.58061
2025.10.06 13:00,1,3934.03500,3929.39664,3945.63089,4.63836,0.61872
2025.10.06 15:15,1,3949.80800,3944.76779,3962.40854,5.04021,0.58833
2025.10.07 08:15,1,3950.48800,3946.07514,3961.52014,4.41286,0.57042
2025.10.07 11:15,1,3957.55500,3954.89114,3964.21464,2.66386,0.54807
2025.10.07 20:15,1,3982.24800,3980.11779,3987.57354,2.13021,0.63240
2025.10.08 01:15,1,3993.87500,3990.39721,4002.56946,3.47779,0.65619
2025.10.08 04:00,1,4019.48500,4016.46571,4027.03321,3.01929,0.55566
2025.10.08 06:30,1,4030.65500,4026.21729,4041.74929,4.43771,0.58752
2025.10.13 04:00,1,4052.75800,4049.21836,4061.60711,3.53964,0.54704
2025.10.13 06:45,1,4068.92900,4064.57286,4079.81936,4.35614,0.57751
2025.10.13 13:00,1,4087.56500,4083.63764,4097.38339,3.92736,0.50375
2025.10.13 16:30,1,4105.64500,4101.48450,4116.04625,4.16050,0.50688
2025.10.13 18:15,1,4104.44800,4100.50393,4114.30818,3.94407,0.57143
2025.10.13 20:00,1,4108.64500,4104.69264,4118.52589,3.95236,0.58250
2025.10.13 22:30,1,4107.96500,4105.31750,4114.58375,2.64750,0.61160
2025.10.14 02:00,1,4141.04800,4134.44643,4157.55193,6.60157,0.55871
2025.10.15 01:45,1,4181.55500,4175.05471,4197.80571,6.50029,0.62477
2025.10.15 04:30,1,4178.88500,4175.19636,4188.10661,3.68864,0.59867
2025.10.15 06:15,1,4189.97500,4185.07921,4202.21446,4.89579,0.56863
2025.10.16 01:00,1,4220.61500,4215.50807,4233.38232,5.10693,0.65305
2025.10.16 02:30,1,4235.79500,4231.51193,4246.50268,4.28307,0.61871
2025.10.16 19:00,1,4292.91500,4286.74364,4308.34339,6.17136,0.51855
2025.10.16 20:30,1,4317.86500,4312.58186,4331.07286,5.28314,0.53858
2025.10.21 13:15,-1,4200.49800,4214.21879,4166.19604,13.72079,0.55351
2025.10.21 14:45,-1,4138.41900,4159.62550,4085.40275,21.20650,0.53362
2025.10.27 08:15,-1,4058.42500,4062.36200,4048.58250,3.93700,0.56860
2025.10.27 09:45,-1,4039.59500,4049.05764,4015.93839,9.46264,0.59143
2025.10.27 11:15,-1,4030.09800,4036.68314,4013.63514,6.58514,0.53632
2025.10.28 04:00,-1,3987.35500,3991.43500,3977.15500,4.08000,0.59319
2025.10.28 05:45,-1,3966.31500,3972.92957,3949.77857,6.61457,0.57903
2025.10.28 07:45,-1,3932.14500,3939.28043,3914.30643,7.13543,0.56803
2025.10.29 05:45,1,3962.27500,3956.80429,3975.95179,5.47071,0.50163
2025.10.30 20:45,1,4023.07500,4019.32464,4032.45089,3.75036,0.50701
2025.11.04 13:00,-1,3992.96500,3996.73429,3983.54179,3.76929,0.57232
2025.11.04 15:30,-1,3965.05500,3975.69807,3938.44732,10.64307,0.50267
2025.11.05 21:45,-1,3976.04500,3978.03357,3971.07357,1.98857,0.50322
2025.11.06 04:30,1,3986.71800,3984.62650,3991.94675,2.09150,0.54716
2025.11.06 06:15,1,3986.87500,3984.22471,3993.50071,2.65029,0.58501
2025.11.06 08:45,1,4014.54800,4011.13414,4023.08264,3.41386,0.56165
2025.11.06 11:00,1,4009.63800,4007.26464,4015.57139,2.37336,0.54460
2025.11.07 18:45,1,4005.39500,4001.85571,4014.24321,3.53929,0.50981
2025.11.10 01:00,1,4026.93500,4022.99071,4036.79571,3.94429,0.62207
2025.11.10 04:45,1,4053.96500,4051.24079,4060.77554,2.72421,0.61931
2025.11.10 06:45,1,4074.87500,4071.08807,4084.34232,3.78693,0.57936
2025.11.10 07:00,1,4078.37500,4074.61307,4087.77982,3.76193,0.58892
2025.11.10 08:30,1,4078.72500,4075.18307,4087.57982,3.54193,0.58630
2025.11.10 10:00,1,4081.10500,4076.57743,4092.42393,4.52757,0.53240
2025.11.10 11:45,1,4097.43500,4094.51121,4104.74446,2.92379,0.55762
2025.11.10 17:15,1,4096.63500,4093.66050,4104.07125,2.97450,0.67169
2025.11.10 19:45,1,4113.04500,4110.06543,4120.49393,2.97957,0.69638
2025.11.10 21:30,1,4113.70500,4111.36436,4119.55661,2.34064,0.61514
2025.11.11 02:30,1,4138.64500,4134.02400,4150.19750,4.62100,0.56753
2025.11.12 14:15,1,4131.73500,4126.96757,4143.65357,4.76743,0.63840
2025.11.12 18:00,1,4199.61500,4194.19621,4213.16196,5.41879,0.55761
2025.11.12 19:45,1,4197.17900,4192.48929,4208.90329,4.68971,0.60776
2025.11.13 01:30,1,4188.16500,4181.15429,4205.69179,7.01071,0.59289
2025.11.13 04:30,1,4207.59500,4203.13979,4218.73304,4.45521,0.54230
2025.11.13 06:00,1,4205.75500,4200.93943,4217.79393,4.81557,0.61663
2025.11.13 09:00,1,4232.74500,4227.91150,4244.82875,4.83350,0.51016
2025.11.13 11:15,1,4223.14500,4218.48743,4234.78893,4.65757,0.53967
2025.11.14 09:00,-1,4174.40500,4180.81857,4158.37107,6.41357,0.51655
2025.11.14 10:30,-1,4167.19500,4171.10121,4157.42946,3.90621,0.50757
2025.11.17 16:30,-1,4068.58500,4074.19421,4054.56196,5.60921,0.52881
2025.11.17 18:00,-1,4072.47500,4076.48829,4062.44179,4.01329,0.55053
2025.11.17 19:45,-1,4010.98500,4018.64264,3991.84089,7.65764,0.51048
2025.11.19 08:00,1,4082.06500,4078.47521,4091.03946,3.58979,0.53138
2025.11.19 20:45,1,4076.11500,4071.87571,4086.71321,4.23929,0.54442
2025.11.21 05:00,-1,4055.69500,4059.99907,4044.93482,4.30407,0.51397
2025.11.21 06:30,-1,4035.43500,4043.09543,4016.28393,7.66043,0.56555
2025.11.24 18:15,1,4095.40500,4092.25543,4103.27893,3.14957,0.56852
2025.11.24 19:45,1,4118.18900,4113.53857,4129.81507,4.65043,0.52196
2025.11.24 21:30,1,4139.08500,4136.10600,4146.53250,2.97900,0.52593
2025.11.26 01:00,1,4139.97500,4136.45621,4148.77196,3.51879,0.62344
2025.11.26 02:30,1,4161.30500,4157.33836,4171.22161,3.96664,0.56531
2025.11.26 08:45,1,4160.71500,4156.64021,4170.90196,4.07479,0.52040
2025.11.26 10:45,1,4159.84800,4156.60536,4167.95461,3.24264,0.50401
2025.11.28 01:15,1,4186.94800,4182.21086,4198.79086,4.73714,0.55078
2025.11.28 02:45,1,4183.55500,4181.17050,4189.51625,2.38450,0.63652
2025.11.28 14:05,1,4193.44800,4188.91200,4204.78800,4.53600,0.59144
2025.11.28 15:50,1,4202.56500,4197.24907,4215.85482,5.31593,0.53238
2025.11.28 18:05,1,4215.88500,4212.14971,4225.22321,3.73529,0.53988
2025.12.01 01:05,1,4226.49500,4220.95300,4240.35000,5.54200,0.63096
2025.12.01 02:50,1,4237.97500,4232.36343,4252.00393,5.61157,0.57344
2025.12.02 13:35,-1,4205.75800,4210.05136,4195.02461,4.29336,0.52948
2025.12.02 17:50,1,4194.88500,4190.74450,4205.23625,4.14050,0.51087
2025.12.02 19:20,1,4197.19800,4193.68821,4205.97246,3.50979,0.56312
2025.12.05 14:20,1,4230.08500,4225.78543,4240.83393,4.29957,0.59574
2025.12.05 15:50,1,4239.16500,4233.04457,4254.46607,6.12043,0.54158
2025.12.08 14:05,-1,4210.03500,4215.09357,4197.38857,5.05857,0.54601
2025.12.09 08:35,1,4189.33500,4186.74543,4195.80893,2.58957,0.58288
2025.12.10 16:50,1,4201.57500,4198.70179,4208.75804,2.87321,0.50083
2025.12.10 21:35,1,4227.88500,4223.59764,4238.60339,4.28736,0.65566
2025.12.11 13:35,1,4222.20500,4217.98929,4232.74429,4.21571,0.70127
2025.12.11 15:05,1,4239.74500,4233.03379,4256.52304,6.71121,0.65373
2025.12.11 17:50,1,4282.41500,4276.70964,4296.67839,5.70536,0.53242
2025.12.11 19:20,1,4273.74500,4268.46786,4286.93786,5.27714,0.60549
2025.12.12 04:35,1,4267.85500,4265.93471,4272.65571,1.92029,0.71425
2025.12.12 06:20,1,4280.02500,4277.32571,4286.77321,2.69929,0.67715
2025.12.12 07:50,1,4290.99500,4288.19214,4298.00214,2.80286,0.66271
2025.12.12 09:35,1,4315.08500,4310.59421,4326.31196,4.49079,0.54689
2025.12.12 11:50,1,4332.44500,4328.50114,4342.30464,3.94386,0.52052
2025.12.15 09:50,1,4343.67500,4340.68421,4351.15196,2.99079,0.50790
2025.12.15 11:20,1,4340.57500,4337.52650,4348.19625,3.04850,0.55110
2025.12.17 02:05,1,4322.60500,4318.42071,4333.06571,4.18429,0.56571
2025.12.18 13:20,1,4329.52500,4326.09886,4338.09036,3.42614,0.50135
2025.12.19 01:05,-1,4326.64500,4329.71364,4318.97339,3.06864,0.50472
2025.12.22 01:05,1,4361.40500,4357.01000,4372.39250,4.39500,0.61170
2025.12.22 02:35,1,4383.29500,4379.02286,4393.97536,4.27214,0.59471
2025.12.22 06:05,1,4403.30900,4398.84164,4414.47739,4.46736,0.61966
2025.12.22 13:20,1,4421.11900,4417.14900,4431.04400,3.97000,0.64082
2025.12.22 15:20,1,4424.74800,4417.83664,4442.02639,6.91136,0.61092
2025.12.22 20:35,1,4435.58500,4433.33650,4441.20625,2.24850,0.61293
2025.12.23 01:20,1,4482.37500,4477.76700,4493.89500,4.60800,0.53211
2025.12.23 02:50,1,4485.46500,4480.77407,4497.19232,4.69093,0.57044
2025.12.23 16:05,1,4460.51900,4452.75686,4479.92436,7.76214,0.51827
2025.12.23 17:50,1,4474.68500,4469.82336,4486.83911,4.86164,0.56457
2025.12.23 19:20,1,4489.30800,4485.33714,4499.23514,3.97086,0.54188
2025.12.23 21:05,1,4491.43500,4488.12186,4499.71786,3.31314,0.67732
2025.12.24 13:05,-1,4479.59500,4482.91671,4471.29071,3.32171,0.51313
2025.12.24 14:50,-1,4469.45500,4476.32807,4452.27232,6.87307,0.50275
2025.12.26 02:35,1,4502.84500,4496.50300,4518.70000,6.34200,0.52566
2025.12.26 13:05,1,4514.66500,4510.96193,4523.92268,3.70307,0.58634
2025.12.26 14:50,1,4524.19500,4518.11257,4539.40107,6.08243,0.56724
2025.12.29 13:35,-1,4416.19500,4421.85921,4402.03446,5.66421,0.58925
2025.12.29 15:05,-1,4331.86500,4347.55879,4292.63054,15.69379,0.51316
2026.01.02 05:35,1,4379.02500,4376.16621,4386.17196,2.85879,0.55255
2026.01.02 10:20,1,4388.64500,4385.69450,4396.02125,2.95050,0.53386
2026.01.05 05:20,1,4409.29800,4406.78671,4415.57621,2.51129,0.60453
2026.01.05 06:50,1,4421.57500,4416.48429,4434.30179,5.09071,0.58093
2026.01.05 13:35,1,4413.90500,4406.75886,4431.77036,7.14614,0.64709
2026.01.05 15:50,1,4448.10500,4440.00350,4468.35875,8.10150,0.58821
2026.01.06 01:05,1,4440.52500,4435.75450,4452.45125,4.77050,0.60942
2026.01.06 02:50,1,4466.11500,4461.21257,4478.37107,4.90243,0.53425
2026.01.06 13:35,1,4457.79500,4453.26786,4469.11286,4.52714,0.56420
2026.01.06 15:35,1,4477.92500,4469.84993,4498.11268,8.07507,0.53771
2026.01.08 01:35,-1,4447.34500,4452.49907,4434.45982,5.15407,0.56142
2026.01.08 21:20,1,4473.39800,4468.90964,4484.61889,4.48836,0.53393
2026.01.09 13:05,1,4463.32500,4459.14621,4473.77196,4.17879,0.57265
2026.01.12 02:05,1,4567.95800,4559.28314,4589.64514,8.67486,0.55601
2026.01.12 14:20,1,4597.93500,4591.04607,4615.15732,6.88893,0.61363
2026.01.12 15:50,1,4623.52500,4616.60593,4640.82268,6.91907,0.51810
2026.01.14 01:05,1,4617.13500,4612.73950,4628.12375,4.39550,0.52337
2026.01.14 02:35,1,4621.43800,4617.48514,4631.32014,3.95286,0.55106
2026.01.14 16:35,1,4610.94500,4604.74236,4626.45161,6.20264,0.61144
2026.01.14 18:05,1,4626.66800,4620.95371,4640.95371,5.71429,0.60860
2026.01.14 19:50,1,4631.72500,4627.58086,4642.08536,4.14414,0.59307
2026.01.20 05:20,1,4704.65500,4700.70529,4714.52929,3.94971,0.58732
2026.01.20 07:50,1,4720.45500,4716.71343,4729.80893,3.74157,0.53819
2026.01.20 11:05,1,4727.58500,4724.09000,4736.32250,3.49500,0.58229
2026.01.20 16:05,1,4740.60500,4732.31707,4761.32482,8.28793,0.56904
2026.01.20 18:50,1,4758.05500,4754.30186,4767.43786,3.75314,0.59475
2026.01.20 20:50,1,4758.79800,4754.21429,4770.25729,4.58371,0.65283
2026.01.21 01:20,1,4816.38500,4810.19314,4831.86464,6.19186,0.56565
2026.01.21 02:50,1,4841.99500,4833.23893,4863.88518,8.75607,0.63185
2026.01.21 05:50,1,4869.36500,4863.17657,4884.83607,6.18843,0.55500
2026.01.21 07:20,1,4847.29500,4837.79900,4871.03500,9.49600,0.58157
2026.01.22 14:20,1,4842.14500,4835.67929,4858.30929,6.46571,0.51231
2026.01.22 17:05,1,4881.22500,4874.59807,4897.79232,6.62693,0.54651
2026.01.22 19:35,1,4908.05500,4903.37993,4919.74268,4.67507,0.52625
2026.01.22 21:20,1,4935.64500,4931.19093,4946.78018,4.45407,0.62603
2026.01.23 13:20,1,4935.87500,4929.89379,4950.82804,5.98121,0.55633
2026.01.23 15:20,1,4950.09800,4942.08250,4970.13675,8.01550,0.58206
2026.01.23 17:20,1,4983.89500,4978.15900,4998.23500,5.73600,0.57364
2026.01.23 19:35,1,4982.61500,4976.55614,4997.76214,6.05886,0.60787
2026.01.26 01:05,1,5062.42500,5055.48593,5079.77268,6.93907,0.52559
2026.01.27 21:50,1,5186.04500,5173.61314,5217.12464,12.43186,0.51354
2026.01.28 04:50,1,5247.63500,5242.13350,5261.38875,5.50150,0.56552
2026.01.28 06:20,1,5258.28500,5251.42450,5275.43625,6.86050,0.56789
2026.01.28 17:35,1,5289.03500,5279.38014,5313.17214,9.65486,0.55774
2026.01.28 19:20,1,5291.89800,5276.17771,5331.19871,15.72029,0.54426
2026.01.28 21:20,1,5385.77500,5371.17236,5422.28161,14.60264,0.58563
2026.01.29 17:20,1,5343.76500,5313.31050,5419.90125,30.45450,0.53320
2026.01.29 18:50,1,5333.90500,5309.90221,5393.91196,24.00279,0.56688
2026.01.30 02:20,-1,5160.03500,5197.93579,5065.28304,37.90079,0.50561
2026.02.02 01:35,-1,4720.74800,4771.46507,4593.95532,50.71707,0.50513
2026.02.04 04:35,1,5076.34500,5067.85129,5097.57929,8.49371,0.56706
2026.02.04 06:50,1,5070.14500,5059.74450,5096.14625,10.40050,0.61898
2026.02.05 21:20,-1,4767.77500,4781.28479,4734.00054,13.50979,0.53055
2026.02.09 14:05,1,5015.24500,5005.05693,5040.71518,10.18807,0.53345
2026.02.09 17:20,1,5068.98500,5061.62336,5087.38911,7.36164,0.57287
2026.02.09 18:50,1,5065.72500,5057.83500,5085.45000,7.89000,0.58143
2026.02.11 08:05,1,5051.95800,5045.45057,5068.22657,6.50743,0.58421
2026.02.12 16:05,-1,4934.28500,4942.14164,4914.64339,7.85664,0.58472
2026.02.12 18:05,-1,4907.73500,4923.48579,4868.35804,15.75079,0.59030
2026.02.12 19:35,-1,4953.70500,4964.78836,4925.99661,11.08336,0.56641
2026.02.13 02:05,1,4978.12500,4967.05714,5005.79464,11.06786,0.52561
2026.02.17 04:50,-1,4949.13500,4953.59571,4937.98321,4.46071,0.62272
2026.02.17 06:35,-1,4908.62500,4920.58143,4878.73393,11.95643,0.60844
2026.02.20 17:35,1,5073.47500,5065.99429,5092.17679,7.48071,0.51444
2026.02.20 19:05,1,5073.79800,5066.55371,5091.90871,7.24429,0.55776
2026.02.20 20:35,1,5084.07500,5080.47114,5093.08464,3.60386,0.59548
2026.02.23 13:50,1,5149.43500,5144.19193,5162.54268,5.24307,0.54671
2026.02.23 17:20,1,5207.74500,5200.70164,5225.35339,7.04336,0.55400
2026.02.23 19:05,1,5212.27500,5207.64157,5223.85857,4.63343,0.62618
2026.02.23 21:50,1,5212.84500,5208.74493,5223.09518,4.10007,0.62410
2026.02.26 02:50,1,5193.99800,5187.29179,5210.76354,6.70621,0.51455
2026.02.26 13:20,1,5173.66500,5167.28329,5189.61929,6.38171,0.52287
2026.02.26 15:35,1,5182.14800,5167.76493,5218.10568,14.38307,0.53278
2026.02.27 13:50,1,5225.63500,5215.97693,5249.78018,9.65807,0.56917
2026.02.27 15:20,1,5228.87500,5218.25079,5255.43554,10.62421,0.58475
2026.02.27 17:50,1,5235.68500,5229.61071,5250.87071,6.07429,0.58034
2026.02.27 19:50,1,5248.84800,5244.35936,5260.06961,4.48864,0.57216
2026.02.27 21:20,1,5261.53500,5256.67679,5273.68054,4.85821,0.59796
2026.03.02 05:05,1,5349.00500,5342.48550,5365.30375,6.51950,0.70808
2026.03.02 06:50,1,5388.27500,5381.92871,5404.14071,6.34629,0.64641
2026.03.03 08:50,-1,5289.10500,5298.67807,5265.17232,9.57307,0.64101
2026.03.03 11:20,-1,5115.90500,5140.20643,5055.15143,24.30143,0.61996
2026.03.08 22:20,-1,5147.69800,5161.99671,5111.95121,14.29871,0.57338
